ISO-10303-21;
HEADER;
FILE_DESCRIPTION (( 'STEP AP214' ),
    '1' );
FILE_NAME ('HM-19.STEP',
    '2025-11-19T18:12:24',
    ( '' ),
    ( '' ),
    'SwSTEP 2.0',
    'SolidWorks 2025',
    '' );
FILE_SCHEMA (( 'AUTOMOTIVE_DESIGN' ));
ENDSEC;

DATA;
#1 = ORIENTED_EDGE ( 'NONE', *, *, #208, .F. ) ;
#2 = CARTESIAN_POINT ( 'NONE',  ( 0.000000000000000000, 18.50000000000000000, 0.8000000000000000444 ) ) ;
#3 = DIRECTION ( 'NONE',  ( 1.000000000000000000, 0.000000000000000000, -0.000000000000000000 ) ) ;
#4 = ORIENTED_EDGE ( 'NONE', *, *, #1356, .F. ) ;
#5 = EDGE_CURVE ( 'NONE', #519, #959, #1380, .T. ) ;
#6 = CARTESIAN_POINT ( 'NONE',  ( 13.50000000000000000, 3.700000000000000178, 0.000000000000000000 ) ) ;
#7 = EDGE_CURVE ( 'NONE', #574, #616, #591, .T. ) ;
#8 = CARTESIAN_POINT ( 'NONE',  ( 13.49999999999999822, 6.700000000000000178, 0.8000000000000000444 ) ) ;
#9 = ORIENTED_EDGE ( 'NONE', *, *, #579, .T. ) ;
#10 = CARTESIAN_POINT ( 'NONE',  ( 13.50000000000000000, 4.000000000000000000, 0.000000000000000000 ) ) ;
#11 = CARTESIAN_POINT ( 'NONE',  ( 1.734723475976807094E-15, 2.500000000000000000, 0.000000000000000000 ) ) ;
#12 = VERTEX_POINT ( 'NONE', #1127 ) ;
#13 = VECTOR ( 'NONE', #1372, 1000.000000000000000 ) ;
#14 = DIRECTION ( 'NONE',  ( -0.000000000000000000, -0.000000000000000000, 1.000000000000000000 ) ) ;
#15 = ADVANCED_FACE ( 'NONE', ( #187 ), #1008, .F. ) ;
#16 = LINE ( 'NONE', #488, #197 ) ;
#17 = AXIS2_PLACEMENT_3D ( 'NONE', #755, #1448, #471 ) ;
#18 = ORIENTED_EDGE ( 'NONE', *, *, #497, .F. ) ;
#19 = VECTOR ( 'NONE', #431, 1000.000000000000000 ) ;
#20 = CARTESIAN_POINT ( 'NONE',  ( 0.000000000000000000, 18.50000000000000000, 0.000000000000000000 ) ) ;
#21 = ORIENTED_EDGE ( 'NONE', *, *, #465, .T. ) ;
#22 = CIRCLE ( 'NONE', #1473, 0.3000000000000000999 ) ;
#23 = CARTESIAN_POINT ( 'NONE',  ( 0.000000000000000000, 1.300000000000000266, 0.000000000000000000 ) ) ;
#24 = EDGE_LOOP ( 'NONE', ( #1344, #779, #1244, #683 ) ) ;
#25 = LINE ( 'NONE', #502, #614 ) ;
#26 = ORIENTED_EDGE ( 'NONE', *, *, #823, .F. ) ;
#27 = CARTESIAN_POINT ( 'NONE',  ( 0.000000000000000000, 1.300000000000000266, 0.000000000000000000 ) ) ;
#28 = EDGE_LOOP ( 'NONE', ( #696, #584, #947, #761 ) ) ;
#29 = EDGE_CURVE ( 'NONE', #103, #1023, #22, .T. ) ;
#30 = CYLINDRICAL_SURFACE ( 'NONE', #1312, 0.3000000000000000999 ) ;
#31 = ORIENTED_EDGE ( 'NONE', *, *, #351, .T. ) ;
#32 = CIRCLE ( 'NONE', #244, 0.3000000000000000999 ) ;
#33 = DIRECTION ( 'NONE',  ( -1.000000000000000000, 0.000000000000000000, 0.000000000000000000 ) ) ;
#34 = VERTEX_POINT ( 'NONE', #540 ) ;
#35 = CIRCLE ( 'NONE', #738, 0.3000000000000000999 ) ;
#36 = PLANE ( 'NONE',  #842 ) ;
#37 = ORIENTED_EDGE ( 'NONE', *, *, #773, .T. ) ;
#38 = CARTESIAN_POINT ( 'NONE',  ( 0.3000000000000191402, 11.50000000000000000, 0.8000000000000000444 ) ) ;
#39 = VECTOR ( 'NONE', #1175, 1000.000000000000000 ) ;
#40 = ADVANCED_FACE ( 'NONE', ( #1015 ), #1258, .F. ) ;
#41 = VECTOR ( 'NONE', #1205, 1000.000000000000000 ) ;
#42 = ADVANCED_FACE ( 'NONE', ( #587 ), #826, .F. ) ;
#43 = DIRECTION ( 'NONE',  ( -0.000000000000000000, -0.000000000000000000, -1.000000000000000000 ) ) ;
#44 = AXIS2_PLACEMENT_3D ( 'NONE', #1555, #951, #1216 ) ;
#45 = VERTEX_POINT ( 'NONE', #1172 ) ;
#46 = CIRCLE ( 'NONE', #446, 0.3000000000000000999 ) ;
#47 = CARTESIAN_POINT ( 'NONE',  ( 13.50000000000000000, 2.200000000000000178, 0.000000000000000000 ) ) ;
#48 = ORIENTED_EDGE ( 'NONE', *, *, #1165, .F. ) ;
#49 = DIRECTION ( 'NONE',  ( -3.750753461571474945E-16, 1.000000000000000000, -0.000000000000000000 ) ) ;
#50 = EDGE_CURVE ( 'NONE', #962, #1054, #1426, .T. ) ;
#51 = DIRECTION ( 'NONE',  ( -0.000000000000000000, -0.000000000000000000, -1.000000000000000000 ) ) ;
#52 = FACE_OUTER_BOUND ( 'NONE', #421, .T. ) ;
#53 = ORIENTED_EDGE ( 'NONE', *, *, #938, .T. ) ;
#54 = CARTESIAN_POINT ( 'NONE',  ( 13.49999999999999822, 10.00000000000000178, 0.8000000000000000444 ) ) ;
#55 = VERTEX_POINT ( 'NONE', #672 ) ;
#56 = DIRECTION ( 'NONE',  ( -0.000000000000000000, -0.000000000000000000, 1.000000000000000000 ) ) ;
#57 = ORIENTED_EDGE ( 'NONE', *, *, #1047, .T. ) ;
#58 = ADVANCED_FACE ( 'NONE', ( #358 ), #459, .F. ) ;
#59 = DIRECTION ( 'NONE',  ( 1.000000000000000000, 0.000000000000000000, 0.000000000000000000 ) ) ;
#60 = APPLICATION_PROTOCOL_DEFINITION ( 'draft international standard', 'automotive_design', 1998, #1469 ) ;
#61 = AXIS2_PLACEMENT_3D ( 'NONE', #548, #523, #1379 ) ;
#62 = EDGE_CURVE ( 'NONE', #256, #462, #514, .T. ) ;
#63 = ORIENTED_EDGE ( 'NONE', *, *, #594, .T. ) ;
#64 = DIRECTION ( 'NONE',  ( -1.000000000000000000, 0.000000000000000000, 0.000000000000000000 ) ) ;
#65 = ORIENTED_EDGE ( 'NONE', *, *, #478, .T. ) ;
#66 = CIRCLE ( 'NONE', #93, 0.2999999999999999334 ) ;
#67 = AXIS2_PLACEMENT_3D ( 'NONE', #10, #582, #1444 ) ;
#68 = DIRECTION ( 'NONE',  ( -1.000000000000000000, 0.000000000000000000, 0.000000000000000000 ) ) ;
#69 = DIRECTION ( 'NONE',  ( 1.000000000000000000, 0.000000000000000000, 0.000000000000000000 ) ) ;
#70 = DIRECTION ( 'NONE',  ( -0.000000000000000000, -0.000000000000000000, -1.000000000000000000 ) ) ;
#71 = EDGE_CURVE ( 'NONE', #731, #259, #1289, .T. ) ;
#72 = AXIS2_PLACEMENT_3D ( 'NONE', #816, #106, #213 ) ;
#73 = FACE_OUTER_BOUND ( 'NONE', #318, .T. ) ;
#74 = EDGE_LOOP ( 'NONE', ( #626, #1481, #1408, #201 ) ) ;
#75 = DIRECTION ( 'NONE',  ( 0.000000000000000000, 0.000000000000000000, 1.000000000000000000 ) ) ;
#76 = ADVANCED_FACE ( 'NONE', ( #708 ), #1271, .F. ) ;
#77 = ORIENTED_EDGE ( 'NONE', *, *, #1510, .T. ) ;
#78 = DIRECTION ( 'NONE',  ( 0.000000000000000000, 0.000000000000000000, 1.000000000000000000 ) ) ;
#79 = CARTESIAN_POINT ( 'NONE',  ( 0.000000000000000000, 8.800000000000000711, 0.000000000000000000 ) ) ;
#80 = EDGE_LOOP ( 'NONE', ( #264, #37, #924, #1099 ) ) ;
#81 = CARTESIAN_POINT ( 'NONE',  ( 13.49999999999999467, 18.50000000000000000, 0.8000000000000000444 ) ) ;
#82 = ORIENTED_EDGE ( 'NONE', *, *, #1531, .T. ) ;
#83 = DIRECTION ( 'NONE',  ( -0.000000000000000000, 0.000000000000000000, -1.000000000000000000 ) ) ;
#84 = ORIENTED_EDGE ( 'NONE', *, *, #478, .F. ) ;
#85 = CARTESIAN_POINT ( 'NONE',  ( 0.2999999999999983236, 1.000000000000000000, 0.8000000000000000444 ) ) ;
#86 =( GEOMETRIC_REPRESENTATION_CONTEXT ( 3 ) GLOBAL_UNCERTAINTY_ASSIGNED_CONTEXT ( ( #1493 ) ) GLOBAL_UNIT_ASSIGNED_CONTEXT ( ( #296, #312, #539 ) ) REPRESENTATION_CONTEXT ( 'NONE', 'WORKASPACE' ) );
#87 = CARTESIAN_POINT ( 'NONE',  ( 13.50000000000000000, 4.299999999999999822, 0.8000000000000000444 ) ) ;
#88 = VERTEX_POINT ( 'NONE', #702 ) ;
#89 = DIRECTION ( 'NONE',  ( -0.000000000000000000, -0.000000000000000000, 1.000000000000000000 ) ) ;
#90 = DIRECTION ( 'NONE',  ( 1.000000000000000000, 0.000000000000000000, 0.000000000000000000 ) ) ;
#91 = ORIENTED_EDGE ( 'NONE', *, *, #396, .F. ) ;
#92 = ADVANCED_FACE ( 'NONE', ( #1029 ), #919, .F. ) ;
#93 = AXIS2_PLACEMENT_3D ( 'NONE', #262, #956, #285 ) ;
#94 = CARTESIAN_POINT ( 'NONE',  ( 0.000000000000000000, 5.800000000000000711, 0.000000000000000000 ) ) ;
#95 = ADVANCED_FACE ( 'NONE', ( #1522 ), #1166, .F. ) ;
#96 = CARTESIAN_POINT ( 'NONE',  ( 0.000000000000000000, 18.50000000000000000, 0.000000000000000000 ) ) ;
#97 = AXIS2_PLACEMENT_3D ( 'NONE', #1199, #1101, #1191 ) ;
#98 = CARTESIAN_POINT ( 'NONE',  ( 0.3000000000000156986, 10.00000000000000178, 0.000000000000000000 ) ) ;
#99 = EDGE_LOOP ( 'NONE', ( #354, #126, #629, #977 ) ) ;
#100 = PLANE ( 'NONE',  #1520 ) ;
#101 = VECTOR ( 'NONE', #428, 1000.000000000000000 ) ;
#102 = FACE_OUTER_BOUND ( 'NONE', #1186, .T. ) ;
#103 = VERTEX_POINT ( 'NONE', #1157 ) ;
#104 = VECTOR ( 'NONE', #547, 1000.000000000000000 ) ;
#105 = DIRECTION ( 'NONE',  ( 0.000000000000000000, 0.000000000000000000, 1.000000000000000000 ) ) ;
#106 = DIRECTION ( 'NONE',  ( -1.000000000000000000, -3.750753461571474945E-16, 0.000000000000000000 ) ) ;
#107 = DIRECTION ( 'NONE',  ( -0.000000000000000000, -0.000000000000000000, 1.000000000000000000 ) ) ;
#108 = ORIENTED_EDGE ( 'NONE', *, *, #321, .F. ) ;
#109 = FACE_OUTER_BOUND ( 'NONE', #74, .T. ) ;
#110 = CARTESIAN_POINT ( 'NONE',  ( -1.540743955509788682E-30, 2.200000000000000178, 0.000000000000000000 ) ) ;
#111 = ORIENTED_EDGE ( 'NONE', *, *, #1246, .T. ) ;
#112 = DIRECTION ( 'NONE',  ( 0.000000000000000000, -1.000000000000000000, 0.000000000000000000 ) ) ;
#113 = ADVANCED_FACE ( 'NONE', ( #1398 ), #935, .F. ) ;
#114 = DIRECTION ( 'NONE',  ( -0.000000000000000000, -0.000000000000000000, -1.000000000000000000 ) ) ;
#115 = EDGE_CURVE ( 'NONE', #332, #1017, #1048, .T. ) ;
#116 = DIRECTION ( 'NONE',  ( -1.000000000000000000, 0.000000000000000000, 0.000000000000000000 ) ) ;
#117 = ORIENTED_EDGE ( 'NONE', *, *, #774, .T. ) ;
#118 = CARTESIAN_POINT ( 'NONE',  ( -6.162975822039154730E-30, 5.200000000000001066, 0.8000000000000000444 ) ) ;
#119 = AXIS2_PLACEMENT_3D ( 'NONE', #225, #703, #116 ) ;
#120 = LINE ( 'NONE', #209, #1088 ) ;
#121 = ORIENTED_EDGE ( 'NONE', *, *, #846, .T. ) ;
#122 = CARTESIAN_POINT ( 'NONE',  ( 0.000000000000000000, 0.000000000000000000, 0.000000000000000000 ) ) ;
#123 = VECTOR ( 'NONE', #357, 1000.000000000000000 ) ;
#124 = DIRECTION ( 'NONE',  ( 1.000000000000000000, 0.000000000000000000, 0.000000000000000000 ) ) ;
#125 = VECTOR ( 'NONE', #1308, 1000.000000000000000 ) ;
#126 = ORIENTED_EDGE ( 'NONE', *, *, #401, .T. ) ;
#127 = LINE ( 'NONE', #567, #125 ) ;
#128 = LINE ( 'NONE', #1536, #223 ) ;
#129 = VERTEX_POINT ( 'NONE', #85 ) ;
#130 = EDGE_CURVE ( 'NONE', #1509, #381, #1281, .T. ) ;
#131 = AXIS2_PLACEMENT_3D ( 'NONE', #314, #663, #945 ) ;
#132 = CARTESIAN_POINT ( 'NONE',  ( 1.908195823574487804E-14, 11.50000000000000000, 0.000000000000000000 ) ) ;
#133 = CARTESIAN_POINT ( 'NONE',  ( 13.50000000000000000, 5.800000000000000711, 0.8000000000000000444 ) ) ;
#134 = VERTEX_POINT ( 'NONE', #1068 ) ;
#135 = LINE ( 'NONE', #599, #39 ) ;
#136 = LINE ( 'NONE', #362, #1391 ) ;
#137 = ORIENTED_EDGE ( 'NONE', *, *, #1452, .T. ) ;
#138 = DIRECTION ( 'NONE',  ( -0.000000000000000000, -0.000000000000000000, -1.000000000000000000 ) ) ;
#139 = DIRECTION ( 'NONE',  ( 1.000000000000000000, 0.000000000000000000, -0.000000000000000000 ) ) ;
#140 = VERTEX_POINT ( 'NONE', #327 ) ;
#141 = CARTESIAN_POINT ( 'NONE',  ( 13.49999999999999822, 8.800000000000000711, 0.000000000000000000 ) ) ;
#142 = ORIENTED_EDGE ( 'NONE', *, *, #71, .F. ) ;
#143 = CIRCLE ( 'NONE', #61, 0.3000000000000000999 ) ;
#144 = EDGE_CURVE ( 'NONE', #1017, #613, #241, .T. ) ;
#145 = CARTESIAN_POINT ( 'NONE',  ( 6.938893903907228378E-15, 5.500000000000000888, 0.000000000000000000 ) ) ;
#146 = STYLED_ITEM ( 'NONE', ( #458 ), #516 ) ;
#147 = ORIENTED_EDGE ( 'NONE', *, *, #50, .T. ) ;
#148 = AXIS2_PLACEMENT_3D ( 'NONE', #1490, #75, #780 ) ;
#149 = CARTESIAN_POINT ( 'NONE',  ( 0.3000000000000104805, 7.000000000000000000, 0.000000000000000000 ) ) ;
#150 = ORIENTED_EDGE ( 'NONE', *, *, #1083, .T. ) ;
#151 = DIRECTION ( 'NONE',  ( -0.000000000000000000, 0.000000000000000000, -1.000000000000000000 ) ) ;
#152 = VERTEX_POINT ( 'NONE', #1180 ) ;
#153 = CARTESIAN_POINT ( 'NONE',  ( 1.908195823574487804E-14, 11.50000000000000000, 0.000000000000000000 ) ) ;
#154 = EDGE_LOOP ( 'NONE', ( #108, #82, #270, #450 ) ) ;
#155 = DIRECTION ( 'NONE',  ( -0.000000000000000000, -0.000000000000000000, 1.000000000000000000 ) ) ;
#156 = ORIENTED_EDGE ( 'NONE', *, *, #341, .F. ) ;
#157 = ADVANCED_FACE ( 'NONE', ( #1532 ), #926, .F. ) ;
#158 = CARTESIAN_POINT ( 'NONE',  ( 0.3000000000000018208, 2.500000000000000000, 0.000000000000000000 ) ) ;
#159 = ORIENTED_EDGE ( 'NONE', *, *, #1531, .F. ) ;
#160 = DIRECTION ( 'NONE',  ( -0.000000000000000000, -0.000000000000000000, -1.000000000000000000 ) ) ;
#161 = CIRCLE ( 'NONE', #1128, 0.3000000000000000999 ) ;
#162 = DIRECTION ( 'NONE',  ( -0.000000000000000000, -0.000000000000000000, -1.000000000000000000 ) ) ;
#163 = ORIENTED_EDGE ( 'NONE', *, *, #1219, .F. ) ;
#164 = VECTOR ( 'NONE', #797, 1000.000000000000000 ) ;
#165 = DIRECTION ( 'NONE',  ( -0.000000000000000000, -0.000000000000000000, 1.000000000000000000 ) ) ;
#166 = ORIENTED_EDGE ( 'NONE', *, *, #675, .F. ) ;
#167 = EDGE_CURVE ( 'NONE', #1301, #1192, #719, .T. ) ;
#168 = CARTESIAN_POINT ( 'NONE',  ( 0.000000000000000000, 10.30000000000000249, 0.000000000000000000 ) ) ;
#169 = CARTESIAN_POINT ( 'NONE',  ( 13.50000000000000000, 2.799999999999999822, 0.000000000000000000 ) ) ;
#170 = AXIS2_PLACEMENT_3D ( 'NONE', #1496, #1135, #1371 ) ;
#171 = LINE ( 'NONE', #1007, #287 ) ;
#172 = VERTEX_POINT ( 'NONE', #27 ) ;
#173 = VECTOR ( 'NONE', #1118, 1000.000000000000000 ) ;
#174 = PLANE ( 'NONE',  #1485 ) ;
#175 = ORIENTED_EDGE ( 'NONE', *, *, #1098, .T. ) ;
#176 = CARTESIAN_POINT ( 'NONE',  ( 13.49999999999999467, 18.50000000000000000, 0.000000000000000000 ) ) ;
#177 = EDGE_CURVE ( 'NONE', #34, #1019, #733, .T. ) ;
#178 = DIRECTION ( 'NONE',  ( -0.000000000000000000, -0.000000000000000000, -1.000000000000000000 ) ) ;
#179 = DIRECTION ( 'NONE',  ( 1.000000000000000000, 0.000000000000000000, 0.000000000000000000 ) ) ;
#180 = FACE_OUTER_BOUND ( 'NONE', #1033, .T. ) ;
#181 = DIRECTION ( 'NONE',  ( -0.000000000000000000, -0.000000000000000000, 1.000000000000000000 ) ) ;
#182 = VERTEX_POINT ( 'NONE', #856 ) ;
#183 = CARTESIAN_POINT ( 'NONE',  ( 0.000000000000000000, 0.000000000000000000, 0.8000000000000000444 ) ) ;
#184 = EDGE_CURVE ( 'NONE', #503, #307, #564, .T. ) ;
#185 = DIRECTION ( 'NONE',  ( -1.000000000000000000, 0.000000000000000000, 0.000000000000000000 ) ) ;
#186 = VECTOR ( 'NONE', #1121, 1000.000000000000000 ) ;
#187 = FACE_OUTER_BOUND ( 'NONE', #245, .T. ) ;
#188 = EDGE_CURVE ( 'NONE', #743, #644, #275, .T. ) ;
#189 = DIRECTION ( 'NONE',  ( -3.750753461571474945E-16, 1.000000000000000000, -0.000000000000000000 ) ) ;
#190 = ORIENTED_EDGE ( 'NONE', *, *, #983, .F. ) ;
#191 = CARTESIAN_POINT ( 'NONE',  ( 1.040834085586084257E-14, 7.000000000000000000, 0.000000000000000000 ) ) ;
#192 = AXIS2_PLACEMENT_3D ( 'NONE', #1482, #716, #640 ) ;
#193 = CARTESIAN_POINT ( 'NONE',  ( 1.908195823574487804E-14, 11.50000000000000000, 0.000000000000000000 ) ) ;
#194 = CARTESIAN_POINT ( 'NONE',  ( 0.3000000000000035416, 4.000000000000000000, 0.000000000000000000 ) ) ;
#195 = ADVANCED_FACE ( 'NONE', ( #973 ), #1331, .F. ) ;
#196 = DIRECTION ( 'NONE',  ( -1.000000000000000000, 0.000000000000000000, 0.000000000000000000 ) ) ;
#197 = VECTOR ( 'NONE', #965, 1000.000000000000000 ) ;
#198 = DIRECTION ( 'NONE',  ( 1.000000000000000000, 0.000000000000000000, 0.000000000000000000 ) ) ;
#199 = ORIENTED_EDGE ( 'NONE', *, *, #664, .T. ) ;
#200 = CARTESIAN_POINT ( 'NONE',  ( 0.000000000000000000, 18.50000000000000000, 0.000000000000000000 ) ) ;
#201 = ORIENTED_EDGE ( 'NONE', *, *, #1366, .T. ) ;
#202 = LINE ( 'NONE', #326, #269 ) ;
#203 = CARTESIAN_POINT ( 'NONE',  ( -3.081487911019577365E-30, 4.299999999999999822, 0.8000000000000000444 ) ) ;
#204 = ORIENTED_EDGE ( 'NONE', *, *, #1181, .F. ) ;
#205 = PLANE ( 'NONE',  #578 ) ;
#206 = VERTEX_POINT ( 'NONE', #717 ) ;
#207 = CARTESIAN_POINT ( 'NONE',  ( 13.50000000000000178, 2.500000000000000000, 0.000000000000000000 ) ) ;
#208 = EDGE_CURVE ( 'NONE', #12, #962, #851, .T. ) ;
#209 = CARTESIAN_POINT ( 'NONE',  ( 0.3000000000000191402, 11.50000000000000000, 0.000000000000000000 ) ) ;
#210 = ORIENTED_EDGE ( 'NONE', *, *, #652, .F. ) ;
#211 = CARTESIAN_POINT ( 'NONE',  ( 0.000000000000000000, 18.50000000000000000, 0.8000000000000000444 ) ) ;
#212 = DIRECTION ( 'NONE',  ( 1.000000000000000000, 0.000000000000000000, 0.000000000000000000 ) ) ;
#213 = DIRECTION ( 'NONE',  ( 3.750753461571474945E-16, -1.000000000000000000, 0.000000000000000000 ) ) ;
#214 = AXIS2_PLACEMENT_3D ( 'NONE', #656, #283, #542 ) ;
#215 = FACE_OUTER_BOUND ( 'NONE', #1389, .T. ) ;
#216 = ORIENTED_EDGE ( 'NONE', *, *, #1038, .F. ) ;
#217 = CARTESIAN_POINT ( 'NONE',  ( 13.50000000000000000, 4.000000000000000000, 0.000000000000000000 ) ) ;
#218 = EDGE_CURVE ( 'NONE', #937, #172, #843, .T. ) ;
#219 = CARTESIAN_POINT ( 'NONE',  ( 13.49999999999999467, 18.50000000000000000, 0.000000000000000000 ) ) ;
#220 = ORIENTED_EDGE ( 'NONE', *, *, #382, .T. ) ;
#221 = VECTOR ( 'NONE', #14, 1000.000000000000000 ) ;
#222 = CARTESIAN_POINT ( 'NONE',  ( -1.848892746611746419E-29, 11.19999999999999929, 0.000000000000000000 ) ) ;
#223 = VECTOR ( 'NONE', #954, 1000.000000000000000 ) ;
#224 = CARTESIAN_POINT ( 'NONE',  ( 1.734723475976807094E-15, 2.500000000000000000, 0.000000000000000000 ) ) ;
#225 = CARTESIAN_POINT ( 'NONE',  ( 6.938893903907228378E-15, 5.500000000000000888, 0.8000000000000000444 ) ) ;
#226 = ORIENTED_EDGE ( 'NONE', *, *, #218, .F. ) ;
#227 = LINE ( 'NONE', #960, #1445 ) ;
#228 = AXIS2_PLACEMENT_3D ( 'NONE', #978, #603, #33 ) ;
#229 = DIRECTION ( 'NONE',  ( -1.000000000000000000, 0.000000000000000000, 0.000000000000000000 ) ) ;
#230 = ORIENTED_EDGE ( 'NONE', *, *, #752, .F. ) ;
#231 = EDGE_CURVE ( 'NONE', #1420, #279, #500, .T. ) ;
#232 = SURFACE_STYLE_FILL_AREA ( #1425 ) ;
#233 = EDGE_CURVE ( 'NONE', #363, #613, #727, .T. ) ;
#234 = CARTESIAN_POINT ( 'NONE',  ( -1.734723475976807094E-15, 1.000000000000000000, 0.000000000000000000 ) ) ;
#235 = DIRECTION ( 'NONE',  ( -0.000000000000000000, -0.000000000000000000, -1.000000000000000000 ) ) ;
#236 = ORIENTED_EDGE ( 'NONE', *, *, #664, .F. ) ;
#237 = DIRECTION ( 'NONE',  ( 0.000000000000000000, -1.000000000000000000, 0.000000000000000000 ) ) ;
#238 = CARTESIAN_POINT ( 'NONE',  ( 13.49999999999999467, 18.50000000000000000, 0.8000000000000000444 ) ) ;
#239 = VERTEX_POINT ( 'NONE', #1097 ) ;
#240 = LINE ( 'NONE', #791, #466 ) ;
#241 = LINE ( 'NONE', #96, #538 ) ;
#242 = ORIENTED_EDGE ( 'NONE', *, *, #218, .T. ) ;
#243 = LINE ( 'NONE', #2, #391 ) ;
#244 = AXIS2_PLACEMENT_3D ( 'NONE', #1360, #662, #893 ) ;
#245 = EDGE_LOOP ( 'NONE', ( #910, #252, #190, #794 ) ) ;
#246 = LINE ( 'NONE', #400, #1110 ) ;
#247 = CIRCLE ( 'NONE', #192, 0.3000000000000000999 ) ;
#248 = CARTESIAN_POINT ( 'NONE',  ( 0.000000000000000000, 18.50000000000000000, 0.8000000000000000444 ) ) ;
#249 = AXIS2_PLACEMENT_3D ( 'NONE', #559, #1436, #1527 ) ;
#250 = ORIENTED_EDGE ( 'NONE', *, *, #1027, .F. ) ;
#251 = DIRECTION ( 'NONE',  ( 3.750753461571474945E-16, -1.000000000000000000, 0.000000000000000000 ) ) ;
#252 = ORIENTED_EDGE ( 'NONE', *, *, #233, .F. ) ;
#253 = VECTOR ( 'NONE', #1378, 1000.000000000000000 ) ;
#254 = DIRECTION ( 'NONE',  ( -0.000000000000000000, -0.000000000000000000, 1.000000000000000000 ) ) ;
#255 = DIRECTION ( 'NONE',  ( 0.000000000000000000, -1.000000000000000000, 0.000000000000000000 ) ) ;
#256 = VERTEX_POINT ( 'NONE', #133 ) ;
#257 = LINE ( 'NONE', #1060, #884 ) ;
#258 = CARTESIAN_POINT ( 'NONE',  ( -1.734723475976807094E-15, 1.000000000000000000, 0.8000000000000000444 ) ) ;
#259 = VERTEX_POINT ( 'NONE', #1338 ) ;
#260 = EDGE_CURVE ( 'NONE', #728, #864, #617, .T. ) ;
#261 = ADVANCED_FACE ( 'NONE', ( #745 ), #506, .F. ) ;
#262 = CARTESIAN_POINT ( 'NONE',  ( 13.50000000000000178, 2.500000000000000000, 0.000000000000000000 ) ) ;
#263 = LINE ( 'NONE', #610, #1529 ) ;
#264 = ORIENTED_EDGE ( 'NONE', *, *, #861, .F. ) ;
#265 = CARTESIAN_POINT ( 'NONE',  ( 13.49999999999999822, 10.00000000000000178, 0.000000000000000000 ) ) ;
#266 = ORIENTED_EDGE ( 'NONE', *, *, #167, .F. ) ;
#267 = AXIS2_PLACEMENT_3D ( 'NONE', #550, #895, #1480 ) ;
#268 = DIRECTION ( 'NONE',  ( -3.750753461571474945E-16, 1.000000000000000000, -0.000000000000000000 ) ) ;
#269 = VECTOR ( 'NONE', #1263, 1000.000000000000000 ) ;
#270 = ORIENTED_EDGE ( 'NONE', *, *, #1028, .T. ) ;
#271 = DIRECTION ( 'NONE',  ( -0.000000000000000000, -0.000000000000000000, 1.000000000000000000 ) ) ;
#272 = ORIENTED_EDGE ( 'NONE', *, *, #1109, .F. ) ;
#273 = PRODUCT_RELATED_PRODUCT_CATEGORY ( 'part', '', ( #585 ) ) ;
#274 = AXIS2_PLACEMENT_3D ( 'NONE', #395, #868, #1092 ) ;
#275 = LINE ( 'NONE', #597, #1424 ) ;
#276 = EDGE_CURVE ( 'NONE', #1023, #1307, #986, .T. ) ;
#277 = ORIENTED_EDGE ( 'NONE', *, *, #177, .F. ) ;
#278 = FACE_OUTER_BOUND ( 'NONE', #754, .T. ) ;
#279 = VERTEX_POINT ( 'NONE', #479 ) ;
#280 = LINE ( 'NONE', #169, #970 ) ;
#281 = ORIENTED_EDGE ( 'NONE', *, *, #260, .F. ) ;
#282 = EDGE_CURVE ( 'NONE', #864, #879, #946, .T. ) ;
#283 = DIRECTION ( 'NONE',  ( -0.000000000000000000, -0.000000000000000000, 1.000000000000000000 ) ) ;
#284 = VERTEX_POINT ( 'NONE', #8 ) ;
#285 = DIRECTION ( 'NONE',  ( 1.000000000000000000, 0.000000000000000000, 0.000000000000000000 ) ) ;
#286 = VECTOR ( 'NONE', #438, 1000.000000000000000 ) ;
#287 = VECTOR ( 'NONE', #636, 1000.000000000000000 ) ;
#288 = DIRECTION ( 'NONE',  ( -0.000000000000000000, -0.000000000000000000, -1.000000000000000000 ) ) ;
#289 = ORIENTED_EDGE ( 'NONE', *, *, #1461, .F. ) ;
#290 = ORIENTED_EDGE ( 'NONE', *, *, #1009, .F. ) ;
#291 = DIRECTION ( 'NONE',  ( -3.750753461571474945E-16, 1.000000000000000000, -0.000000000000000000 ) ) ;
#292 = EDGE_CURVE ( 'NONE', #711, #937, #958, .T. ) ;
#293 = VECTOR ( 'NONE', #1155, 1000.000000000000000 ) ;
#294 = DIRECTION ( 'NONE',  ( 1.000000000000000000, 0.000000000000000000, 0.000000000000000000 ) ) ;
#295 = AXIS2_PLACEMENT_3D ( 'NONE', #832, #1151, #1539 ) ;
#296 =( LENGTH_UNIT ( ) NAMED_UNIT ( * ) SI_UNIT ( .MILLI., .METRE. ) );
#297 = EDGE_LOOP ( 'NONE', ( #524, #272, #1, #1456 ) ) ;
#298 = CIRCLE ( 'NONE', #1039, 0.3000000000000000999 ) ;
#299 = LINE ( 'NONE', #1419, #1055 ) ;
#300 = VERTEX_POINT ( 'NONE', #1441 ) ;
#301 = CYLINDRICAL_SURFACE ( 'NONE', #963, 0.2999999999999999334 ) ;
#302 = ADVANCED_FACE ( 'NONE', ( #1324 ), #1197, .F. ) ;
#303 = DIRECTION ( 'NONE',  ( -3.750753461571474945E-16, 1.000000000000000000, -0.000000000000000000 ) ) ;
#304 = CARTESIAN_POINT ( 'NONE',  ( 13.50000000000000000, 5.800000000000000711, 0.000000000000000000 ) ) ;
#305 = CARTESIAN_POINT ( 'NONE',  ( 1.214306433183764966E-14, 8.500000000000000000, 0.000000000000000000 ) ) ;
#306 = DIRECTION ( 'NONE',  ( -3.750753461571474945E-16, 1.000000000000000000, -0.000000000000000000 ) ) ;
#307 = VERTEX_POINT ( 'NONE', #1082 ) ;
#308 = LINE ( 'NONE', #1024, #486 ) ;
#309 = ORIENTED_EDGE ( 'NONE', *, *, #886, .T. ) ;
#310 = EDGE_CURVE ( 'NONE', #613, #152, #16, .T. ) ;
#311 = LINE ( 'NONE', #1141, #253 ) ;
#312 =( NAMED_UNIT ( * ) PLANE_ANGLE_UNIT ( ) SI_UNIT ( $, .RADIAN. ) );
#313 = AXIS2_PLACEMENT_3D ( 'NONE', #671, #793, #1231 ) ;
#314 = CARTESIAN_POINT ( 'NONE',  ( -1.734723475976807094E-15, 1.000000000000000000, 0.000000000000000000 ) ) ;
#315 = DIRECTION ( 'NONE',  ( 0.000000000000000000, 0.000000000000000000, 1.000000000000000000 ) ) ;
#316 = ORIENTED_EDGE ( 'NONE', *, *, #1486, .T. ) ;
#317 = DIRECTION ( 'NONE',  ( -0.000000000000000000, -0.000000000000000000, -1.000000000000000000 ) ) ;
#318 = EDGE_LOOP ( 'NONE', ( #657, #777, #718, #1104 ) ) ;
#319 = DIRECTION ( 'NONE',  ( -0.000000000000000000, -0.000000000000000000, 1.000000000000000000 ) ) ;
#320 = DIRECTION ( 'NONE',  ( -0.000000000000000000, -0.000000000000000000, -1.000000000000000000 ) ) ;
#321 = EDGE_CURVE ( 'NONE', #256, #284, #263, .T. ) ;
#322 = ORIENTED_EDGE ( 'NONE', *, *, #29, .F. ) ;
#323 = CLOSED_SHELL ( 'NONE', ( #328, #157, #95, #261, #834, #1352, #453, #1071, #195, #993, #76, #975, #302, #732, #869, #42, #113, #1397, #1049, #1390, #562, #927, #855, #58, #1117, #92, #1377, #15, #1211, #1239, #1339, #803, #890, #1208, #1066, #1061, #756, #812, #633, #504, #966, #1478, #668, #1217, #1107, #40 ) ) ;
#324 = FACE_OUTER_BOUND ( 'NONE', #359, .T. ) ;
#325 = ORIENTED_EDGE ( 'NONE', *, *, #652, .T. ) ;
#326 = CARTESIAN_POINT ( 'NONE',  ( 0.000000000000000000, 8.800000000000000711, 0.000000000000000000 ) ) ;
#327 = CARTESIAN_POINT ( 'NONE',  ( 13.49999999999999822, 6.700000000000000178, 0.000000000000000000 ) ) ;
#328 = ADVANCED_FACE ( 'NONE', ( #660 ), #775, .F. ) ;
#329 = DIRECTION ( 'NONE',  ( -0.000000000000000000, -0.000000000000000000, 1.000000000000000000 ) ) ;
#330 = ORIENTED_EDGE ( 'NONE', *, *, #920, .T. ) ;
#331 = CARTESIAN_POINT ( 'NONE',  ( 13.49999999999999822, 9.700000000000002842, 0.000000000000000000 ) ) ;
#332 = VERTEX_POINT ( 'NONE', #1125 ) ;
#333 =( NAMED_UNIT ( * ) PLANE_ANGLE_UNIT ( ) SI_UNIT ( $, .RADIAN. ) );
#334 = DIRECTION ( 'NONE',  ( 1.000000000000000000, 0.000000000000000000, -0.000000000000000000 ) ) ;
#335 = DIRECTION ( 'NONE',  ( 3.750753461571474945E-16, -1.000000000000000000, 0.000000000000000000 ) ) ;
#336 = ORIENTED_EDGE ( 'NONE', *, *, #62, .T. ) ;
#337 = EDGE_CURVE ( 'NONE', #397, #12, #311, .T. ) ;
#338 = PLANE ( 'NONE',  #1418 ) ;
#339 = DIRECTION ( 'NONE',  ( 0.000000000000000000, 0.000000000000000000, -1.000000000000000000 ) ) ;
#340 = EDGE_LOOP ( 'NONE', ( #1541, #1443, #1204, #1528 ) ) ;
#341 = EDGE_CURVE ( 'NONE', #12, #511, #1494, .T. ) ;
#342 = VECTOR ( 'NONE', #586, 1000.000000000000000 ) ;
#343 = DIRECTION ( 'NONE',  ( 0.000000000000000000, 0.000000000000000000, 1.000000000000000000 ) ) ;
#344 = CIRCLE ( 'NONE', #1257, 0.3000000000000000999 ) ;
#345 = DIRECTION ( 'NONE',  ( -3.750753461571474945E-16, 1.000000000000000000, -0.000000000000000000 ) ) ;
#346 = CARTESIAN_POINT ( 'NONE',  ( 13.49999999999999467, 18.50000000000000000, 0.8000000000000000444 ) ) ;
#347 = VERTEX_POINT ( 'NONE', #1348 ) ;
#348 = DIRECTION ( 'NONE',  ( -3.750753461571474945E-16, 1.000000000000000000, -0.000000000000000000 ) ) ;
#349 = CARTESIAN_POINT ( 'NONE',  ( 13.50000000000000178, 0.6999999999999998446, 0.8000000000000000444 ) ) ;
#350 = ORIENTED_EDGE ( 'NONE', *, *, #337, .F. ) ;
#351 = EDGE_CURVE ( 'NONE', #45, #405, #650, .T. ) ;
#352 = CARTESIAN_POINT ( 'NONE',  ( 13.50000000000000178, 2.500000000000000000, 0.8000000000000000444 ) ) ;
#353 = CARTESIAN_POINT ( 'NONE',  ( 0.000000000000000000, 18.50000000000000000, 0.8000000000000000444 ) ) ;
#354 = ORIENTED_EDGE ( 'NONE', *, *, #368, .F. ) ;
#355 = CARTESIAN_POINT ( 'NONE',  ( 0.000000000000000000, 11.19999999999999929, 0.000000000000000000 ) ) ;
#356 = ORIENTED_EDGE ( 'NONE', *, *, #522, .T. ) ;
#357 = DIRECTION ( 'NONE',  ( -0.000000000000000000, -0.000000000000000000, 1.000000000000000000 ) ) ;
#358 = FACE_OUTER_BOUND ( 'NONE', #80, .T. ) ;
#359 = EDGE_LOOP ( 'NONE', ( #372, #121, #784, #414 ) ) ;
#360 = CARTESIAN_POINT ( 'NONE',  ( 13.49999999999999822, 10.00000000000000178, 0.000000000000000000 ) ) ;
#361 = VECTOR ( 'NONE', #1388, 1000.000000000000000 ) ;
#362 = CARTESIAN_POINT ( 'NONE',  ( 13.49999999999999822, 8.800000000000000711, 0.000000000000000000 ) ) ;
#363 = VERTEX_POINT ( 'NONE', #1511 ) ;
#364 = LINE ( 'NONE', #477, #1133 ) ;
#365 = MECHANICAL_DESIGN_GEOMETRIC_PRESENTATION_REPRESENTATION (  '', ( #146 ), #1547 ) ;
#366 = DIRECTION ( 'NONE',  ( -0.000000000000000000, -0.000000000000000000, 1.000000000000000000 ) ) ;
#367 = AXIS2_PLACEMENT_3D ( 'NONE', #207, #181, #1517 ) ;
#368 = EDGE_CURVE ( 'NONE', #1075, #134, #1247, .T. ) ;
#369 = ORIENTED_EDGE ( 'NONE', *, *, #1109, .T. ) ;
#370 = FACE_OUTER_BOUND ( 'NONE', #1516, .T. ) ;
#371 = CARTESIAN_POINT ( 'NONE',  ( 13.50000000000000000, 5.500000000000000888, 0.000000000000000000 ) ) ;
#372 = ORIENTED_EDGE ( 'NONE', *, *, #593, .F. ) ;
#373 = AXIS2_PLACEMENT_3D ( 'NONE', #380, #618, #494 ) ;
#374 = AXIS2_PLACEMENT_3D ( 'NONE', #892, #78, #758 ) ;
#375 = DIRECTION ( 'NONE',  ( -1.000000000000000000, 0.000000000000000000, 0.000000000000000000 ) ) ;
#376 = DIRECTION ( 'NONE',  ( 0.000000000000000000, -1.000000000000000000, 0.000000000000000000 ) ) ;
#377 = EDGE_LOOP ( 'NONE', ( #860, #699, #1145, #1189, #277, #455, #84, #1221, #48, #250, #1413, #1362, #1102, #1427, #322, #1334, #480, #216, #1042, #464, #1479, #639, #439, #560, #967, #1552, #901, #150, #607, #706, #1218, #437, #569, #325, #972, #309, #26, #1453, #788, #1137, #887, #4, #771, #142 ) ) ;
#378 = DIRECTION ( 'NONE',  ( -1.000000000000000000, 0.000000000000000000, 0.000000000000000000 ) ) ;
#379 = ORIENTED_EDGE ( 'NONE', *, *, #1440, .T. ) ;
#380 = CARTESIAN_POINT ( 'NONE',  ( 3.469446951953614189E-15, 4.000000000000000000, 0.8000000000000000444 ) ) ;
#381 = VERTEX_POINT ( 'NONE', #434 ) ;
#382 = EDGE_CURVE ( 'NONE', #363, #1122, #874, .T. ) ;
#383 = DIRECTION ( 'NONE',  ( 1.000000000000000000, 0.000000000000000000, 0.000000000000000000 ) ) ;
#384 = ORIENTED_EDGE ( 'NONE', *, *, #938, .F. ) ;
#385 = AXIS2_PLACEMENT_3D ( 'NONE', #913, #107, #1022 ) ;
#386 = EDGE_CURVE ( 'NONE', #1499, #45, #46, .T. ) ;
#387 = DIRECTION ( 'NONE',  ( 1.000000000000000000, 0.000000000000000000, 0.000000000000000000 ) ) ;
#388 = AXIS2_PLACEMENT_3D ( 'NONE', #193, #178, #1223 ) ;
#389 = CIRCLE ( 'NONE', #882, 0.3000000000000000999 ) ;
#390 = ORIENTED_EDGE ( 'NONE', *, *, #1013, .T. ) ;
#391 = VECTOR ( 'NONE', #237, 1000.000000000000000 ) ;
#392 = DIRECTION ( 'NONE',  ( 1.000000000000000000, 0.000000000000000000, 0.000000000000000000 ) ) ;
#393 = ORIENTED_EDGE ( 'NONE', *, *, #50, .F. ) ;
#394 = EDGE_CURVE ( 'NONE', #653, #55, #298, .T. ) ;
#395 = CARTESIAN_POINT ( 'NONE',  ( 1.214306433183764966E-14, 8.500000000000000000, 0.8000000000000000444 ) ) ;
#396 = EDGE_CURVE ( 'NONE', #403, #1383, #1238, .T. ) ;
#397 = VERTEX_POINT ( 'NONE', #1020 ) ;
#398 = CARTESIAN_POINT ( 'NONE',  ( 0.3000000000000156986, 10.00000000000000178, 0.8000000000000000444 ) ) ;
#399 = ORIENTED_EDGE ( 'NONE', *, *, #1098, .F. ) ;
#400 = CARTESIAN_POINT ( 'NONE',  ( 13.49999999999999467, 18.50000000000000000, 0.000000000000000000 ) ) ;
#401 = EDGE_CURVE ( 'NONE', #1075, #982, #694, .T. ) ;
#402 = DIRECTION ( 'NONE',  ( -0.000000000000000000, -0.000000000000000000, 1.000000000000000000 ) ) ;
#403 = VERTEX_POINT ( 'NONE', #1014 ) ;
#404 = CARTESIAN_POINT ( 'NONE',  ( 0.000000000000000000, 7.299999999999999822, 0.000000000000000000 ) ) ;
#405 = VERTEX_POINT ( 'NONE', #426 ) ;
#406 = DIRECTION ( 'NONE',  ( -1.000000000000000000, 0.000000000000000000, 0.000000000000000000 ) ) ;
#407 = VECTOR ( 'NONE', #1521, 1000.000000000000000 ) ;
#408 = DIRECTION ( 'NONE',  ( 0.000000000000000000, 0.000000000000000000, -1.000000000000000000 ) ) ;
#409 = DIRECTION ( 'NONE',  ( 0.000000000000000000, -1.000000000000000000, 0.000000000000000000 ) ) ;
#410 = EDGE_LOOP ( 'NONE', ( #289, #724, #669, #866 ) ) ;
#411 = EDGE_CURVE ( 'NONE', #239, #674, #1317, .T. ) ;
#412 = AXIS2_PLACEMENT_3D ( 'NONE', #841, #1108, #964 ) ;
#413 = CARTESIAN_POINT ( 'NONE',  ( 13.49999999999999822, 11.79999999999999893, 0.8000000000000000444 ) ) ;
#414 = ORIENTED_EDGE ( 'NONE', *, *, #806, .T. ) ;
#415 = PLANE ( 'NONE',  #1306 ) ;
#416 = VECTOR ( 'NONE', #686, 1000.000000000000000 ) ;
#417 = EDGE_CURVE ( 'NONE', #1420, #1278, #280, .T. ) ;
#418 = CIRCLE ( 'NONE', #512, 0.2999999999999999334 ) ;
#419 = CYLINDRICAL_SURFACE ( 'NONE', #1451, 0.3000000000000000999 ) ;
#420 = DIRECTION ( 'NONE',  ( -0.000000000000000000, -0.000000000000000000, 1.000000000000000000 ) ) ;
#421 = EDGE_LOOP ( 'NONE', ( #204, #1248, #790, #687 ) ) ;
#422 = FACE_OUTER_BOUND ( 'NONE', #468, .T. ) ;
#423 = ORIENTED_EDGE ( 'NONE', *, *, #5, .T. ) ;
#424 = CARTESIAN_POINT ( 'NONE',  ( 3.469446951953614189E-15, 4.000000000000000000, 0.8000000000000000444 ) ) ;
#425 = ORIENTED_EDGE ( 'NONE', *, *, #844, .T. ) ;
#426 = CARTESIAN_POINT ( 'NONE',  ( 0.000000000000000000, 5.800000000000000711, 0.000000000000000000 ) ) ;
#427 = CYLINDRICAL_SURFACE ( 'NONE', #858, 0.3000000000000000999 ) ;
#428 = DIRECTION ( 'NONE',  ( -0.000000000000000000, -0.000000000000000000, 1.000000000000000000 ) ) ;
#429 = PLANE ( 'NONE',  #1381 ) ;
#430 = ORIENTED_EDGE ( 'NONE', *, *, #1410, .T. ) ;
#431 = DIRECTION ( 'NONE',  ( -0.000000000000000000, -0.000000000000000000, 1.000000000000000000 ) ) ;
#432 = EDGE_LOOP ( 'NONE', ( #1072, #526, #175, #163 ) ) ;
#433 = EDGE_CURVE ( 'NONE', #1301, #574, #635, .T. ) ;
#434 = CARTESIAN_POINT ( 'NONE',  ( 13.50000000000000178, 1.300000000000000266, 0.000000000000000000 ) ) ;
#435 = CARTESIAN_POINT ( 'NONE',  ( 13.50000000000000000, 2.799999999999999822, 0.8000000000000000444 ) ) ;
#436 = VECTOR ( 'NONE', #1142, 1000.000000000000000 ) ;
#437 = ORIENTED_EDGE ( 'NONE', *, *, #943, .T. ) ;
#438 = DIRECTION ( 'NONE',  ( 0.000000000000000000, 0.000000000000000000, -1.000000000000000000 ) ) ;
#439 = ORIENTED_EDGE ( 'NONE', *, *, #310, .F. ) ;
#440 = DIRECTION ( 'NONE',  ( 0.000000000000000000, 0.000000000000000000, -1.000000000000000000 ) ) ;
#441 = VECTOR ( 'NONE', #291, 1000.000000000000000 ) ;
#442 = DIRECTION ( 'NONE',  ( -1.000000000000000000, -3.750753461571474945E-16, 0.000000000000000000 ) ) ;
#443 = DIRECTION ( 'NONE',  ( -0.000000000000000000, -0.000000000000000000, 1.000000000000000000 ) ) ;
#444 = EDGE_CURVE ( 'NONE', #1122, #152, #1359, .T. ) ;
#445 = AXIS2_PLACEMENT_3D ( 'NONE', #353, #681, #1292 ) ;
#446 = AXIS2_PLACEMENT_3D ( 'NONE', #1132, #529, #68 ) ;
#447 = CYLINDRICAL_SURFACE ( 'NONE', #757, 0.3000000000000000999 ) ;
#448 = ORIENTED_EDGE ( 'NONE', *, *, #130, .T. ) ;
#449 = CARTESIAN_POINT ( 'NONE',  ( -1.232595164407830946E-29, 8.200000000000001066, 0.000000000000000000 ) ) ;
#450 = ORIENTED_EDGE ( 'NONE', *, *, #1291, .T. ) ;
#451 = LINE ( 'NONE', #925, #1491 ) ;
#452 = CARTESIAN_POINT ( 'NONE',  ( 3.469446951953614189E-15, 4.000000000000000000, 0.000000000000000000 ) ) ;
#453 = ADVANCED_FACE ( 'NONE', ( #1254 ), #419, .F. ) ;
#454 = FACE_OUTER_BOUND ( 'NONE', #410, .T. ) ;
#455 = ORIENTED_EDGE ( 'NONE', *, *, #1431, .F. ) ;
#456 = DIRECTION ( 'NONE',  ( -1.000000000000000000, -3.750753461571474945E-16, 0.000000000000000000 ) ) ;
#457 = EDGE_LOOP ( 'NONE', ( #914, #581, #1505, #1318 ) ) ;
#458 = PRESENTATION_STYLE_ASSIGNMENT (( #1164 ) ) ;
#459 = PLANE ( 'NONE',  #72 ) ;
#460 = CIRCLE ( 'NONE', #528, 0.3000000000000000999 ) ;
#461 = DIRECTION ( 'NONE',  ( 3.750753461571474945E-16, -1.000000000000000000, 0.000000000000000000 ) ) ;
#462 = VERTEX_POINT ( 'NONE', #1240 ) ;
#463 = PLANE ( 'NONE',  #249 ) ;
#464 = ORIENTED_EDGE ( 'NONE', *, *, #1147, .F. ) ;
#465 = EDGE_CURVE ( 'NONE', #152, #1183, #767, .T. ) ;
#466 = VECTOR ( 'NONE', #1405, 1000.000000000000000 ) ;
#467 = CARTESIAN_POINT ( 'NONE',  ( 13.49999999999999467, 18.50000000000000000, 0.8000000000000000444 ) ) ;
#468 = EDGE_LOOP ( 'NONE', ( #796, #470, #741, #1385, #501, #147, #630, #1464, #1153, #955, #896, #1259, #763, #1472, #1206, #1212, #91, #1332, #1130, #1242, #266, #819, #1174, #220, #517, #1266, #814, #199, #379, #53, #1059, #929, #137, #1143, #430, #1003, #1051, #621, #885, #852, #1226, #1025, #872, #1365 ) ) ;
#469 = DIRECTION ( 'NONE',  ( 3.750753461571474945E-16, -1.000000000000000000, 0.000000000000000000 ) ) ;
#470 = ORIENTED_EDGE ( 'NONE', *, *, #1080, .T. ) ;
#471 = DIRECTION ( 'NONE',  ( 1.000000000000000000, 0.000000000000000000, 0.000000000000000000 ) ) ;
#472 = DIRECTION ( 'NONE',  ( -0.000000000000000000, -0.000000000000000000, 1.000000000000000000 ) ) ;
#473 = EDGE_LOOP ( 'NONE', ( #905, #384, #666, #499 ) ) ;
#474 = CARTESIAN_POINT ( 'NONE',  ( 0.3000000000000122014, 8.500000000000000000, 0.8000000000000000444 ) ) ;
#475 = FACE_OUTER_BOUND ( 'NONE', #876, .T. ) ;
#476 = ORIENTED_EDGE ( 'NONE', *, *, #233, .T. ) ;
#477 = CARTESIAN_POINT ( 'NONE',  ( 0.3000000000000122014, 8.500000000000000000, 0.000000000000000000 ) ) ;
#478 = EDGE_CURVE ( 'NONE', #1200, #948, #785, .T. ) ;
#479 = CARTESIAN_POINT ( 'NONE',  ( 13.50000000000000000, 3.700000000000000178, 0.8000000000000000444 ) ) ;
#480 = ORIENTED_EDGE ( 'NONE', *, *, #1553, .F. ) ;
#481 = DIRECTION ( 'NONE',  ( 1.000000000000000000, 0.000000000000000000, 0.000000000000000000 ) ) ;
#482 = VECTOR ( 'NONE', #1119, 1000.000000000000000 ) ;
#483 = DIRECTION ( 'NONE',  ( -0.000000000000000000, -0.000000000000000000, 1.000000000000000000 ) ) ;
#484 = ORIENTED_EDGE ( 'NONE', *, *, #411, .F. ) ;
#485 = CARTESIAN_POINT ( 'NONE',  ( 13.50000000000000000, 4.000000000000000000, 0.8000000000000000444 ) ) ;
#486 = VECTOR ( 'NONE', #772, 1000.000000000000000 ) ;
#487 = EDGE_CURVE ( 'NONE', #1148, #1537, #240, .T. ) ;
#488 = CARTESIAN_POINT ( 'NONE',  ( 0.000000000000000000, 18.50000000000000000, 0.000000000000000000 ) ) ;
#489 = AXIS2_PLACEMENT_3D ( 'NONE', #191, #658, #1138 ) ;
#490 = EDGE_LOOP ( 'NONE', ( #1351, #1423, #236, #63 ) ) ;
#491 = DIRECTION ( 'NONE',  ( 0.000000000000000000, -1.000000000000000000, 0.000000000000000000 ) ) ;
#492 = VERTEX_POINT ( 'NONE', #222 ) ;
#493 = VECTOR ( 'NONE', #402, 1000.000000000000000 ) ;
#494 = DIRECTION ( 'NONE',  ( -1.000000000000000000, 0.000000000000000000, 0.000000000000000000 ) ) ;
#495 = EDGE_CURVE ( 'NONE', #728, #1447, #202, .T. ) ;
#496 = VERTEX_POINT ( 'NONE', #1545 ) ;
#497 = EDGE_CURVE ( 'NONE', #307, #182, #1290, .T. ) ;
#498 = CYLINDRICAL_SURFACE ( 'NONE', #1035, 0.2999999999999999334 ) ;
#499 = ORIENTED_EDGE ( 'NONE', *, *, #1553, .T. ) ;
#500 = LINE ( 'NONE', #863, #891 ) ;
#501 = ORIENTED_EDGE ( 'NONE', *, *, #208, .T. ) ;
#502 = CARTESIAN_POINT ( 'NONE',  ( 13.49999999999999822, 11.19999999999999929, 0.000000000000000000 ) ) ;
#503 = VERTEX_POINT ( 'NONE', #1387 ) ;
#504 = ADVANCED_FACE ( 'NONE', ( #670 ), #700, .F. ) ;
#505 = VECTOR ( 'NONE', #420, 1000.000000000000000 ) ;
#506 = CYLINDRICAL_SURFACE ( 'NONE', #817, 0.3000000000000000999 ) ;
#507 = CIRCLE ( 'NONE', #1182, 0.3000000000000000999 ) ;
#508 = AXIS2_PLACEMENT_3D ( 'NONE', #1053, #923, #229 ) ;
#509 = ORIENTED_EDGE ( 'NONE', *, *, #632, .T. ) ;
#510 = CARTESIAN_POINT ( 'NONE',  ( 13.50000000000000000, 7.000000000000000000, 0.000000000000000000 ) ) ;
#511 = VERTEX_POINT ( 'NONE', #122 ) ;
#512 = AXIS2_PLACEMENT_3D ( 'NONE', #265, #848, #392 ) ;
#513 = CARTESIAN_POINT ( 'NONE',  ( -1.734723475976807094E-15, 1.000000000000000000, 0.000000000000000000 ) ) ;
#514 = CIRCLE ( 'NONE', #792, 0.2999999999999999334 ) ;
#515 = CARTESIAN_POINT ( 'NONE',  ( 0.3000000000000018208, 2.500000000000000000, 0.000000000000000000 ) ) ;
#516 = MANIFOLD_SOLID_BREP ( 'Espelhar1', #323 ) ;
#517 = ORIENTED_EDGE ( 'NONE', *, *, #1100, .T. ) ;
#518 = CARTESIAN_POINT ( 'NONE',  ( 13.50000000000000000, 2.799999999999999822, 0.000000000000000000 ) ) ;
#519 = VERTEX_POINT ( 'NONE', #554 ) ;
#520 = LINE ( 'NONE', #830, #685 ) ;
#521 = CARTESIAN_POINT ( 'NONE',  ( 0.000000000000000000, 18.50000000000000000, 0.8000000000000000444 ) ) ;
#522 = EDGE_CURVE ( 'NONE', #1420, #347, #1253, .T. ) ;
#523 = DIRECTION ( 'NONE',  ( -0.000000000000000000, -0.000000000000000000, -1.000000000000000000 ) ) ;
#524 = ORIENTED_EDGE ( 'NONE', *, *, #1356, .T. ) ;
#525 = DIRECTION ( 'NONE',  ( 0.000000000000000000, 0.000000000000000000, 1.000000000000000000 ) ) ;
#526 = ORIENTED_EDGE ( 'NONE', *, *, #71, .T. ) ;
#527 = DIRECTION ( 'NONE',  ( 1.000000000000000000, 0.000000000000000000, -0.000000000000000000 ) ) ;
#528 = AXIS2_PLACEMENT_3D ( 'NONE', #645, #1506, #762 ) ;
#529 = DIRECTION ( 'NONE',  ( -0.000000000000000000, -0.000000000000000000, -1.000000000000000000 ) ) ;
#530 = CARTESIAN_POINT ( 'NONE',  ( 13.50000000000000178, 0.6999999999999998446, 0.000000000000000000 ) ) ;
#531 = ORIENTED_EDGE ( 'NONE', *, *, #1305, .F. ) ;
#532 = AXIS2_PLACEMENT_3D ( 'NONE', #485, #880, #1073 ) ;
#533 = CARTESIAN_POINT ( 'NONE',  ( 0.000000000000000000, 0.000000000000000000, 0.8000000000000000444 ) ) ;
#534 = ORIENTED_EDGE ( 'NONE', *, *, #177, .T. ) ;
#535 = FACE_OUTER_BOUND ( 'NONE', #746, .T. ) ;
#536 = VECTOR ( 'NONE', #1300, 1000.000000000000000 ) ;
#537 = DIRECTION ( 'NONE',  ( -1.000000000000000000, 0.000000000000000000, 0.000000000000000000 ) ) ;
#538 = VECTOR ( 'NONE', #563, 1000.000000000000000 ) ;
#539 =( NAMED_UNIT ( * ) SI_UNIT ( $, .STERADIAN. ) SOLID_ANGLE_UNIT ( ) );
#540 = CARTESIAN_POINT ( 'NONE',  ( -3.081487911019577365E-30, 3.700000000000000178, 0.000000000000000000 ) ) ;
#541 = EDGE_CURVE ( 'NONE', #1322, #1383, #1037, .T. ) ;
#542 = DIRECTION ( 'NONE',  ( 1.000000000000000000, 0.000000000000000000, 0.000000000000000000 ) ) ;
#543 = ORIENTED_EDGE ( 'NONE', *, *, #611, .T. ) ;
#544 = LINE ( 'NONE', #1508, #19 ) ;
#545 = EDGE_CURVE ( 'NONE', #182, #134, #862, .T. ) ;
#546 = ORIENTED_EDGE ( 'NONE', *, *, #846, .F. ) ;
#547 = DIRECTION ( 'NONE',  ( 0.000000000000000000, -1.000000000000000000, 0.000000000000000000 ) ) ;
#548 = CARTESIAN_POINT ( 'NONE',  ( 1.040834085586084257E-14, 7.000000000000000000, 0.8000000000000000444 ) ) ;
#549 = ORIENTED_EDGE ( 'NONE', *, *, #282, .F. ) ;
#550 = CARTESIAN_POINT ( 'NONE',  ( 1.734723475976807094E-15, 2.500000000000000000, 0.000000000000000000 ) ) ;
#551 = EDGE_LOOP ( 'NONE', ( #1160, #1120, #423, #857 ) ) ;
#552 = DIRECTION ( 'NONE',  ( 0.000000000000000000, -1.000000000000000000, 0.000000000000000000 ) ) ;
#553 = VERTEX_POINT ( 'NONE', #707 ) ;
#554 = CARTESIAN_POINT ( 'NONE',  ( -6.162975822039154730E-30, 5.200000000000001066, 0.000000000000000000 ) ) ;
#555 = CARTESIAN_POINT ( 'NONE',  ( 13.50000000000000000, 5.500000000000000888, 0.8000000000000000444 ) ) ;
#556 = CARTESIAN_POINT ( 'NONE',  ( 13.49999999999999467, 18.50000000000000000, 0.8000000000000000444 ) ) ;
#557 = VERTEX_POINT ( 'NONE', #1530 ) ;
#558 = CYLINDRICAL_SURFACE ( 'NONE', #1357, 0.2999999999999999334 ) ;
#559 = CARTESIAN_POINT ( 'NONE',  ( 0.000000000000000000, 18.50000000000000000, 0.8000000000000000444 ) ) ;
#560 = ORIENTED_EDGE ( 'NONE', *, *, #144, .F. ) ;
#561 = DIRECTION ( 'NONE',  ( 0.000000000000000000, 0.000000000000000000, -1.000000000000000000 ) ) ;
#562 = ADVANCED_FACE ( 'NONE', ( #1056 ), #1179, .F. ) ;
#563 = DIRECTION ( 'NONE',  ( -1.000000000000000000, -0.000000000000000000, -0.000000000000000000 ) ) ;
#564 = CIRCLE ( 'NONE', #373, 0.3000000000000000999 ) ;
#565 = DIRECTION ( 'NONE',  ( 1.000000000000000000, 0.000000000000000000, 0.000000000000000000 ) ) ;
#566 = ORIENTED_EDGE ( 'NONE', *, *, #495, .T. ) ;
#567 = CARTESIAN_POINT ( 'NONE',  ( 0.000000000000000000, 18.50000000000000000, 0.000000000000000000 ) ) ;
#568 = DIRECTION ( 'NONE',  ( -0.000000000000000000, -0.000000000000000000, -1.000000000000000000 ) ) ;
#569 = ORIENTED_EDGE ( 'NONE', *, *, #1028, .F. ) ;
#570 = CARTESIAN_POINT ( 'NONE',  ( 13.49999999999999467, 18.50000000000000000, 0.8000000000000000444 ) ) ;
#571 = EDGE_CURVE ( 'NONE', #1322, #284, #1386, .T. ) ;
#572 = CARTESIAN_POINT ( 'NONE',  ( 0.000000000000000000, 18.50000000000000000, 0.8000000000000000444 ) ) ;
#573 = CARTESIAN_POINT ( 'NONE',  ( 13.49999999999999822, 8.200000000000001066, 0.000000000000000000 ) ) ;
#574 = VERTEX_POINT ( 'NONE', #1396 ) ;
#575 = CARTESIAN_POINT ( 'NONE',  ( 0.000000000000000000, 2.799999999999999822, 0.000000000000000000 ) ) ;
#576 = VERTEX_POINT ( 'NONE', #1270 ) ;
#577 = DIRECTION ( 'NONE',  ( 1.000000000000000000, 0.000000000000000000, -0.000000000000000000 ) ) ;
#578 = AXIS2_PLACEMENT_3D ( 'NONE', #556, #1523, #461 ) ;
#579 = EDGE_CURVE ( 'NONE', #239, #405, #679, .T. ) ;
#580 = CARTESIAN_POINT ( 'NONE',  ( 13.49999999999999822, 7.299999999999999822, 0.000000000000000000 ) ) ;
#581 = ORIENTED_EDGE ( 'NONE', *, *, #1452, .F. ) ;
#582 = DIRECTION ( 'NONE',  ( 0.000000000000000000, 0.000000000000000000, 1.000000000000000000 ) ) ;
#583 = CARTESIAN_POINT ( 'NONE',  ( 0.000000000000000000, 2.799999999999999822, 0.000000000000000000 ) ) ;
#584 = ORIENTED_EDGE ( 'NONE', *, *, #1497, .F. ) ;
#585 = PRODUCT ( 'HM-19', 'HM-19', '', ( #680 ) ) ;
#586 = DIRECTION ( 'NONE',  ( -3.750753461571474945E-16, 1.000000000000000000, -0.000000000000000000 ) ) ;
#587 = FACE_OUTER_BOUND ( 'NONE', #28, .T. ) ;
#588 = CIRCLE ( 'NONE', #97, 0.3000000000000000999 ) ;
#589 = EDGE_LOOP ( 'NONE', ( #894, #1215, #952, #242 ) ) ;
#590 = DIRECTION ( 'NONE',  ( -3.750753461571474945E-16, 1.000000000000000000, -0.000000000000000000 ) ) ;
#591 = CIRCLE ( 'NONE', #1449, 0.2999999999999999334 ) ;
#592 = ORIENTED_EDGE ( 'NONE', *, *, #417, .T. ) ;
#593 = EDGE_CURVE ( 'NONE', #1404, #462, #451, .T. ) ;
#594 = EDGE_CURVE ( 'NONE', #1502, #829, #765, .T. ) ;
#595 = DIRECTION ( 'NONE',  ( 0.000000000000000000, 0.000000000000000000, -1.000000000000000000 ) ) ;
#596 = CARTESIAN_POINT ( 'NONE',  ( 0.000000000000000000, 0.000000000000000000, 0.000000000000000000 ) ) ;
#597 = CARTESIAN_POINT ( 'NONE',  ( 13.49999999999999822, 9.700000000000002842, 0.000000000000000000 ) ) ;
#598 = ORIENTED_EDGE ( 'NONE', *, *, #130, .F. ) ;
#599 = CARTESIAN_POINT ( 'NONE',  ( 0.000000000000000000, 18.50000000000000000, 0.8000000000000000444 ) ) ;
#600 = CARTESIAN_POINT ( 'NONE',  ( 0.000000000000000000, 0.6999999999999998446, 0.000000000000000000 ) ) ;
#601 = ORIENTED_EDGE ( 'NONE', *, *, #898, .T. ) ;
#602 = DIRECTION ( 'NONE',  ( -0.000000000000000000, -0.000000000000000000, 1.000000000000000000 ) ) ;
#603 = DIRECTION ( 'NONE',  ( -0.000000000000000000, -0.000000000000000000, -1.000000000000000000 ) ) ;
#604 = VERTEX_POINT ( 'NONE', #1439 ) ;
#605 = CIRCLE ( 'NONE', #678, 0.3000000000000000999 ) ;
#606 = LINE ( 'NONE', #1333, #41 ) ;
#607 = ORIENTED_EDGE ( 'NONE', *, *, #725, .F. ) ;
#608 = EDGE_CURVE ( 'NONE', #496, #1307, #520, .T. ) ;
#609 = VECTOR ( 'NONE', #1500, 1000.000000000000000 ) ;
#610 = CARTESIAN_POINT ( 'NONE',  ( 13.49999999999999467, 18.50000000000000000, 0.8000000000000000444 ) ) ;
#611 = EDGE_CURVE ( 'NONE', #103, #864, #364, .T. ) ;
#612 = AXIS2_PLACEMENT_3D ( 'NONE', #1170, #568, #821 ) ;
#613 = VERTEX_POINT ( 'NONE', #1347 ) ;
#614 = VECTOR ( 'NONE', #1341, 1000.000000000000000 ) ;
#615 = DIRECTION ( 'NONE',  ( -0.000000000000000000, -0.000000000000000000, 1.000000000000000000 ) ) ;
#616 = VERTEX_POINT ( 'NONE', #1303 ) ;
#617 = CIRCLE ( 'NONE', #228, 0.3000000000000000999 ) ;
#618 = DIRECTION ( 'NONE',  ( -0.000000000000000000, -0.000000000000000000, -1.000000000000000000 ) ) ;
#619 = ORIENTED_EDGE ( 'NONE', *, *, #969, .F. ) ;
#620 = DIRECTION ( 'NONE',  ( 1.000000000000000000, 0.000000000000000000, 0.000000000000000000 ) ) ;
#621 = ORIENTED_EDGE ( 'NONE', *, *, #1399, .T. ) ;
#622 = DIRECTION ( 'NONE',  ( 1.000000000000000000, 0.000000000000000000, 0.000000000000000000 ) ) ;
#623 = VERTEX_POINT ( 'NONE', #631 ) ;
#624 = EDGE_CURVE ( 'NONE', #829, #854, #247, .T. ) ;
#625 = DIRECTION ( 'NONE',  ( -0.000000000000000000, -0.000000000000000000, 1.000000000000000000 ) ) ;
#626 = ORIENTED_EDGE ( 'NONE', *, *, #541, .F. ) ;
#627 = DIRECTION ( 'NONE',  ( -0.000000000000000000, -0.000000000000000000, -1.000000000000000000 ) ) ;
#628 = DIRECTION ( 'NONE',  ( 0.000000000000000000, 0.000000000000000000, -1.000000000000000000 ) ) ;
#629 = ORIENTED_EDGE ( 'NONE', *, *, #1454, .T. ) ;
#630 = ORIENTED_EDGE ( 'NONE', *, *, #825, .F. ) ;
#631 = CARTESIAN_POINT ( 'NONE',  ( 0.3000000000000070388, 5.500000000000000888, 0.000000000000000000 ) ) ;
#632 = EDGE_CURVE ( 'NONE', #1023, #879, #1195, .T. ) ;
#633 = ADVANCED_FACE ( 'NONE', ( #998 ), #749, .F. ) ;
#634 = AXIS2_PLACEMENT_3D ( 'NONE', #1503, #51, #1343 ) ;
#635 = LINE ( 'NONE', #1483, #1116 ) ;
#636 = DIRECTION ( 'NONE',  ( -3.750753461571474945E-16, 1.000000000000000000, -0.000000000000000000 ) ) ;
#637 = ORIENTED_EDGE ( 'NONE', *, *, #310, .T. ) ;
#638 = DIRECTION ( 'NONE',  ( -0.000000000000000000, 0.000000000000000000, 1.000000000000000000 ) ) ;
#639 = ORIENTED_EDGE ( 'NONE', *, *, #465, .F. ) ;
#640 = DIRECTION ( 'NONE',  ( -1.000000000000000000, 0.000000000000000000, 0.000000000000000000 ) ) ;
#641 = ORIENTED_EDGE ( 'NONE', *, *, #969, .T. ) ;
#642 = CARTESIAN_POINT ( 'NONE',  ( -1.734723475976807094E-15, 1.000000000000000000, 0.000000000000000000 ) ) ;
#643 = CARTESIAN_POINT ( 'NONE',  ( 0.000000000000000000, 2.200000000000000178, 0.000000000000000000 ) ) ;
#644 = VERTEX_POINT ( 'NONE', #1187 ) ;
#645 = CARTESIAN_POINT ( 'NONE',  ( -1.734723475976807094E-15, 1.000000000000000000, 0.8000000000000000444 ) ) ;
#646 = ORIENTED_EDGE ( 'NONE', *, *, #1486, .F. ) ;
#647 = CARTESIAN_POINT ( 'NONE',  ( 13.49999999999999822, 10.30000000000000249, 0.8000000000000000444 ) ) ;
#648 = CIRCLE ( 'NONE', #1462, 0.2999999999999999334 ) ;
#649 = EDGE_CURVE ( 'NONE', #1278, #922, #66, .T. ) ;
#650 = LINE ( 'NONE', #1477, #104 ) ;
#651 = CARTESIAN_POINT ( 'NONE',  ( 0.000000000000000000, 18.50000000000000000, 0.000000000000000000 ) ) ;
#652 = EDGE_CURVE ( 'NONE', #557, #300, #1228, .T. ) ;
#653 = VERTEX_POINT ( 'NONE', #38 ) ;
#654 = APPLICATION_CONTEXT ( 'automotive_design' ) ;
#655 = AXIS2_PLACEMENT_3D ( 'NONE', #1430, #254, #726 ) ;
#656 = CARTESIAN_POINT ( 'NONE',  ( 13.49999999999999822, 8.500000000000000000, 0.000000000000000000 ) ) ;
#657 = ORIENTED_EDGE ( 'NONE', *, *, #1126, .F. ) ;
#658 = DIRECTION ( 'NONE',  ( -0.000000000000000000, -0.000000000000000000, 1.000000000000000000 ) ) ;
#659 = AXIS2_PLACEMENT_3D ( 'NONE', #820, #1295, #828 ) ;
#660 = FACE_OUTER_BOUND ( 'NONE', #589, .T. ) ;
#661 = VECTOR ( 'NONE', #1457, 1000.000000000000000 ) ;
#662 = DIRECTION ( 'NONE',  ( -0.000000000000000000, -0.000000000000000000, -1.000000000000000000 ) ) ;
#663 = DIRECTION ( 'NONE',  ( -0.000000000000000000, -0.000000000000000000, 1.000000000000000000 ) ) ;
#664 = EDGE_CURVE ( 'NONE', #1502, #1261, #507, .T. ) ;
#665 = DIRECTION ( 'NONE',  ( 1.000000000000000000, 0.000000000000000000, 0.000000000000000000 ) ) ;
#666 = ORIENTED_EDGE ( 'NONE', *, *, #1329, .F. ) ;
#667 = FACE_OUTER_BOUND ( 'NONE', #1434, .T. ) ;
#668 = ADVANCED_FACE ( 'NONE', ( #1313 ), #950, .F. ) ;
#669 = ORIENTED_EDGE ( 'NONE', *, *, #1201, .T. ) ;
#670 = FACE_OUTER_BOUND ( 'NONE', #24, .T. ) ;
#671 = CARTESIAN_POINT ( 'NONE',  ( 3.469446951953614189E-15, 4.000000000000000000, 0.000000000000000000 ) ) ;
#672 = CARTESIAN_POINT ( 'NONE',  ( -1.848892746611746419E-29, 11.19999999999999929, 0.8000000000000000444 ) ) ;
#673 = FACE_OUTER_BOUND ( 'NONE', #809, .T. ) ;
#674 = VERTEX_POINT ( 'NONE', #1115 ) ;
#675 = EDGE_CURVE ( 'NONE', #849, #279, #850, .T. ) ;
#676 = FACE_OUTER_BOUND ( 'NONE', #457, .T. ) ;
#677 = CARTESIAN_POINT ( 'NONE',  ( 13.49999999999999467, 18.50000000000000000, 0.000000000000000000 ) ) ;
#678 = AXIS2_PLACEMENT_3D ( 'NONE', #902, #778, #64 ) ;
#679 = LINE ( 'NONE', #94, #1466 ) ;
#680 = PRODUCT_CONTEXT ( 'NONE', #1469, 'mechanical' ) ;
#681 = DIRECTION ( 'NONE',  ( 1.000000000000000000, 0.000000000000000000, -0.000000000000000000 ) ) ;
#682 = FACE_OUTER_BOUND ( 'NONE', #822, .T. ) ;
#683 = ORIENTED_EDGE ( 'NONE', *, *, #1440, .F. ) ;
#684 = CARTESIAN_POINT ( 'NONE',  ( 0.000000000000000000, 3.700000000000000178, 0.000000000000000000 ) ) ;
#685 = VECTOR ( 'NONE', #595, 1000.000000000000000 ) ;
#686 = DIRECTION ( 'NONE',  ( -3.750753461571474945E-16, 1.000000000000000000, -0.000000000000000000 ) ) ;
#687 = ORIENTED_EDGE ( 'NONE', *, *, #1410, .F. ) ;
#688 = EDGE_CURVE ( 'NONE', #172, #731, #389, .T. ) ;
#689 =( NAMED_UNIT ( * ) SI_UNIT ( $, .STERADIAN. ) SOLID_ANGLE_UNIT ( ) );
#690 = AXIS2_PLACEMENT_3D ( 'NONE', #1310, #1455, #378 ) ;
#691 = EDGE_CURVE ( 'NONE', #731, #129, #1079, .T. ) ;
#692 = DIRECTION ( 'NONE',  ( 1.000000000000000000, 0.000000000000000000, 0.000000000000000000 ) ) ;
#693 = VECTOR ( 'NONE', #387, 1000.000000000000000 ) ;
#694 = CIRCLE ( 'NONE', #722, 0.3000000000000000999 ) ;
#695 = CARTESIAN_POINT ( 'NONE',  ( 1.040834085586084257E-14, 7.000000000000000000, 0.8000000000000000444 ) ) ;
#696 = ORIENTED_EDGE ( 'NONE', *, *, #594, .F. ) ;
#697 = DIRECTION ( 'NONE',  ( -0.000000000000000000, -0.000000000000000000, 1.000000000000000000 ) ) ;
#698 = CYLINDRICAL_SURFACE ( 'NONE', #1229, 0.3000000000000000999 ) ;
#699 = ORIENTED_EDGE ( 'NONE', *, *, #774, .F. ) ;
#700 = CYLINDRICAL_SURFACE ( 'NONE', #1030, 0.3000000000000000999 ) ;
#701 = EDGE_CURVE ( 'NONE', #1404, #279, #811, .T. ) ;
#702 = CARTESIAN_POINT ( 'NONE',  ( -1.232595164407830946E-29, 9.700000000000002842, 0.8000000000000000444 ) ) ;
#703 = DIRECTION ( 'NONE',  ( -0.000000000000000000, -0.000000000000000000, -1.000000000000000000 ) ) ;
#704 = ORIENTED_EDGE ( 'NONE', *, *, #675, .T. ) ;
#705 = DIRECTION ( 'NONE',  ( 0.000000000000000000, 0.000000000000000000, 1.000000000000000000 ) ) ;
#706 = ORIENTED_EDGE ( 'NONE', *, *, #1126, .T. ) ;
#707 = CARTESIAN_POINT ( 'NONE',  ( -9.244463733058732095E-30, 6.700000000000000178, 0.8000000000000000444 ) ) ;
#708 = FACE_OUTER_BOUND ( 'NONE', #1342, .T. ) ;
#709 = VECTOR ( 'NONE', #189, 1000.000000000000000 ) ;
#710 = EDGE_CURVE ( 'NONE', #1183, #492, #35, .T. ) ;
#711 = VERTEX_POINT ( 'NONE', #1476 ) ;
#712 = DIRECTION ( 'NONE',  ( -0.000000000000000000, -0.000000000000000000, 1.000000000000000000 ) ) ;
#713 = VERTEX_POINT ( 'NONE', #1237 ) ;
#714 = AXIS2_PLACEMENT_3D ( 'NONE', #824, #933, #916 ) ;
#715 = VECTOR ( 'NONE', #697, 1000.000000000000000 ) ;
#716 = DIRECTION ( 'NONE',  ( -0.000000000000000000, -0.000000000000000000, -1.000000000000000000 ) ) ;
#717 = CARTESIAN_POINT ( 'NONE',  ( 13.50000000000000178, 0.000000000000000000, 0.000000000000000000 ) ) ;
#718 = ORIENTED_EDGE ( 'NONE', *, *, #396, .T. ) ;
#719 = CIRCLE ( 'NONE', #44, 0.2999999999999999334 ) ;
#720 = DIRECTION ( 'NONE',  ( 0.000000000000000000, -1.000000000000000000, 0.000000000000000000 ) ) ;
#721 = EDGE_CURVE ( 'NONE', #576, #300, #246, .T. ) ;
#722 = AXIS2_PLACEMENT_3D ( 'NONE', #999, #1230, #782 ) ;
#723 = CYLINDRICAL_SURFACE ( 'NONE', #1337, 0.3000000000000000999 ) ;
#724 = ORIENTED_EDGE ( 'NONE', *, *, #433, .T. ) ;
#725 = EDGE_CURVE ( 'NONE', #1078, #743, #1355, .T. ) ;
#726 = DIRECTION ( 'NONE',  ( 1.000000000000000000, 0.000000000000000000, 0.000000000000000000 ) ) ;
#727 = LINE ( 'NONE', #739, #1498 ) ;
#728 = VERTEX_POINT ( 'NONE', #1146 ) ;
#729 = PRODUCT_DEFINITION ( 'UNKNOWN', '', #735, #1415 ) ;
#730 = DIRECTION ( 'NONE',  ( -1.000000000000000000, 0.000000000000000000, 0.000000000000000000 ) ) ;
#731 = VERTEX_POINT ( 'NONE', #1402 ) ;
#732 = ADVANCED_FACE ( 'NONE', ( #676 ), #415, .F. ) ;
#733 = LINE ( 'NONE', #1316, #1526 ) ;
#734 = EDGE_LOOP ( 'NONE', ( #226, #1124, #1376, #117 ) ) ;
#735 = PRODUCT_DEFINITION_FORMATION_WITH_SPECIFIED_SOURCE ( 'ANY', '', #585, .NOT_KNOWN. ) ;
#736 = CARTESIAN_POINT ( 'NONE',  ( 13.50000000000000178, 0.6999999999999998446, 0.000000000000000000 ) ) ;
#737 = ORIENTED_EDGE ( 'NONE', *, *, #433, .F. ) ;
#738 = AXIS2_PLACEMENT_3D ( 'NONE', #132, #160, #992 ) ;
#739 = CARTESIAN_POINT ( 'NONE',  ( 0.000000000000000000, 18.50000000000000000, 0.8000000000000000444 ) ) ;
#740 = EDGE_CURVE ( 'NONE', #381, #922, #1374, .T. ) ;
#741 = ORIENTED_EDGE ( 'NONE', *, *, #1219, .T. ) ;
#742 = CARTESIAN_POINT ( 'NONE',  ( 13.49999999999999822, 7.299999999999999822, 0.000000000000000000 ) ) ;
#743 = VERTEX_POINT ( 'NONE', #331 ) ;
#744 = VECTOR ( 'NONE', #255, 1000.000000000000000 ) ;
#745 = FACE_OUTER_BOUND ( 'NONE', #988, .T. ) ;
#746 = EDGE_LOOP ( 'NONE', ( #1171, #546, #1489, #166 ) ) ;
#747 = FACE_OUTER_BOUND ( 'NONE', #1273, .T. ) ;
#748 = ORIENTED_EDGE ( 'NONE', *, *, #831, .F. ) ;
#749 = CYLINDRICAL_SURFACE ( 'NONE', #17, 0.3000000000000000999 ) ;
#750 = CARTESIAN_POINT ( 'NONE',  ( 3.469446951953614189E-15, 4.000000000000000000, 0.000000000000000000 ) ) ;
#751 = ORIENTED_EDGE ( 'NONE', *, *, #1501, .F. ) ;
#752 = EDGE_CURVE ( 'NONE', #34, #307, #889, .T. ) ;
#753 = FACE_OUTER_BOUND ( 'NONE', #377, .T. ) ;
#754 = EDGE_LOOP ( 'NONE', ( #1487, #1093, #1069, #1340 ) ) ;
#755 = CARTESIAN_POINT ( 'NONE',  ( 1.908195823574487804E-14, 11.50000000000000000, 0.000000000000000000 ) ) ;
#756 = ADVANCED_FACE ( 'NONE', ( #535 ), #301, .F. ) ;
#757 = AXIS2_PLACEMENT_3D ( 'NONE', #1265, #1159, #1293 ) ;
#758 = DIRECTION ( 'NONE',  ( 1.000000000000000000, 0.000000000000000000, 0.000000000000000000 ) ) ;
#759 = VECTOR ( 'NONE', #1323, 1000.000000000000000 ) ;
#760 = CARTESIAN_POINT ( 'NONE',  ( 0.000000000000000000, 18.50000000000000000, 0.8000000000000000444 ) ) ;
#761 = ORIENTED_EDGE ( 'NONE', *, *, #1147, .T. ) ;
#762 = DIRECTION ( 'NONE',  ( -1.000000000000000000, 0.000000000000000000, 0.000000000000000000 ) ) ;
#763 = ORIENTED_EDGE ( 'NONE', *, *, #62, .F. ) ;
#764 = AXIS2_PLACEMENT_3D ( 'NONE', #961, #990, #1446 ) ;
#765 = LINE ( 'NONE', #168, #759 ) ;
#766 = VECTOR ( 'NONE', #807, 1000.000000000000000 ) ;
#767 = CIRCLE ( 'NONE', #388, 0.3000000000000000999 ) ;
#768 = DIRECTION ( 'NONE',  ( -0.000000000000000000, -0.000000000000000000, 1.000000000000000000 ) ) ;
#769 = DIRECTION ( 'NONE',  ( 0.000000000000000000, 0.000000000000000000, 1.000000000000000000 ) ) ;
#770 = CARTESIAN_POINT ( 'NONE',  ( 13.49999999999999467, 18.50000000000000000, 0.000000000000000000 ) ) ;
#771 = ORIENTED_EDGE ( 'NONE', *, *, #918, .F. ) ;
#772 = DIRECTION ( 'NONE',  ( -0.000000000000000000, -0.000000000000000000, 1.000000000000000000 ) ) ;
#773 = EDGE_CURVE ( 'NONE', #827, #604, #1018, .T. ) ;
#774 = EDGE_CURVE ( 'NONE', #982, #172, #1275, .T. ) ;
#775 = CYLINDRICAL_SURFACE ( 'NONE', #917, 0.3000000000000000999 ) ;
#776 = CARTESIAN_POINT ( 'NONE',  ( -1.232595164407830946E-29, 10.30000000000000249, 0.8000000000000000444 ) ) ;
#777 = ORIENTED_EDGE ( 'NONE', *, *, #1090, .F. ) ;
#778 = DIRECTION ( 'NONE',  ( -0.000000000000000000, -0.000000000000000000, -1.000000000000000000 ) ) ;
#779 = ORIENTED_EDGE ( 'NONE', *, *, #1038, .T. ) ;
#780 = DIRECTION ( 'NONE',  ( 1.000000000000000000, 0.000000000000000000, 0.000000000000000000 ) ) ;
#781 = AXIS2_PLACEMENT_3D ( 'NONE', #346, #1152, #1283 ) ;
#782 = DIRECTION ( 'NONE',  ( -1.000000000000000000, 0.000000000000000000, 0.000000000000000000 ) ) ;
#783 = DIRECTION ( 'NONE',  ( -0.000000000000000000, -0.000000000000000000, 1.000000000000000000 ) ) ;
#784 = ORIENTED_EDGE ( 'NONE', *, *, #721, .T. ) ;
#785 = CIRCLE ( 'NONE', #911, 0.3000000000000000999 ) ;
#786 = CIRCLE ( 'NONE', #67, 0.2999999999999999334 ) ;
#787 = DIRECTION ( 'NONE',  ( -3.750753461571474945E-16, 1.000000000000000000, -0.000000000000000000 ) ) ;
#788 = ORIENTED_EDGE ( 'NONE', *, *, #740, .F. ) ;
#789 = LINE ( 'NONE', #1260, #536 ) ;
#790 = ORIENTED_EDGE ( 'NONE', *, *, #1009, .T. ) ;
#791 = CARTESIAN_POINT ( 'NONE',  ( 13.49999999999999467, 18.50000000000000000, 0.000000000000000000 ) ) ;
#792 = AXIS2_PLACEMENT_3D ( 'NONE', #555, #1406, #692 ) ;
#793 = DIRECTION ( 'NONE',  ( -0.000000000000000000, -0.000000000000000000, -1.000000000000000000 ) ) ;
#794 = ORIENTED_EDGE ( 'NONE', *, *, #115, .T. ) ;
#795 = DIRECTION ( 'NONE',  ( -1.000000000000000000, 0.000000000000000000, 0.000000000000000000 ) ) ;
#796 = ORIENTED_EDGE ( 'NONE', *, *, #292, .T. ) ;
#797 = DIRECTION ( 'NONE',  ( -0.000000000000000000, -0.000000000000000000, 1.000000000000000000 ) ) ;
#798 = CARTESIAN_POINT ( 'NONE',  ( 0.000000000000000000, 6.700000000000000178, 0.000000000000000000 ) ) ;
#799 = CARTESIAN_POINT ( 'NONE',  ( 13.49999999999999467, 18.50000000000000000, 0.8000000000000000444 ) ) ;
#800 = CARTESIAN_POINT ( 'NONE',  ( 0.000000000000000000, 18.50000000000000000, 0.8000000000000000444 ) ) ;
#801 = CARTESIAN_POINT ( 'NONE',  ( 13.49999999999999822, 8.200000000000001066, 0.8000000000000000444 ) ) ;
#802 = EDGE_LOOP ( 'NONE', ( #805, #592, #1251, #704 ) ) ;
#803 = ADVANCED_FACE ( 'NONE', ( #1154 ), #558, .F. ) ;
#804 = CARTESIAN_POINT ( 'NONE',  ( 1.214306433183764966E-14, 8.500000000000000000, 0.000000000000000000 ) ) ;
#805 = ORIENTED_EDGE ( 'NONE', *, *, #231, .F. ) ;
#806 = EDGE_CURVE ( 'NONE', #300, #462, #308, .T. ) ;
#807 = DIRECTION ( 'NONE',  ( -0.000000000000000000, -0.000000000000000000, -1.000000000000000000 ) ) ;
#808 = LINE ( 'NONE', #928, #1202 ) ;
#809 = EDGE_LOOP ( 'NONE', ( #838, #1346, #1264, #448 ) ) ;
#810 = DIRECTION ( 'NONE',  ( -1.000000000000000000, -3.750753461571474945E-16, 0.000000000000000000 ) ) ;
#811 = CIRCLE ( 'NONE', #532, 0.2999999999999999334 ) ;
#812 = ADVANCED_FACE ( 'NONE', ( #667 ), #1245, .F. ) ;
#813 = DIRECTION ( 'NONE',  ( 3.750753461571474945E-16, -1.000000000000000000, 0.000000000000000000 ) ) ;
#814 = ORIENTED_EDGE ( 'NONE', *, *, #1497, .T. ) ;
#815 = VECTOR ( 'NONE', #787, 1000.000000000000000 ) ;
#816 = CARTESIAN_POINT ( 'NONE',  ( 13.49999999999999467, 18.50000000000000000, 0.8000000000000000444 ) ) ;
#817 = AXIS2_PLACEMENT_3D ( 'NONE', #145, #155, #622 ) ;
#818 = CYLINDRICAL_SURFACE ( 'NONE', #385, 0.2999999999999999334 ) ;
#819 = ORIENTED_EDGE ( 'NONE', *, *, #1461, .T. ) ;
#820 = CARTESIAN_POINT ( 'NONE',  ( 13.49999999999999467, 18.50000000000000000, 0.8000000000000000444 ) ) ;
#821 = DIRECTION ( 'NONE',  ( -1.000000000000000000, 0.000000000000000000, 0.000000000000000000 ) ) ;
#822 = EDGE_LOOP ( 'NONE', ( #77, #543, #281, #566 ) ) ;
#823 = EDGE_CURVE ( 'NONE', #1278, #849, #1131, .T. ) ;
#824 = CARTESIAN_POINT ( 'NONE',  ( 1.734723475976807094E-15, 2.500000000000000000, 0.8000000000000000444 ) ) ;
#825 = EDGE_CURVE ( 'NONE', #1509, #1054, #1358, .T. ) ;
#826 = PLANE ( 'NONE',  #1213 ) ;
#827 = VERTEX_POINT ( 'NONE', #647 ) ;
#828 = DIRECTION ( 'NONE',  ( 3.750753461571474945E-16, -1.000000000000000000, 0.000000000000000000 ) ) ;
#829 = VERTEX_POINT ( 'NONE', #1012 ) ;
#830 = CARTESIAN_POINT ( 'NONE',  ( 0.000000000000000000, 7.299999999999999822, 0.000000000000000000 ) ) ;
#831 = EDGE_CURVE ( 'NONE', #1524, #503, #344, .T. ) ;
#832 = CARTESIAN_POINT ( 'NONE',  ( 0.000000000000000000, 0.000000000000000000, 0.8000000000000000444 ) ) ;
#833 = AXIS2_PLACEMENT_3D ( 'NONE', #1272, #235, #795 ) ;
#834 = ADVANCED_FACE ( 'NONE', ( #915 ), #1252, .F. ) ;
#835 = EDGE_LOOP ( 'NONE', ( #21, #390, #1294, #1513 ) ) ;
#836 = LINE ( 'NONE', #1535, #840 ) ;
#837 = DIRECTION ( 'NONE',  ( -0.000000000000000000, -0.000000000000000000, 1.000000000000000000 ) ) ;
#838 = ORIENTED_EDGE ( 'NONE', *, *, #740, .T. ) ;
#839 = VECTOR ( 'NONE', #1525, 1000.000000000000000 ) ;
#840 = VECTOR ( 'NONE', #590, 1000.000000000000000 ) ;
#841 = CARTESIAN_POINT ( 'NONE',  ( 13.50000000000000000, 5.500000000000000888, 0.000000000000000000 ) ) ;
#842 = AXIS2_PLACEMENT_3D ( 'NONE', #981, #853, #251 ) ;
#843 = LINE ( 'NONE', #23, #661 ) ;
#844 = EDGE_CURVE ( 'NONE', #623, #674, #544, .T. ) ;
#845 = ORIENTED_EDGE ( 'NONE', *, *, #1193, .F. ) ;
#846 = EDGE_CURVE ( 'NONE', #1404, #576, #789, .T. ) ;
#847 = VECTOR ( 'NONE', #899, 1000.000000000000000 ) ;
#848 = DIRECTION ( 'NONE',  ( 0.000000000000000000, 0.000000000000000000, 1.000000000000000000 ) ) ;
#849 = VERTEX_POINT ( 'NONE', #953 ) ;
#850 = LINE ( 'NONE', #6, #1062 ) ;
#851 = LINE ( 'NONE', #1103, #693 ) ;
#852 = ORIENTED_EDGE ( 'NONE', *, *, #831, .T. ) ;
#853 = DIRECTION ( 'NONE',  ( -1.000000000000000000, -3.750753461571474945E-16, 0.000000000000000000 ) ) ;
#854 = VERTEX_POINT ( 'NONE', #930 ) ;
#855 = ADVANCED_FACE ( 'NONE', ( #370 ), #338, .F. ) ;
#856 = CARTESIAN_POINT ( 'NONE',  ( -1.540743955509788682E-30, 2.799999999999999822, 0.8000000000000000444 ) ) ;
#857 = ORIENTED_EDGE ( 'NONE', *, *, #1399, .F. ) ;
#858 = AXIS2_PLACEMENT_3D ( 'NONE', #1484, #783, #69 ) ;
#859 = LINE ( 'NONE', #600, #1209 ) ;
#860 = ORIENTED_EDGE ( 'NONE', *, *, #688, .F. ) ;
#861 = EDGE_CURVE ( 'NONE', #827, #1192, #257, .T. ) ;
#862 = CIRCLE ( 'NONE', #714, 0.3000000000000000999 ) ;
#863 = CARTESIAN_POINT ( 'NONE',  ( 13.49999999999999467, 18.50000000000000000, 0.8000000000000000444 ) ) ;
#864 = VERTEX_POINT ( 'NONE', #474 ) ;
#865 = DIRECTION ( 'NONE',  ( -0.000000000000000000, -0.000000000000000000, 1.000000000000000000 ) ) ;
#866 = ORIENTED_EDGE ( 'NONE', *, *, #115, .F. ) ;
#867 = AXIS2_PLACEMENT_3D ( 'NONE', #1203, #139, #1450 ) ;
#868 = DIRECTION ( 'NONE',  ( -0.000000000000000000, -0.000000000000000000, -1.000000000000000000 ) ) ;
#869 = ADVANCED_FACE ( 'NONE', ( #1043 ), #100, .F. ) ;
#870 = ORIENTED_EDGE ( 'NONE', *, *, #1013, .F. ) ;
#871 = CARTESIAN_POINT ( 'NONE',  ( 13.49999999999999822, 6.700000000000000178, 0.000000000000000000 ) ) ;
#872 = ORIENTED_EDGE ( 'NONE', *, *, #545, .T. ) ;
#873 = DIRECTION ( 'NONE',  ( -0.000000000000000000, -0.000000000000000000, 1.000000000000000000 ) ) ;
#874 = LINE ( 'NONE', #521, #173 ) ;
#875 = CARTESIAN_POINT ( 'NONE',  ( 0.3000000000000104805, 7.000000000000000000, 0.000000000000000000 ) ) ;
#876 = EDGE_LOOP ( 'NONE', ( #1139, #974, #1287, #601 ) ) ;
#877 = VECTOR ( 'NONE', #565, 1000.000000000000000 ) ;
#878 = DIRECTION ( 'NONE',  ( 1.000000000000000000, 0.000000000000000000, 0.000000000000000000 ) ) ;
#879 = VERTEX_POINT ( 'NONE', #1409 ) ;
#880 = DIRECTION ( 'NONE',  ( 0.000000000000000000, 0.000000000000000000, 1.000000000000000000 ) ) ;
#881 = CARTESIAN_POINT ( 'NONE',  ( 0.000000000000000000, 11.79999999999999893, 0.000000000000000000 ) ) ;
#882 = AXIS2_PLACEMENT_3D ( 'NONE', #513, #138, #406 ) ;
#883 = CARTESIAN_POINT ( 'NONE',  ( 13.50000000000000178, 1.300000000000000266, 0.8000000000000000444 ) ) ;
#884 = VECTOR ( 'NONE', #348, 1000.000000000000000 ) ;
#885 = ORIENTED_EDGE ( 'NONE', *, *, #1320, .T. ) ;
#886 = EDGE_CURVE ( 'NONE', #576, #849, #786, .T. ) ;
#887 = ORIENTED_EDGE ( 'NONE', *, *, #1246, .F. ) ;
#888 = AXIS2_PLACEMENT_3D ( 'NONE', #258, #1321, #730 ) ;
#889 = LINE ( 'NONE', #684, #164 ) ;
#890 = ADVANCED_FACE ( 'NONE', ( #1076 ), #1428, .F. ) ;
#891 = VECTOR ( 'NONE', #268, 1000.000000000000000 ) ;
#892 = CARTESIAN_POINT ( 'NONE',  ( 13.49999999999999822, 8.500000000000000000, 0.8000000000000000444 ) ) ;
#893 = DIRECTION ( 'NONE',  ( -1.000000000000000000, 0.000000000000000000, 0.000000000000000000 ) ) ;
#894 = ORIENTED_EDGE ( 'NONE', *, *, #688, .T. ) ;
#895 = DIRECTION ( 'NONE',  ( -0.000000000000000000, -0.000000000000000000, -1.000000000000000000 ) ) ;
#896 = ORIENTED_EDGE ( 'NONE', *, *, #701, .F. ) ;
#897 = DIRECTION ( 'NONE',  ( -1.000000000000000000, 0.000000000000000000, 0.000000000000000000 ) ) ;
#898 = EDGE_CURVE ( 'NONE', #519, #1200, #127, .T. ) ;
#899 = DIRECTION ( 'NONE',  ( 0.000000000000000000, 0.000000000000000000, -1.000000000000000000 ) ) ;
#900 = CARTESIAN_POINT ( 'NONE',  ( 13.49999999999999822, 8.200000000000001066, 0.000000000000000000 ) ) ;
#901 = ORIENTED_EDGE ( 'NONE', *, *, #1194, .F. ) ;
#902 = CARTESIAN_POINT ( 'NONE',  ( 1.734723475976807094E-15, 2.500000000000000000, 0.8000000000000000444 ) ) ;
#903 = EDGE_LOOP ( 'NONE', ( #870, #997, #330, #1112 ) ) ;
#904 = DIRECTION ( 'NONE',  ( 1.000000000000000000, 0.000000000000000000, 0.000000000000000000 ) ) ;
#905 = ORIENTED_EDGE ( 'NONE', *, *, #495, .F. ) ;
#906 = CIRCLE ( 'NONE', #119, 0.3000000000000000999 ) ;
#907 = EDGE_CURVE ( 'NONE', #1509, #347, #836, .T. ) ;
#908 = DIRECTION ( 'NONE',  ( 1.000000000000000000, 0.000000000000000000, 0.000000000000000000 ) ) ;
#909 = LINE ( 'NONE', #643, #482 ) ;
#910 = ORIENTED_EDGE ( 'NONE', *, *, #144, .T. ) ;
#911 = AXIS2_PLACEMENT_3D ( 'NONE', #750, #162, #1111 ) ;
#912 = AXIS2_PLACEMENT_3D ( 'NONE', #1036, #3, #1185 ) ;
#913 = CARTESIAN_POINT ( 'NONE',  ( 13.50000000000000178, 1.000000000000000000, 0.000000000000000000 ) ) ;
#914 = ORIENTED_EDGE ( 'NONE', *, *, #608, .F. ) ;
#915 = FACE_OUTER_BOUND ( 'NONE', #1114, .T. ) ;
#916 = DIRECTION ( 'NONE',  ( -1.000000000000000000, 0.000000000000000000, 0.000000000000000000 ) ) ;
#917 = AXIS2_PLACEMENT_3D ( 'NONE', #642, #994, #59 ) ;
#918 = EDGE_CURVE ( 'NONE', #259, #511, #227, .T. ) ;
#919 = PLANE ( 'NONE',  #295 ) ;
#920 = EDGE_CURVE ( 'NONE', #492, #55, #1285, .T. ) ;
#921 = DIRECTION ( 'NONE',  ( -0.000000000000000000, -0.000000000000000000, -1.000000000000000000 ) ) ;
#922 = VERTEX_POINT ( 'NONE', #1169 ) ;
#923 = DIRECTION ( 'NONE',  ( -0.000000000000000000, -0.000000000000000000, -1.000000000000000000 ) ) ;
#924 = ORIENTED_EDGE ( 'NONE', *, *, #1194, .T. ) ;
#925 = CARTESIAN_POINT ( 'NONE',  ( 13.49999999999999467, 18.50000000000000000, 0.8000000000000000444 ) ) ;
#926 = CYLINDRICAL_SURFACE ( 'NONE', #1094, 0.3000000000000000999 ) ;
#927 = ADVANCED_FACE ( 'NONE', ( #109 ), #1052, .F. ) ;
#928 = CARTESIAN_POINT ( 'NONE',  ( 0.000000000000000000, 9.700000000000002842, 0.000000000000000000 ) ) ;
#929 = ORIENTED_EDGE ( 'NONE', *, *, #282, .T. ) ;
#930 = CARTESIAN_POINT ( 'NONE',  ( 0.3000000000000156986, 10.00000000000000178, 0.000000000000000000 ) ) ;
#931 = ORIENTED_EDGE ( 'NONE', *, *, #1288, .T. ) ;
#932 = VECTOR ( 'NONE', #1150, 1000.000000000000000 ) ;
#933 = DIRECTION ( 'NONE',  ( -0.000000000000000000, -0.000000000000000000, -1.000000000000000000 ) ) ;
#934 = DIRECTION ( 'NONE',  ( 0.000000000000000000, 0.000000000000000000, 1.000000000000000000 ) ) ;
#935 = PLANE ( 'NONE',  #1315 ) ;
#936 = PLANE ( 'NONE',  #781 ) ;
#937 = VERTEX_POINT ( 'NONE', #1190 ) ;
#938 = EDGE_CURVE ( 'NONE', #88, #728, #243, .T. ) ;
#939 = DIRECTION ( 'NONE',  ( -0.000000000000000000, 0.000000000000000000, -1.000000000000000000 ) ) ;
#940 = COLOUR_RGB ( '',0.007843137254901960675, 0.2392156862745097867, 0.8235294117647058432 ) ;
#941 = DIRECTION ( 'NONE',  ( -0.000000000000000000, -0.000000000000000000, 1.000000000000000000 ) ) ;
#942 = ORIENTED_EDGE ( 'NONE', *, *, #382, .F. ) ;
#943 = EDGE_CURVE ( 'NONE', #1148, #140, #1031, .T. ) ;
#944 = UNCERTAINTY_MEASURE_WITH_UNIT (LENGTH_MEASURE( 1.000000000000000082E-05 ), #1156, 'distance_accuracy_value', 'NONE');
#945 = DIRECTION ( 'NONE',  ( 1.000000000000000000, 0.000000000000000000, 0.000000000000000000 ) ) ;
#946 = CIRCLE ( 'NONE', #274, 0.3000000000000000999 ) ;
#947 = ORIENTED_EDGE ( 'NONE', *, *, #920, .F. ) ;
#948 = VERTEX_POINT ( 'NONE', #1550 ) ;
#949 = EDGE_CURVE ( 'NONE', #553, #239, #135, .T. ) ;
#950 = CYLINDRICAL_SURFACE ( 'NONE', #655, 0.3000000000000000999 ) ;
#951 = DIRECTION ( 'NONE',  ( 0.000000000000000000, 0.000000000000000000, 1.000000000000000000 ) ) ;
#952 = ORIENTED_EDGE ( 'NONE', *, *, #1080, .F. ) ;
#953 = CARTESIAN_POINT ( 'NONE',  ( 13.50000000000000000, 3.700000000000000178, 0.000000000000000000 ) ) ;
#954 = DIRECTION ( 'NONE',  ( -1.000000000000000000, -0.000000000000000000, -0.000000000000000000 ) ) ;
#955 = ORIENTED_EDGE ( 'NONE', *, *, #231, .T. ) ;
#956 = DIRECTION ( 'NONE',  ( 0.000000000000000000, 0.000000000000000000, 1.000000000000000000 ) ) ;
#957 = AXIS2_PLACEMENT_3D ( 'NONE', #1113, #165, #665 ) ;
#958 = LINE ( 'NONE', #248, #1140 ) ;
#959 = VERTEX_POINT ( 'NONE', #118 ) ;
#960 = CARTESIAN_POINT ( 'NONE',  ( 0.000000000000000000, 18.50000000000000000, 0.000000000000000000 ) ) ;
#961 = CARTESIAN_POINT ( 'NONE',  ( 13.49999999999999822, 8.500000000000000000, 0.000000000000000000 ) ) ;
#962 = VERTEX_POINT ( 'NONE', #1465 ) ;
#963 = AXIS2_PLACEMENT_3D ( 'NONE', #217, #56, #904 ) ;
#964 = DIRECTION ( 'NONE',  ( 1.000000000000000000, 0.000000000000000000, 0.000000000000000000 ) ) ;
#965 = DIRECTION ( 'NONE',  ( 0.000000000000000000, -1.000000000000000000, 0.000000000000000000 ) ) ;
#966 = ADVANCED_FACE ( 'NONE', ( #1269 ), #698, .F. ) ;
#967 = ORIENTED_EDGE ( 'NONE', *, *, #1201, .F. ) ;
#968 = AXIS2_PLACEMENT_3D ( 'NONE', #234, #114, #1057 ) ;
#969 = EDGE_CURVE ( 'NONE', #182, #1019, #1162, .T. ) ;
#970 = VECTOR ( 'NONE', #628, 1000.000000000000000 ) ;
#971 = CARTESIAN_POINT ( 'NONE',  ( -1.848892746611746419E-29, 11.79999999999999893, 0.8000000000000000444 ) ) ;
#972 = ORIENTED_EDGE ( 'NONE', *, *, #721, .F. ) ;
#973 = FACE_OUTER_BOUND ( 'NONE', #734, .T. ) ;
#974 = ORIENTED_EDGE ( 'NONE', *, *, #1320, .F. ) ;
#975 = ADVANCED_FACE ( 'NONE', ( #475 ), #1176, .F. ) ;
#976 = DIRECTION ( 'NONE',  ( 1.000000000000000000, 0.000000000000000000, 0.000000000000000000 ) ) ;
#977 = ORIENTED_EDGE ( 'NONE', *, *, #1256, .F. ) ;
#978 = CARTESIAN_POINT ( 'NONE',  ( 1.214306433183764966E-14, 8.500000000000000000, 0.8000000000000000444 ) ) ;
#979 = ORIENTED_EDGE ( 'NONE', *, *, #444, .F. ) ;
#980 = VECTOR ( 'NONE', #1050, 1000.000000000000000 ) ;
#981 = CARTESIAN_POINT ( 'NONE',  ( 13.49999999999999467, 18.50000000000000000, 0.8000000000000000444 ) ) ;
#982 = VERTEX_POINT ( 'NONE', #110 ) ;
#983 = EDGE_CURVE ( 'NONE', #332, #363, #128, .T. ) ;
#984 = VECTOR ( 'NONE', #112, 1000.000000000000000 ) ;
#985 = CIRCLE ( 'NONE', #508, 0.3000000000000000999 ) ;
#986 = LINE ( 'NONE', #1471, #744 ) ;
#987 = CIRCLE ( 'NONE', #888, 0.3000000000000000999 ) ;
#988 = EDGE_LOOP ( 'NONE', ( #1373, #425, #484, #9 ) ) ;
#989 = AXIS2_PLACEMENT_3D ( 'NONE', #510, #483, #620 ) ;
#990 = DIRECTION ( 'NONE',  ( 0.000000000000000000, 0.000000000000000000, 1.000000000000000000 ) ) ;
#991 = VERTEX_POINT ( 'NONE', #1551 ) ;
#992 = DIRECTION ( 'NONE',  ( -1.000000000000000000, 0.000000000000000000, 0.000000000000000000 ) ) ;
#993 = ADVANCED_FACE ( 'NONE', ( #102 ), #463, .F. ) ;
#994 = DIRECTION ( 'NONE',  ( -0.000000000000000000, -0.000000000000000000, 1.000000000000000000 ) ) ;
#995 = CARTESIAN_POINT ( 'NONE',  ( 0.000000000000000000, 5.200000000000001066, 0.000000000000000000 ) ) ;
#996 = CARTESIAN_POINT ( 'NONE',  ( 13.50000000000000178, 1.000000000000000000, 0.000000000000000000 ) ) ;
#997 = ORIENTED_EDGE ( 'NONE', *, *, #710, .T. ) ;
#998 = FACE_OUTER_BOUND ( 'NONE', #903, .T. ) ;
#999 = CARTESIAN_POINT ( 'NONE',  ( 1.734723475976807094E-15, 2.500000000000000000, 0.000000000000000000 ) ) ;
#1000 = LINE ( 'NONE', #651, #932 ) ;
#1001 = CARTESIAN_POINT ( 'NONE',  ( 13.49999999999999822, 11.50000000000000000, 0.000000000000000000 ) ) ;
#1002 = CARTESIAN_POINT ( 'NONE',  ( 13.49999999999999467, 18.50000000000000000, 0.000000000000000000 ) ) ;
#1003 = ORIENTED_EDGE ( 'NONE', *, *, #949, .T. ) ;
#1004 = CARTESIAN_POINT ( 'NONE',  ( 13.49999999999999822, 11.50000000000000000, 0.000000000000000000 ) ) ;
#1005 = CARTESIAN_POINT ( 'NONE',  ( 1.908195823574487804E-14, 11.50000000000000000, 0.8000000000000000444 ) ) ;
#1006 = AXIS2_PLACEMENT_3D ( 'NONE', #352, #105, #1519 ) ;
#1007 = CARTESIAN_POINT ( 'NONE',  ( 13.49999999999999467, 18.50000000000000000, 0.8000000000000000444 ) ) ;
#1008 = PLANE ( 'NONE',  #170 ) ;
#1009 = EDGE_CURVE ( 'NONE', #45, #553, #1063, .T. ) ;
#1010 = DIRECTION ( 'NONE',  ( -0.000000000000000000, 0.000000000000000000, 1.000000000000000000 ) ) ;
#1011 = ORIENTED_EDGE ( 'NONE', *, *, #1181, .T. ) ;
#1012 = CARTESIAN_POINT ( 'NONE',  ( 0.000000000000000000, 10.30000000000000249, 0.000000000000000000 ) ) ;
#1013 = EDGE_CURVE ( 'NONE', #1183, #653, #120, .T. ) ;
#1014 = CARTESIAN_POINT ( 'NONE',  ( 13.49999999999999822, 8.800000000000000711, 0.8000000000000000444 ) ) ;
#1015 = FACE_OUTER_BOUND ( 'NONE', #432, .T. ) ;
#1016 = CYLINDRICAL_SURFACE ( 'NONE', #957, 0.3000000000000000999 ) ;
#1017 = VERTEX_POINT ( 'NONE', #677 ) ;
#1018 = LINE ( 'NONE', #1367, #1087 ) ;
#1019 = VERTEX_POINT ( 'NONE', #575 ) ;
#1020 = CARTESIAN_POINT ( 'NONE',  ( -7.703719777548943412E-31, 0.6999999999999998446, 0.8000000000000000444 ) ) ;
#1021 = EDGE_LOOP ( 'NONE', ( #931, #1198, #1045, #641 ) ) ;
#1022 = DIRECTION ( 'NONE',  ( 1.000000000000000000, 0.000000000000000000, 0.000000000000000000 ) ) ;
#1023 = VERTEX_POINT ( 'NONE', #449 ) ;
#1024 = CARTESIAN_POINT ( 'NONE',  ( 13.50000000000000000, 5.200000000000001066, 0.000000000000000000 ) ) ;
#1025 = ORIENTED_EDGE ( 'NONE', *, *, #497, .T. ) ;
#1026 = AXIS2_PLACEMENT_3D ( 'NONE', #1255, #320, #185 ) ;
#1027 = EDGE_CURVE ( 'NONE', #405, #623, #985, .T. ) ;
#1028 = EDGE_CURVE ( 'NONE', #557, #140, #1277, .T. ) ;
#1029 = FACE_OUTER_BOUND ( 'NONE', #297, .T. ) ;
#1030 = AXIS2_PLACEMENT_3D ( 'NONE', #1416, #319, #1149 ) ;
#1031 = CIRCLE ( 'NONE', #1548, 0.2999999999999999334 ) ;
#1032 = LINE ( 'NONE', #1392, #877 ) ;
#1033 = EDGE_LOOP ( 'NONE', ( #646, #1328, #1460, #1475 ) ) ;
#1034 = CARTESIAN_POINT ( 'NONE',  ( 13.49999999999999467, 18.50000000000000000, 0.000000000000000000 ) ) ;
#1035 = AXIS2_PLACEMENT_3D ( 'NONE', #371, #865, #976 ) ;
#1036 = CARTESIAN_POINT ( 'NONE',  ( 0.000000000000000000, 18.50000000000000000, 0.8000000000000000444 ) ) ;
#1037 = LINE ( 'NONE', #799, #342 ) ;
#1038 = EDGE_CURVE ( 'NONE', #854, #713, #1282, .T. ) ;
#1039 = AXIS2_PLACEMENT_3D ( 'NONE', #1005, #288, #537 ) ;
#1040 = CARTESIAN_POINT ( 'NONE',  ( 13.50000000000000178, 1.300000000000000266, 0.000000000000000000 ) ) ;
#1041 = CARTESIAN_POINT ( 'NONE',  ( 13.49999999999999822, 7.299999999999999822, 0.8000000000000000444 ) ) ;
#1042 = ORIENTED_EDGE ( 'NONE', *, *, #624, .F. ) ;
#1043 = FACE_OUTER_BOUND ( 'NONE', #473, .T. ) ;
#1044 = CARTESIAN_POINT ( 'NONE',  ( 0.000000000000000000, 4.299999999999999822, 0.000000000000000000 ) ) ;
#1045 = ORIENTED_EDGE ( 'NONE', *, *, #545, .F. ) ;
#1046 = FILL_AREA_STYLE_COLOUR ( '', #940 ) ;
#1047 = EDGE_CURVE ( 'NONE', #1524, #1200, #1412, .T. ) ;
#1048 = LINE ( 'NONE', #467, #766 ) ;
#1049 = ADVANCED_FACE ( 'NONE', ( #1543 ), #1422, .F. ) ;
#1050 = DIRECTION ( 'NONE',  ( -0.000000000000000000, -0.000000000000000000, 1.000000000000000000 ) ) ;
#1051 = ORIENTED_EDGE ( 'NONE', *, *, #411, .T. ) ;
#1052 = PLANE ( 'NONE',  #659 ) ;
#1053 = CARTESIAN_POINT ( 'NONE',  ( 6.938893903907228378E-15, 5.500000000000000888, 0.000000000000000000 ) ) ;
#1054 = VERTEX_POINT ( 'NONE', #349 ) ;
#1055 = VECTOR ( 'NONE', #1167, 1000.000000000000000 ) ;
#1056 = FACE_OUTER_BOUND ( 'NONE', #154, .T. ) ;
#1057 = DIRECTION ( 'NONE',  ( -1.000000000000000000, 0.000000000000000000, 0.000000000000000000 ) ) ;
#1058 = LINE ( 'NONE', #98, #1249 ) ;
#1059 = ORIENTED_EDGE ( 'NONE', *, *, #260, .T. ) ;
#1060 = CARTESIAN_POINT ( 'NONE',  ( 13.49999999999999467, 18.50000000000000000, 0.8000000000000000444 ) ) ;
#1061 = ADVANCED_FACE ( 'NONE', ( #1296 ), #498, .F. ) ;
#1062 = VECTOR ( 'NONE', #602, 1000.000000000000000 ) ;
#1063 = LINE ( 'NONE', #798, #1470 ) ;
#1064 = ORIENTED_EDGE ( 'NONE', *, *, #1375, .T. ) ;
#1065 = AXIS2_PLACEMENT_3D ( 'NONE', #360, #1421, #481 ) ;
#1066 = ADVANCED_FACE ( 'NONE', ( #278 ), #1220, .F. ) ;
#1067 = DIRECTION ( 'NONE',  ( 3.750753461571474945E-16, -1.000000000000000000, 0.000000000000000000 ) ) ;
#1068 = CARTESIAN_POINT ( 'NONE',  ( 0.3000000000000018208, 2.500000000000000000, 0.8000000000000000444 ) ) ;
#1069 = ORIENTED_EDGE ( 'NONE', *, *, #571, .T. ) ;
#1070 = CARTESIAN_POINT ( 'NONE',  ( 13.50000000000000000, 7.000000000000000000, 0.000000000000000000 ) ) ;
#1071 = ADVANCED_FACE ( 'NONE', ( #1459 ), #723, .F. ) ;
#1072 = ORIENTED_EDGE ( 'NONE', *, *, #691, .F. ) ;
#1073 = DIRECTION ( 'NONE',  ( 1.000000000000000000, 0.000000000000000000, 0.000000000000000000 ) ) ;
#1074 = DIRECTION ( 'NONE',  ( 1.000000000000000000, 0.000000000000000000, -0.000000000000000000 ) ) ;
#1075 = VERTEX_POINT ( 'NONE', #158 ) ;
#1076 = FACE_OUTER_BOUND ( 'NONE', #340, .T. ) ;
#1077 = FACE_OUTER_BOUND ( 'NONE', #99, .T. ) ;
#1078 = VERTEX_POINT ( 'NONE', #141 ) ;
#1079 = LINE ( 'NONE', #1227, #221 ) ;
#1080 = EDGE_CURVE ( 'NONE', #937, #129, #987, .T. ) ;
#1081 = CIRCLE ( 'NONE', #833, 0.3000000000000000999 ) ;
#1082 = CARTESIAN_POINT ( 'NONE',  ( -3.081487911019577365E-30, 3.700000000000000178, 0.8000000000000000444 ) ) ;
#1083 = EDGE_CURVE ( 'NONE', #604, #743, #418, .T. ) ;
#1084 = ORIENTED_EDGE ( 'NONE', *, *, #918, .T. ) ;
#1085 = LINE ( 'NONE', #20, #1091 ) ;
#1086 = ORIENTED_EDGE ( 'NONE', *, *, #806, .F. ) ;
#1087 = VECTOR ( 'NONE', #440, 1000.000000000000000 ) ;
#1088 = VECTOR ( 'NONE', #1403, 1000.000000000000000 ) ;
#1089 = AXIS2_PLACEMENT_3D ( 'NONE', #238, #456, #813 ) ;
#1090 = EDGE_CURVE ( 'NONE', #403, #1078, #136, .T. ) ;
#1091 = VECTOR ( 'NONE', #491, 1000.000000000000000 ) ;
#1092 = DIRECTION ( 'NONE',  ( -1.000000000000000000, 0.000000000000000000, 0.000000000000000000 ) ) ;
#1093 = ORIENTED_EDGE ( 'NONE', *, *, #1326, .F. ) ;
#1094 = AXIS2_PLACEMENT_3D ( 'NONE', #224, #472, #124 ) ;
#1095 = CARTESIAN_POINT ( 'NONE',  ( 0.3000000000000191402, 11.50000000000000000, 0.000000000000000000 ) ) ;
#1096 = VERTEX_POINT ( 'NONE', #736 ) ;
#1097 = CARTESIAN_POINT ( 'NONE',  ( -6.162975822039154730E-30, 5.800000000000000711, 0.8000000000000000444 ) ) ;
#1098 = EDGE_CURVE ( 'NONE', #259, #397, #859, .T. ) ;
#1099 = ORIENTED_EDGE ( 'NONE', *, *, #1193, .T. ) ;
#1100 = EDGE_CURVE ( 'NONE', #1122, #653, #588, .T. ) ;
#1101 = DIRECTION ( 'NONE',  ( -0.000000000000000000, -0.000000000000000000, -1.000000000000000000 ) ) ;
#1102 = ORIENTED_EDGE ( 'NONE', *, *, #1375, .F. ) ;
#1103 = CARTESIAN_POINT ( 'NONE',  ( 0.000000000000000000, 0.000000000000000000, 0.8000000000000000444 ) ) ;
#1104 = ORIENTED_EDGE ( 'NONE', *, *, #1366, .F. ) ;
#1105 = DIRECTION ( 'NONE',  ( 1.000000000000000000, 0.000000000000000000, 0.000000000000000000 ) ) ;
#1106 = ORIENTED_EDGE ( 'NONE', *, *, #579, .F. ) ;
#1107 = ADVANCED_FACE ( 'NONE', ( #1077 ), #30, .F. ) ;
#1108 = DIRECTION ( 'NONE',  ( 0.000000000000000000, 0.000000000000000000, 1.000000000000000000 ) ) ;
#1109 = EDGE_CURVE ( 'NONE', #962, #206, #606, .T. ) ;
#1110 = VECTOR ( 'NONE', #49, 1000.000000000000000 ) ;
#1111 = DIRECTION ( 'NONE',  ( -1.000000000000000000, 0.000000000000000000, 0.000000000000000000 ) ) ;
#1112 = ORIENTED_EDGE ( 'NONE', *, *, #394, .F. ) ;
#1113 = CARTESIAN_POINT ( 'NONE',  ( 3.469446951953614189E-15, 4.000000000000000000, 0.000000000000000000 ) ) ;
#1114 = EDGE_LOOP ( 'NONE', ( #1064, #1011, #751, #1354 ) ) ;
#1115 = CARTESIAN_POINT ( 'NONE',  ( 0.3000000000000070388, 5.500000000000000888, 0.8000000000000000444 ) ) ;
#1116 = VECTOR ( 'NONE', #408, 1000.000000000000000 ) ;
#1117 = ADVANCED_FACE ( 'NONE', ( #747 ), #36, .F. ) ;
#1118 = DIRECTION ( 'NONE',  ( 0.000000000000000000, -1.000000000000000000, 0.000000000000000000 ) ) ;
#1119 = DIRECTION ( 'NONE',  ( -0.000000000000000000, -0.000000000000000000, 1.000000000000000000 ) ) ;
#1120 = ORIENTED_EDGE ( 'NONE', *, *, #1165, .T. ) ;
#1121 = DIRECTION ( 'NONE',  ( -0.000000000000000000, -0.000000000000000000, 1.000000000000000000 ) ) ;
#1122 = VERTEX_POINT ( 'NONE', #971 ) ;
#1123 = CARTESIAN_POINT ( 'NONE',  ( 0.000000000000000000, 8.200000000000001066, 0.000000000000000000 ) ) ;
#1124 = ORIENTED_EDGE ( 'NONE', *, *, #292, .F. ) ;
#1125 = CARTESIAN_POINT ( 'NONE',  ( 13.49999999999999467, 18.50000000000000000, 0.8000000000000000444 ) ) ;
#1126 = EDGE_CURVE ( 'NONE', #1078, #1537, #1232, .T. ) ;
#1127 = CARTESIAN_POINT ( 'NONE',  ( 0.000000000000000000, 0.000000000000000000, 0.8000000000000000444 ) ) ;
#1128 = AXIS2_PLACEMENT_3D ( 'NONE', #695, #921, #1512 ) ;
#1129 = LINE ( 'NONE', #1002, #1302 ) ;
#1130 = ORIENTED_EDGE ( 'NONE', *, *, #1309, .F. ) ;
#1131 = LINE ( 'NONE', #1034, #609 ) ;
#1132 = CARTESIAN_POINT ( 'NONE',  ( 1.040834085586084257E-14, 7.000000000000000000, 0.000000000000000000 ) ) ;
#1133 = VECTOR ( 'NONE', #873, 1000.000000000000000 ) ;
#1134 = LINE ( 'NONE', #760, #361 ) ;
#1135 = DIRECTION ( 'NONE',  ( 0.000000000000000000, -1.000000000000000000, 0.000000000000000000 ) ) ;
#1136 = CARTESIAN_POINT ( 'NONE',  ( 0.000000000000000000, 4.299999999999999822, 0.000000000000000000 ) ) ;
#1137 = ORIENTED_EDGE ( 'NONE', *, *, #1274, .T. ) ;
#1138 = DIRECTION ( 'NONE',  ( 1.000000000000000000, 0.000000000000000000, 0.000000000000000000 ) ) ;
#1139 = ORIENTED_EDGE ( 'NONE', *, *, #1047, .F. ) ;
#1140 = VECTOR ( 'NONE', #1188, 1000.000000000000000 ) ;
#1141 = CARTESIAN_POINT ( 'NONE',  ( 0.000000000000000000, 18.50000000000000000, 0.8000000000000000444 ) ) ;
#1142 = DIRECTION ( 'NONE',  ( 0.000000000000000000, 0.000000000000000000, -1.000000000000000000 ) ) ;
#1143 = ORIENTED_EDGE ( 'NONE', *, *, #1501, .T. ) ;
#1144 = CARTESIAN_POINT ( 'NONE',  ( 0.000000000000000000, 0.000000000000000000, 0.000000000000000000 ) ) ;
#1145 = ORIENTED_EDGE ( 'NONE', *, *, #401, .F. ) ;
#1146 = CARTESIAN_POINT ( 'NONE',  ( -1.232595164407830946E-29, 8.800000000000000711, 0.8000000000000000444 ) ) ;
#1147 = EDGE_CURVE ( 'NONE', #492, #829, #1085, .T. ) ;
#1148 = VERTEX_POINT ( 'NONE', #742 ) ;
#1149 = DIRECTION ( 'NONE',  ( 1.000000000000000000, 0.000000000000000000, 0.000000000000000000 ) ) ;
#1150 = DIRECTION ( 'NONE',  ( 0.000000000000000000, -1.000000000000000000, 0.000000000000000000 ) ) ;
#1151 = DIRECTION ( 'NONE',  ( 0.000000000000000000, 1.000000000000000000, 0.000000000000000000 ) ) ;
#1152 = DIRECTION ( 'NONE',  ( -1.000000000000000000, -3.750753461571474945E-16, 0.000000000000000000 ) ) ;
#1153 = ORIENTED_EDGE ( 'NONE', *, *, #522, .F. ) ;
#1154 = FACE_OUTER_BOUND ( 'NONE', #1224, .T. ) ;
#1155 = DIRECTION ( 'NONE',  ( 0.000000000000000000, 0.000000000000000000, -1.000000000000000000 ) ) ;
#1156 =( LENGTH_UNIT ( ) NAMED_UNIT ( * ) SI_UNIT ( .MILLI., .METRE. ) );
#1157 = CARTESIAN_POINT ( 'NONE',  ( 0.3000000000000122014, 8.500000000000000000, 0.000000000000000000 ) ) ;
#1158 = AXIS2_PLACEMENT_3D ( 'NONE', #1554, #343, #908 ) ;
#1159 = DIRECTION ( 'NONE',  ( -0.000000000000000000, -0.000000000000000000, 1.000000000000000000 ) ) ;
#1160 = ORIENTED_EDGE ( 'NONE', *, *, #844, .F. ) ;
#1161 = DIRECTION ( 'NONE',  ( 1.000000000000000000, 0.000000000000000000, -0.000000000000000000 ) ) ;
#1162 = LINE ( 'NONE', #583, #293 ) ;
#1163 = EDGE_LOOP ( 'NONE', ( #1106, #1544, #290, #31 ) ) ;
#1164 = SURFACE_STYLE_USAGE ( .BOTH. , #1538 ) ;
#1165 = EDGE_CURVE ( 'NONE', #623, #519, #1361, .T. ) ;
#1166 = CYLINDRICAL_SURFACE ( 'NONE', #1395, 0.3000000000000000999 ) ;
#1167 = DIRECTION ( 'NONE',  ( 0.000000000000000000, -1.000000000000000000, 0.000000000000000000 ) ) ;
#1168 = EDGE_LOOP ( 'NONE', ( #1437, #1284, #509, #549 ) ) ;
#1169 = CARTESIAN_POINT ( 'NONE',  ( 13.50000000000000000, 2.200000000000000178, 0.000000000000000000 ) ) ;
#1170 = CARTESIAN_POINT ( 'NONE',  ( 1.561251128379126385E-14, 10.00000000000000178, 0.000000000000000000 ) ) ;
#1171 = ORIENTED_EDGE ( 'NONE', *, *, #886, .F. ) ;
#1172 = CARTESIAN_POINT ( 'NONE',  ( -9.244463733058732095E-30, 6.700000000000000178, 0.000000000000000000 ) ) ;
#1173 = DIRECTION ( 'NONE',  ( -0.000000000000000000, -0.000000000000000000, 1.000000000000000000 ) ) ;
#1174 = ORIENTED_EDGE ( 'NONE', *, *, #983, .T. ) ;
#1175 = DIRECTION ( 'NONE',  ( 0.000000000000000000, -1.000000000000000000, 0.000000000000000000 ) ) ;
#1176 = PLANE ( 'NONE',  #912 ) ;
#1177 = ORIENTED_EDGE ( 'NONE', *, *, #167, .T. ) ;
#1178 = CIRCLE ( 'NONE', #1026, 0.3000000000000000999 ) ;
#1179 = PLANE ( 'NONE',  #1518 ) ;
#1180 = CARTESIAN_POINT ( 'NONE',  ( 0.000000000000000000, 11.79999999999999893, 0.000000000000000000 ) ) ;
#1181 = EDGE_CURVE ( 'NONE', #1499, #991, #1214, .T. ) ;
#1182 = AXIS2_PLACEMENT_3D ( 'NONE', #1222, #627, #375 ) ;
#1183 = VERTEX_POINT ( 'NONE', #1095 ) ;
#1184 = CARTESIAN_POINT ( 'NONE',  ( 0.000000000000000000, 18.50000000000000000, 0.8000000000000000444 ) ) ;
#1185 = DIRECTION ( 'NONE',  ( -0.000000000000000000, 0.000000000000000000, -1.000000000000000000 ) ) ;
#1186 = EDGE_LOOP ( 'NONE', ( #399, #1084, #156, #350 ) ) ;
#1187 = CARTESIAN_POINT ( 'NONE',  ( 13.49999999999999822, 9.700000000000002842, 0.8000000000000000444 ) ) ;
#1188 = DIRECTION ( 'NONE',  ( 0.000000000000000000, -1.000000000000000000, 0.000000000000000000 ) ) ;
#1189 = ORIENTED_EDGE ( 'NONE', *, *, #1288, .F. ) ;
#1190 = CARTESIAN_POINT ( 'NONE',  ( -7.703719777548943412E-31, 1.300000000000000266, 0.8000000000000000444 ) ) ;
#1191 = DIRECTION ( 'NONE',  ( -1.000000000000000000, 0.000000000000000000, 0.000000000000000000 ) ) ;
#1192 = VERTEX_POINT ( 'NONE', #1467 ) ;
#1193 = EDGE_CURVE ( 'NONE', #616, #1192, #25, .T. ) ;
#1194 = EDGE_CURVE ( 'NONE', #604, #616, #1345, .T. ) ;
#1195 = LINE ( 'NONE', #1123, #123 ) ;
#1196 = ADVANCED_BREP_SHAPE_REPRESENTATION ( 'HM-19', ( #516, #1411 ), #86 ) ;
#1197 = PLANE ( 'NONE',  #867 ) ;
#1198 = ORIENTED_EDGE ( 'NONE', *, *, #368, .T. ) ;
#1199 = CARTESIAN_POINT ( 'NONE',  ( 1.908195823574487804E-14, 11.50000000000000000, 0.8000000000000000444 ) ) ;
#1200 = VERTEX_POINT ( 'NONE', #1136 ) ;
#1201 = EDGE_CURVE ( 'NONE', #574, #1017, #1382, .T. ) ;
#1202 = VECTOR ( 'NONE', #1173, 1000.000000000000000 ) ;
#1203 = CARTESIAN_POINT ( 'NONE',  ( 0.000000000000000000, 18.50000000000000000, 0.8000000000000000444 ) ) ;
#1204 = ORIENTED_EDGE ( 'NONE', *, *, #1309, .T. ) ;
#1205 = DIRECTION ( 'NONE',  ( -0.000000000000000000, -0.000000000000000000, -1.000000000000000000 ) ) ;
#1206 = ORIENTED_EDGE ( 'NONE', *, *, #571, .F. ) ;
#1207 = PRODUCT_DEFINITION_SHAPE ( 'NONE', 'NONE',  #729 ) ;
#1208 = ADVANCED_FACE ( 'NONE', ( #73 ), #1353, .F. ) ;
#1209 = VECTOR ( 'NONE', #625, 1000.000000000000000 ) ;
#1210 = DIRECTION ( 'NONE',  ( -0.000000000000000000, -0.000000000000000000, -1.000000000000000000 ) ) ;
#1211 = ADVANCED_FACE ( 'NONE', ( #422 ), #429, .T. ) ;
#1212 = ORIENTED_EDGE ( 'NONE', *, *, #541, .T. ) ;
#1213 = AXIS2_PLACEMENT_3D ( 'NONE', #800, #334, #1304 ) ;
#1214 = LINE ( 'NONE', #149, #1286 ) ;
#1215 = ORIENTED_EDGE ( 'NONE', *, *, #691, .T. ) ;
#1216 = DIRECTION ( 'NONE',  ( 1.000000000000000000, 0.000000000000000000, 0.000000000000000000 ) ) ;
#1217 = ADVANCED_FACE ( 'NONE', ( #180 ), #1016, .F. ) ;
#1218 = ORIENTED_EDGE ( 'NONE', *, *, #487, .F. ) ;
#1219 = EDGE_CURVE ( 'NONE', #129, #397, #460, .T. ) ;
#1220 = CYLINDRICAL_SURFACE ( 'NONE', #989, 0.2999999999999999334 ) ;
#1221 = ORIENTED_EDGE ( 'NONE', *, *, #898, .F. ) ;
#1222 = CARTESIAN_POINT ( 'NONE',  ( 1.561251128379126385E-14, 10.00000000000000178, 0.8000000000000000444 ) ) ;
#1223 = DIRECTION ( 'NONE',  ( -1.000000000000000000, 0.000000000000000000, 0.000000000000000000 ) ) ;
#1224 = EDGE_LOOP ( 'NONE', ( #1311, #737, #1177, #845 ) ) ;
#1225 = LINE ( 'NONE', #47, #186 ) ;
#1226 = ORIENTED_EDGE ( 'NONE', *, *, #184, .T. ) ;
#1227 = CARTESIAN_POINT ( 'NONE',  ( 0.2999999999999983236, 1.000000000000000000, 0.000000000000000000 ) ) ;
#1228 = CIRCLE ( 'NONE', #412, 0.2999999999999999334 ) ;
#1229 = AXIS2_PLACEMENT_3D ( 'NONE', #804, #712, #90 ) ;
#1230 = DIRECTION ( 'NONE',  ( -0.000000000000000000, -0.000000000000000000, -1.000000000000000000 ) ) ;
#1231 = DIRECTION ( 'NONE',  ( -1.000000000000000000, 0.000000000000000000, 0.000000000000000000 ) ) ;
#1232 = CIRCLE ( 'NONE', #764, 0.2999999999999999334 ) ;
#1233 = ORIENTED_EDGE ( 'NONE', *, *, #188, .T. ) ;
#1234 = AXIS2_PLACEMENT_3D ( 'NONE', #1463, #1074, #151 ) ;
#1235 = CARTESIAN_POINT ( 'NONE',  ( 13.49999999999999467, 18.50000000000000000, 0.000000000000000000 ) ) ;
#1236 = ORIENTED_EDGE ( 'NONE', *, *, #725, .T. ) ;
#1237 = CARTESIAN_POINT ( 'NONE',  ( -1.232595164407830946E-29, 9.700000000000002842, 0.000000000000000000 ) ) ;
#1238 = CIRCLE ( 'NONE', #374, 0.2999999999999999334 ) ;
#1239 = ADVANCED_FACE ( 'NONE', ( #753 ), #174, .F. ) ;
#1240 = CARTESIAN_POINT ( 'NONE',  ( 13.50000000000000000, 5.200000000000001066, 0.8000000000000000444 ) ) ;
#1241 = LINE ( 'NONE', #530, #407 ) ;
#1242 = ORIENTED_EDGE ( 'NONE', *, *, #861, .T. ) ;
#1243 = DIRECTION ( 'NONE',  ( -3.750753461571474945E-16, 1.000000000000000000, -0.000000000000000000 ) ) ;
#1244 = ORIENTED_EDGE ( 'NONE', *, *, #1329, .T. ) ;
#1245 = CYLINDRICAL_SURFACE ( 'NONE', #367, 0.2999999999999999334 ) ;
#1246 = EDGE_CURVE ( 'NONE', #206, #1096, #1129, .T. ) ;
#1247 = LINE ( 'NONE', #515, #493 ) ;
#1248 = ORIENTED_EDGE ( 'NONE', *, *, #386, .T. ) ;
#1249 = VECTOR ( 'NONE', #329, 1000.000000000000000 ) ;
#1250 = DIRECTION ( 'NONE',  ( 1.000000000000000000, 0.000000000000000000, 0.000000000000000000 ) ) ;
#1251 = ORIENTED_EDGE ( 'NONE', *, *, #823, .T. ) ;
#1252 = CYLINDRICAL_SURFACE ( 'NONE', #489, 0.3000000000000000999 ) ;
#1253 = CIRCLE ( 'NONE', #1006, 0.2999999999999999334 ) ;
#1254 = FACE_OUTER_BOUND ( 'NONE', #490, .T. ) ;
#1255 = CARTESIAN_POINT ( 'NONE',  ( 1.561251128379126385E-14, 10.00000000000000178, 0.8000000000000000444 ) ) ;
#1256 = EDGE_CURVE ( 'NONE', #134, #711, #605, .T. ) ;
#1257 = AXIS2_PLACEMENT_3D ( 'NONE', #424, #317, #897 ) ;
#1258 = CYLINDRICAL_SURFACE ( 'NONE', #131, 0.3000000000000000999 ) ;
#1259 = ORIENTED_EDGE ( 'NONE', *, *, #593, .T. ) ;
#1260 = CARTESIAN_POINT ( 'NONE',  ( 13.50000000000000000, 4.299999999999999822, 0.000000000000000000 ) ) ;
#1261 = VERTEX_POINT ( 'NONE', #398 ) ;
#1262 = VECTOR ( 'NONE', #345, 1000.000000000000000 ) ;
#1263 = DIRECTION ( 'NONE',  ( 0.000000000000000000, 0.000000000000000000, -1.000000000000000000 ) ) ;
#1264 = ORIENTED_EDGE ( 'NONE', *, *, #907, .F. ) ;
#1265 = CARTESIAN_POINT ( 'NONE',  ( 1.214306433183764966E-14, 8.500000000000000000, 0.000000000000000000 ) ) ;
#1266 = ORIENTED_EDGE ( 'NONE', *, *, #394, .T. ) ;
#1267 = DIRECTION ( 'NONE',  ( 1.000000000000000000, 0.000000000000000000, 0.000000000000000000 ) ) ;
#1268 = EDGE_CURVE ( 'NONE', #403, #644, #1488, .T. ) ;
#1269 = FACE_OUTER_BOUND ( 'NONE', #1168, .T. ) ;
#1270 = CARTESIAN_POINT ( 'NONE',  ( 13.50000000000000000, 4.299999999999999822, 0.000000000000000000 ) ) ;
#1271 = PLANE ( 'NONE',  #445 ) ;
#1272 = CARTESIAN_POINT ( 'NONE',  ( 1.040834085586084257E-14, 7.000000000000000000, 0.000000000000000000 ) ) ;
#1273 = EDGE_LOOP ( 'NONE', ( #111, #1393, #393, #369 ) ) ;
#1274 = EDGE_CURVE ( 'NONE', #381, #1096, #1350, .T. ) ;
#1275 = LINE ( 'NONE', #200, #1442 ) ;
#1276 = CIRCLE ( 'NONE', #313, 0.3000000000000000999 ) ;
#1277 = LINE ( 'NONE', #219, #416 ) ;
#1278 = VERTEX_POINT ( 'NONE', #518 ) ;
#1279 = DIRECTION ( 'NONE',  ( -3.750753461571474945E-16, 1.000000000000000000, -0.000000000000000000 ) ) ;
#1280 = APPLICATION_PROTOCOL_DEFINITION ( 'draft international standard', 'automotive_design', 1998, #654 ) ;
#1281 = LINE ( 'NONE', #1040, #1363 ) ;
#1282 = CIRCLE ( 'NONE', #612, 0.3000000000000000999 ) ;
#1283 = DIRECTION ( 'NONE',  ( 3.750753461571474945E-16, -1.000000000000000000, 0.000000000000000000 ) ) ;
#1284 = ORIENTED_EDGE ( 'NONE', *, *, #29, .T. ) ;
#1285 = LINE ( 'NONE', #355, #715 ) ;
#1286 = VECTOR ( 'NONE', #615, 1000.000000000000000 ) ;
#1287 = ORIENTED_EDGE ( 'NONE', *, *, #5, .F. ) ;
#1288 = EDGE_CURVE ( 'NONE', #1019, #1075, #1438, .T. ) ;
#1289 = CIRCLE ( 'NONE', #968, 0.3000000000000000999 ) ;
#1290 = LINE ( 'NONE', #211, #984 ) ;
#1291 = EDGE_CURVE ( 'NONE', #140, #284, #1474, .T. ) ;
#1292 = DIRECTION ( 'NONE',  ( -0.000000000000000000, 0.000000000000000000, -1.000000000000000000 ) ) ;
#1293 = DIRECTION ( 'NONE',  ( 1.000000000000000000, 0.000000000000000000, 0.000000000000000000 ) ) ;
#1294 = ORIENTED_EDGE ( 'NONE', *, *, #1100, .F. ) ;
#1295 = DIRECTION ( 'NONE',  ( -1.000000000000000000, -3.750753461571474945E-16, 0.000000000000000000 ) ) ;
#1296 = FACE_OUTER_BOUND ( 'NONE', #1297, .T. ) ;
#1297 = EDGE_LOOP ( 'NONE', ( #210, #159, #336, #1086 ) ) ;
#1298 = DIRECTION ( 'NONE',  ( 1.000000000000000000, 0.000000000000000000, 0.000000000000000000 ) ) ;
#1299 = EDGE_LOOP ( 'NONE', ( #65, #316, #748, #57 ) ) ;
#1300 = DIRECTION ( 'NONE',  ( 0.000000000000000000, 0.000000000000000000, -1.000000000000000000 ) ) ;
#1301 = VERTEX_POINT ( 'NONE', #413 ) ;
#1302 = VECTOR ( 'NONE', #306, 1000.000000000000000 ) ;
#1303 = CARTESIAN_POINT ( 'NONE',  ( 13.49999999999999822, 11.19999999999999929, 0.000000000000000000 ) ) ;
#1304 = DIRECTION ( 'NONE',  ( -0.000000000000000000, 0.000000000000000000, -1.000000000000000000 ) ) ;
#1305 = EDGE_CURVE ( 'NONE', #922, #347, #1225, .T. ) ;
#1306 = AXIS2_PLACEMENT_3D ( 'NONE', #1394, #527, #83 ) ;
#1307 = VERTEX_POINT ( 'NONE', #404 ) ;
#1308 = DIRECTION ( 'NONE',  ( 0.000000000000000000, -1.000000000000000000, 0.000000000000000000 ) ) ;
#1309 = EDGE_CURVE ( 'NONE', #827, #644, #648, .T. ) ;
#1310 = CARTESIAN_POINT ( 'NONE',  ( 6.938893903907228378E-15, 5.500000000000000888, 0.000000000000000000 ) ) ;
#1311 = ORIENTED_EDGE ( 'NONE', *, *, #7, .F. ) ;
#1312 = AXIS2_PLACEMENT_3D ( 'NONE', #11, #271, #1105 ) ;
#1313 = FACE_OUTER_BOUND ( 'NONE', #551, .T. ) ;
#1314 = VECTOR ( 'NONE', #1243, 1000.000000000000000 ) ;
#1315 = AXIS2_PLACEMENT_3D ( 'NONE', #572, #577, #1546 ) ;
#1316 = CARTESIAN_POINT ( 'NONE',  ( 0.000000000000000000, 18.50000000000000000, 0.000000000000000000 ) ) ;
#1317 = CIRCLE ( 'NONE', #634, 0.3000000000000000999 ) ;
#1318 = ORIENTED_EDGE ( 'NONE', *, *, #276, .T. ) ;
#1319 = CARTESIAN_POINT ( 'NONE',  ( 13.49999999999999467, 18.50000000000000000, 0.8000000000000000444 ) ) ;
#1320 = EDGE_CURVE ( 'NONE', #959, #1524, #299, .T. ) ;
#1321 = DIRECTION ( 'NONE',  ( -0.000000000000000000, -0.000000000000000000, -1.000000000000000000 ) ) ;
#1322 = VERTEX_POINT ( 'NONE', #1041 ) ;
#1323 = DIRECTION ( 'NONE',  ( 0.000000000000000000, 0.000000000000000000, -1.000000000000000000 ) ) ;
#1324 = FACE_OUTER_BOUND ( 'NONE', #1163, .T. ) ;
#1325 = ORIENTED_EDGE ( 'NONE', *, *, #1414, .F. ) ;
#1326 = EDGE_CURVE ( 'NONE', #1322, #1148, #1400, .T. ) ;
#1327 = DIRECTION ( 'NONE',  ( 0.000000000000000000, 0.000000000000000000, -1.000000000000000000 ) ) ;
#1328 = ORIENTED_EDGE ( 'NONE', *, *, #1431, .T. ) ;
#1329 = EDGE_CURVE ( 'NONE', #713, #88, #808, .T. ) ;
#1330 = AXIS2_PLACEMENT_3D ( 'NONE', #996, #315, #1250 ) ;
#1331 = PLANE ( 'NONE',  #1234 ) ;
#1332 = ORIENTED_EDGE ( 'NONE', *, *, #1268, .T. ) ;
#1333 = CARTESIAN_POINT ( 'NONE',  ( 13.50000000000000178, 0.000000000000000000, 0.8000000000000000444 ) ) ;
#1334 = ORIENTED_EDGE ( 'NONE', *, *, #1510, .F. ) ;
#1335 = PRESENTATION_LAYER_ASSIGNMENT (  '', '', ( #146 ) ) ;
#1336 = EDGE_CURVE ( 'NONE', #854, #1261, #1058, .T. ) ;
#1337 = AXIS2_PLACEMENT_3D ( 'NONE', #153, #837, #383 ) ;
#1338 = CARTESIAN_POINT ( 'NONE',  ( -7.703719777548943412E-31, 0.6999999999999998446, 0.000000000000000000 ) ) ;
#1339 = ADVANCED_FACE ( 'NONE', ( #215 ), #818, .F. ) ;
#1340 = ORIENTED_EDGE ( 'NONE', *, *, #1291, .F. ) ;
#1341 = DIRECTION ( 'NONE',  ( -0.000000000000000000, -0.000000000000000000, 1.000000000000000000 ) ) ;
#1342 = EDGE_LOOP ( 'NONE', ( #619, #18, #230, #534 ) ) ;
#1343 = DIRECTION ( 'NONE',  ( -1.000000000000000000, 0.000000000000000000, 0.000000000000000000 ) ) ;
#1344 = ORIENTED_EDGE ( 'NONE', *, *, #1336, .F. ) ;
#1345 = LINE ( 'NONE', #770, #815 ) ;
#1346 = ORIENTED_EDGE ( 'NONE', *, *, #1305, .T. ) ;
#1347 = CARTESIAN_POINT ( 'NONE',  ( 0.000000000000000000, 18.50000000000000000, 0.000000000000000000 ) ) ;
#1348 = CARTESIAN_POINT ( 'NONE',  ( 13.50000000000000000, 2.200000000000000178, 0.8000000000000000444 ) ) ;
#1349 = LINE ( 'NONE', #1504, #1542 ) ;
#1350 = CIRCLE ( 'NONE', #1330, 0.2999999999999999334 ) ;
#1351 = ORIENTED_EDGE ( 'NONE', *, *, #624, .T. ) ;
#1352 = ADVANCED_FACE ( 'NONE', ( #682 ), #447, .F. ) ;
#1353 = CYLINDRICAL_SURFACE ( 'NONE', #214, 0.2999999999999999334 ) ;
#1354 = ORIENTED_EDGE ( 'NONE', *, *, #608, .T. ) ;
#1355 = LINE ( 'NONE', #176, #441 ) ;
#1356 = EDGE_CURVE ( 'NONE', #511, #206, #1032, .T. ) ;
#1357 = AXIS2_PLACEMENT_3D ( 'NONE', #1004, #89, #1267 ) ;
#1358 = CIRCLE ( 'NONE', #148, 0.2999999999999999334 ) ;
#1359 = LINE ( 'NONE', #881, #847 ) ;
#1360 = CARTESIAN_POINT ( 'NONE',  ( 1.214306433183764966E-14, 8.500000000000000000, 0.000000000000000000 ) ) ;
#1361 = CIRCLE ( 'NONE', #690, 0.3000000000000000999 ) ;
#1362 = ORIENTED_EDGE ( 'NONE', *, *, #386, .F. ) ;
#1363 = VECTOR ( 'NONE', #1417, 1000.000000000000000 ) ;
#1364 = DIRECTION ( 'NONE',  ( 1.000000000000000000, 0.000000000000000000, 0.000000000000000000 ) ) ;
#1365 = ORIENTED_EDGE ( 'NONE', *, *, #1256, .T. ) ;
#1366 = EDGE_CURVE ( 'NONE', #1537, #1383, #1533, .T. ) ;
#1367 = CARTESIAN_POINT ( 'NONE',  ( 13.49999999999999822, 10.30000000000000249, 0.000000000000000000 ) ) ;
#1368 = VECTOR ( 'NONE', #43, 1000.000000000000000 ) ;
#1369 = CARTESIAN_POINT ( 'NONE',  ( 1.561251128379126385E-14, 10.00000000000000178, 0.000000000000000000 ) ) ;
#1370 = LINE ( 'NONE', #304, #436 ) ;
#1371 = DIRECTION ( 'NONE',  ( 0.000000000000000000, -0.000000000000000000, -1.000000000000000000 ) ) ;
#1372 = DIRECTION ( 'NONE',  ( -0.000000000000000000, -0.000000000000000000, 1.000000000000000000 ) ) ;
#1373 = ORIENTED_EDGE ( 'NONE', *, *, #1027, .T. ) ;
#1374 = LINE ( 'NONE', #1384, #839 ) ;
#1375 = EDGE_CURVE ( 'NONE', #1307, #1499, #1081, .T. ) ;
#1376 = ORIENTED_EDGE ( 'NONE', *, *, #1454, .F. ) ;
#1377 = ADVANCED_FACE ( 'NONE', ( #454 ), #1407, .F. ) ;
#1378 = DIRECTION ( 'NONE',  ( 0.000000000000000000, -1.000000000000000000, 0.000000000000000000 ) ) ;
#1379 = DIRECTION ( 'NONE',  ( -1.000000000000000000, 0.000000000000000000, 0.000000000000000000 ) ) ;
#1380 = LINE ( 'NONE', #995, #101 ) ;
#1381 = AXIS2_PLACEMENT_3D ( 'NONE', #533, #1010, #198 ) ;
#1382 = LINE ( 'NONE', #1235, #1314 ) ;
#1383 = VERTEX_POINT ( 'NONE', #801 ) ;
#1384 = CARTESIAN_POINT ( 'NONE',  ( 13.49999999999999467, 18.50000000000000000, 0.000000000000000000 ) ) ;
#1385 = ORIENTED_EDGE ( 'NONE', *, *, #337, .T. ) ;
#1386 = CIRCLE ( 'NONE', #1158, 0.2999999999999999334 ) ;
#1387 = CARTESIAN_POINT ( 'NONE',  ( 0.3000000000000035416, 4.000000000000000000, 0.8000000000000000444 ) ) ;
#1388 = DIRECTION ( 'NONE',  ( 0.000000000000000000, -1.000000000000000000, 0.000000000000000000 ) ) ;
#1389 = EDGE_LOOP ( 'NONE', ( #1458, #598, #1401, #1325 ) ) ;
#1390 = ADVANCED_FACE ( 'NONE', ( #324 ), #205, .F. ) ;
#1391 = VECTOR ( 'NONE', #1327, 1000.000000000000000 ) ;
#1392 = CARTESIAN_POINT ( 'NONE',  ( 0.000000000000000000, 0.000000000000000000, 0.000000000000000000 ) ) ;
#1393 = ORIENTED_EDGE ( 'NONE', *, *, #1414, .T. ) ;
#1394 = CARTESIAN_POINT ( 'NONE',  ( 0.000000000000000000, 18.50000000000000000, 0.8000000000000000444 ) ) ;
#1395 = AXIS2_PLACEMENT_3D ( 'NONE', #452, #443, #1298 ) ;
#1396 = CARTESIAN_POINT ( 'NONE',  ( 13.49999999999999822, 11.79999999999999893, 0.000000000000000000 ) ) ;
#1397 = ADVANCED_FACE ( 'NONE', ( #673 ), #936, .F. ) ;
#1398 = FACE_OUTER_BOUND ( 'NONE', #1468, .T. ) ;
#1399 = EDGE_CURVE ( 'NONE', #674, #959, #906, .T. ) ;
#1400 = LINE ( 'NONE', #580, #286 ) ;
#1401 = ORIENTED_EDGE ( 'NONE', *, *, #825, .T. ) ;
#1402 = CARTESIAN_POINT ( 'NONE',  ( 0.2999999999999983236, 1.000000000000000000, 0.000000000000000000 ) ) ;
#1403 = DIRECTION ( 'NONE',  ( -0.000000000000000000, -0.000000000000000000, 1.000000000000000000 ) ) ;
#1404 = VERTEX_POINT ( 'NONE', #87 ) ;
#1405 = DIRECTION ( 'NONE',  ( -3.750753461571474945E-16, 1.000000000000000000, -0.000000000000000000 ) ) ;
#1406 = DIRECTION ( 'NONE',  ( 0.000000000000000000, 0.000000000000000000, 1.000000000000000000 ) ) ;
#1407 = PLANE ( 'NONE',  #1514 ) ;
#1408 = ORIENTED_EDGE ( 'NONE', *, *, #487, .T. ) ;
#1409 = CARTESIAN_POINT ( 'NONE',  ( -1.232595164407830946E-29, 8.200000000000001066, 0.8000000000000000444 ) ) ;
#1410 = EDGE_CURVE ( 'NONE', #991, #553, #161, .T. ) ;
#1411 = AXIS2_PLACEMENT_3D ( 'NONE', #596, #934, #212 ) ;
#1412 = LINE ( 'NONE', #1044, #1492 ) ;
#1413 = ORIENTED_EDGE ( 'NONE', *, *, #351, .F. ) ;
#1414 = EDGE_CURVE ( 'NONE', #1096, #1054, #1241, .T. ) ;
#1415 = PRODUCT_DEFINITION_CONTEXT ( 'detailed design', #654, 'design' ) ;
#1416 = CARTESIAN_POINT ( 'NONE',  ( 1.561251128379126385E-14, 10.00000000000000178, 0.000000000000000000 ) ) ;
#1417 = DIRECTION ( 'NONE',  ( 0.000000000000000000, 0.000000000000000000, -1.000000000000000000 ) ) ;
#1418 = AXIS2_PLACEMENT_3D ( 'NONE', #1319, #810, #469 ) ;
#1419 = CARTESIAN_POINT ( 'NONE',  ( 0.000000000000000000, 18.50000000000000000, 0.8000000000000000444 ) ) ;
#1420 = VERTEX_POINT ( 'NONE', #435 ) ;
#1421 = DIRECTION ( 'NONE',  ( -0.000000000000000000, -0.000000000000000000, 1.000000000000000000 ) ) ;
#1422 = PLANE ( 'NONE',  #1089 ) ;
#1423 = ORIENTED_EDGE ( 'NONE', *, *, #1336, .T. ) ;
#1424 = VECTOR ( 'NONE', #366, 1000.000000000000000 ) ;
#1425 = FILL_AREA_STYLE ('',( #1046 ) ) ;
#1426 = LINE ( 'NONE', #1433, #1262 ) ;
#1427 = ORIENTED_EDGE ( 'NONE', *, *, #276, .F. ) ;
#1428 = CYLINDRICAL_SURFACE ( 'NONE', #1065, 0.2999999999999999334 ) ;
#1429 = ORIENTED_EDGE ( 'NONE', *, *, #417, .F. ) ;
#1430 = CARTESIAN_POINT ( 'NONE',  ( 6.938893903907228378E-15, 5.500000000000000888, 0.000000000000000000 ) ) ;
#1431 = EDGE_CURVE ( 'NONE', #948, #34, #1276, .T. ) ;
#1432 = SHAPE_DEFINITION_REPRESENTATION ( #1207, #1196 ) ;
#1433 = CARTESIAN_POINT ( 'NONE',  ( 13.49999999999999467, 18.50000000000000000, 0.8000000000000000444 ) ) ;
#1434 = EDGE_LOOP ( 'NONE', ( #1549, #1429, #356, #531 ) ) ;
#1435 = DIRECTION ( 'NONE',  ( 1.000000000000000000, 0.000000000000000000, 0.000000000000000000 ) ) ;
#1436 = DIRECTION ( 'NONE',  ( 1.000000000000000000, 0.000000000000000000, -0.000000000000000000 ) ) ;
#1437 = ORIENTED_EDGE ( 'NONE', *, *, #611, .F. ) ;
#1438 = CIRCLE ( 'NONE', #267, 0.3000000000000000999 ) ;
#1439 = CARTESIAN_POINT ( 'NONE',  ( 13.49999999999999822, 10.30000000000000249, 0.000000000000000000 ) ) ;
#1440 = EDGE_CURVE ( 'NONE', #1261, #88, #1178, .T. ) ;
#1441 = CARTESIAN_POINT ( 'NONE',  ( 13.50000000000000000, 5.200000000000001066, 0.000000000000000000 ) ) ;
#1442 = VECTOR ( 'NONE', #552, 1000.000000000000000 ) ;
#1443 = ORIENTED_EDGE ( 'NONE', *, *, #773, .F. ) ;
#1444 = DIRECTION ( 'NONE',  ( 1.000000000000000000, 0.000000000000000000, 0.000000000000000000 ) ) ;
#1445 = VECTOR ( 'NONE', #720, 1000.000000000000000 ) ;
#1446 = DIRECTION ( 'NONE',  ( 1.000000000000000000, 0.000000000000000000, 0.000000000000000000 ) ) ;
#1447 = VERTEX_POINT ( 'NONE', #79 ) ;
#1448 = DIRECTION ( 'NONE',  ( -0.000000000000000000, -0.000000000000000000, 1.000000000000000000 ) ) ;
#1449 = AXIS2_PLACEMENT_3D ( 'NONE', #1001, #769, #179 ) ;
#1450 = DIRECTION ( 'NONE',  ( -0.000000000000000000, 0.000000000000000000, -1.000000000000000000 ) ) ;
#1451 = AXIS2_PLACEMENT_3D ( 'NONE', #1369, #768, #294 ) ;
#1452 = EDGE_CURVE ( 'NONE', #879, #496, #1349, .T. ) ;
#1453 = ORIENTED_EDGE ( 'NONE', *, *, #649, .T. ) ;
#1454 = EDGE_CURVE ( 'NONE', #982, #711, #909, .T. ) ;
#1455 = DIRECTION ( 'NONE',  ( -0.000000000000000000, -0.000000000000000000, -1.000000000000000000 ) ) ;
#1456 = ORIENTED_EDGE ( 'NONE', *, *, #341, .T. ) ;
#1457 = DIRECTION ( 'NONE',  ( 0.000000000000000000, 0.000000000000000000, -1.000000000000000000 ) ) ;
#1458 = ORIENTED_EDGE ( 'NONE', *, *, #1274, .F. ) ;
#1459 = FACE_OUTER_BOUND ( 'NONE', #835, .T. ) ;
#1460 = ORIENTED_EDGE ( 'NONE', *, *, #752, .T. ) ;
#1461 = EDGE_CURVE ( 'NONE', #1301, #332, #171, .T. ) ;
#1462 = AXIS2_PLACEMENT_3D ( 'NONE', #54, #525, #1364 ) ;
#1463 = CARTESIAN_POINT ( 'NONE',  ( 0.000000000000000000, 18.50000000000000000, 0.8000000000000000444 ) ) ;
#1464 = ORIENTED_EDGE ( 'NONE', *, *, #907, .T. ) ;
#1465 = CARTESIAN_POINT ( 'NONE',  ( 13.50000000000000178, 0.000000000000000000, 0.8000000000000000444 ) ) ;
#1466 = VECTOR ( 'NONE', #561, 1000.000000000000000 ) ;
#1467 = CARTESIAN_POINT ( 'NONE',  ( 13.49999999999999822, 11.19999999999999929, 0.8000000000000000444 ) ) ;
#1468 = EDGE_LOOP ( 'NONE', ( #979, #942, #476, #637 ) ) ;
#1469 = APPLICATION_CONTEXT ( 'automotive_design' ) ;
#1470 = VECTOR ( 'NONE', #941, 1000.000000000000000 ) ;
#1471 = CARTESIAN_POINT ( 'NONE',  ( 0.000000000000000000, 18.50000000000000000, 0.000000000000000000 ) ) ;
#1472 = ORIENTED_EDGE ( 'NONE', *, *, #321, .T. ) ;
#1473 = AXIS2_PLACEMENT_3D ( 'NONE', #305, #70, #196 ) ;
#1474 = LINE ( 'NONE', #871, #13 ) ;
#1475 = ORIENTED_EDGE ( 'NONE', *, *, #184, .F. ) ;
#1476 = CARTESIAN_POINT ( 'NONE',  ( -1.540743955509788682E-30, 2.200000000000000178, 0.8000000000000000444 ) ) ;
#1477 = CARTESIAN_POINT ( 'NONE',  ( 0.000000000000000000, 18.50000000000000000, 0.000000000000000000 ) ) ;
#1478 = ADVANCED_FACE ( 'NONE', ( #52 ), #427, .F. ) ;
#1479 = ORIENTED_EDGE ( 'NONE', *, *, #710, .F. ) ;
#1480 = DIRECTION ( 'NONE',  ( -1.000000000000000000, 0.000000000000000000, 0.000000000000000000 ) ) ;
#1481 = ORIENTED_EDGE ( 'NONE', *, *, #1326, .T. ) ;
#1482 = CARTESIAN_POINT ( 'NONE',  ( 1.561251128379126385E-14, 10.00000000000000178, 0.000000000000000000 ) ) ;
#1483 = CARTESIAN_POINT ( 'NONE',  ( 13.49999999999999822, 11.79999999999999893, 0.000000000000000000 ) ) ;
#1484 = CARTESIAN_POINT ( 'NONE',  ( 1.040834085586084257E-14, 7.000000000000000000, 0.000000000000000000 ) ) ;
#1485 = AXIS2_PLACEMENT_3D ( 'NONE', #1144, #638, #878 ) ;
#1486 = EDGE_CURVE ( 'NONE', #948, #503, #1495, .T. ) ;
#1487 = ORIENTED_EDGE ( 'NONE', *, *, #943, .F. ) ;
#1488 = LINE ( 'NONE', #81, #709 ) ;
#1489 = ORIENTED_EDGE ( 'NONE', *, *, #701, .T. ) ;
#1490 = CARTESIAN_POINT ( 'NONE',  ( 13.50000000000000178, 1.000000000000000000, 0.8000000000000000444 ) ) ;
#1491 = VECTOR ( 'NONE', #1279, 1000.000000000000000 ) ;
#1492 = VECTOR ( 'NONE', #339, 1000.000000000000000 ) ;
#1493 = UNCERTAINTY_MEASURE_WITH_UNIT (LENGTH_MEASURE( 1.000000000000000082E-05 ), #296, 'distance_accuracy_value', 'NONE');
#1494 = LINE ( 'NONE', #183, #1368 ) ;
#1495 = LINE ( 'NONE', #194, #505 ) ;
#1496 = CARTESIAN_POINT ( 'NONE',  ( 0.000000000000000000, 18.50000000000000000, 0.8000000000000000444 ) ) ;
#1497 = EDGE_CURVE ( 'NONE', #55, #1502, #1134, .T. ) ;
#1498 = VECTOR ( 'NONE', #1210, 1000.000000000000000 ) ;
#1499 = VERTEX_POINT ( 'NONE', #875 ) ;
#1500 = DIRECTION ( 'NONE',  ( -3.750753461571474945E-16, 1.000000000000000000, -0.000000000000000000 ) ) ;
#1501 = EDGE_CURVE ( 'NONE', #496, #991, #143, .T. ) ;
#1502 = VERTEX_POINT ( 'NONE', #776 ) ;
#1503 = CARTESIAN_POINT ( 'NONE',  ( 6.938893903907228378E-15, 5.500000000000000888, 0.8000000000000000444 ) ) ;
#1504 = CARTESIAN_POINT ( 'NONE',  ( 0.000000000000000000, 18.50000000000000000, 0.8000000000000000444 ) ) ;
#1505 = ORIENTED_EDGE ( 'NONE', *, *, #632, .F. ) ;
#1506 = DIRECTION ( 'NONE',  ( -0.000000000000000000, -0.000000000000000000, -1.000000000000000000 ) ) ;
#1507 = ORIENTED_EDGE ( 'NONE', *, *, #1090, .T. ) ;
#1508 = CARTESIAN_POINT ( 'NONE',  ( 0.3000000000000070388, 5.500000000000000888, 0.000000000000000000 ) ) ;
#1509 = VERTEX_POINT ( 'NONE', #883 ) ;
#1510 = EDGE_CURVE ( 'NONE', #1447, #103, #32, .T. ) ;
#1511 = CARTESIAN_POINT ( 'NONE',  ( 0.000000000000000000, 18.50000000000000000, 0.8000000000000000444 ) ) ;
#1512 = DIRECTION ( 'NONE',  ( -1.000000000000000000, 0.000000000000000000, 0.000000000000000000 ) ) ;
#1513 = ORIENTED_EDGE ( 'NONE', *, *, #444, .T. ) ;
#1514 = AXIS2_PLACEMENT_3D ( 'NONE', #1515, #1540, #335 ) ;
#1515 = CARTESIAN_POINT ( 'NONE',  ( 13.49999999999999467, 18.50000000000000000, 0.8000000000000000444 ) ) ;
#1516 = EDGE_LOOP ( 'NONE', ( #1534, #1507, #1236, #1233 ) ) ;
#1517 = DIRECTION ( 'NONE',  ( 1.000000000000000000, 0.000000000000000000, 0.000000000000000000 ) ) ;
#1518 = AXIS2_PLACEMENT_3D ( 'NONE', #570, #442, #1067 ) ;
#1519 = DIRECTION ( 'NONE',  ( 1.000000000000000000, 0.000000000000000000, 0.000000000000000000 ) ) ;
#1520 = AXIS2_PLACEMENT_3D ( 'NONE', #1184, #1161, #939 ) ;
#1521 = DIRECTION ( 'NONE',  ( -0.000000000000000000, -0.000000000000000000, 1.000000000000000000 ) ) ;
#1522 = FACE_OUTER_BOUND ( 'NONE', #1299, .T. ) ;
#1523 = DIRECTION ( 'NONE',  ( -1.000000000000000000, -3.750753461571474945E-16, 0.000000000000000000 ) ) ;
#1524 = VERTEX_POINT ( 'NONE', #203 ) ;
#1525 = DIRECTION ( 'NONE',  ( -3.750753461571474945E-16, 1.000000000000000000, -0.000000000000000000 ) ) ;
#1526 = VECTOR ( 'NONE', #376, 1000.000000000000000 ) ;
#1527 = DIRECTION ( 'NONE',  ( -0.000000000000000000, 0.000000000000000000, -1.000000000000000000 ) ) ;
#1528 = ORIENTED_EDGE ( 'NONE', *, *, #188, .F. ) ;
#1529 = VECTOR ( 'NONE', #303, 1000.000000000000000 ) ;
#1530 = CARTESIAN_POINT ( 'NONE',  ( 13.50000000000000000, 5.800000000000000711, 0.000000000000000000 ) ) ;
#1531 = EDGE_CURVE ( 'NONE', #256, #557, #1370, .T. ) ;
#1532 = FACE_OUTER_BOUND ( 'NONE', #1021, .T. ) ;
#1533 = LINE ( 'NONE', #573, #980 ) ;
#1534 = ORIENTED_EDGE ( 'NONE', *, *, #1268, .F. ) ;
#1535 = CARTESIAN_POINT ( 'NONE',  ( 13.49999999999999467, 18.50000000000000000, 0.8000000000000000444 ) ) ;
#1536 = CARTESIAN_POINT ( 'NONE',  ( 0.000000000000000000, 18.50000000000000000, 0.8000000000000000444 ) ) ;
#1537 = VERTEX_POINT ( 'NONE', #900 ) ;
#1538 = SURFACE_SIDE_STYLE ('',( #232 ) ) ;
#1539 = DIRECTION ( 'NONE',  ( 0.000000000000000000, -0.000000000000000000, 1.000000000000000000 ) ) ;
#1540 = DIRECTION ( 'NONE',  ( -1.000000000000000000, -3.750753461571474945E-16, 0.000000000000000000 ) ) ;
#1541 = ORIENTED_EDGE ( 'NONE', *, *, #1083, .F. ) ;
#1542 = VECTOR ( 'NONE', #409, 1000.000000000000000 ) ;
#1543 = FACE_OUTER_BOUND ( 'NONE', #802, .T. ) ;
#1544 = ORIENTED_EDGE ( 'NONE', *, *, #949, .F. ) ;
#1545 = CARTESIAN_POINT ( 'NONE',  ( -9.244463733058732095E-30, 7.299999999999999822, 0.8000000000000000444 ) ) ;
#1546 = DIRECTION ( 'NONE',  ( -0.000000000000000000, 0.000000000000000000, -1.000000000000000000 ) ) ;
#1547 =( GEOMETRIC_REPRESENTATION_CONTEXT ( 3 ) GLOBAL_UNCERTAINTY_ASSIGNED_CONTEXT ( ( #944 ) ) GLOBAL_UNIT_ASSIGNED_CONTEXT ( ( #1156, #333, #689 ) ) REPRESENTATION_CONTEXT ( 'NONE', 'WORKASPACE' ) );
#1548 = AXIS2_PLACEMENT_3D ( 'NONE', #1070, #705, #1435 ) ;
#1549 = ORIENTED_EDGE ( 'NONE', *, *, #649, .F. ) ;
#1550 = CARTESIAN_POINT ( 'NONE',  ( 0.3000000000000035416, 4.000000000000000000, 0.000000000000000000 ) ) ;
#1551 = CARTESIAN_POINT ( 'NONE',  ( 0.3000000000000104805, 7.000000000000000000, 0.8000000000000000444 ) ) ;
#1552 = ORIENTED_EDGE ( 'NONE', *, *, #7, .T. ) ;
#1553 = EDGE_CURVE ( 'NONE', #713, #1447, #1000, .T. ) ;
#1554 = CARTESIAN_POINT ( 'NONE',  ( 13.50000000000000000, 7.000000000000000000, 0.8000000000000000444 ) ) ;
#1555 = CARTESIAN_POINT ( 'NONE',  ( 13.49999999999999822, 11.50000000000000000, 0.8000000000000000444 ) ) ;
ENDSEC;
END-ISO-10303-21;
