ISO-10303-21;
HEADER;
FILE_DESCRIPTION (( 'STEP AP214' ),
    '1' );
FILE_NAME ('Loc.STEP',
    '2025-11-18T18:44:22',
    ( '' ),
    ( '' ),
    'SwSTEP 2.0',
    'SolidWorks 2025',
    '' );
FILE_SCHEMA (( 'AUTOMOTIVE_DESIGN' ));
ENDSEC;

DATA;
#1 = DIRECTION ( 'NONE',  ( 0.7423286577013631371, 0.4285836503510561668, -0.5150380749100555988 ) ) ;
#2 = ORIENTED_EDGE ( 'NONE', *, *, #5806, .F. ) ;
#3 = STYLED_ITEM ( 'NONE', ( #440 ), #11242 ) ;
#4 = CARTESIAN_POINT ( 'NONE',  ( 7.500000000000000888, 2.500000000000000000, -4.154700538379145769 ) ) ;
#5 = CARTESIAN_POINT ( 'NONE',  ( 0.8000000000000000444, 0.000000000000000000, 0.000000000000000000 ) ) ;
#6 = VERTEX_POINT ( 'NONE', #8345 ) ;
#7 = ORIENTED_EDGE ( 'NONE', *, *, #4068, .T. ) ;
#8 = ORIENTED_EDGE ( 'NONE', *, *, #10571, .F. ) ;
#9 = EDGE_CURVE ( 'NONE', #5595, #1876, #9423, .T. ) ;
#10 = APPLICATION_PROTOCOL_DEFINITION ( 'draft international standard', 'automotive_design', 1998, #1290 ) ;
#11 = CARTESIAN_POINT ( 'NONE',  ( 2.099999999999999645, 2.821690854684140159, -0.4999999999999991673 ) ) ;
#12 = PRESENTATION_STYLE_ASSIGNMENT (( #12196 ) ) ;
#13 = VERTEX_POINT ( 'NONE', #2749 ) ;
#14 = DIRECTION ( 'NONE',  ( 0.000000000000000000, 0.000000000000000000, -1.000000000000000000 ) ) ;
#15 = DIRECTION ( 'NONE',  ( 0.000000000000000000, 0.000000000000000000, -1.000000000000000000 ) ) ;
#16 = ADVANCED_FACE ( 'NONE', ( #7358 ), #5587, .F. ) ;
#17 = CARTESIAN_POINT ( 'NONE',  ( 3.699999999999999289, -2.821690854684140159, -0.4999999999999991673 ) ) ;
#18 = CIRCLE ( 'NONE', #6724, 10.00000000000000000 ) ;
#19 = VERTEX_POINT ( 'NONE', #17 ) ;
#20 = AXIS2_PLACEMENT_3D ( 'NONE', #7422, #7484, #11071 ) ;
#21 = CARTESIAN_POINT ( 'NONE',  ( 0.000000000000000000, 0.000000000000000000, -1.600000000000000089 ) ) ;
#22 = CARTESIAN_POINT ( 'NONE',  ( 0.000000000000000000, 0.000000000000000000, 0.000000000000000000 ) ) ;
#23 = PRODUCT_DEFINITION_CONTEXT ( 'detailed design', #2657, 'design' ) ;
#24 = FILL_AREA_STYLE ('',( #8526 ) ) ;
#25 = EDGE_CURVE ( 'NONE', #4364, #4918, #3792, .T. ) ;
#26 = DIRECTION ( 'NONE',  ( 0.8660254037844393737, 0.000000000000000000, -0.4999999999999986677 ) ) ;
#27 = ORIENTED_EDGE ( 'NONE', *, *, #6754, .F. ) ;
#28 = DIRECTION ( 'NONE',  ( 0.000000000000000000, 1.000000000000000000, 0.000000000000000000 ) ) ;
#29 = CARTESIAN_POINT ( 'NONE',  ( -17.94999999999999929, 0.000000000000000000, 0.000000000000000000 ) ) ;
#30 = ORIENTED_EDGE ( 'NONE', *, *, #9023, .F. ) ;
#31 = DIRECTION ( 'NONE',  ( 1.000000000000000000, -0.000000000000000000, -0.000000000000000000 ) ) ;
#32 = APPLICATION_CONTEXT ( 'automotive_design' ) ;
#33 = CARTESIAN_POINT ( 'NONE',  ( 0.000000000000000000, 0.000000000000000000, -3.300000000000018918 ) ) ;
#34 = CARTESIAN_POINT ( 'NONE',  ( 3.499999999999999556, 17.00000000000000000, -5.232195743157016743 ) ) ;
#35 = DIRECTION ( 'NONE',  ( -1.000000000000000000, 0.000000000000000000, 0.000000000000000000 ) ) ;
#36 = LINE ( 'NONE', #3813, #10372 ) ;
#37 = ADVANCED_FACE ( 'NONE', ( #7728 ), #2984, .F. ) ;
#38 = FILL_AREA_STYLE ('',( #973 ) ) ;
#39 = EDGE_CURVE ( 'NONE', #3461, #8779, #10221, .T. ) ;
#40 = CARTESIAN_POINT ( 'NONE',  ( 0.5560518688116534713, 0.5176555429708578071, 0.000000000000000000 ) ) ;
#41 = LINE ( 'NONE', #10240, #9221 ) ;
#42 = CYLINDRICAL_SURFACE ( 'NONE', #2896, 2.000000000000000000 ) ;
#43 = AXIS2_PLACEMENT_3D ( 'NONE', #6870, #7789, #10637 ) ;
#44 = CARTESIAN_POINT ( 'NONE',  ( 0.000000000000000000, 0.000000000000000000, 0.000000000000000000 ) ) ;
#45 = FACE_OUTER_BOUND ( 'NONE', #890, .T. ) ;
#46 = DIRECTION ( 'NONE',  ( 0.000000000000000000, 0.000000000000000000, -1.000000000000000000 ) ) ;
#47 = ORIENTED_EDGE ( 'NONE', *, *, #1383, .T. ) ;
#48 = SURFACE_STYLE_USAGE ( .BOTH. , #4749 ) ;
#49 = DIRECTION ( 'NONE',  ( 8.659560562354926695E-17, -0.7071067811865482389, 0.7071067811865469066 ) ) ;
#50 = PLANE ( 'NONE',  #9419 ) ;
#51 = VERTEX_POINT ( 'NONE', #3103 ) ;
#52 = FACE_BOUND ( 'NONE', #10455, .T. ) ;
#53 = FACE_OUTER_BOUND ( 'NONE', #8965, .T. ) ;
#54 = ORIENTED_EDGE ( 'NONE', *, *, #9439, .T. ) ;
#55 = ADVANCED_FACE ( 'NONE', ( #1243 ), #10805, .T. ) ;
#56 = DIRECTION ( 'NONE',  ( -0.000000000000000000, 1.224649721909276639E-16, -1.000000000000000000 ) ) ;
#57 = ADVANCED_FACE ( 'NONE', ( #11556 ), #2119, .T. ) ;
#58 = DIRECTION ( 'NONE',  ( 1.000000000000000000, 0.000000000000000000, 0.000000000000000000 ) ) ;
#59 = ORIENTED_EDGE ( 'NONE', *, *, #7963, .F. ) ;
#60 = ORIENTED_EDGE ( 'NONE', *, *, #10952, .F. ) ;
#61 = ORIENTED_EDGE ( 'NONE', *, *, #7587, .T. ) ;
#62 = DIRECTION ( 'NONE',  ( 1.000000000000000000, 0.000000000000000000, 0.000000000000000000 ) ) ;
#63 = SHAPE_DEFINITION_REPRESENTATION ( #9104, #5419 ) ;
#64 = CIRCLE ( 'NONE', #11311, 0.9999999999999997780 ) ;
#65 = CARTESIAN_POINT ( 'NONE',  ( 1.000000000000000444, 1.224646799147353947E-16, 0.000000000000000000 ) ) ;
#66 = CARTESIAN_POINT ( 'NONE',  ( 0.7812177826368095213, -0.4049075681496471235, -0.6379044250164481733 ) ) ;
#67 = EDGE_LOOP ( 'NONE', ( #3309, #709, #2493, #6480, #10127, #9935 ) ) ;
#68 = CIRCLE ( 'NONE', #11908, 0.8156023289305088797 ) ;
#69 = EDGE_LOOP ( 'NONE', ( #10745, #2258, #4590, #1587 ) ) ;
#70 = CYLINDRICAL_SURFACE ( 'NONE', #10402, 3.499999999999999556 ) ;
#71 = EDGE_CURVE ( 'NONE', #6757, #3519, #7053, .T. ) ;
#72 = DIRECTION ( 'NONE',  ( -1.000000000000000000, -0.000000000000000000, -0.000000000000000000 ) ) ;
#73 = EDGE_CURVE ( 'NONE', #3411, #1828, #8701, .T. ) ;
#74 = VECTOR ( 'NONE', #7940, 1000.000000000000000 ) ;
#75 = AXIS2_PLACEMENT_3D ( 'NONE', #173, #10350, #3820 ) ;
#76 = ORIENTED_EDGE ( 'NONE', *, *, #8066, .F. ) ;
#77 = FACE_BOUND ( 'NONE', #8374, .T. ) ;
#78 = VECTOR ( 'NONE', #3624, 1000.000000000000000 ) ;
#79 = CARTESIAN_POINT ( 'NONE',  ( -2.000000000000000000, 0.000000000000000000, 0.000000000000000000 ) ) ;
#80 = DIRECTION ( 'NONE',  ( 0.000000000000000000, 0.000000000000000000, 1.000000000000000000 ) ) ;
#81 = PLANE ( 'NONE',  #5945 ) ;
#82 = DIRECTION ( 'NONE',  ( -0.000000000000000000, 1.000000000000000000, -0.000000000000000000 ) ) ;
#83 = ORIENTED_EDGE ( 'NONE', *, *, #5186, .F. ) ;
#84 = EDGE_LOOP ( 'NONE', ( #3923, #3853, #1229 ) ) ;
#85 = AXIS2_PLACEMENT_3D ( 'NONE', #661, #4428, #8175 ) ;
#86 = CARTESIAN_POINT ( 'NONE',  ( 4.250000000000000000, 1.224646799147353207E-16, 1.000000000000000000 ) ) ;
#87 = ORIENTED_EDGE ( 'NONE', *, *, #8630, .T. ) ;
#88 = EDGE_CURVE ( 'NONE', #1018, #9629, #5291, .T. ) ;
#89 = DIRECTION ( 'NONE',  ( -1.000000000000000000, 0.000000000000000000, 0.000000000000000000 ) ) ;
#90 = VERTEX_POINT ( 'NONE', #8520 ) ;
#91 = FACE_OUTER_BOUND ( 'NONE', #11823, .T. ) ;
#92 = CIRCLE ( 'NONE', #3654, 4.000000000000000888 ) ;
#93 = ORIENTED_EDGE ( 'NONE', *, *, #881, .T. ) ;
#94 = CARTESIAN_POINT ( 'NONE',  ( 0.7063323362395499405, -0.4078011644652421719, -0.1291166393111907729 ) ) ;
#95 = CARTESIAN_POINT ( 'NONE',  ( 0.000000000000000000, 2.309401076758504701, 0.000000000000000000 ) ) ;
#96 =( NAMED_UNIT ( * ) SI_UNIT ( $, .STERADIAN. ) SOLID_ANGLE_UNIT ( ) );
#97 = VECTOR ( 'NONE', #5502, 1000.000000000000000 ) ;
#98 = CARTESIAN_POINT ( 'NONE',  ( 0.000000000000000000, 5.058392604970359998E-16, -2.930481160836854393 ) ) ;
#99 = ADVANCED_FACE ( 'NONE', ( #11506 ), #3534, .T. ) ;
#100 = ITEM_DEFINED_TRANSFORMATION ( 'NONE', 'NONE', #10050,  #8058 ) ;
#101 = ORIENTED_EDGE ( 'NONE', *, *, #8406, .T. ) ;
#102 = DIRECTION ( 'NONE',  ( 1.000000000000000000, 0.000000000000000000, -0.000000000000000000 ) ) ;
#103 = EDGE_CURVE ( 'NONE', #11622, #1175, #4113, .T. ) ;
#104 = CARTESIAN_POINT ( 'NONE',  ( 14.05000000000000071, 0.000000000000000000, 1.000000000000000000 ) ) ;
#105 = CARTESIAN_POINT ( 'NONE',  ( -2.000000000000000000, 1.154700538379254349, -1.421367205045916737 ) ) ;
#106 = VECTOR ( 'NONE', #11484, 1000.000000000000000 ) ;
#107 = DIRECTION ( 'NONE',  ( 0.000000000000000000, -1.000000000000000000, 0.000000000000000000 ) ) ;
#108 = ORIENTED_EDGE ( 'NONE', *, *, #6995, .F. ) ;
#109 = CARTESIAN_POINT ( 'NONE',  ( 0.000000000000000000, 3.061616997868383141E-16, -2.500000000000000000 ) ) ;
#110 = DIRECTION ( 'NONE',  ( 0.000000000000000000, 0.000000000000000000, -1.000000000000000000 ) ) ;
#111 =( LENGTH_UNIT ( ) NAMED_UNIT ( * ) SI_UNIT ( .MILLI., .METRE. ) );
#112 = CONICAL_SURFACE ( 'NONE', #1891, 1.000000000000000444, 0.7853981633974499443 ) ;
#113 = UNCERTAINTY_MEASURE_WITH_UNIT (LENGTH_MEASURE( 1.000000000000000082E-05 ), #10143, 'distance_accuracy_value', 'NONE');
#114 = DIRECTION ( 'NONE',  ( 0.000000000000000000, 0.000000000000000000, 1.000000000000000000 ) ) ;
#115 = AXIS2_PLACEMENT_3D ( 'NONE', #11907, #5493, #1473 ) ;
#116 = ORIENTED_EDGE ( 'NONE', *, *, #8918, .F. ) ;
#117 = VECTOR ( 'NONE', #10666, 1000.000000000000000 ) ;
#118 = APPLICATION_CONTEXT ( 'automotive_design' ) ;
#119 = EDGE_CURVE ( 'NONE', #503, #1968, #6797, .T. ) ;
#120 = DIRECTION ( 'NONE',  ( 0.000000000000000000, 1.000000000000000000, 0.000000000000000000 ) ) ;
#121 = ORIENTED_EDGE ( 'NONE', *, *, #7279, .F. ) ;
#122 = ADVANCED_FACE ( 'NONE', ( #7602 ), #4947, .T. ) ;
#123 = LINE ( 'NONE', #1409, #3547 ) ;
#124 = CARTESIAN_POINT ( 'NONE',  ( 1.000000000000000000, 9.199999999999999289, -18.50000000000000355 ) ) ;
#125 = VERTEX_POINT ( 'NONE', #11382 ) ;
#126 = VECTOR ( 'NONE', #4053, 1000.000000000000000 ) ;
#127 = ORIENTED_EDGE ( 'NONE', *, *, #2118, .T. ) ;
#128 = CIRCLE ( 'NONE', #4660, 1.999999999999999556 ) ;
#129 = AXIS2_PLACEMENT_3D ( 'NONE', #2932, #10459, #1768 ) ;
#130 = ORIENTED_EDGE ( 'NONE', *, *, #9025, .T. ) ;
#131 = DIRECTION ( 'NONE',  ( 0.000000000000000000, 0.000000000000000000, -1.000000000000000000 ) ) ;
#132 = APPLICATION_PROTOCOL_DEFINITION ( 'draft international standard', 'automotive_design', 1998, #8549 ) ;
#133 = DIRECTION ( 'NONE',  ( 1.000000000000000000, 0.000000000000000000, 0.000000000000000000 ) ) ;
#134 = FACE_OUTER_BOUND ( 'NONE', #9315, .T. ) ;
#135 = VERTEX_POINT ( 'NONE', #5943 ) ;
#136 = AXIS2_PLACEMENT_3D ( 'NONE', #4845, #8877, #907 ) ;
#137 = VECTOR ( 'NONE', #3297, 1000.000000000000000 ) ;
#138 = ORIENTED_EDGE ( 'NONE', *, *, #7279, .T. ) ;
#139 = VECTOR ( 'NONE', #5591, 1000.000000000000114 ) ;
#140 = CARTESIAN_POINT ( 'NONE',  ( -1.000000000000000888, 1.732050807568876749, 0.000000000000000000 ) ) ;
#141 = DIRECTION ( 'NONE',  ( 0.000000000000000000, 0.000000000000000000, 1.000000000000000000 ) ) ;
#142 = CARTESIAN_POINT ( 'NONE',  ( 11.50000000000000000, 7.500000000000000000, -6.116139535669825378 ) ) ;
#143 = VERTEX_POINT ( 'NONE', #2928 ) ;
#144 = DIRECTION ( 'NONE',  ( 0.000000000000000000, -1.224649721909276639E-16, 1.000000000000000000 ) ) ;
#145 = VECTOR ( 'NONE', #11301, 1000.000000000000000 ) ;
#146 = DIRECTION ( 'NONE',  ( 0.000000000000000000, 1.000000000000000000, 0.000000000000000000 ) ) ;
#147 = UNCERTAINTY_MEASURE_WITH_UNIT (LENGTH_MEASURE( 1.000000000000000082E-05 ), #5579, 'distance_accuracy_value', 'NONE');
#148 = FACE_OUTER_BOUND ( 'NONE', #6501, .T. ) ;
#149 = LINE ( 'NONE', #6749, #8710 ) ;
#150 = SHAPE_REPRESENTATION_RELATIONSHIP ( 'NONE' , 'NONE' ,  #11877, #10921 ) ;
#151 = CARTESIAN_POINT ( 'NONE',  ( 0.000000000000000000, 2.309401076758504701, -1.421367205045916737 ) ) ;
#152 = ADVANCED_FACE ( 'NONE', ( #3916 ), #9697, .T. ) ;
#153 = EDGE_CURVE ( 'NONE', #6850, #4477, #4450, .T. ) ;
#154 = ORIENTED_EDGE ( 'NONE', *, *, #4490, .T. ) ;
#155 = CIRCLE ( 'NONE', #6852, 1.000000000000000000 ) ;
#156 = DIRECTION ( 'NONE',  ( 0.000000000000000000, 1.000000000000000000, 0.000000000000000000 ) ) ;
#157 = CARTESIAN_POINT ( 'NONE',  ( 0.000000000000000000, 0.000000000000000000, -1.600000000000000089 ) ) ;
#158 = VECTOR ( 'NONE', #7444, 1000.000000000000114 ) ;
#159 = CARTESIAN_POINT ( 'NONE',  ( -0.5000000000000000000, 9.199999999999999289, -18.50000000000000355 ) ) ;
#160 = ORIENTED_EDGE ( 'NONE', *, *, #39, .T. ) ;
#161 = CARTESIAN_POINT ( 'NONE',  ( 2.099999999999999645, 4.001000000000000334, -0.4999999999999991673 ) ) ;
#162 = CLOSED_SHELL ( 'NONE', ( #7909, #6419, #5666, #1701, #9050, #872, #10410, #10552, #268, #57, #641, #251, #6221, #3450, #8993, #2147, #12110, #9448, #2364, #4578, #2470, #11167, #5069, #10624, #7335, #5490, #9653, #6527, #7362, #9680, #6953, #3783, #1222, #11026, #8557, #3439, #11201, #3847, #1295, #526, #6726, #3004, #1633, #9146, #11848, #6864, #8160, #1946, #6109, #8707, #4901, #5297, #3898 ) ) ;
#163 = ORIENTED_EDGE ( 'NONE', *, *, #6775, .F. ) ;
#164 = LINE ( 'NONE', #5783, #10967 ) ;
#165 = CARTESIAN_POINT ( 'NONE',  ( 1.672828002720946117, -1.343593379079623285, -0.06957546252590439406 ) ) ;
#166 = SURFACE_SIDE_STYLE ('',( #4847 ) ) ;
#167 = AXIS2_PLACEMENT_3D ( 'NONE', #10031, #9045, #4365 ) ;
#168 = DIRECTION ( 'NONE',  ( -0.000000000000000000, -0.000000000000000000, -1.000000000000000000 ) ) ;
#169 = ORIENTED_EDGE ( 'NONE', *, *, #11672, .T. ) ;
#170 = EDGE_CURVE ( 'NONE', #5446, #379, #11424, .T. ) ;
#171 = AXIS2_PLACEMENT_3D ( 'NONE', #11811, #2367, #434 ) ;
#172 = CARTESIAN_POINT ( 'NONE',  ( 0.000000000000000000, 0.000000000000000000, -1.600000000000000089 ) ) ;
#173 = CARTESIAN_POINT ( 'NONE',  ( -2.000000000000000000, 0.8999999999999995781, -20.99999999999990763 ) ) ;
#174 = AXIS2_PLACEMENT_3D ( 'NONE', #8222, #9088, #639 ) ;
#175 = EDGE_CURVE ( 'NONE', #9819, #5614, #8650, .T. ) ;
#176 = CARTESIAN_POINT ( 'NONE',  ( 0.000000000000000000, 2.309401076758504701, -0.1786327949540832127 ) ) ;
#177 = ORIENTED_EDGE ( 'NONE', *, *, #3415, .T. ) ;
#178 = CARTESIAN_POINT ( 'NONE',  ( -2.000000000000000000, 0.000000000000000000, -20.99999999999990763 ) ) ;
#179 = CARTESIAN_POINT ( 'NONE',  ( -1.000000000000000000, 0.000000000000000000, 0.000000000000000000 ) ) ;
#180 = PLANE ( 'NONE',  #8198 ) ;
#181 = EDGE_CURVE ( 'NONE', #9385, #10526, #7218, .T. ) ;
#182 = EDGE_LOOP ( 'NONE', ( #3027, #1169, #10557 ) ) ;
#183 = DIRECTION ( 'NONE',  ( 0.000000000000000000, 1.000000000000000000, 0.000000000000000000 ) ) ;
#184 = ORIENTED_EDGE ( 'NONE', *, *, #4919, .F. ) ;
#185 = B_SPLINE_CURVE_WITH_KNOTS ( 'NONE', 3,
 ( #8048, #4220, #5149, #7976 ),
 .UNSPECIFIED., .F., .F.,
 ( 4, 4 ),
 ( 2.380749485071512786E-07, 0.001168606431211099582 ),
 .UNSPECIFIED. ) ;
#186 = DIRECTION ( 'NONE',  ( -1.000000000000000000, -0.000000000000000000, -0.000000000000000000 ) ) ;
#187 =( GEOMETRIC_REPRESENTATION_CONTEXT ( 3 ) GLOBAL_UNCERTAINTY_ASSIGNED_CONTEXT ( ( #1250 ) ) GLOBAL_UNIT_ASSIGNED_CONTEXT ( ( #6537, #4559, #7380 ) ) REPRESENTATION_CONTEXT ( 'NONE', 'WORKASPACE' ) );
#188 = ORIENTED_EDGE ( 'NONE', *, *, #2515, .T. ) ;
#189 = ORIENTED_EDGE ( 'NONE', *, *, #3139, .T. ) ;
#190 = ADVANCED_BREP_SHAPE_REPRESENTATION ( '', ( #653, #8058 ), #9835 ) ;
#191 = DIRECTION ( 'NONE',  ( -0.8660254037844383745, -0.5000000000000004441, 0.000000000000000000 ) ) ;
#192 = EDGE_CURVE ( 'NONE', #5979, #12075, #6064, .T. ) ;
#193 = SHAPE_DEFINITION_REPRESENTATION ( #11198, #11877 ) ;
#194 = EDGE_CURVE ( 'NONE', #4194, #8215, #7965, .T. ) ;
#195 = LINE ( 'NONE', #11501, #2722 ) ;
#196 = CYLINDRICAL_SURFACE ( 'NONE', #10853, 1.000000000000000444 ) ;
#197 = VERTEX_POINT ( 'NONE', #4394 ) ;
#198 = APPLICATION_CONTEXT ( 'automotive_design' ) ;
#199 = MECHANICAL_DESIGN_GEOMETRIC_PRESENTATION_REPRESENTATION (  '', ( #12040 ), #9651 ) ;
#200 = ORIENTED_EDGE ( 'NONE', *, *, #2068, .F. ) ;
#201 = LINE ( 'NONE', #7727, #7841 ) ;
#202 = CARTESIAN_POINT ( 'NONE',  ( 1.224646799147353207E-16, 1.000000000000000444, -2.669518839163146584 ) ) ;
#203 = DIRECTION ( 'NONE',  ( -0.8660254037844379305, -0.000000000000000000, 0.5000000000000012212 ) ) ;
#204 = ORIENTED_EDGE ( 'NONE', *, *, #2790, .T. ) ;
#205 = CARTESIAN_POINT ( 'NONE',  ( 0.000000000000000000, 0.000000000000000000, 0.000000000000000000 ) ) ;
#206 = PRESENTATION_LAYER_ASSIGNMENT (  '', '', ( #7281 ) ) ;
#207 = CARTESIAN_POINT ( 'NONE',  ( 5.500000000000000888, 2.500000000000000000, 0.000000000000000000 ) ) ;
#208 = AXIS2_PLACEMENT_3D ( 'NONE', #6792, #2113, #5878 ) ;
#209 = DIRECTION ( 'NONE',  ( -0.000000000000000000, 0.000000000000000000, -1.000000000000000000 ) ) ;
#210 = CARTESIAN_POINT ( 'NONE',  ( 0.000000000000000000, 2.309401076758504701, -1.421367205045916737 ) ) ;
#211 = DIRECTION ( 'NONE',  ( 0.000000000000000000, 0.000000000000000000, 1.000000000000000000 ) ) ;
#212 = ORIENTED_EDGE ( 'NONE', *, *, #4600, .F. ) ;
#213 = CARTESIAN_POINT ( 'NONE',  ( 0.8156023289305088797, 0.000000000000000000, -0.1291166393111727595 ) ) ;
#214 = DIRECTION ( 'NONE',  ( 1.000000000000000000, 0.000000000000000000, 0.000000000000000000 ) ) ;
#215 = ORIENTED_EDGE ( 'NONE', *, *, #478, .F. ) ;
#216 = ORIENTED_EDGE ( 'NONE', *, *, #9468, .T. ) ;
#217 = CIRCLE ( 'NONE', #1997, 0.1749999999999999056 ) ;
#218 = CARTESIAN_POINT ( 'NONE',  ( 3.500000000000000000, 2.500000000000000000, 0.000000000000000000 ) ) ;
#219 = EDGE_CURVE ( 'NONE', #11895, #4288, #4207, .T. ) ;
#220 = VERTEX_POINT ( 'NONE', #8831 ) ;
#221 = CARTESIAN_POINT ( 'NONE',  ( 1.549999999999999378, 17.00000000000000000, -8.732195743157015855 ) ) ;
#222 = EDGE_CURVE ( 'NONE', #10389, #8417, #771, .T. ) ;
#223 = ORIENTED_EDGE ( 'NONE', *, *, #2164, .F. ) ;
#224 = DIRECTION ( 'NONE',  ( 1.000000000000000000, 0.000000000000000000, 0.000000000000000000 ) ) ;
#225 = LINE ( 'NONE', #2023, #9570 ) ;
#226 = CARTESIAN_POINT ( 'NONE',  ( 0.000000000000000000, 0.000000000000000000, -1.600000000000000089 ) ) ;
#227 = EDGE_LOOP ( 'NONE', ( #11792, #2002, #5192, #2506, #7441, #7329 ) ) ;
#228 = CARTESIAN_POINT ( 'NONE',  ( -2.000000000000000000, 2.500000000000000000, -24.00000000000000000 ) ) ;
#229 = DIRECTION ( 'NONE',  ( 0.000000000000000000, 0.000000000000000000, -1.000000000000000000 ) ) ;
#230 = CARTESIAN_POINT ( 'NONE',  ( 0.3277177810063109376, -2.120193127676285538, -0.07933779981236312173 ) ) ;
#231 = EDGE_CURVE ( 'NONE', #7119, #6786, #3288, .T. ) ;
#232 = CARTESIAN_POINT ( 'NONE',  ( -2.000000000000000000, 0.000000000000000000, -1.600000000000000089 ) ) ;
#233 = DIRECTION ( 'NONE',  ( -1.000000000000000000, -0.000000000000000000, -0.000000000000000000 ) ) ;
#234 = CARTESIAN_POINT ( 'NONE',  ( 1.000000000000001998, 1.732050807568876083, -1.600000000000000089 ) ) ;
#235 = ORIENTED_EDGE ( 'NONE', *, *, #7161, .F. ) ;
#236 = B_SPLINE_CURVE_WITH_KNOTS ( 'NONE', 3,
 ( #3749, #10281, #5599, #3051, #5955, #2313 ),
 .UNSPECIFIED., .F., .F.,
 ( 4, 2, 4 ),
 ( 0.003228283429323685737, 0.003812703409393315007, 0.004397123389462943843 ),
 .UNSPECIFIED. ) ;
#237 = DIRECTION ( 'NONE',  ( 1.000000000000000000, 0.000000000000000000, 0.000000000000000000 ) ) ;
#238 = EDGE_LOOP ( 'NONE', ( #377, #9067, #1312, #1938, #6113, #6924 ) ) ;
#239 =( NAMED_UNIT ( * ) PLANE_ANGLE_UNIT ( ) SI_UNIT ( $, .RADIAN. ) );
#240 = EDGE_CURVE ( 'NONE', #2038, #10551, #4606, .T. ) ;
#241 = ORIENTED_EDGE ( 'NONE', *, *, #5052, .T. ) ;
#242 = VERTEX_POINT ( 'NONE', #3471 ) ;
#243 = DIRECTION ( 'NONE',  ( 0.000000000000000000, 0.000000000000000000, -1.000000000000000000 ) ) ;
#244 = PRODUCT_DEFINITION_SHAPE ( 'NONE', 'NONE',  #12228 ) ;
#245 = DIRECTION ( 'NONE',  ( 0.000000000000000000, 0.000000000000000000, -1.000000000000000000 ) ) ;
#246 = DIRECTION ( 'NONE',  ( -1.000000000000000000, 0.000000000000000000, 0.000000000000000000 ) ) ;
#247 = ORIENTED_EDGE ( 'NONE', *, *, #8778, .T. ) ;
#248 = ADVANCED_FACE ( 'NONE', ( #5259 ), #5997, .F. ) ;
#249 = CARTESIAN_POINT ( 'NONE',  ( 1.086261710843702231E-16, -0.7739999999999994662, -1.599999999999999867 ) ) ;
#250 = CARTESIAN_POINT ( 'NONE',  ( -11.31370849898476116, 7.500000000000000000, -6.116139535669825378 ) ) ;
#251 = ADVANCED_FACE ( 'NONE', ( #7042, #8145, #7911 ), #10928, .T. ) ;
#252 = CARTESIAN_POINT ( 'NONE',  ( 0.000000000000000000, 4.738805170303855086E-16, -3.869518839163146762 ) ) ;
#253 = CARTESIAN_POINT ( 'NONE',  ( -2.000000000000000000, 0.2999999999999825584, -19.89999999999990976 ) ) ;
#254 = ORIENTED_EDGE ( 'NONE', *, *, #407, .F. ) ;
#255 = LINE ( 'NONE', #5770, #5676 ) ;
#256 = AXIS2_PLACEMENT_3D ( 'NONE', #9022, #4344, #767 ) ;
#257 = LINE ( 'NONE', #10495, #1206 ) ;
#258 = UNCERTAINTY_MEASURE_WITH_UNIT (LENGTH_MEASURE( 1.000000000000000082E-05 ), #7578, 'distance_accuracy_value', 'NONE');
#259 = DIRECTION ( 'NONE',  ( 0.8660254037844385966, 0.5000000000000000000, 0.000000000000000000 ) ) ;
#260 = CARTESIAN_POINT ( 'NONE',  ( 0.5186766272845236836, 0.5064721182257589938, -0.7302883291087556294 ) ) ;
#261 = CIRCLE ( 'NONE', #1852, 1.999999999999999556 ) ;
#262 = DIRECTION ( 'NONE',  ( -0.000000000000000000, 1.000000000000000000, 0.000000000000000000 ) ) ;
#263 = EDGE_LOOP ( 'NONE', ( #3005, #3429, #8821, #10012 ) ) ;
#264 = PLANE ( 'NONE',  #8249 ) ;
#265 = CARTESIAN_POINT ( 'NONE',  ( 0.000000000000000000, 0.7740000000000005764, -1.599999999999999867 ) ) ;
#266 = AXIS2_PLACEMENT_3D ( 'NONE', #2848, #6562, #1867 ) ;
#267 = EDGE_LOOP ( 'NONE', ( #4143, #1245, #11157, #10986, #9985 ) ) ;
#268 = ADVANCED_FACE ( 'NONE', ( #380 ), #1559, .F. ) ;
#269 = ADVANCED_FACE ( 'NONE', ( #5136 ), #3334, .T. ) ;
#270 = EDGE_LOOP ( 'NONE', ( #3384, #3668 ) ) ;
#271 = PLANE ( 'NONE',  #1739 ) ;
#272 = ORIENTED_EDGE ( 'NONE', *, *, #4084, .F. ) ;
#273 = CARTESIAN_POINT ( 'NONE',  ( 0.4682615195961036259, -0.8110527431698564271, 0.000000000000000000 ) ) ;
#274 = CARTESIAN_POINT ( 'NONE',  ( 1.000000000000000444, -1.732050807568876971, 0.000000000000000000 ) ) ;
#275 = AXIS2_PLACEMENT_3D ( 'NONE', #9430, #11417, #2956 ) ;
#276 = CARTESIAN_POINT ( 'NONE',  ( 0.000000000000000000, 2.309401076758504701, -1.421367205045916737 ) ) ;
#277 = EDGE_LOOP ( 'NONE', ( #2794, #11479, #7278, #3655, #8930, #7873 ) ) ;
#278 = CARTESIAN_POINT ( 'NONE',  ( 3.699999999999999289, 2.821690854684141936, -0.4999999999999991673 ) ) ;
#279 = CARTESIAN_POINT ( 'NONE',  ( 5.500000000000000888, 0.000000000000000000, -3.000000000000000000 ) ) ;
#280 = CONICAL_SURFACE ( 'NONE', #5995, 2.000000000000000000, 1.047197551196596299 ) ;
#281 = PRODUCT_RELATED_PRODUCT_CATEGORY ( 'part', '', ( #11092 ) ) ;
#282 = FACE_OUTER_BOUND ( 'NONE', #3151, .T. ) ;
#283 = DIRECTION ( 'NONE',  ( -1.000000000000000000, 0.000000000000000000, 0.000000000000000000 ) ) ;
#284 = AXIS2_PLACEMENT_3D ( 'NONE', #1464, #3325, #229 ) ;
#285 = CARTESIAN_POINT ( 'NONE',  ( -4.000000000000003553, 2.500000000000000000, -19.84529946162065883 ) ) ;
#286 = VERTEX_POINT ( 'NONE', #4274 ) ;
#287 = VECTOR ( 'NONE', #12062, 1000.000000000000000 ) ;
#288 = CARTESIAN_POINT ( 'NONE',  ( -2.000000000000000000, 0.9679918988505324950, -1.475265346691885471 ) ) ;
#289 = FACE_OUTER_BOUND ( 'NONE', #10233, .T. ) ;
#290 = CARTESIAN_POINT ( 'NONE',  ( -2.000000000000000000, 0.000000000000000000, -18.00000000000000355 ) ) ;
#291 = VECTOR ( 'NONE', #9348, 1000.000000000000114 ) ;
#292 = ADVANCED_FACE ( 'NONE', ( #10747 ), #629, .T. ) ;
#293 = ORIENTED_EDGE ( 'NONE', *, *, #5540, .T. ) ;
#294 = EDGE_CURVE ( 'NONE', #4288, #9089, #5706, .T. ) ;
#295 = CYLINDRICAL_SURFACE ( 'NONE', #8771, 2.000000000000000000 ) ;
#296 = DIRECTION ( 'NONE',  ( 0.000000000000000000, -0.000000000000000000, -1.000000000000000000 ) ) ;
#297 = VERTEX_POINT ( 'NONE', #570 ) ;
#298 = LINE ( 'NONE', #11798, #1859 ) ;
#299 = ORIENTED_EDGE ( 'NONE', *, *, #4354, .F. ) ;
#300 = EDGE_LOOP ( 'NONE', ( #12046, #7230, #1205 ) ) ;
#301 = VECTOR ( 'NONE', #542, 999.9999999999997726 ) ;
#302 = AXIS2_PLACEMENT_3D ( 'NONE', #2835, #4689, #11425 ) ;
#303 = CARTESIAN_POINT ( 'NONE',  ( 0.8000000000000000444, 0.000000000000000000, -8.000000000000000000 ) ) ;
#304 = CONTEXT_DEPENDENT_SHAPE_REPRESENTATION ( #5173, #11298 ) ;
#305 = CARTESIAN_POINT ( 'NONE',  ( 0.000000000000000000, 0.000000000000000000, -1.600000000000000089 ) ) ;
#306 = CARTESIAN_POINT ( 'NONE',  ( -2.000000000000000000, 1.154700538379254349, -1.421367205045916737 ) ) ;
#307 = CIRCLE ( 'NONE', #6624, 2.499999999999998668 ) ;
#308 = VERTEX_POINT ( 'NONE', #4337 ) ;
#309 = EDGE_CURVE ( 'NONE', #2038, #7232, #8091, .T. ) ;
#310 = VECTOR ( 'NONE', #3571, 1000.000000000000227 ) ;
#311 = VERTEX_POINT ( 'NONE', #9076 ) ;
#312 = LINE ( 'NONE', #2179, #1323 ) ;
#313 = CIRCLE ( 'NONE', #7806, 2.000000000000000000 ) ;
#314 = CARTESIAN_POINT ( 'NONE',  ( 0.000000000000000000, 0.000000000000000000, 0.000000000000000000 ) ) ;
#315 = CIRCLE ( 'NONE', #9381, 1.999999999999999556 ) ;
#316 = CARTESIAN_POINT ( 'NONE',  ( 7.500000000000003553, 2.500000000000000000, -22.15470053837915643 ) ) ;
#317 = EDGE_CURVE ( 'NONE', #1289, #5531, #10614, .T. ) ;
#318 = ORIENTED_EDGE ( 'NONE', *, *, #2829, .F. ) ;
#319 = AXIS2_PLACEMENT_3D ( 'NONE', #11872, #3422, #7160 ) ;
#320 = DIRECTION ( 'NONE',  ( 1.000000000000000000, 0.000000000000000000, 0.000000000000000000 ) ) ;
#321 = AXIS2_PLACEMENT_3D ( 'NONE', #12134, #4596, #4716 ) ;
#322 = CARTESIAN_POINT ( 'NONE',  ( -2.000000000000000000, 0.3931374000439445404, -0.01723613881363289871 ) ) ;
#323 = ORIENTED_EDGE ( 'NONE', *, *, #4131, .T. ) ;
#324 =( NAMED_UNIT ( * ) PLANE_ANGLE_UNIT ( ) SI_UNIT ( $, .RADIAN. ) );
#325 = CARTESIAN_POINT ( 'NONE',  ( 0.1792658718212356839, 0.7024802669117058418, -0.7302567319458299622 ) ) ;
#326 = DIRECTION ( 'NONE',  ( 2.320969754251892408E-16, -0.1508626058484695831, -0.9885547400911137705 ) ) ;
#327 = CIRCLE ( 'NONE', #1721, 1.000000000000000000 ) ;
#328 = AXIS2_PLACEMENT_3D ( 'NONE', #1727, #3586, #11796 ) ;
#329 = CONICAL_SURFACE ( 'NONE', #7425, 1.000000000000000000, 1.047197551196604515 ) ;
#330 = CARTESIAN_POINT ( 'NONE',  ( 0.000000000000000000, 1.224646799147353207E-16, -1.000000000000000000 ) ) ;
#331 = CIRCLE ( 'NONE', #11380, 1.000000000000000000 ) ;
#332 = ADVANCED_FACE ( 'NONE', ( #8328 ), #1958, .F. ) ;
#333 = FACE_OUTER_BOUND ( 'NONE', #11797, .T. ) ;
#334 = FACE_OUTER_BOUND ( 'NONE', #4823, .T. ) ;
#335 = VERTEX_POINT ( 'NONE', #2667 ) ;
#336 = CIRCLE ( 'NONE', #6841, 1.400000000000014122 ) ;
#337 = B_SPLINE_CURVE_WITH_KNOTS ( 'NONE', 3,
 ( #1940, #2983, #11381, #140 ),
 .UNSPECIFIED., .F., .F.,
 ( 4, 4 ),
 ( 2.380749485071512786E-07, 0.001168606431211099582 ),
 .UNSPECIFIED. ) ;
#338 = ORIENTED_EDGE ( 'NONE', *, *, #1777, .F. ) ;
#339 = PLANE ( 'NONE',  #749 ) ;
#340 = CARTESIAN_POINT ( 'NONE',  ( 2.099999999999999645, -2.821690854684141936, -0.4999999999999991673 ) ) ;
#341 = ORIENTED_EDGE ( 'NONE', *, *, #3373, .F. ) ;
#342 = DIRECTION ( 'NONE',  ( 0.000000000000000000, 0.000000000000000000, -1.000000000000000000 ) ) ;
#343 = DIRECTION ( 'NONE',  ( 0.000000000000000000, 1.000000000000000000, 0.000000000000000000 ) ) ;
#344 = VECTOR ( 'NONE', #5642, 1000.000000000000114 ) ;
#345 = CARTESIAN_POINT ( 'NONE',  ( -1.000000000000000888, 1.732050807568876749, -1.600000000000000089 ) ) ;
#346 = ORIENTED_EDGE ( 'NONE', *, *, #5925, .T. ) ;
#347 = EDGE_CURVE ( 'NONE', #4173, #5247, #8275, .T. ) ;
#348 = ADVANCED_FACE ( 'NONE', ( #6300 ), #1558, .F. ) ;
#349 = FACE_OUTER_BOUND ( 'NONE', #6975, .T. ) ;
#350 = AXIS2_PLACEMENT_3D ( 'NONE', #625, #2294, #9814 ) ;
#351 = CARTESIAN_POINT ( 'NONE',  ( 0.000000000000000000, 4.738805170303855086E-16, -2.669518839163146584 ) ) ;
#352 = CARTESIAN_POINT ( 'NONE',  ( -1.999999999999999556, -0.3889866277140360817, -0.01677217554083886356 ) ) ;
#353 = DIRECTION ( 'NONE',  ( -0.000000000000000000, 1.000000000000000000, 0.000000000000000000 ) ) ;
#354 = DIRECTION ( 'NONE',  ( 1.000000000000000000, 0.000000000000000000, -0.000000000000000000 ) ) ;
#355 = PRODUCT_DEFINITION_SHAPE ( 'NONE', 'NONE',  #12223 ) ;
#356 = ORIENTED_EDGE ( 'NONE', *, *, #10957, .F. ) ;
#357 = AXIS2_PLACEMENT_3D ( 'NONE', #6356, #12108, #4575 ) ;
#358 = CARTESIAN_POINT ( 'NONE',  ( 3.400000000000000355, 6.123233995736766036E-17, -0.5000000000000000000 ) ) ;
#359 = APPLICATION_CONTEXT ( 'automotive_design' ) ;
#360 = PLANE ( 'NONE',  #2531 ) ;
#361 = FACE_BOUND ( 'NONE', #3980, .T. ) ;
#362 = ORIENTED_EDGE ( 'NONE', *, *, #153, .F. ) ;
#363 = DIRECTION ( 'NONE',  ( -0.000000000000000000, 0.000000000000000000, -1.000000000000000000 ) ) ;
#364 = AXIS2_PLACEMENT_3D ( 'NONE', #9569, #6922, #2180 ) ;
#365 = ORIENTED_EDGE ( 'NONE', *, *, #8150, .F. ) ;
#366 = DIRECTION ( 'NONE',  ( 1.000000000000000000, 0.000000000000000000, 0.000000000000000000 ) ) ;
#367 = AXIS2_PLACEMENT_3D ( 'NONE', #6618, #3611, #9334 ) ;
#368 = CARTESIAN_POINT ( 'NONE',  ( -0.5186766272845191317, -0.5064721182257586607, -0.7302883291087575168 ) ) ;
#369 = ORIENTED_EDGE ( 'NONE', *, *, #9910, .T. ) ;
#370 = ORIENTED_EDGE ( 'NONE', *, *, #7510, .F. ) ;
#371 = EDGE_CURVE ( 'NONE', #8454, #3931, #2730, .T. ) ;
#372 = ORIENTED_EDGE ( 'NONE', *, *, #2839, .T. ) ;
#373 = EDGE_CURVE ( 'NONE', #6110, #8046, #6871, .T. ) ;
#374 = ITEM_DEFINED_TRANSFORMATION ( 'NONE', 'NONE', #9861,  #8058 ) ;
#375 = DIRECTION ( 'NONE',  ( 0.000000000000000000, -0.000000000000000000, 1.000000000000000000 ) ) ;
#376 = CARTESIAN_POINT ( 'NONE',  ( 0.000000000000000000, -0.7739999999999994662, -4.000000000000000000 ) ) ;
#377 = ORIENTED_EDGE ( 'NONE', *, *, #8892, .T. ) ;
#378 = AXIS2_PLACEMENT_3D ( 'NONE', #8505, #56, #2271 ) ;
#379 = VERTEX_POINT ( 'NONE', #5445 ) ;
#380 = FACE_OUTER_BOUND ( 'NONE', #10510, .T. ) ;
#381 = CARTESIAN_POINT ( 'NONE',  ( 0.000000000000000000, 0.000000000000000000, -1.600000000000000089 ) ) ;
#382 = CARTESIAN_POINT ( 'NONE',  ( 0.000000000000000000, 0.000000000000000000, 0.000000000000000000 ) ) ;
#383 = ORIENTED_EDGE ( 'NONE', *, *, #6666, .F. ) ;
#384 = DIRECTION ( 'NONE',  ( 0.000000000000000000, 1.000000000000000000, 0.000000000000000000 ) ) ;
#385 = EDGE_CURVE ( 'NONE', #11175, #8699, #4708, .T. ) ;
#386 = CARTESIAN_POINT ( 'NONE',  ( 5.500000000000001776, -0.8000000000000194733, -2.999999999999891642 ) ) ;
#387 = UNCERTAINTY_MEASURE_WITH_UNIT (LENGTH_MEASURE( 1.000000000000000082E-05 ), #2936, 'distance_accuracy_value', 'NONE');
#388 = EDGE_LOOP ( 'NONE', ( #6697, #11909 ) ) ;
#389 = CARTESIAN_POINT ( 'NONE',  ( 0.000000000000000000, 0.000000000000000000, -0.2999999999999834466 ) ) ;
#390 = EDGE_CURVE ( 'NONE', #6877, #11803, #5376, .T. ) ;
#391 = CARTESIAN_POINT ( 'NONE',  ( 4.000000000000000000, 9.199999999999999289, -18.50000000000000355 ) ) ;
#392 = CARTESIAN_POINT ( 'NONE',  ( 5.500000000000000888, 2.500000000000000000, -18.00000000000000355 ) ) ;
#393 = CARTESIAN_POINT ( 'NONE',  ( -2.000000000000000000, -0.7745510564695445854, -0.07894766929796916133 ) ) ;
#394 = EDGE_CURVE ( 'NONE', #1471, #11253, #4123, .T. ) ;
#395 = DIRECTION ( 'NONE',  ( -1.000000000000000000, -0.000000000000000000, -0.000000000000000000 ) ) ;
#396 = EDGE_LOOP ( 'NONE', ( #7299, #8673 ) ) ;
#397 = ORIENTED_EDGE ( 'NONE', *, *, #6694, .T. ) ;
#398 = DIRECTION ( 'NONE',  ( -1.000000000000000000, -0.000000000000000000, -0.000000000000000000 ) ) ;
#399 = ADVANCED_FACE ( 'NONE', ( #9326 ), #12029, .F. ) ;
#400 = ORIENTED_EDGE ( 'NONE', *, *, #432, .T. ) ;
#401 = CARTESIAN_POINT ( 'NONE',  ( 0.000000000000000000, 0.000000000000000000, 0.000000000000000000 ) ) ;
#402 = LINE ( 'NONE', #2263, #1112 ) ;
#403 = SURFACE_SIDE_STYLE ('',( #5161 ) ) ;
#404 = DIRECTION ( 'NONE',  ( -1.000000000000000000, 0.000000000000000000, 0.000000000000000000 ) ) ;
#405 = ORIENTED_EDGE ( 'NONE', *, *, #5055, .T. ) ;
#406 = DIRECTION ( 'NONE',  ( 0.000000000000000000, 0.000000000000000000, 1.000000000000000000 ) ) ;
#407 = EDGE_CURVE ( 'NONE', #2073, #6394, #4634, .T. ) ;
#408 = LINE ( 'NONE', #4182, #74 ) ;
#409 = FACE_OUTER_BOUND ( 'NONE', #1621, .T. ) ;
#410 = EDGE_CURVE ( 'NONE', #5805, #4328, #5116, .T. ) ;
#411 = ADVANCED_FACE ( 'NONE', ( #1675 ), #3601, .F. ) ;
#412 = VERTEX_POINT ( 'NONE', #8208 ) ;
#413 = CARTESIAN_POINT ( 'NONE',  ( 2.000000000000000000, 0.000000000000000000, -1.600000000000000089 ) ) ;
#414 = AXIS2_PLACEMENT_3D ( 'NONE', #3841, #7769, #4764 ) ;
#415 = LINE ( 'NONE', #9973, #8983 ) ;
#416 = ORIENTED_EDGE ( 'NONE', *, *, #7794, .F. ) ;
#417 = PLANE ( 'NONE',  #6232 ) ;
#418 = ORIENTED_EDGE ( 'NONE', *, *, #6282, .F. ) ;
#419 = CARTESIAN_POINT ( 'NONE',  ( 1.000000000000000444, -1.732050807568876971, 0.000000000000000000 ) ) ;
#420 = CARTESIAN_POINT ( 'NONE',  ( 2.099999999999999645, 2.971690854684141847, -0.4999999999999991673 ) ) ;
#421 = ORIENTED_EDGE ( 'NONE', *, *, #1615, .T. ) ;
#423 = CARTESIAN_POINT ( 'NONE',  ( 2.099999999999999645, 2.971690854684141847, -0.4999999999999991673 ) ) ;
#422 = APPLICATION_CONTEXT ( 'automotive_design' ) ;
#424 = EDGE_CURVE ( 'NONE', #7957, #4039, #7107, .T. ) ;
#425 = VERTEX_POINT ( 'NONE', #11123 ) ;
#426 = ORIENTED_EDGE ( 'NONE', *, *, #7618, .F. ) ;
#427 = CARTESIAN_POINT ( 'NONE',  ( 2.000000000000000000, -1.154700538379255015, -1.421367205045916737 ) ) ;
#428 = CARTESIAN_POINT ( 'NONE',  ( 11.50000000000000000, 7.500000000000000888, -2.116139535669824934 ) ) ;
#429 = EDGE_LOOP ( 'NONE', ( #6054, #6859, #5338, #9033 ) ) ;
#430 = ORIENTED_EDGE ( 'NONE', *, *, #8534, .F. ) ;
#431 = EDGE_CURVE ( 'NONE', #7837, #7348, #6879, .T. ) ;
#432 = EDGE_CURVE ( 'NONE', #5089, #8034, #550, .T. ) ;
#433 = CARTESIAN_POINT ( 'NONE',  ( 0.000000000000000000, 0.000000000000000000, -1.600000000000000089 ) ) ;
#434 = DIRECTION ( 'NONE',  ( 0.000000000000000000, 0.000000000000000000, 1.000000000000000000 ) ) ;
#435 = ORIENTED_EDGE ( 'NONE', *, *, #11391, .T. ) ;
#436 = CARTESIAN_POINT ( 'NONE',  ( -1.899999999999999689, 0.000000000000000000, 0.000000000000000000 ) ) ;
#437 = VERTEX_POINT ( 'NONE', #10191 ) ;
#438 = DIRECTION ( 'NONE',  ( 0.000000000000000000, 0.000000000000000000, -1.000000000000000000 ) ) ;
#439 = CYLINDRICAL_SURFACE ( 'NONE', #11906, 0.1749999999999998224 ) ;
#440 = PRESENTATION_STYLE_ASSIGNMENT (( #1385 ) ) ;
#441 = DIRECTION ( 'NONE',  ( 0.000000000000000000, 1.000000000000000000, 0.000000000000000000 ) ) ;
#442 = PLANE ( 'NONE',  #6094 ) ;
#443 = ORIENTED_EDGE ( 'NONE', *, *, #5169, .T. ) ;
#444 = EDGE_CURVE ( 'NONE', #7199, #2131, #5514, .T. ) ;
#445 = EDGE_CURVE ( 'NONE', #5142, #11428, #2172, .T. ) ;
#446 = DIRECTION ( 'NONE',  ( 0.7071067811865487940, 0.000000000000000000, 0.7071067811865463515 ) ) ;
#447 = PRODUCT_DEFINITION_SHAPE ( 'NONE', 'NONE',  #12233 ) ;
#448 = ORIENTED_EDGE ( 'NONE', *, *, #7951, .T. ) ;
#449 = DIRECTION ( 'NONE',  ( 2.253471898105733912E-15, 0.000000000000000000, -1.000000000000000000 ) ) ;
#450 = AXIS2_PLACEMENT_3D ( 'NONE', #8039, #11933, #3232 ) ;
#451 = ORIENTED_EDGE ( 'NONE', *, *, #7235, .T. ) ;
#452 = ORIENTED_EDGE ( 'NONE', *, *, #1819, .T. ) ;
#453 = CARTESIAN_POINT ( 'NONE',  ( -4.000000000000001776, 2.500000000000000000, -1.845299461620639736 ) ) ;
#454 = ORIENTED_EDGE ( 'NONE', *, *, #7742, .F. ) ;
#455 = CIRCLE ( 'NONE', #7356, 1.999999999999999556 ) ;
#456 = CARTESIAN_POINT ( 'NONE',  ( -1.672282218993687675, -1.343908487461474177, -0.07933779981236170620 ) ) ;
#457 = DIRECTION ( 'NONE',  ( -1.000000000000000000, 0.000000000000000000, 0.000000000000000000 ) ) ;
#458 = CARTESIAN_POINT ( 'NONE',  ( 1.836821824868180020, 1.248911501717478334, -1.475759930090789540 ) ) ;
#459 = EDGE_LOOP ( 'NONE', ( #930, #4936, #994 ) ) ;
#460 = FACE_OUTER_BOUND ( 'NONE', #7675, .T. ) ;
#461 = AXIS2_PLACEMENT_3D ( 'NONE', #157, #5957, #3000 ) ;
#462 = EDGE_CURVE ( 'NONE', #2603, #51, #3740, .T. ) ;
#463 = AXIS2_PLACEMENT_3D ( 'NONE', #8067, #3391, #8919 ) ;
#464 = CARTESIAN_POINT ( 'NONE',  ( 0.5560518688116538044, -0.5176555429708572520, -0.7092725651034377243 ) ) ;
#465 = FACE_OUTER_BOUND ( 'NONE', #3301, .T. ) ;
#466 = DIRECTION ( 'NONE',  ( 0.000000000000000000, 0.000000000000000000, -1.000000000000000000 ) ) ;
#467 = FACE_OUTER_BOUND ( 'NONE', #3588, .T. ) ;
#468 = ORIENTED_EDGE ( 'NONE', *, *, #7664, .T. ) ;
#469 = CARTESIAN_POINT ( 'NONE',  ( 7.500000000000002665, 0.8999999999999995781, -19.84529946162065173 ) ) ;
#470 = ADVANCED_FACE ( 'NONE', ( #1924 ), #4717, .T. ) ;
#471 = CARTESIAN_POINT ( 'NONE',  ( 2.000000000000000000, 0.7788341705667923831, -0.07984828284773053120 ) ) ;
#472 =( LENGTH_UNIT ( ) NAMED_UNIT ( * ) SI_UNIT ( .MILLI., .METRE. ) );
#473 = VERTEX_POINT ( 'NONE', #2212 ) ;
#474 = CONICAL_SURFACE ( 'NONE', #2459, 2.000000000000000000, 1.047197551196595855 ) ;
#475 = PLANE ( 'NONE',  #4469 ) ;
#476 = VERTEX_POINT ( 'NONE', #8862 ) ;
#477 = VERTEX_POINT ( 'NONE', #4758 ) ;
#478 = EDGE_CURVE ( 'NONE', #3368, #863, #123, .T. ) ;
#479 = DIRECTION ( 'NONE',  ( 1.000000000000000000, 0.000000000000000000, 0.000000000000000000 ) ) ;
#480 = MANIFOLD_SOLID_BREP ( 'Ressalto-extrus\X2\00e3\X0\o1', #12008 ) ;
#481 = DIRECTION ( 'NONE',  ( 0.000000000000000000, 0.000000000000000000, 1.000000000000000000 ) ) ;
#482 = CARTESIAN_POINT ( 'NONE',  ( 1.000000000000000000, 0.000000000000000000, 0.000000000000000000 ) ) ;
#483 = ORIENTED_EDGE ( 'NONE', *, *, #10407, .F. ) ;
#484 = CARTESIAN_POINT ( 'NONE',  ( -2.000000000000000000, 0.000000000000000000, -21.00000000000000000 ) ) ;
#485 = AXIS2_PLACEMENT_3D ( 'NONE', #7158, #10930, #1618 ) ;
#486 = CARTESIAN_POINT ( 'NONE',  ( 0.08213768893543926808, 0.8593772883067019031, -0.6474136047551836137 ) ) ;
#487 = ORIENTED_EDGE ( 'NONE', *, *, #8527, .F. ) ;
#488 = ORIENTED_EDGE ( 'NONE', *, *, #1972, .F. ) ;
#489 = AXIS2_PLACEMENT_3D ( 'NONE', #7780, #5944, #11450 ) ;
#490 = PRODUCT_CONTEXT ( 'NONE', #11717, 'mechanical' ) ;
#491 = AXIS2_PLACEMENT_3D ( 'NONE', #5182, #2223, #11494 ) ;
#492 = AXIS2_PLACEMENT_3D ( 'NONE', #11914, #3591, #11046 ) ;
#493 = LINE ( 'NONE', #9069, #753 ) ;
#494 = CARTESIAN_POINT ( 'NONE',  ( -2.000000000000000000, -0.9668978507697956193, -0.1244188288311465912 ) ) ;
#495 = ORIENTED_EDGE ( 'NONE', *, *, #8778, .F. ) ;
#496 = EDGE_CURVE ( 'NONE', #7367, #1426, #5512, .T. ) ;
#497 = EDGE_CURVE ( 'NONE', #6884, #3184, #5692, .T. ) ;
#498 = DIRECTION ( 'NONE',  ( 1.000000000000000000, 0.000000000000000000, 0.000000000000000000 ) ) ;
#499 = ORIENTED_EDGE ( 'NONE', *, *, #8625, .F. ) ;
#500 = CARTESIAN_POINT ( 'NONE',  ( 0.3271719972790544384, 2.120508236058134433, -0.06957546252590364466 ) ) ;
#501 = AXIS2_PLACEMENT_3D ( 'NONE', #386, #11631, #8836 ) ;
#502 = PRODUCT_DEFINITION_CONTEXT ( 'detailed design', #4931, 'design' ) ;
#503 = VERTEX_POINT ( 'NONE', #7588 ) ;
#504 = DIRECTION ( 'NONE',  ( -1.000000000000000000, 0.000000000000000000, 0.000000000000000000 ) ) ;
#505 = CARTESIAN_POINT ( 'NONE',  ( -22.70914770952258621, -2.050261755315463841, 1045.983860464337113 ) ) ;
#506 = CIRCLE ( 'NONE', #4260, 1.999999999999999556 ) ;
#507 = CARTESIAN_POINT ( 'NONE',  ( -0.1792794172266556074, 0.7024231517789284451, -0.7302883528660969459 ) ) ;
#508 = CARTESIAN_POINT ( 'NONE',  ( 5.500000000000000888, 2.500000000000000000, -24.00000000000000000 ) ) ;
#509 = CARTESIAN_POINT ( 'NONE',  ( 2.000000000000000000, 0.000000000000000000, 0.000000000000000000 ) ) ;
#510 = VERTEX_POINT ( 'NONE', #9498 ) ;
#511 = AXIS2_PLACEMENT_3D ( 'NONE', #9112, #609, #10163 ) ;
#512 = AXIS2_PLACEMENT_3D ( 'NONE', #6943, #7809, #1265 ) ;
#513 = CARTESIAN_POINT ( 'NONE',  ( 0.000000000000000000, 17.00000000000000000, -3.232195743157015411 ) ) ;
#514 = ORIENTED_EDGE ( 'NONE', *, *, #10866, .T. ) ;
#515 = CARTESIAN_POINT ( 'NONE',  ( 0.000000000000000000, 0.000000000000000000, -1.600000000000000089 ) ) ;
#516 = AXIS2_PLACEMENT_3D ( 'NONE', #3262, #7888, #2216 ) ;
#517 = CIRCLE ( 'NONE', #3492, 1.000000000000000000 ) ;
#518 = ORIENTED_EDGE ( 'NONE', *, *, #8906, .T. ) ;
#519 = VERTEX_POINT ( 'NONE', #9443 ) ;
#520 = CARTESIAN_POINT ( 'NONE',  ( -16.00000000000000000, 0.000000000000000000, -4.000000000000000000 ) ) ;
#521 = AXIS2_PLACEMENT_3D ( 'NONE', #7256, #1647, #544 ) ;
#522 = ORIENTED_EDGE ( 'NONE', *, *, #4613, .F. ) ;
#523 = CARTESIAN_POINT ( 'NONE',  ( 0.000000000000000000, 0.000000000000000000, 0.000000000000000000 ) ) ;
#524 = EDGE_CURVE ( 'NONE', #11130, #1358, #4327, .T. ) ;
#525 = MECHANICAL_DESIGN_GEOMETRIC_PRESENTATION_REPRESENTATION (  '', ( #1319 ), #4865 ) ;
#526 = ADVANCED_FACE ( 'NONE', ( #11364 ), #6676, .F. ) ;
#527 = CARTESIAN_POINT ( 'NONE',  ( -16.00000000000000000, 0.000000000000000000, 0.000000000000000000 ) ) ;
#528 = FACE_OUTER_BOUND ( 'NONE', #5463, .T. ) ;
#529 = EDGE_LOOP ( 'NONE', ( #10264, #5950 ) ) ;
#530 = ORIENTED_EDGE ( 'NONE', *, *, #7174, .T. ) ;
#531 = CIRCLE ( 'NONE', #10391, 4.000000000000000000 ) ;
#532 = AXIS2_PLACEMENT_3D ( 'NONE', #6937, #6012, #4676 ) ;
#533 = AXIS2_PLACEMENT_3D ( 'NONE', #11541, #1362, #296 ) ;
#534 = CARTESIAN_POINT ( 'NONE',  ( 0.000000000000000000, 0.000000000000000000, -0.2999999999999842792 ) ) ;
#535 = AXIS2_PLACEMENT_3D ( 'NONE', #6585, #7561, #2022 ) ;
#536 = B_SPLINE_CURVE_WITH_KNOTS ( 'NONE', 3,
 ( #3113, #325, #9583, #1139, #4899, #3988, #8709, #7860, #260, #4036 ),
 .UNSPECIFIED., .F., .F.,
 ( 4, 2, 2, 2, 4 ),
 ( 2.307468050646352600E-07, 0.0001314299896011972301, 0.0002626292323973297965, 0.0003938284751934623628, 0.0005250277179895950375 ),
 .UNSPECIFIED. ) ;
#537 = CIRCLE ( 'NONE', #5470, 4.000000000000000000 ) ;
#538 = CIRCLE ( 'NONE', #7438, 0.7740000000000000213 ) ;
#539 = CARTESIAN_POINT ( 'NONE',  ( 1.999999999999999556, 0.7788341705667920500, -1.520151717152269377 ) ) ;
#540 = LINE ( 'NONE', #7314, #9353 ) ;
#541 = DIRECTION ( 'NONE',  ( 1.000000000000000000, 0.000000000000000000, 0.000000000000000000 ) ) ;
#542 = DIRECTION ( 'NONE',  ( -0.8660254037844380415, 0.000000000000000000, 0.5000000000000013323 ) ) ;
#543 = AXIS2_PLACEMENT_3D ( 'NONE', #4818, #4027, #6860 ) ;
#544 = DIRECTION ( 'NONE',  ( 0.000000000000000000, 0.000000000000000000, 1.000000000000000000 ) ) ;
#545 = EDGE_CURVE ( 'NONE', #7232, #11305, #9046, .T. ) ;
#546 = DIRECTION ( 'NONE',  ( 0.000000000000000000, -0.000000000000000000, 1.000000000000000000 ) ) ;
#547 = VECTOR ( 'NONE', #6916, 1000.000000000000000 ) ;
#548 = CARTESIAN_POINT ( 'NONE',  ( 1.000000000000001998, 1.732050807568876083, -1.600000000000000089 ) ) ;
#549 = EDGE_LOOP ( 'NONE', ( #11082, #1293 ) ) ;
#550 = B_SPLINE_CURVE_WITH_KNOTS ( 'NONE', 3,
 ( #7282, #10309, #1862, #2610, #5630, #6423 ),
 .UNSPECIFIED., .F., .F.,
 ( 4, 2, 4 ),
 ( 0.001168606431211103485, 0.001750609284260044515, 0.002332612137308985329 ),
 .UNSPECIFIED. ) ;
#551 = CARTESIAN_POINT ( 'NONE',  ( 2.000000000000000000, 0.7788341705667923831, -0.07984828284773053120 ) ) ;
#552 = CARTESIAN_POINT ( 'NONE',  ( 2.645657173485741849E-15, -0.7000000000000021760, -500000.0000000000582 ) ) ;
#553 = EDGE_CURVE ( 'NONE', #4651, #11888, #5972, .T. ) ;
#554 = CARTESIAN_POINT ( 'NONE',  ( 0.000000000000000000, 9.199999999999999289, -22.50000000000000355 ) ) ;
#555 = ORIENTED_EDGE ( 'NONE', *, *, #883, .F. ) ;
#556 = AXIS2_PLACEMENT_3D ( 'NONE', #10403, #11398, #1072 ) ;
#557 = CARTESIAN_POINT ( 'NONE',  ( -0.04123106663163173674, 0.8750777604359804007, -0.6399626214424706250 ) ) ;
#558 = CARTESIAN_POINT ( 'NONE',  ( 4.099999999999999645, -2.971690854684141847, -0.3999999999999968026 ) ) ;
#559 = ORIENTED_EDGE ( 'NONE', *, *, #10022, .T. ) ;
#560 = EDGE_LOOP ( 'NONE', ( #6208, #9372, #10001, #2728 ) ) ;
#561 = EDGE_CURVE ( 'NONE', #4444, #5466, #7010, .T. ) ;
#562 = CARTESIAN_POINT ( 'NONE',  ( -2.168404344971008868E-15, 0.9000000000000005773, -1.845299461620634407 ) ) ;
#563 = PRODUCT_DEFINITION_SHAPE ( 'NONE', 'NONE',  #12237 ) ;
#564 = VECTOR ( 'NONE', #6136, 1000.000000000000114 ) ;
#565 = LINE ( 'NONE', #4389, #942 ) ;
#566 = LINE ( 'NONE', #7037, #11476 ) ;
#567 = ORIENTED_EDGE ( 'NONE', *, *, #4726, .F. ) ;
#569 = VECTOR ( 'NONE', #11189, 1000.000000000000000 ) ;
#568 = DIRECTION ( 'NONE',  ( 1.000000000000000000, -0.000000000000000000, -0.000000000000000000 ) ) ;
#570 = CARTESIAN_POINT ( 'NONE',  ( 1.000000000000001998, 1.732050807568876083, -1.600000000000000089 ) ) ;
#571 = MECHANICAL_DESIGN_GEOMETRIC_PRESENTATION_REPRESENTATION (  '', ( #11022 ), #7265 ) ;
#572 = VERTEX_POINT ( 'NONE', #5040 ) ;
#573 = CARTESIAN_POINT ( 'NONE',  ( -1.169735307079674547, -1.634054082335445690, -1.600000000000000089 ) ) ;
#574 = EDGE_CURVE ( 'NONE', #8564, #11107, #5309, .T. ) ;
#575 = EDGE_CURVE ( 'NONE', #946, #3285, #9241, .T. ) ;
#576 = EDGE_LOOP ( 'NONE', ( #6377, #6321, #5113, #8609 ) ) ;
#577 = CARTESIAN_POINT ( 'NONE',  ( 2.000000000000000000, 9.199999999999999289, -16.00000000000000000 ) ) ;
#578 = DIRECTION ( 'NONE',  ( 0.000000000000000000, 1.000000000000000000, 0.000000000000000000 ) ) ;
#579 = AXIS2_PLACEMENT_3D ( 'NONE', #6031, #10437, #3902 ) ;
#580 = DIRECTION ( 'NONE',  ( -1.000000000000000000, -0.000000000000000000, -0.000000000000000000 ) ) ;
#581 = LINE ( 'NONE', #278, #9879 ) ;
#582 = CARTESIAN_POINT ( 'NONE',  ( 0.000000000000000000, 0.000000000000000000, 0.000000000000000000 ) ) ;
#583 = ORIENTED_EDGE ( 'NONE', *, *, #222, .T. ) ;
#584 = MECHANICAL_DESIGN_GEOMETRIC_PRESENTATION_REPRESENTATION (  '', ( #11624 ), #5316 ) ;
#585 = CARTESIAN_POINT ( 'NONE',  ( 1.000000000000000444, 0.000000000000000000, -1.199999999999999956 ) ) ;
#586 = ORIENTED_EDGE ( 'NONE', *, *, #1369, .F. ) ;
#587 = LINE ( 'NONE', #10079, #7504 ) ;
#588 = VERTEX_POINT ( 'NONE', #1710 ) ;
#589 = DIRECTION ( 'NONE',  ( 0.8660254037844391517, 0.000000000000000000, -0.4999999999999991118 ) ) ;
#590 = EDGE_LOOP ( 'NONE', ( #495, #7669, #5010, #8783 ) ) ;
#591 = DIRECTION ( 'NONE',  ( -0.8660254037844381525, 0.5000000000000007772, 0.000000000000000000 ) ) ;
#592 = DIRECTION ( 'NONE',  ( 0.000000000000000000, 1.000000000000000000, 0.000000000000000000 ) ) ;
#593 =( LENGTH_UNIT ( ) NAMED_UNIT ( * ) SI_UNIT ( .MILLI., .METRE. ) );
#594 = DIRECTION ( 'NONE',  ( 0.000000000000000000, 0.000000000000000000, 1.000000000000000000 ) ) ;
#595 = ORIENTED_EDGE ( 'NONE', *, *, #6503, .T. ) ;
#596 = ORIENTED_EDGE ( 'NONE', *, *, #8616, .F. ) ;
#597 = DIRECTION ( 'NONE',  ( -0.000000000000000000, 1.224649721909276639E-16, -1.000000000000000000 ) ) ;
#598 = AXIS2_PLACEMENT_3D ( 'NONE', #2374, #326, #6076 ) ;
#599 = ADVANCED_FACE ( 'NONE', ( #8982 ), #11963, .T. ) ;
#600 = ADVANCED_FACE ( 'NONE', ( #11777 ), #9049, .T. ) ;
#601 =( NAMED_UNIT ( * ) PLANE_ANGLE_UNIT ( ) SI_UNIT ( $, .RADIAN. ) );
#602 = CARTESIAN_POINT ( 'NONE',  ( 0.000000000000000000, 0.7740000000000005764, -2.000000000000000000 ) ) ;
#603 = CARTESIAN_POINT ( 'NONE',  ( 0.000000000000000000, -2.971690854684141847, 0.8999999999999992450 ) ) ;
#604 = CARTESIAN_POINT ( 'NONE',  ( -0.1631781751318187312, 2.215190113420277385, -1.475759930090788874 ) ) ;
#605 = CARTESIAN_POINT ( 'NONE',  ( 5.500000000000001776, 0.000000000000000000, -2.999999999999891642 ) ) ;
#606 = FACE_OUTER_BOUND ( 'NONE', #1540, .T. ) ;
#607 =( LENGTH_UNIT ( ) NAMED_UNIT ( * ) SI_UNIT ( .MILLI., .METRE. ) );
#608 = PRODUCT_DEFINITION_FORMATION_WITH_SPECIFIED_SOURCE ( 'ANY', '', #11092, .NOT_KNOWN. ) ;
#609 = DIRECTION ( 'NONE',  ( -0.000000000000000000, 1.224649721909276639E-16, -1.000000000000000000 ) ) ;
#610 = VECTOR ( 'NONE', #7120, 1000.000000000000000 ) ;
#611 = ORIENTED_EDGE ( 'NONE', *, *, #5939, .T. ) ;
#612 = DIRECTION ( 'NONE',  ( 3.755786496842895113E-16, 0.000000000000000000, 1.000000000000000000 ) ) ;
#613 =( NAMED_UNIT ( * ) SI_UNIT ( $, .STERADIAN. ) SOLID_ANGLE_UNIT ( ) );
#614 = EDGE_CURVE ( 'NONE', #2974, #12104, #12032, .T. ) ;
#615 = CARTESIAN_POINT ( 'NONE',  ( 0.8000000000000000444, 0.000000000000000000, -1.500000000000000000 ) ) ;
#616 = ORIENTED_EDGE ( 'NONE', *, *, #799, .T. ) ;
#617 = CARTESIAN_POINT ( 'NONE',  ( -4.987329993433320396E-15, -2.309401076758504701, -1.421367205045916737 ) ) ;
#618 = CONICAL_SURFACE ( 'NONE', #7513, 1.000000000000000000, 1.047197551196604515 ) ;
#619 = VECTOR ( 'NONE', #10500, 1000.000000000000000 ) ;
#620 = CARTESIAN_POINT ( 'NONE',  ( 3.500000000000000000, 0.000000000000000000, 0.000000000000000000 ) ) ;
#621 = ORIENTED_EDGE ( 'NONE', *, *, #9749, .F. ) ;
#622 = VERTEX_POINT ( 'NONE', #2520 ) ;
#623 = CARTESIAN_POINT ( 'NONE',  ( 0.000000000000000000, 0.000000000000000000, 0.000000000000000000 ) ) ;
#624 = CIRCLE ( 'NONE', #8079, 1.000000000000000000 ) ;
#625 = CARTESIAN_POINT ( 'NONE',  ( 5.500000000000002665, 0.8999999999999995781, -23.30940107675840878 ) ) ;
#626 = CARTESIAN_POINT ( 'NONE',  ( -2.000000000000000000, 0.000000000000000000, 0.000000000000000000 ) ) ;
#627 = ORIENTED_EDGE ( 'NONE', *, *, #6098, .F. ) ;
#628 = EDGE_CURVE ( 'NONE', #477, #2465, #8119, .T. ) ;
#629 = CYLINDRICAL_SURFACE ( 'NONE', #9434, 4.000000000000000000 ) ;
#630 = CARTESIAN_POINT ( 'NONE',  ( -1.339247740005897080, -1.536186033554502339, -0.01710519872702283631 ) ) ;
#631 = VERTEX_POINT ( 'NONE', #9107 ) ;
#632 = CARTESIAN_POINT ( 'NONE',  ( -2.000000000000000000, 0.3931374000439456506, -1.582763861186367027 ) ) ;
#633 = ORIENTED_EDGE ( 'NONE', *, *, #8011, .F. ) ;
#634 = PRODUCT_DEFINITION_SHAPE ( 'NONE', 'NONE',  #11078 ) ;
#635 = CARTESIAN_POINT ( 'NONE',  ( 3.000000000000000000, 0.000000000000000000, 0.000000000000000000 ) ) ;
#636 = LINE ( 'NONE', #1572, #3396 ) ;
#637 = ORIENTED_EDGE ( 'NONE', *, *, #11186, .F. ) ;
#638 = ORIENTED_EDGE ( 'NONE', *, *, #5348, .F. ) ;
#639 = DIRECTION ( 'NONE',  ( 0.000000000000000000, 0.000000000000000000, 1.000000000000000000 ) ) ;
#640 = VERTEX_POINT ( 'NONE', #3326 ) ;
#641 = ADVANCED_FACE ( 'NONE', ( #10094 ), #2451, .F. ) ;
#642 = DIRECTION ( 'NONE',  ( 8.659560562354932858E-17, -0.7071067811865474617, 0.7071067811865474617 ) ) ;
#643 = VERTEX_POINT ( 'NONE', #6214 ) ;
#644 = DIRECTION ( 'NONE',  ( -0.000000000000000000, 1.224649721909276639E-16, -1.000000000000000000 ) ) ;
#645 = ORIENTED_EDGE ( 'NONE', *, *, #9468, .F. ) ;
#646 = FACE_OUTER_BOUND ( 'NONE', #10433, .T. ) ;
#647 = ORIENTED_EDGE ( 'NONE', *, *, #6462, .F. ) ;
#648 = AXIS2_PLACEMENT_3D ( 'NONE', #6930, #11874, #6244 ) ;
#649 = CARTESIAN_POINT ( 'NONE',  ( 0.000000000000000000, 0.000000000000000000, 0.000000000000000000 ) ) ;
#650 = CARTESIAN_POINT ( 'NONE',  ( 2.099999999999999645, 2.821690854684141936, 0.4999999999999991673 ) ) ;
#651 = SHAPE_REPRESENTATION_RELATIONSHIP ( 'NONE' , 'NONE' ,  #1231, #2095 ) ;
#652 = CARTESIAN_POINT ( 'NONE',  ( 2.000000000000000000, 1.154700538379254349, -0.1786327949540832127 ) ) ;
#653 = MANIFOLD_SOLID_BREP ( 'BuracoPorca2', #2732 ) ;
#654 = EDGE_LOOP ( 'NONE', ( #4626, #2777, #2975 ) ) ;
#655 = EDGE_LOOP ( 'NONE', ( #7975, #3479, #54, #6545 ) ) ;
#656 = CARTESIAN_POINT ( 'NONE',  ( 2.099999999999999645, -4.001000000000000334, -0.4999999999999991673 ) ) ;
#657 = CARTESIAN_POINT ( 'NONE',  ( 0.000000000000000000, 4.898598887637106556E-16, -4.000000000000000000 ) ) ;
#658 = ADVANCED_FACE ( 'NONE', ( #672 ), #1533, .F. ) ;
#659 = ADVANCED_FACE ( 'NONE', ( #11795, #8187 ), #4322, .F. ) ;
#660 = CARTESIAN_POINT ( 'NONE',  ( 2.000000000000000000, 1.154700538379254349, -1.421367205045916737 ) ) ;
#661 = CARTESIAN_POINT ( 'NONE',  ( 0.000000000000000000, 5.058392604970359998E-16, -2.930481160836854393 ) ) ;
#662 = AXIS2_PLACEMENT_3D ( 'NONE', #9181, #7267, #11105 ) ;
#663 = CARTESIAN_POINT ( 'NONE',  ( 1.734723475976807094E-15, 2.500000000000000000, -4.154700538379141328 ) ) ;
#664 = CARTESIAN_POINT ( 'NONE',  ( 2.000000000000000000, 11.70000000000000107, -0.7999999999999994893 ) ) ;
#665 = FACE_OUTER_BOUND ( 'NONE', #11508, .T. ) ;
#666 = SURFACE_STYLE_FILL_AREA ( #8429 ) ;
#667 = DIRECTION ( 'NONE',  ( 0.000000000000000000, 0.000000000000000000, -1.000000000000000000 ) ) ;
#668 = COLOUR_RGB ( '',1.000000000000000000, 0.9490196078431372140, 0.9098039215686274384 ) ;
#669 = ORIENTED_EDGE ( 'NONE', *, *, #1880, .F. ) ;
#670 = DIRECTION ( 'NONE',  ( -1.000000000000000000, 0.000000000000000000, 0.000000000000000000 ) ) ;
#671 = MANIFOLD_SOLID_BREP ( 'Ressalto-extrus\X2\00e3\X0\o2', #1152 ) ;
#672 = FACE_OUTER_BOUND ( 'NONE', #10954, .T. ) ;
#673 = CARTESIAN_POINT ( 'NONE',  ( 0.000000000000000000, 0.000000000000000000, -0.1291166393111913002 ) ) ;
#674 = EDGE_LOOP ( 'NONE', ( #6137, #2968, #7168, #8280 ) ) ;
#675 = CARTESIAN_POINT ( 'NONE',  ( 0.6401492457481857690, -0.08760015849383460951, -0.7780656707403538208 ) ) ;
#676 = CIRCLE ( 'NONE', #4221, 1.000000000000000000 ) ;
#677 = CARTESIAN_POINT ( 'NONE',  ( -0.08150233243785627579, 0.8597450606570532505, -0.6472342529030340463 ) ) ;
#678 = ORIENTED_EDGE ( 'NONE', *, *, #8869, .T. ) ;
#679 = ORIENTED_EDGE ( 'NONE', *, *, #7235, .F. ) ;
#680 = FACE_OUTER_BOUND ( 'NONE', #1194, .T. ) ;
#681 = ADVANCED_FACE ( 'NONE', ( #7266 ), #9982, .F. ) ;
#682 = DIRECTION ( 'NONE',  ( 1.000000000000000000, -0.000000000000000000, -0.000000000000000000 ) ) ;
#683 = B_SPLINE_CURVE_WITH_KNOTS ( 'NONE', 3,
 ( #10762, #5146, #1144, #6010, #7864, #9656 ),
 .UNSPECIFIED., .F., .F.,
 ( 4, 2, 4 ),
 ( 0.002060137505873420923, 0.002644210467598553330, 0.003228283429323685737 ),
 .UNSPECIFIED. ) ;
#684 = EDGE_CURVE ( 'NONE', #5864, #2073, #10660, .T. ) ;
#685 = FACE_OUTER_BOUND ( 'NONE', #10942, .T. ) ;
#686 = ORIENTED_EDGE ( 'NONE', *, *, #5000, .F. ) ;
#687 = STYLED_ITEM ( 'NONE', ( #5870 ), #5178 ) ;
#688 = DIRECTION ( 'NONE',  ( 0.000000000000000000, 0.000000000000000000, -1.000000000000000000 ) ) ;
#689 = PRESENTATION_STYLE_ASSIGNMENT (( #6301 ) ) ;
#690 = MANIFOLD_SOLID_BREP ( 'Ressalto-extrus\X2\00e3\X0\o7', #4698 ) ;
#691 = EDGE_LOOP ( 'NONE', ( #8226, #3049 ) ) ;
#692 = DIRECTION ( 'NONE',  ( -0.000000000000000000, -1.000000000000000000, -0.000000000000000000 ) ) ;
#693 = B_SPLINE_CURVE_WITH_KNOTS ( 'NONE', 3,
 ( #4172, #4911, #4966, #3940 ),
 .UNSPECIFIED., .F., .F.,
 ( 4, 4 ),
 ( -0.0002457945854055184113, -9.192220367672872695E-05 ),
 .UNSPECIFIED. ) ;
#694 = AXIS2_PLACEMENT_3D ( 'NONE', #3210, #9809, #8691 ) ;
#695 = ORIENTED_EDGE ( 'NONE', *, *, #1029, .F. ) ;
#696 = EDGE_CURVE ( 'NONE', #1307, #10303, #1543, .T. ) ;
#697 = FACE_OUTER_BOUND ( 'NONE', #3182, .T. ) ;
#698 = CARTESIAN_POINT ( 'NONE',  ( -5.609147709522595449, 7.449738244684572130, 1043.367804256849922 ) ) ;
#699 = CARTESIAN_POINT ( 'NONE',  ( 2.000000000000000000, 9.199999999999999289, -18.50000000000000355 ) ) ;
#700 = DIRECTION ( 'NONE',  ( -0.7071067811865500152, -0.000000000000000000, -0.7071067811865451302 ) ) ;
#701 = EDGE_LOOP ( 'NONE', ( #10131, #1173, #1367, #3057, #897 ) ) ;
#702 = CARTESIAN_POINT ( 'NONE',  ( -0.7038091879816252838, -0.5004559051860777430, -0.6472344878500183585 ) ) ;
#703 = ORIENTED_EDGE ( 'NONE', *, *, #10470, .T. ) ;
#704 = CYLINDRICAL_SURFACE ( 'NONE', #1726, 2.500000000000000000 ) ;
#705 = AXIS2_PLACEMENT_3D ( 'NONE', #4061, #6835, #8677 ) ;
#706 = ORIENTED_EDGE ( 'NONE', *, *, #12057, .T. ) ;
#707 = EDGE_CURVE ( 'NONE', #7301, #1459, #2394, .T. ) ;
#708 = VERTEX_POINT ( 'NONE', #1890 ) ;
#709 = ORIENTED_EDGE ( 'NONE', *, *, #3246, .F. ) ;
#710 = FACE_OUTER_BOUND ( 'NONE', #1007, .T. ) ;
#711 = AXIS2_PLACEMENT_3D ( 'NONE', #6778, #2037, #1858 ) ;
#712 = ORIENTED_EDGE ( 'NONE', *, *, #1990, .F. ) ;
#713 = LINE ( 'NONE', #8234, #3743 ) ;
#714 = CARTESIAN_POINT ( 'NONE',  ( 0.000000000000000000, 2.821690854684141936, -0.8999999999999992450 ) ) ;
#715 = EDGE_CURVE ( 'NONE', #4173, #9552, #9074, .T. ) ;
#716 = AXIS2_PLACEMENT_3D ( 'NONE', #6654, #168, #909 ) ;
#717 = LINE ( 'NONE', #7990, #7613 ) ;
#718 = VERTEX_POINT ( 'NONE', #6640 ) ;
#719 = ORIENTED_EDGE ( 'NONE', *, *, #3700, .T. ) ;
#720 = CARTESIAN_POINT ( 'NONE',  ( -1.999999999999999556, 0.000000000000000000, -24.00000000000000000 ) ) ;
#721 = AXIS2_PLACEMENT_3D ( 'NONE', #3018, #6429, #6718 ) ;
#722 = CARTESIAN_POINT ( 'NONE',  ( 1.224646799147353207E-16, 1.000000000000000444, -3.869518839163146762 ) ) ;
#723 = PLANE ( 'NONE',  #463 ) ;
#724 = CARTESIAN_POINT ( 'NONE',  ( 5.499999999999998224, 0.8999999999999995781, -20.99999999999990763 ) ) ;
#725 = AXIS2_PLACEMENT_3D ( 'NONE', #5475, #11023, #8059 ) ;
#726 = VECTOR ( 'NONE', #11843, 1000.000000000000114 ) ;
#727 = DIRECTION ( 'NONE',  ( 1.000000000000000000, 0.000000000000000000, 0.000000000000000000 ) ) ;
#728 = CARTESIAN_POINT ( 'NONE',  ( 3.499999999999999556, 0.8999999999999998002, -19.84529946162065528 ) ) ;
#729 = LINE ( 'NONE', #1469, #7997 ) ;
#730 = ADVANCED_FACE ( 'NONE', ( #964 ), #4729, .T. ) ;
#731 = SURFACE_STYLE_FILL_AREA ( #7704 ) ;
#732 = AXIS2_PLACEMENT_3D ( 'NONE', #10076, #7925, #5274 ) ;
#733 = ADVANCED_FACE ( 'NONE', ( #8537, #10405 ), #8303, .T. ) ;
#734 = DIRECTION ( 'NONE',  ( -1.000000000000000000, 0.000000000000000000, 0.000000000000000000 ) ) ;
#735 = AXIS2_PLACEMENT_3D ( 'NONE', #226, #8672, #6765 ) ;
#736 = ORIENTED_EDGE ( 'NONE', *, *, #9367, .F. ) ;
#737 = AXIS2_PLACEMENT_3D ( 'NONE', #9040, #9902, #2510 ) ;
#738 = DIRECTION ( 'NONE',  ( -1.000000000000000000, 0.000000000000000000, 0.000000000000000000 ) ) ;
#739 = CARTESIAN_POINT ( 'NONE',  ( 2.000000000000000000, 6.700000000000000178, -7.200000000000001066 ) ) ;
#741 = ORIENTED_EDGE ( 'NONE', *, *, #7012, .F. ) ;
#740 = CARTESIAN_POINT ( 'NONE',  ( 3.599999999999999201, 2.971690854684141847, -0.8999999999999992450 ) ) ;
#742 = DIRECTION ( 'NONE',  ( -1.000000000000000000, 0.000000000000000000, 0.000000000000000000 ) ) ;
#743 = FACE_OUTER_BOUND ( 'NONE', #12070, .T. ) ;
#744 = PRODUCT ( 'Pinhao', 'Pinhao', '', ( #8696 ) ) ;
#745 = ORIENTED_EDGE ( 'NONE', *, *, #3823, .F. ) ;
#746 = ORIENTED_EDGE ( 'NONE', *, *, #2651, .F. ) ;
#747 = FACE_OUTER_BOUND ( 'NONE', #11390, .T. ) ;
#748 = FACE_OUTER_BOUND ( 'NONE', #5536, .T. ) ;
#749 = AXIS2_PLACEMENT_3D ( 'NONE', #3006, #4112, #1330 ) ;
#750 = VECTOR ( 'NONE', #3102, 1000.000000000000000 ) ;
#751 = DIRECTION ( 'NONE',  ( -0.000000000000000000, -0.000000000000000000, -1.000000000000000000 ) ) ;
#752 = ORIENTED_EDGE ( 'NONE', *, *, #5303, .F. ) ;
#753 = VECTOR ( 'NONE', #2361, 1000.000000000000000 ) ;
#754 = CARTESIAN_POINT ( 'NONE',  ( -1.672282218993688341, -1.343908487461473733, -1.520662200187637758 ) ) ;
#755 = EDGE_CURVE ( 'NONE', #10795, #4747, #2017, .T. ) ;
#756 = DIRECTION ( 'NONE',  ( -0.000000000000000000, 1.000000000000000000, -0.000000000000000000 ) ) ;
#757 = ADVANCED_FACE ( 'NONE', ( #10830 ), #10943, .F. ) ;
#758 = DIRECTION ( 'NONE',  ( -1.000000000000000000, -0.000000000000000000, -0.000000000000000000 ) ) ;
#759 = CLOSED_SHELL ( 'NONE', ( #7061, #2439, #2033, #7650, #4770, #6711, #2696, #1326, #122, #11498, #4820, #9131, #7885, #470, #4461, #6459, #3781, #2151, #1857, #12190, #7856, #8668, #12028, #7446, #9193, #7693 ) ) ;
#760 = ORIENTED_EDGE ( 'NONE', *, *, #5222, .T. ) ;
#761 = ORIENTED_EDGE ( 'NONE', *, *, #789, .T. ) ;
#762 = DIRECTION ( 'NONE',  ( 1.000000000000000000, -0.000000000000000000, -0.000000000000000000 ) ) ;
#763 = ORIENTED_EDGE ( 'NONE', *, *, #8556, .T. ) ;
#764 = CIRCLE ( 'NONE', #12000, 3.000000000000000000 ) ;
#765 = EDGE_LOOP ( 'NONE', ( #5928, #10052, #1804, #3332, #11072 ) ) ;
#766 = APPLICATION_CONTEXT ( 'automotive_design' ) ;
#767 = DIRECTION ( 'NONE',  ( -1.000000000000000000, 0.000000000000000000, 0.000000000000000000 ) ) ;
#768 = DIRECTION ( 'NONE',  ( 0.000000000000000000, 0.000000000000000000, 1.000000000000000000 ) ) ;
#769 = DIRECTION ( 'NONE',  ( 0.000000000000000000, 0.000000000000000000, -1.000000000000000000 ) ) ;
#770 = ORIENTED_EDGE ( 'NONE', *, *, #9924, .T. ) ;
#771 = CIRCLE ( 'NONE', #7658, 1.949999999999999734 ) ;
#772 = CARTESIAN_POINT ( 'NONE',  ( -2.000000000000000000, -0.9668978507697956193, -0.1244188288311465912 ) ) ;
#773 = LINE ( 'NONE', #1874, #344 ) ;
#774 = AXIS2_PLACEMENT_3D ( 'NONE', #5272, #10939, #1574 ) ;
#775 = EDGE_LOOP ( 'NONE', ( #2021, #8322, #886, #10017, #11112, #8744 ) ) ;
#776 = EDGE_CURVE ( 'NONE', #718, #1987, #9896, .T. ) ;
#777 = ORIENTED_EDGE ( 'NONE', *, *, #2013, .T. ) ;
#778 = DIRECTION ( 'NONE',  ( -0.7423286577013630261, -0.4285836503510557227, -0.5150380749100561539 ) ) ;
#779 = VECTOR ( 'NONE', #7530, 1000.000000000000000 ) ;
#780 = ORIENTED_EDGE ( 'NONE', *, *, #2319, .T. ) ;
#781 = DIRECTION ( 'NONE',  ( -1.000000000000000000, -0.000000000000000000, -0.000000000000000000 ) ) ;
#782 = CYLINDRICAL_SURFACE ( 'NONE', #8403, 4.000000000000000888 ) ;
#783 = CARTESIAN_POINT ( 'NONE',  ( 0.8302646929203286730, -1.830047532802312249, -1.600000000000000089 ) ) ;
#784 = ADVANCED_FACE ( 'NONE', ( #11697 ), #7927, .T. ) ;
#785 = ORIENTED_EDGE ( 'NONE', *, *, #2767, .T. ) ;
#786 = ORIENTED_EDGE ( 'NONE', *, *, #808, .F. ) ;
#787 = DIRECTION ( 'NONE',  ( 0.000000000000000000, 1.000000000000000000, 0.000000000000000000 ) ) ;
#788 = CARTESIAN_POINT ( 'NONE',  ( -3.000000000000000000, 0.000000000000000000, -10.50000000000000000 ) ) ;
#789 = EDGE_CURVE ( 'NONE', #4772, #9819, #6322, .T. ) ;
#790 = CARTESIAN_POINT ( 'NONE',  ( 5.500000000000001776, 2.500000000000000000, -18.69059892324140293 ) ) ;
#791 = CARTESIAN_POINT ( 'NONE',  ( -0.7799999999999996936, 9.552245033349351121E-17, -0.1540456584061371259 ) ) ;
#792 = PRESENTATION_LAYER_ASSIGNMENT (  '', '', ( #10628 ) ) ;
#793 = ORIENTED_EDGE ( 'NONE', *, *, #1831, .T. ) ;
#794 = CYLINDRICAL_SURFACE ( 'NONE', #8573, 10.00000000000000000 ) ;
#795 = FACE_OUTER_BOUND ( 'NONE', #8741, .T. ) ;
#796 = CARTESIAN_POINT ( 'NONE',  ( 0.000000000000000000, 0.000000000000000000, -1.600000000000000089 ) ) ;
#797 = SURFACE_SIDE_STYLE ('',( #731 ) ) ;
#798 = DIRECTION ( 'NONE',  ( 1.000000000000000000, 0.000000000000000000, 0.000000000000000000 ) ) ;
#799 = EDGE_CURVE ( 'NONE', #7694, #8417, #3375, .T. ) ;
#800 = ITEM_DEFINED_TRANSFORMATION ( 'NONE', 'NONE', #5133,  #8058 ) ;
#801 = CARTESIAN_POINT ( 'NONE',  ( 2.000000000000000000, -0.7745510564695443634, -0.07894766929796886989 ) ) ;
#802 = PRESENTATION_LAYER_ASSIGNMENT (  '', '', ( #6117 ) ) ;
#803 = ORIENTED_EDGE ( 'NONE', *, *, #11406, .T. ) ;
#804 = DIRECTION ( 'NONE',  ( 0.000000000000000000, 0.000000000000000000, -1.000000000000000000 ) ) ;
#805 = ADVANCED_FACE ( 'NONE', ( #8051 ), #10860, .T. ) ;
#806 = DIRECTION ( 'NONE',  ( 1.000000000000000000, 0.000000000000000000, 0.000000000000000000 ) ) ;
#807 = EDGE_LOOP ( 'NONE', ( #4319, #5403, #4841, #3173 ) ) ;
#808 = EDGE_CURVE ( 'NONE', #11353, #2565, #7599, .T. ) ;
#809 = DIRECTION ( 'NONE',  ( 0.000000000000000000, 0.000000000000000000, 1.000000000000000000 ) ) ;
#810 = DIRECTION ( 'NONE',  ( -0.000000000000000000, -0.000000000000000000, 1.000000000000000000 ) ) ;
#811 = AXIS2_PLACEMENT_3D ( 'NONE', #2675, #6307, #4531 ) ;
#812 = ORIENTED_EDGE ( 'NONE', *, *, #2524, .T. ) ;
#813 = AXIS2_PLACEMENT_3D ( 'NONE', #4942, #8698, #10446 ) ;
#814 = ORIENTED_EDGE ( 'NONE', *, *, #2412, .F. ) ;
#815 = CYLINDRICAL_SURFACE ( 'NONE', #4906, 2.999999999999999112 ) ;
#816 = FACE_BOUND ( 'NONE', #5049, .T. ) ;
#817 = CARTESIAN_POINT ( 'NONE',  ( -5.000000000000000000, 0.000000000000000000, -6.000000000000000000 ) ) ;
#818 = ORIENTED_EDGE ( 'NONE', *, *, #2985, .F. ) ;
#819 = CARTESIAN_POINT ( 'NONE',  ( 0.7812177826497540556, 0.3500000000114287246, -0.6513934606268929617 ) ) ;
#820 = AXIS2_PLACEMENT_3D ( 'NONE', #2597, #3456, #481 ) ;
#821 = ADVANCED_FACE ( 'NONE', ( #5209, #7978 ), #2381, .F. ) ;
#822 = EDGE_CURVE ( 'NONE', #8995, #9102, #587, .T. ) ;
#823 = DIRECTION ( 'NONE',  ( 0.000000000000000000, 1.000000000000000000, 0.000000000000000000 ) ) ;
#824 = B_SPLINE_CURVE_WITH_KNOTS ( 'NONE', 3,
 ( #7190, #6217, #4316, #7080 ),
 .UNSPECIFIED., .F., .F.,
 ( 4, 4 ),
 ( 2.380749485065259830E-07, 0.001168606431211103485 ),
 .UNSPECIFIED. ) ;
#825 = CARTESIAN_POINT ( 'NONE',  ( -4.987329993433320396E-15, -2.309401076758504701, -0.1786327949540832127 ) ) ;
#826 = VERTEX_POINT ( 'NONE', #4293 ) ;
#827 = VERTEX_POINT ( 'NONE', #7238 ) ;
#828 = CARTESIAN_POINT ( 'NONE',  ( 4.000000000000000000, 9.199999999999999289, -14.50000000000000533 ) ) ;
#829 =( GEOMETRIC_REPRESENTATION_CONTEXT ( 3 ) GLOBAL_UNCERTAINTY_ASSIGNED_CONTEXT ( ( #5216 ) ) GLOBAL_UNIT_ASSIGNED_CONTEXT ( ( #5386, #9027, #3133 ) ) REPRESENTATION_CONTEXT ( 'NONE', 'WORKASPACE' ) );
#830 = CARTESIAN_POINT ( 'NONE',  ( 3.500000000000000000, 2.500000000000000000, 0.000000000000000000 ) ) ;
#831 = DIRECTION ( 'NONE',  ( 0.9999363202837162623, -6.910182219422616578E-19, -0.01128518397995855599 ) ) ;
#832 = LINE ( 'NONE', #8338, #12194 ) ;
#833 = DIRECTION ( 'NONE',  ( -0.000000000000000000, -0.000000000000000000, -1.000000000000000000 ) ) ;
#834 = ORIENTED_EDGE ( 'NONE', *, *, #9492, .F. ) ;
#835 = CARTESIAN_POINT ( 'NONE',  ( 2.099999999999999645, -2.971690854684141847, -0.4999999999999991673 ) ) ;
#836 = DIRECTION ( 'NONE',  ( -0.8660254037844393737, -0.000000000000000000, -0.4999999999999985567 ) ) ;
#837 = ORIENTED_EDGE ( 'NONE', *, *, #11602, .T. ) ;
#838 = ORIENTED_EDGE ( 'NONE', *, *, #4458, .F. ) ;
#839 = DIRECTION ( 'NONE',  ( 1.000000000000000000, 0.000000000000000000, 0.000000000000000000 ) ) ;
#840 = DIRECTION ( 'NONE',  ( 0.000000000000000000, 0.000000000000000000, 1.000000000000000000 ) ) ;
#841 = CARTESIAN_POINT ( 'NONE',  ( -0.8156023289305076585, 1.111735790324612974E-16, -0.1291166393111736477 ) ) ;
#842 = CARTESIAN_POINT ( 'NONE',  ( -2.000000000000000000, 1.154700538379251240, -0.1786327949540822413 ) ) ;
#843 = EDGE_CURVE ( 'NONE', #9629, #476, #10767, .T. ) ;
#844 = ORIENTED_EDGE ( 'NONE', *, *, #8847, .T. ) ;
#845 = EDGE_CURVE ( 'NONE', #2304, #9932, #6143, .T. ) ;
#846 = VERTEX_POINT ( 'NONE', #8966 ) ;
#847 = CARTESIAN_POINT ( 'NONE',  ( 2.000000000000000000, -0.7745510564695443634, -0.07894766929796886989 ) ) ;
#848 = DIRECTION ( 'NONE',  ( -1.000000000000000000, 0.000000000000000000, 0.000000000000000000 ) ) ;
#849 = DIRECTION ( 'NONE',  ( 1.000000000000000000, 0.000000000000000000, 0.000000000000000000 ) ) ;
#850 = CARTESIAN_POINT ( 'NONE',  ( -2.000000000000001776, -0.7999999999999864997, -2.999999999999891642 ) ) ;
#851 = VERTEX_POINT ( 'NONE', #2436 ) ;
#852 = DIRECTION ( 'NONE',  ( 1.000000000000000000, -0.000000000000000000, -0.000000000000000000 ) ) ;
#853 = DIRECTION ( 'NONE',  ( -0.000000000000000000, -0.000000000000000000, -1.000000000000000000 ) ) ;
#854 = CARTESIAN_POINT ( 'NONE',  ( -2.000000000000002665, 2.500000000000000000, -23.30940107675841233 ) ) ;
#855 =( NAMED_UNIT ( * ) PLANE_ANGLE_UNIT ( ) SI_UNIT ( $, .RADIAN. ) );
#856 = FACE_OUTER_BOUND ( 'NONE', #10616, .T. ) ;
#857 = ITEM_DEFINED_TRANSFORMATION ( 'NONE', 'NONE', #10458,  #8058 ) ;
#858 = ADVANCED_FACE ( 'NONE', ( #2318 ), #4944, .F. ) ;
#859 = DIRECTION ( 'NONE',  ( -0.000000000000000000, 0.000000000000000000, -1.000000000000000000 ) ) ;
#860 = FACE_OUTER_BOUND ( 'NONE', #8693, .T. ) ;
#861 = CARTESIAN_POINT ( 'NONE',  ( 3.500000000000000000, 0.000000000000000000, 0.000000000000000000 ) ) ;
#863 = VERTEX_POINT ( 'NONE', #1393 ) ;
#862 = DIRECTION ( 'NONE',  ( 0.000000000000000000, 1.000000000000000000, 0.000000000000000000 ) ) ;
#864 = DIRECTION ( 'NONE',  ( 0.000000000000000000, -1.734723475976807094E-16, 1.000000000000000000 ) ) ;
#865 = EDGE_CURVE ( 'NONE', #10559, #2949, #1406, .T. ) ;
#866 = CARTESIAN_POINT ( 'NONE',  ( 0.000000000000000000, 1.347111479062088405E-15, -11.00000000000000000 ) ) ;
#867 = AXIS2_PLACEMENT_3D ( 'NONE', #391, #9828, #6133 ) ;
#868 = ORIENTED_EDGE ( 'NONE', *, *, #8089, .T. ) ;
#869 = DIRECTION ( 'NONE',  ( 0.000000000000000000, 0.000000000000000000, 1.000000000000000000 ) ) ;
#870 = VECTOR ( 'NONE', #9314, 1000.000000000000000 ) ;
#871 = CYLINDRICAL_SURFACE ( 'NONE', #302, 3.500000000000000000 ) ;
#872 = ADVANCED_FACE ( 'NONE', ( #3490 ), #6318, .T. ) ;
#873 = LINE ( 'NONE', #9371, #5482 ) ;
#874 = ORIENTED_EDGE ( 'NONE', *, *, #10784, .F. ) ;
#875 = DIRECTION ( 'NONE',  ( -1.000000000000000000, 0.000000000000000000, 0.000000000000000000 ) ) ;
#876 =( GEOMETRIC_REPRESENTATION_CONTEXT ( 3 ) GLOBAL_UNCERTAINTY_ASSIGNED_CONTEXT ( ( #4231 ) ) GLOBAL_UNIT_ASSIGNED_CONTEXT ( ( #4493, #9853, #7134 ) ) REPRESENTATION_CONTEXT ( 'NONE', 'WORKASPACE' ) );
#877 = CARTESIAN_POINT ( 'NONE',  ( 0.000000000000000000, 0.000000000000000000, -0.2999999999999834466 ) ) ;
#878 = ORIENTED_EDGE ( 'NONE', *, *, #8150, .T. ) ;
#879 = ORIENTED_EDGE ( 'NONE', *, *, #6775, .T. ) ;
#880 = CARTESIAN_POINT ( 'NONE',  ( -2.000000000000000444, 2.500000000000000000, -18.69059892324140293 ) ) ;
#881 = EDGE_CURVE ( 'NONE', #9834, #11334, #8096, .T. ) ;
#882 = APPLICATION_PROTOCOL_DEFINITION ( 'draft international standard', 'automotive_design', 1998, #2026 ) ;
#883 = EDGE_CURVE ( 'NONE', #9228, #10307, #217, .T. ) ;
#884 = PLANE ( 'NONE',  #7638 ) ;
#885 = CARTESIAN_POINT ( 'NONE',  ( 0.6610768989618214242, -0.5250402214404626955, -0.6594492983238428030 ) ) ;
#886 = ORIENTED_EDGE ( 'NONE', *, *, #153, .T. ) ;
#887 = LINE ( 'NONE', #947, #9822 ) ;
#888 = LINE ( 'NONE', #1821, #5865 ) ;
#889 = ORIENTED_EDGE ( 'NONE', *, *, #1831, .F. ) ;
#890 = EDGE_LOOP ( 'NONE', ( #10683, #647, #4546, #8902 ) ) ;
#891 = DIRECTION ( 'NONE',  ( -0.000000000000000000, 1.224649721909276639E-16, -1.000000000000000000 ) ) ;
#892 = CARTESIAN_POINT ( 'NONE',  ( -4.987329993433320396E-15, -2.309401076758504701, -1.421367205045916737 ) ) ;
#893 = CYLINDRICAL_SURFACE ( 'NONE', #8009, 1.099999999999997202 ) ;
#894 = AXIS2_PLACEMENT_3D ( 'NONE', #850, #1835, #10689 ) ;
#895 = DIRECTION ( 'NONE',  ( 0.000000000000000000, 1.000000000000000000, 2.168404344971008868E-16 ) ) ;
#896 = ORIENTED_EDGE ( 'NONE', *, *, #2768, .T. ) ;
#897 = ORIENTED_EDGE ( 'NONE', *, *, #11654, .F. ) ;
#898 = DIRECTION ( 'NONE',  ( 0.000000000000000000, 0.000000000000000000, 1.000000000000000000 ) ) ;
#899 = DIRECTION ( 'NONE',  ( 0.000000000000000000, 1.000000000000000000, 0.000000000000000000 ) ) ;
#900 = DIRECTION ( 'NONE',  ( -0.000000000000000000, 1.224649721909276639E-16, -1.000000000000000000 ) ) ;
#901 = PLANE ( 'NONE',  #6988 ) ;
#902 = ADVANCED_FACE ( 'NONE', ( #9504 ), #8574, .F. ) ;
#903 = EDGE_LOOP ( 'NONE', ( #4933, #3022 ) ) ;
#904 = CARTESIAN_POINT ( 'NONE',  ( -0.8156023289304831225, 1.111735790324597936E-16, -0.1291166393111907729 ) ) ;
#905 = EDGE_CURVE ( 'NONE', #8266, #10771, #7663, .T. ) ;
#906 = AXIS2_PLACEMENT_3D ( 'NONE', #3195, #3137, #3259 ) ;
#907 = DIRECTION ( 'NONE',  ( 0.000000000000000000, 0.000000000000000000, 1.000000000000000000 ) ) ;
#908 = DIRECTION ( 'NONE',  ( 0.000000000000000000, 0.000000000000000000, -1.000000000000000000 ) ) ;
#909 = DIRECTION ( 'NONE',  ( -1.000000000000000000, 0.000000000000000000, 0.000000000000000000 ) ) ;
#910 = CONTEXT_DEPENDENT_SHAPE_REPRESENTATION ( #4383, #6756 ) ;
#911 = VECTOR ( 'NONE', #8996, 1000.000000000000000 ) ;
#912 = SHAPE_REPRESENTATION ( 'Loc', ( #992, #9861, #9461, #3964, #4346, #598, #3376, #4551, #8081, #7291, #11644, #1184, #1191, #11456, #10852, #10458, #8088, #5539, #11845, #6125, #6309, #5133, #5922, #811, #7493, #1590, #2382, #2178, #9065, #10050, #9276 ), #10261 ) ;
#913 = CYLINDRICAL_SURFACE ( 'NONE', #2132, 1.000000000000000000 ) ;
#914 = DIRECTION ( 'NONE',  ( 0.000000000000000000, 0.8660254037844407060, -0.4999999999999963918 ) ) ;
#915 = AXIS2_PLACEMENT_3D ( 'NONE', #2647, #1650, #8073 ) ;
#916 = COLOUR_RGB ( '',0.6509803921568627638, 0.6196078431372549211, 0.5882352941176470784 ) ;
#917 = DIRECTION ( 'NONE',  ( -1.000000000000000000, 0.000000000000000000, 0.000000000000000000 ) ) ;
#918 = ORIENTED_EDGE ( 'NONE', *, *, #6627, .F. ) ;
#919 = FACE_BOUND ( 'NONE', #7145, .T. ) ;
#920 = DIRECTION ( 'NONE',  ( 0.000000000000000000, 0.000000000000000000, 1.000000000000000000 ) ) ;
#921 = EDGE_CURVE ( 'NONE', #242, #4539, #7109, .T. ) ;
#922 = CIRCLE ( 'NONE', #7814, 1.000000000000000000 ) ;
#923 = EDGE_LOOP ( 'NONE', ( #4515, #4011, #10348, #8212 ) ) ;
#924 = FILL_AREA_STYLE_COLOUR ( '', #2154 ) ;
#925 = VECTOR ( 'NONE', #26, 1000.000000000000227 ) ;
#926 = DIRECTION ( 'NONE',  ( 0.000000000000000000, 1.000000000000000000, 2.168404344971008868E-16 ) ) ;
#927 = CARTESIAN_POINT ( 'NONE',  ( -5.000000000000000000, 2.500000000000000000, -6.000000000000000000 ) ) ;
#928 = EDGE_CURVE ( 'NONE', #3311, #135, #9633, .T. ) ;
#929 = AXIS2_PLACEMENT_3D ( 'NONE', #8541, #5665, #2947 ) ;
#930 = ORIENTED_EDGE ( 'NONE', *, *, #4041, .T. ) ;
#931 = AXIS2_PLACEMENT_3D ( 'NONE', #7867, #11640, #3181 ) ;
#932 = FACE_OUTER_BOUND ( 'NONE', #7626, .T. ) ;
#933 = ORIENTED_EDGE ( 'NONE', *, *, #6224, .F. ) ;
#934 = VECTOR ( 'NONE', #9706, 1000.000000000000000 ) ;
#935 = DIRECTION ( 'NONE',  ( 0.000000000000000000, 1.000000000000000000, 0.000000000000000000 ) ) ;
#936 = CARTESIAN_POINT ( 'NONE',  ( -2.000000000000002665, 0.8999999999999998002, -23.30940107675841233 ) ) ;
#937 = EDGE_CURVE ( 'NONE', #3341, #9459, #2046, .T. ) ;
#938 = ORIENTED_EDGE ( 'NONE', *, *, #3643, .F. ) ;
#939 = ORIENTED_EDGE ( 'NONE', *, *, #5237, .T. ) ;
#940 = AXIS2_PLACEMENT_3D ( 'NONE', #205, #320, #6000 ) ;
#941 = PRODUCT_DEFINITION_SHAPE ( 'NONE', 'NONE',  #10162 ) ;
#942 = VECTOR ( 'NONE', #5372, 1000.000000000000000 ) ;
#943 = CYLINDRICAL_SURFACE ( 'NONE', #11773, 1.000000000000000444 ) ;
#944 = CARTESIAN_POINT ( 'NONE',  ( 0.6041162875959851242, -0.5320373847196281369, -0.6822463724677256813 ) ) ;
#945 = EDGE_CURVE ( 'NONE', #1381, #4391, #7569, .T. ) ;
#946 = VERTEX_POINT ( 'NONE', #7842 ) ;
#947 = CARTESIAN_POINT ( 'NONE',  ( -0.7799999999999996936, 9.552245033349351121E-17, -0.1540456584061371259 ) ) ;
#948 = CARTESIAN_POINT ( 'NONE',  ( -2.000000000000000000, 1.154700538379251240, -0.1786327949540822413 ) ) ;
#949 = ORIENTED_EDGE ( 'NONE', *, *, #3526, .T. ) ;
#950 = EDGE_CURVE ( 'NONE', #1742, #10194, #2785, .T. ) ;
#951 = EDGE_CURVE ( 'NONE', #197, #10100, #4085, .T. ) ;
#952 = AXIS2_PLACEMENT_3D ( 'NONE', #12054, #3598, #7338 ) ;
#953 = ORIENTED_EDGE ( 'NONE', *, *, #6132, .F. ) ;
#954 = CARTESIAN_POINT ( 'NONE',  ( 1.500000000000000000, 0.000000000000000000, 1.000000000000000000 ) ) ;
#955 = CARTESIAN_POINT ( 'NONE',  ( -2.000000000000000000, 0.1952413320394005836, 7.623296525288699970E-18 ) ) ;
#956 = DIRECTION ( 'NONE',  ( -1.000000000000000000, 0.000000000000000000, 0.000000000000000000 ) ) ;
#957 =( NAMED_UNIT ( * ) SI_UNIT ( $, .STERADIAN. ) SOLID_ANGLE_UNIT ( ) );
#958 = CARTESIAN_POINT ( 'NONE',  ( 0.000000000000000000, 0.000000000000000000, -1.600000000000000089 ) ) ;
#959 = CIRCLE ( 'NONE', #5897, 1.000000000000000000 ) ;
#960 = VERTEX_POINT ( 'NONE', #1991 ) ;
#961 = DIRECTION ( 'NONE',  ( 0.000000000000000000, 0.000000000000000000, 1.000000000000000000 ) ) ;
#962 = AXIS2_PLACEMENT_3D ( 'NONE', #6935, #2999, #10698 ) ;
#963 = CARTESIAN_POINT ( 'NONE',  ( 1.224646799147353454E-16, 1.000000000000000666, -3.069518839163146939 ) ) ;
#964 = FACE_OUTER_BOUND ( 'NONE', #576, .T. ) ;
#965 = AXIS2_PLACEMENT_3D ( 'NONE', #314, #5766, #4891 ) ;
#966 = DIRECTION ( 'NONE',  ( -1.000000000000000000, -0.000000000000000000, -0.000000000000000000 ) ) ;
#967 = ORIENTED_EDGE ( 'NONE', *, *, #8646, .F. ) ;
#968 = CARTESIAN_POINT ( 'NONE',  ( -2.000000000000000000, -0.8000000000000194733, -19.89999999999990976 ) ) ;
#969 =( GEOMETRIC_REPRESENTATION_CONTEXT ( 3 ) GLOBAL_UNCERTAINTY_ASSIGNED_CONTEXT ( ( #9517 ) ) GLOBAL_UNIT_ASSIGNED_CONTEXT ( ( #111, #6900, #1096 ) ) REPRESENTATION_CONTEXT ( 'NONE', 'WORKASPACE' ) );
#970 = DIRECTION ( 'NONE',  ( -0.000000000000000000, 1.224649721909276639E-16, -1.000000000000000000 ) ) ;
#971 = FACE_OUTER_BOUND ( 'NONE', #11873, .T. ) ;
#972 = CARTESIAN_POINT ( 'NONE',  ( 0.000000000000000000, 0.000000000000000000, 0.000000000000000000 ) ) ;
#973 = FILL_AREA_STYLE_COLOUR ( '', #7083 ) ;
#974 = DIRECTION ( 'NONE',  ( -0.000000000000000000, 1.000000000000000000, 0.000000000000000000 ) ) ;
#975 = COLOUR_RGB ( '',0.4980392156862745168, 0.4980392156862745168, 0.4980392156862745168 ) ;
#976 = EDGE_CURVE ( 'NONE', #6559, #2114, #4543, .T. ) ;
#977 = EDGE_CURVE ( 'NONE', #10110, #11079, #2173, .T. ) ;
#978 = DIRECTION ( 'NONE',  ( 0.000000000000000000, 0.000000000000000000, 1.000000000000000000 ) ) ;
#979 = DIRECTION ( 'NONE',  ( 1.000000000000000000, 0.000000000000000000, 0.000000000000000000 ) ) ;
#980 = PLANE ( 'NONE',  #1462 ) ;
#981 = FACE_OUTER_BOUND ( 'NONE', #6551, .T. ) ;
#982 = CARTESIAN_POINT ( 'NONE',  ( 3.499999999999999556, 7.500000000000000000, -6.116139535669825378 ) ) ;
#983 = ORIENTED_EDGE ( 'NONE', *, *, #1063, .F. ) ;
#984 = UNCERTAINTY_MEASURE_WITH_UNIT (LENGTH_MEASURE( 1.000000000000000082E-05 ), #2449, 'distance_accuracy_value', 'NONE');
#985 = CARTESIAN_POINT ( 'NONE',  ( 4.250000000000000000, 0.000000000000000000, 0.000000000000000000 ) ) ;
#986 = ADVANCED_FACE ( 'NONE', ( #10554 ), #3183, .T. ) ;
#987 = VERTEX_POINT ( 'NONE', #303 ) ;
#988 = ADVANCED_FACE ( 'NONE', ( #11616 ), #5701, .T. ) ;
#989 =( REPRESENTATION_RELATIONSHIP ('NONE','NONE', #912, #10216 ) REPRESENTATION_RELATIONSHIP_WITH_TRANSFORMATION ( #10164 )SHAPE_REPRESENTATION_RELATIONSHIP( ) );
#990 = CARTESIAN_POINT ( 'NONE',  ( 0.6607522599941045849, -1.927915581583256932, -1.582894801272977103 ) ) ;
#991 = ORIENTED_EDGE ( 'NONE', *, *, #4396, .F. ) ;
#992 = AXIS2_PLACEMENT_3D ( 'NONE', #9940, #6735, #5810 ) ;
#993 = CARTESIAN_POINT ( 'NONE',  ( 0.000000000000000000, 0.000000000000000000, -0.1291166393111913002 ) ) ;
#994 = ORIENTED_EDGE ( 'NONE', *, *, #2980, .T. ) ;
#995 = VERTEX_POINT ( 'NONE', #2108 ) ;
#996 = CARTESIAN_POINT ( 'NONE',  ( 3.581183789785735176E-16, 2.309401076758504701, -1.600000000000000089 ) ) ;
#997 = APPLICATION_PROTOCOL_DEFINITION ( 'draft international standard', 'automotive_design', 1998, #5577 ) ;
#998 = EDGE_CURVE ( 'NONE', #2500, #4386, #4321, .T. ) ;
#999 = CARTESIAN_POINT ( 'NONE',  ( 0.08150233243786091097, -0.8597450606570532505, -0.6472342529030336022 ) ) ;
#1000 = CARTESIAN_POINT ( 'NONE',  ( 7.500000000000000000, 0.8999999999999986899, -4.154700538379145769 ) ) ;
#1001 = ORIENTED_EDGE ( 'NONE', *, *, #10518, .F. ) ;
#1002 = ADVANCED_FACE ( 'NONE', ( #5874 ), #7906, .T. ) ;
#1003 = ORIENTED_EDGE ( 'NONE', *, *, #10602, .T. ) ;
#1004 = DIRECTION ( 'NONE',  ( 1.000000000000000000, 0.000000000000000000, 0.000000000000000000 ) ) ;
#1005 = DIRECTION ( 'NONE',  ( -1.000000000000000000, 0.000000000000000000, 0.000000000000000000 ) ) ;
#1006 = ADVANCED_FACE ( 'NONE', ( #7593 ), #11370, .T. ) ;
#1007 = EDGE_LOOP ( 'NONE', ( #6241, #7698, #5757, #5521 ) ) ;
#1008 = STYLED_ITEM ( 'NONE', ( #11345 ), #1014 ) ;
#1009 = DIRECTION ( 'NONE',  ( -1.000000000000000000, 0.000000000000000000, -0.000000000000000000 ) ) ;
#1010 = CARTESIAN_POINT ( 'NONE',  ( -0.7528715711426308133, 0.2477764778270162838, -0.6896122603117946781 ) ) ;
#1011 = PRODUCT_DEFINITION_CONTEXT ( 'detailed design', #7928, 'design' ) ;
#1012 = FACE_BOUND ( 'NONE', #4399, .T. ) ;
#1013 = DIRECTION ( 'NONE',  ( 0.000000000000000000, 0.000000000000000000, 1.000000000000000000 ) ) ;
#1014 = MANIFOLD_SOLID_BREP ( 'Corte-extrus\X2\00e3\X0\o2', #7651 ) ;
#1015 = ORIENTED_EDGE ( 'NONE', *, *, #9210, .T. ) ;
#1016 = EDGE_CURVE ( 'NONE', #2099, #3593, #6853, .T. ) ;
#1017 = CARTESIAN_POINT ( 'NONE',  ( 2.000000000000000000, -0.1951254011572754188, -1.600000000000000089 ) ) ;
#1018 = VERTEX_POINT ( 'NONE', #2489 ) ;
#1019 = CARTESIAN_POINT ( 'NONE',  ( 3.500000000000000000, 9.199999999999999289, -18.50000000000000355 ) ) ;
#1020 = FACE_BOUND ( 'NONE', #3186, .T. ) ;
#1021 = ORIENTED_EDGE ( 'NONE', *, *, #6516, .F. ) ;
#1022 = LINE ( 'NONE', #11335, #7431 ) ;
#1023 = ORIENTED_EDGE ( 'NONE', *, *, #7510, .T. ) ;
#1024 = DIRECTION ( 'NONE',  ( 0.000000000000000000, 1.000000000000000000, 0.000000000000000000 ) ) ;
#1025 = CARTESIAN_POINT ( 'NONE',  ( -16.00000000000000000, 0.000000000000000000, 0.000000000000000000 ) ) ;
#1026 = CARTESIAN_POINT ( 'NONE',  ( 0.9999999999999997780, 0.000000000000000000, 0.000000000000000000 ) ) ;
#1027 = FACE_OUTER_BOUND ( 'NONE', #2369, .T. ) ;
#1028 = ORIENTED_EDGE ( 'NONE', *, *, #2423, .F. ) ;
#1029 = EDGE_CURVE ( 'NONE', #10194, #1742, #11864, .T. ) ;
#1030 = ADVANCED_FACE ( 'NONE', ( #3550 ), #9943, .F. ) ;
#1031 = PLANE ( 'NONE',  #10000 ) ;
#1032 = CARTESIAN_POINT ( 'NONE',  ( 4.099999999999999645, 2.971690854684141847, 0.9000000000000006883 ) ) ;
#1033 = CARTESIAN_POINT ( 'NONE',  ( 0.000000000000000000, 4.738805170303855086E-16, -1.469518839163146406 ) ) ;
#1034 = DIRECTION ( 'NONE',  ( 0.000000000000000000, 0.000000000000000000, 1.000000000000000000 ) ) ;
#1035 = PRODUCT ( 'ImaEncoder', 'ImaEncoder', '', ( #2849 ) ) ;
#1036 = ORIENTED_EDGE ( 'NONE', *, *, #181, .F. ) ;
#1037 = CARTESIAN_POINT ( 'NONE',  ( 0.000000000000000000, 9.199999999999999289, -18.50000000000000355 ) ) ;
#1038 = PRODUCT_RELATED_PRODUCT_CATEGORY ( 'part', '', ( #11876 ) ) ;
#1039 = DIRECTION ( 'NONE',  ( 0.000000000000000000, 1.000000000000000000, 0.000000000000000000 ) ) ;
#1040 = ORIENTED_EDGE ( 'NONE', *, *, #8508, .T. ) ;
#1041 = CYLINDRICAL_SURFACE ( 'NONE', #5430, 10.50000000000000000 ) ;
#1042 = ORIENTED_EDGE ( 'NONE', *, *, #3590, .T. ) ;
#1043 = DIRECTION ( 'NONE',  ( 1.000000000000000000, 0.000000000000000000, 0.000000000000000000 ) ) ;
#1044 =( NAMED_UNIT ( * ) PLANE_ANGLE_UNIT ( ) SI_UNIT ( $, .RADIAN. ) );
#1045 = ORIENTED_EDGE ( 'NONE', *, *, #6776, .T. ) ;
#1046 = EDGE_CURVE ( 'NONE', #6752, #6647, #8487, .T. ) ;
#1047 = ORIENTED_EDGE ( 'NONE', *, *, #5808, .F. ) ;
#1048 = EDGE_CURVE ( 'NONE', #1118, #3784, #636, .T. ) ;
#1049 = EDGE_LOOP ( 'NONE', ( #6153, #3879, #5404, #11668, #7979, #11932, #7754, #7288, #6920, #10250, #10111 ) ) ;
#1050 = CARTESIAN_POINT ( 'NONE',  ( 0.000000000000000000, 0.000000000000000000, -3.299999999999984279 ) ) ;
#1051 = PRODUCT_CONTEXT ( 'NONE', #422, 'mechanical' ) ;
#1052 = AXIS2_PLACEMENT_3D ( 'NONE', #3589, #11913, #7330 ) ;
#1053 = DIRECTION ( 'NONE',  ( 0.000000000000000000, 0.000000000000000000, -1.000000000000000000 ) ) ;
#1054 = CARTESIAN_POINT ( 'NONE',  ( 1.500000000000000000, 1.224646799147353207E-16, -1.000000000000000000 ) ) ;
#1055 = VERTEX_POINT ( 'NONE', #7113 ) ;
#1056 = APPLICATION_CONTEXT ( 'automotive_design' ) ;
#1057 = AXIS2_PLACEMENT_3D ( 'NONE', #3068, #10598, #7939 ) ;
#1058 = PLANE ( 'NONE',  #6653 ) ;
#1059 = CARTESIAN_POINT ( 'NONE',  ( -0.5000000000000000000, 9.199999999999999289, -18.50000000000000355 ) ) ;
#1060 = CIRCLE ( 'NONE', #6390, 0.7740000000000000213 ) ;
#1061 = ORIENTED_EDGE ( 'NONE', *, *, #2948, .T. ) ;
#1062 = PLANE ( 'NONE',  #7018 ) ;
#1063 = EDGE_CURVE ( 'NONE', #708, #11622, #10595, .T. ) ;
#1064 = CARTESIAN_POINT ( 'NONE',  ( 0.000000000000000000, 0.000000000000000000, -0.1540456584061371259 ) ) ;
#1065 = ORIENTED_EDGE ( 'NONE', *, *, #10518, .T. ) ;
#1066 = DIRECTION ( 'NONE',  ( 0.4999999999999986122, 0.000000000000000000, -0.8660254037844394848 ) ) ;
#1067 = CARTESIAN_POINT ( 'NONE',  ( -4.987329993433320396E-15, -2.309401076758504701, -0.1786327949540832127 ) ) ;
#1068 = CARTESIAN_POINT ( 'NONE',  ( 0.000000000000000000, 0.000000000000000000, 0.000000000000000000 ) ) ;
#1069 = ORIENTED_EDGE ( 'NONE', *, *, #1689, .F. ) ;
#1070 = ORIENTED_EDGE ( 'NONE', *, *, #11250, .T. ) ;
#1071 = CIRCLE ( 'NONE', #7966, 3.000000000000000444 ) ;
#1072 = DIRECTION ( 'NONE',  ( 0.000000000000000000, 0.000000000000000000, 1.000000000000000000 ) ) ;
#1073 = EDGE_CURVE ( 'NONE', #7199, #9319, #2207, .T. ) ;
#1074 = CARTESIAN_POINT ( 'NONE',  ( -1.000000000000001776, -1.732050807568876527, -1.600000000000000089 ) ) ;
#1075 = ORIENTED_EDGE ( 'NONE', *, *, #9996, .T. ) ;
#1076 = CYLINDRICAL_SURFACE ( 'NONE', #7234, 0.5000000000000000000 ) ;
#1077 = EDGE_CURVE ( 'NONE', #6171, #4111, #1812, .T. ) ;
#1078 = VECTOR ( 'NONE', #4948, 1000.000000000000000 ) ;
#1079 = ORIENTED_EDGE ( 'NONE', *, *, #407, .T. ) ;
#1080 = LINE ( 'NONE', #3812, #10982 ) ;
#1081 = CYLINDRICAL_SURFACE ( 'NONE', #9786, 0.3062499999999996891 ) ;
#1082 = DIRECTION ( 'NONE',  ( -1.000000000000000000, -0.000000000000000000, -0.000000000000000000 ) ) ;
#1083 = PRESENTATION_STYLE_ASSIGNMENT (( #6652 ) ) ;
#1084 = CIRCLE ( 'NONE', #2080, 1.999999999999999556 ) ;
#1085 = LINE ( 'NONE', #8431, #5258 ) ;
#1086 = ORIENTED_EDGE ( 'NONE', *, *, #11045, .F. ) ;
#1087 = CARTESIAN_POINT ( 'NONE',  ( -0.6592570625839797582, -1.928778834210483462, -1.600000000000000089 ) ) ;
#1088 = CARTESIAN_POINT ( 'NONE',  ( 1.000000000000001998, 1.732050807568876083, -1.600000000000000089 ) ) ;
#1089 = AXIS2_PLACEMENT_3D ( 'NONE', #6705, #8425, #12089 ) ;
#1090 = CONICAL_SURFACE ( 'NONE', #12153, 2.000000000000000000, 1.047197551196595855 ) ;
#1091 = CARTESIAN_POINT ( 'NONE',  ( -4.987329993433320396E-15, -2.309401076758504701, -1.421367205045916737 ) ) ;
#1092 = EDGE_CURVE ( 'NONE', #3098, #5531, #2560, .T. ) ;
#1093 = EDGE_CURVE ( 'NONE', #4747, #10498, #581, .T. ) ;
#1094 = ORIENTED_EDGE ( 'NONE', *, *, #6084, .T. ) ;
#1095 = DIRECTION ( 'NONE',  ( -1.000000000000000000, 0.000000000000000000, 0.000000000000000000 ) ) ;
#1096 =( NAMED_UNIT ( * ) SI_UNIT ( $, .STERADIAN. ) SOLID_ANGLE_UNIT ( ) );
#1097 = VECTOR ( 'NONE', #4550, 1000.000000000000000 ) ;
#1098 =( NAMED_UNIT ( * ) SI_UNIT ( $, .STERADIAN. ) SOLID_ANGLE_UNIT ( ) );
#1099 = CIRCLE ( 'NONE', #11170, 4.000000000000001776 ) ;
#1100 = VERTEX_POINT ( 'NONE', #5330 ) ;
#1101 = CONICAL_SURFACE ( 'NONE', #3680, 2.200000000000000622, 0.7853981633974473908 ) ;
#1102 = VECTOR ( 'NONE', #840, 1000.000000000000000 ) ;
#1103 = CONICAL_SURFACE ( 'NONE', #5849, 2.000000000000000000, 1.047197551196596299 ) ;
#1104 = CONICAL_SURFACE ( 'NONE', #8004, 2.200000000000002398, 0.7853981633974482790 ) ;
#1105 = CIRCLE ( 'NONE', #5658, 0.1749999999999998224 ) ;
#1106 = CARTESIAN_POINT ( 'NONE',  ( 0.000000000000000000, 0.000000000000000000, 0.000000000000000000 ) ) ;
#1107 = VERTEX_POINT ( 'NONE', #508 ) ;
#1108 = VECTOR ( 'NONE', #9476, 1000.000000000000000 ) ;
#1109 = ORIENTED_EDGE ( 'NONE', *, *, #6894, .F. ) ;
#1110 = AXIS2_PLACEMENT_3D ( 'NONE', #958, #6522, #3745 ) ;
#1111 = ORIENTED_EDGE ( 'NONE', *, *, #10345, .T. ) ;
#1112 = VECTOR ( 'NONE', #6886, 1000.000000000000000 ) ;
#1113 = DIRECTION ( 'NONE',  ( -1.000000000000000000, 1.776356839400250465E-15, 0.000000000000000000 ) ) ;
#1114 = SHAPE_DEFINITION_REPRESENTATION ( #9215, #8396 ) ;
#1115 = AXIS2_PLACEMENT_3D ( 'NONE', #5020, #9769, #1843 ) ;
#1116 = LINE ( 'NONE', #5992, #11593 ) ;
#1117 = CARTESIAN_POINT ( 'NONE',  ( -1.000000000000000000, 9.629649721936179265E-32, -2.669518839163146584 ) ) ;
#1118 = VERTEX_POINT ( 'NONE', #2429 ) ;
#1119 = B_SPLINE_CURVE_WITH_KNOTS ( 'NONE', 3,
 ( #5016, #5893, #1196, #8593 ),
 .UNSPECIFIED., .F., .F.,
 ( 4, 4 ),
 ( 9.235562132690490326E-05, 0.0002456012378765414579 ),
 .UNSPECIFIED. ) ;
#1120 = CIRCLE ( 'NONE', #10395, 2.500000000000000000 ) ;
#1121 = ORIENTED_EDGE ( 'NONE', *, *, #2576, .T. ) ;
#1122 = EDGE_CURVE ( 'NONE', #10339, #9095, #10071, .T. ) ;
#1123 = AXIS2_PLACEMENT_3D ( 'NONE', #3675, #4720, #1770 ) ;
#1124 = ADVANCED_FACE ( 'NONE', ( #8792 ), #3981, .F. ) ;
#1125 = DIRECTION ( 'NONE',  ( 0.000000000000000000, 0.000000000000000000, 1.000000000000000000 ) ) ;
#1126 = CARTESIAN_POINT ( 'NONE',  ( -0.1631781751318187590, 2.215190113420277385, -0.1242400699092117422 ) ) ;
#1127 = CIRCLE ( 'NONE', #319, 1.000000000000000000 ) ;
#1128 = LINE ( 'NONE', #4892, #1078 ) ;
#1129 = CONICAL_SURFACE ( 'NONE', #543, 2.000000000000000000, 1.047197551196595855 ) ;
#1130 = DIRECTION ( 'NONE',  ( -0.000000000000000000, 0.000000000000000000, -1.000000000000000000 ) ) ;
#1131 = ORIENTED_EDGE ( 'NONE', *, *, #4177, .F. ) ;
#1132 = DIRECTION ( 'NONE',  ( 0.000000000000000000, 0.000000000000000000, -1.000000000000000000 ) ) ;
#1133 = CIRCLE ( 'NONE', #8016, 1.999999999999999556 ) ;
#1134 = AXIS2_PLACEMENT_3D ( 'NONE', #4998, #11549, #7772 ) ;
#1135 = CARTESIAN_POINT ( 'NONE',  ( 1.000000000000001998, 1.732050807568876083, -1.600000000000000089 ) ) ;
#1136 = PRODUCT_DEFINITION_CONTEXT ( 'detailed design', #359, 'design' ) ;
#1137 = VERTEX_POINT ( 'NONE', #8099 ) ;
#1138 = DIRECTION ( 'NONE',  ( -0.8660254037844393737, 0.000000000000000000, -0.4999999999999985567 ) ) ;
#1139 = CARTESIAN_POINT ( 'NONE',  ( 0.2440899983175803534, 0.5983070347802370570, -0.7780255248577977456 ) ) ;
#1140 = FILL_AREA_STYLE_COLOUR ( '', #2573 ) ;
#1141 = DIRECTION ( 'NONE',  ( 1.000000000000000000, 0.000000000000000000, 0.000000000000000000 ) ) ;
#1142 = ORIENTED_EDGE ( 'NONE', *, *, #9872, .F. ) ;
#1143 = VECTOR ( 'NONE', #6407, 1000.000000000000000 ) ;
#1144 = CARTESIAN_POINT ( 'NONE',  ( 2.000000000000000000, -0.7745510564695443634, -0.07894766929796886989 ) ) ;
#1145 = EDGE_CURVE ( 'NONE', #7497, #5060, #8888, .T. ) ;
#1146 = CIRCLE ( 'NONE', #11599, 1.000000000000000000 ) ;
#1147 = ORIENTED_EDGE ( 'NONE', *, *, #9492, .T. ) ;
#1148 = CARTESIAN_POINT ( 'NONE',  ( 2.000000000000000000, 1.154700538379250130, -1.600000000000000089 ) ) ;
#1149 = CIRCLE ( 'NONE', #6477, 2.000000000000000000 ) ;
#1150 = VERTEX_POINT ( 'NONE', #7229 ) ;
#1151 = DIRECTION ( 'NONE',  ( 0.000000000000000000, 0.000000000000000000, 1.000000000000000000 ) ) ;
#1152 = CLOSED_SHELL ( 'NONE', ( #6071, #2320, #4849, #1570, #10709, #4928, #2288, #3956, #5736, #8977, #3944, #3670, #2120, #9655, #11515 ) ) ;
#1153 = ORIENTED_EDGE ( 'NONE', *, *, #8380, .F. ) ;
#1154 = DIRECTION ( 'NONE',  ( 0.8660254037844383745, 0.5000000000000005551, 0.000000000000000000 ) ) ;
#1155 = LINE ( 'NONE', #4915, #7426 ) ;
#1156 = DIRECTION ( 'NONE',  ( -1.000000000000000000, 0.000000000000000000, 0.000000000000000000 ) ) ;
#1157 = ORIENTED_EDGE ( 'NONE', *, *, #8334, .F. ) ;
#1158 =( REPRESENTATION_RELATIONSHIP ('NONE','NONE', #912, #5419 ) REPRESENTATION_RELATIONSHIP_WITH_TRANSFORMATION ( #2293 )SHAPE_REPRESENTATION_RELATIONSHIP( ) );
#1159 = EDGE_CURVE ( 'NONE', #1411, #4477, #7166, .T. ) ;
#1160 = DIRECTION ( 'NONE',  ( -1.000000000000000000, 0.000000000000000000, 0.000000000000000000 ) ) ;
#1161 = PLANE ( 'NONE',  #2253 ) ;
#1162 = COLOUR_RGB ( '',0.4980392156862745168, 0.4980392156862745168, 0.4980392156862745168 ) ;
#1163 = DIRECTION ( 'NONE',  ( -1.000000000000000000, 0.000000000000000000, 0.000000000000000000 ) ) ;
#1164 = ORIENTED_EDGE ( 'NONE', *, *, #5076, .T. ) ;
#1165 = CARTESIAN_POINT ( 'NONE',  ( 0.7812177826491109034, -0.3500000000000007550, -500000.0000000000582 ) ) ;
#1166 = B_SPLINE_CURVE_WITH_KNOTS ( 'NONE', 3,
 ( #10464, #783, #1827, #10222, #11213, #1884 ),
 .UNSPECIFIED., .F., .F.,
 ( 4, 2, 4 ),
 ( 0.001168606431211099148, 0.001750609284260044515, 0.002332612137308990100 ),
 .UNSPECIFIED. ) ;
#1167 = CARTESIAN_POINT ( 'NONE',  ( -2.000000000000000000, 0.000000000000000000, 0.000000000000000000 ) ) ;
#1168 = CARTESIAN_POINT ( 'NONE',  ( 0.000000000000000000, 0.000000000000000000, -1.600000000000000089 ) ) ;
#1169 = ORIENTED_EDGE ( 'NONE', *, *, #8694, .F. ) ;
#1170 = EDGE_CURVE ( 'NONE', #8215, #6130, #10008, .T. ) ;
#1171 = CARTESIAN_POINT ( 'NONE',  ( -0.7063323362395713678, -0.4078011644652541068, -0.1291166393111736477 ) ) ;
#1172 = CARTESIAN_POINT ( 'NONE',  ( -0.2440899983175760235, -0.5983070347802371680, -0.7780255248577985228 ) ) ;
#1173 = ORIENTED_EDGE ( 'NONE', *, *, #175, .T. ) ;
#1174 = LINE ( 'NONE', #10802, #6014 ) ;
#1175 = VERTEX_POINT ( 'NONE', #4644 ) ;
#1176 = ORIENTED_EDGE ( 'NONE', *, *, #1073, .F. ) ;
#1177 = DIRECTION ( 'NONE',  ( -1.000000000000000000, 0.000000000000000000, 0.000000000000000000 ) ) ;
#1178 = ITEM_DEFINED_TRANSFORMATION ( 'NONE', 'NONE', #9461,  #8058 ) ;
#1179 = LINE ( 'NONE', #8697, #4098 ) ;
#1180 = DIRECTION ( 'NONE',  ( 0.000000000000000000, 0.000000000000000000, -1.000000000000000000 ) ) ;
#1181 = ORIENTED_EDGE ( 'NONE', *, *, #4234, .T. ) ;
#1182 = ADVANCED_FACE ( 'NONE', ( #5583, #1871 ), #2620, .T. ) ;
#1183 = EDGE_CURVE ( 'NONE', #10703, #11135, #11258, .T. ) ;
#1184 = AXIS2_PLACEMENT_3D ( 'NONE', #8040, #11819, #2427 ) ;
#1185 = EDGE_LOOP ( 'NONE', ( #3421, #1458, #11825, #1850 ) ) ;
#1186 = CARTESIAN_POINT ( 'NONE',  ( 3.500000000000000000, 2.500000000000000000, -18.00000000000000355 ) ) ;
#1187 = CARTESIAN_POINT ( 'NONE',  ( 0.000000000000000000, 2.309401076758504701, -0.1786327949540832127 ) ) ;
#1188 = DIRECTION ( 'NONE',  ( 0.5000000000000003331, -0.8660254037844385966, 0.000000000000000000 ) ) ;
#1189 = ORIENTED_EDGE ( 'NONE', *, *, #10865, .T. ) ;
#1190 = CARTESIAN_POINT ( 'NONE',  ( 2.000000000000000000, -1.154700538379255015, -1.421367205045916737 ) ) ;
#1191 = AXIS2_PLACEMENT_3D ( 'NONE', #9024, #578, #3660 ) ;
#1192 = DIRECTION ( 'NONE',  ( 0.000000000000000000, 1.000000000000000000, 0.000000000000000000 ) ) ;
#1193 = PRODUCT_DEFINITION ( 'UNKNOWN', '', #9868, #23 ) ;
#1194 = EDGE_LOOP ( 'NONE', ( #8130, #5208, #8502, #2491 ) ) ;
#1195 = FACE_OUTER_BOUND ( 'NONE', #9499, .T. ) ;
#1196 = CARTESIAN_POINT ( 'NONE',  ( 0.7594391914123085341, -0.2539745335419718031, -0.6847476083480963371 ) ) ;
#1197 = CARTESIAN_POINT ( 'NONE',  ( 0.6592570625839772047, 1.928778834210482351, -1.600000000000001421 ) ) ;
#1198 = CARTESIAN_POINT ( 'NONE',  ( 1.000000000000001998, 1.732050807568876083, 0.000000000000000000 ) ) ;
#1199 = DIRECTION ( 'NONE',  ( 0.000000000000000000, 1.000000000000000000, 0.000000000000000000 ) ) ;
#1200 = CARTESIAN_POINT ( 'NONE',  ( 0.000000000000000000, 0.000000000000000000, 0.000000000000000000 ) ) ;
#1201 = CARTESIAN_POINT ( 'NONE',  ( 0.000000000000000000, 0.000000000000000000, -18.00000000000000355 ) ) ;
#1202 = VECTOR ( 'NONE', #8161, 1000.000000000000000 ) ;
#1203 = ORIENTED_EDGE ( 'NONE', *, *, #905, .T. ) ;
#1204 = CARTESIAN_POINT ( 'NONE',  ( -2.000000000000000000, 0.000000000000000000, -21.00000000000000000 ) ) ;
#1205 = ORIENTED_EDGE ( 'NONE', *, *, #8751, .F. ) ;
#1206 = VECTOR ( 'NONE', #5628, 1000.000000000000000 ) ;
#1207 = DIRECTION ( 'NONE',  ( -1.000000000000000000, 0.000000000000000000, 4.440892098500625176E-16 ) ) ;
#1208 = EDGE_CURVE ( 'NONE', #6752, #10945, #11313, .T. ) ;
#1209 = ADVANCED_FACE ( 'NONE', ( #4706 ), #7293, .T. ) ;
#1210 = CARTESIAN_POINT ( 'NONE',  ( -4.987329993433320396E-15, -2.309401076758504701, -0.1786327949540832127 ) ) ;
#1211 = CARTESIAN_POINT ( 'NONE',  ( 1.339247740005896636, 1.536186033554500785, -1.582894801272978658 ) ) ;
#1212 = AXIS2_PLACEMENT_3D ( 'NONE', #1000, #11134, #10380 ) ;
#1213 = ORIENTED_EDGE ( 'NONE', *, *, #2948, .F. ) ;
#1214 = CARTESIAN_POINT ( 'NONE',  ( -8.000000000000000000, 17.00000000000000000, -3.232195743157015411 ) ) ;
#1215 = DIRECTION ( 'NONE',  ( 0.000000000000000000, 0.000000000000000000, 1.000000000000000000 ) ) ;
#1216 = LINE ( 'NONE', #8618, #6384 ) ;
#1217 = DIRECTION ( 'NONE',  ( -0.000000000000000000, 1.000000000000000000, 0.000000000000000000 ) ) ;
#1218 = DIRECTION ( 'NONE',  ( 0.000000000000000000, 0.000000000000000000, 1.000000000000000000 ) ) ;
#1219 = ORIENTED_EDGE ( 'NONE', *, *, #11808, .F. ) ;
#1220 = DIRECTION ( 'NONE',  ( -1.000000000000000000, -8.881784197001252323E-16, 0.000000000000000000 ) ) ;
#1222 = ADVANCED_FACE ( 'NONE', ( #6371 ), #9452, .F. ) ;
#1221 = DIRECTION ( 'NONE',  ( 0.000000000000000000, 0.000000000000000000, 1.000000000000000000 ) ) ;
#1223 = DIRECTION ( 'NONE',  ( 1.000000000000000000, 0.000000000000000000, 0.000000000000000000 ) ) ;
#1224 = CARTESIAN_POINT ( 'NONE',  ( 1.836821824868180020, 1.248911501717478334, -0.1242400699092101324 ) ) ;
#1225 = VERTEX_POINT ( 'NONE', #2677 ) ;
#1226 = CARTESIAN_POINT ( 'NONE',  ( 3.400000000000000355, 0.000000000000000000, 0.000000000000000000 ) ) ;
#1227 = EDGE_CURVE ( 'NONE', #4364, #9385, #10130, .T. ) ;
#1228 = CARTESIAN_POINT ( 'NONE',  ( -0.3277177810063121588, 2.120193127676282430, -0.07933779981236163681 ) ) ;
#1229 = ORIENTED_EDGE ( 'NONE', *, *, #6120, .T. ) ;
#1230 = CARTESIAN_POINT ( 'NONE',  ( -2.000000000000000000, 0.3931374000439456506, -1.582763861186367027 ) ) ;
#1231 = SHAPE_REPRESENTATION ( 'hexa csunk flathd screw_iso_ISO 14581 M2x4x4-S', ( #8058 ), #7487 ) ;
#1232 = CARTESIAN_POINT ( 'NONE',  ( 0.000000000000000000, 0.000000000000000000, -18.00000000000000355 ) ) ;
#1233 = ORIENTED_EDGE ( 'NONE', *, *, #9439, .F. ) ;
#1234 = ORIENTED_EDGE ( 'NONE', *, *, #5513, .T. ) ;
#1235 = EDGE_CURVE ( 'NONE', #2633, #2580, #10205, .T. ) ;
#1236 = CARTESIAN_POINT ( 'NONE',  ( -2.000000000000000000, 1.154700538379254349, -1.421367205045916737 ) ) ;
#1237 = PRODUCT_DEFINITION_SHAPE ( 'NONE', 'NONE',  #12235 ) ;
#1238 = DIRECTION ( 'NONE',  ( 0.000000000000000000, 0.000000000000000000, -1.000000000000000000 ) ) ;
#1239 = CARTESIAN_POINT ( 'NONE',  ( 5.500000000000001776, -0.8000000000000194733, -1.899999999999893108 ) ) ;
#1240 = ORIENTED_EDGE ( 'NONE', *, *, #11866, .F. ) ;
#1241 = ORIENTED_EDGE ( 'NONE', *, *, #4967, .F. ) ;
#1242 = CARTESIAN_POINT ( 'NONE',  ( 1.949999999999999956, 7.500000000000000000, -6.116139535669825378 ) ) ;
#1243 = FACE_OUTER_BOUND ( 'NONE', #6710, .T. ) ;
#1244 = CARTESIAN_POINT ( 'NONE',  ( 3.400000000000000355, 0.000000000000000000, 0.000000000000000000 ) ) ;
#1245 = ORIENTED_EDGE ( 'NONE', *, *, #6142, .T. ) ;
#1246 = LINE ( 'NONE', #6925, #11383 ) ;
#1247 = EDGE_CURVE ( 'NONE', #286, #11185, #1552, .T. ) ;
#1248 = EDGE_CURVE ( 'NONE', #4299, #7567, #7515, .T. ) ;
#1249 = DIRECTION ( 'NONE',  ( -1.000000000000000000, 0.000000000000000000, 0.000000000000000000 ) ) ;
#1250 = UNCERTAINTY_MEASURE_WITH_UNIT (LENGTH_MEASURE( 1.000000000000000082E-05 ), #6537, 'distance_accuracy_value', 'NONE');
#1251 = CARTESIAN_POINT ( 'NONE',  ( -0.3277177810063121588, 2.120193127676282430, -1.520662200187637758 ) ) ;
#1252 = CARTESIAN_POINT ( 'NONE',  ( -4.209147709522543579, -2.050261755315530010, 1045.983860464337113 ) ) ;
#1253 = CARTESIAN_POINT ( 'NONE',  ( 0.000000000000000000, 0.000000000000000000, -0.1291166393111736477 ) ) ;
#1254 = MANIFOLD_SOLID_BREP ( 'ThdSchPat', #11605 ) ;
#1255 = CARTESIAN_POINT ( 'NONE',  ( 7.500000000000003553, 2.500000000000000000, -1.845299461620643289 ) ) ;
#1256 = DIRECTION ( 'NONE',  ( 0.000000000000000000, 1.000000000000000000, 1.084202172485504434E-16 ) ) ;
#1257 = FACE_OUTER_BOUND ( 'NONE', #5654, .T. ) ;
#1258 = AXIS2_PLACEMENT_3D ( 'NONE', #1200, #214, #3992 ) ;
#1259 = CIRCLE ( 'NONE', #2256, 0.7740000000000000213 ) ;
#1260 = VERTEX_POINT ( 'NONE', #4533 ) ;
#1261 = FACE_OUTER_BOUND ( 'NONE', #69, .T. ) ;
#1262 = DIRECTION ( 'NONE',  ( 1.000000000000000000, 0.000000000000000000, 0.000000000000000000 ) ) ;
#1263 = EDGE_LOOP ( 'NONE', ( #318, #11831 ) ) ;
#1264 = CARTESIAN_POINT ( 'NONE',  ( -2.000000000000000000, -1.154700538379254349, -0.1786327949540832127 ) ) ;
#1265 = DIRECTION ( 'NONE',  ( 0.000000000000000000, 0.000000000000000000, -1.000000000000000000 ) ) ;
#1266 = AXIS2_PLACEMENT_3D ( 'NONE', #3511, #11840, #11962 ) ;
#1267 = DIRECTION ( 'NONE',  ( 0.8660254037844385966, 0.5000000000000000000, 0.000000000000000000 ) ) ;
#1268 = ORIENTED_EDGE ( 'NONE', *, *, #10806, .T. ) ;
#1269 = DIRECTION ( 'NONE',  ( 0.5000000000000003331, -0.8660254037844385966, 0.000000000000000000 ) ) ;
#1270 = EDGE_CURVE ( 'NONE', #1327, #6851, #5347, .T. ) ;
#1271 = EDGE_CURVE ( 'NONE', #2418, #10911, #1606, .T. ) ;
#1272 = CIRCLE ( 'NONE', #10145, 1.000000000000000000 ) ;
#1273 = FACE_OUTER_BOUND ( 'NONE', #8392, .T. ) ;
#1274 = CYLINDRICAL_SURFACE ( 'NONE', #7370, 0.3062499999999994671 ) ;
#1275 = DIRECTION ( 'NONE',  ( -1.000000000000000000, -0.000000000000000000, -0.000000000000000000 ) ) ;
#1276 = DIRECTION ( 'NONE',  ( 1.060575238724909257E-16, -0.8660254037844404840, -0.4999999999999967248 ) ) ;
#1277 = VERTEX_POINT ( 'NONE', #9748 ) ;
#1278 = AXIS2_PLACEMENT_3D ( 'NONE', #5433, #9001, #7331 ) ;
#1279 = CARTESIAN_POINT ( 'NONE',  ( -2.000000000000000000, 0.3931374000439456506, -1.582763861186367027 ) ) ;
#1280 = CARTESIAN_POINT ( 'NONE',  ( -1.000000000000001776, -1.732050807568876527, 0.000000000000000000 ) ) ;
#1281 = ORIENTED_EDGE ( 'NONE', *, *, #7645, .F. ) ;
#1282 = CARTESIAN_POINT ( 'NONE',  ( 2.000000000000000000, 11.70000000000000107, -0.7999999999999994893 ) ) ;
#1283 = VERTEX_POINT ( 'NONE', #7596 ) ;
#1284 = CARTESIAN_POINT ( 'NONE',  ( 0.000000000000000000, 0.000000000000000000, 0.000000000000000000 ) ) ;
#1285 = VECTOR ( 'NONE', #107, 1000.000000000000000 ) ;
#1286 = ORIENTED_EDGE ( 'NONE', *, *, #8523, .F. ) ;
#1287 = EDGE_CURVE ( 'NONE', #9162, #5768, #2970, .T. ) ;
#1288 = DIRECTION ( 'NONE',  ( -0.000000000000000000, -0.000000000000000000, 1.000000000000000000 ) ) ;
#1289 = VERTEX_POINT ( 'NONE', #8828 ) ;
#1291 = CARTESIAN_POINT ( 'NONE',  ( 0.5560518688116538044, -0.5176555429708572520, -500000.0000000000582 ) ) ;
#1290 = APPLICATION_CONTEXT ( 'automotive_design' ) ;
#1292 = ORIENTED_EDGE ( 'NONE', *, *, #7866, .F. ) ;
#1293 = ORIENTED_EDGE ( 'NONE', *, *, #11407, .T. ) ;
#1294 = AXIS2_PLACEMENT_3D ( 'NONE', #11563, #209, #6804 ) ;
#1295 = ADVANCED_FACE ( 'NONE', ( #134 ), #2233, .T. ) ;
#1296 = APPLICATION_PROTOCOL_DEFINITION ( 'draft international standard', 'automotive_design', 1998, #118 ) ;
#1297 = DIRECTION ( 'NONE',  ( 0.000000000000000000, 1.000000000000000000, 0.000000000000000000 ) ) ;
#1298 = DIRECTION ( 'NONE',  ( 0.000000000000000000, 0.000000000000000000, 1.000000000000000000 ) ) ;
#1299 = CIRCLE ( 'NONE', #8193, 2.500000000000000000 ) ;
#1300 = VERTEX_POINT ( 'NONE', #1054 ) ;
#1301 = VERTEX_POINT ( 'NONE', #8577 ) ;
#1302 = EDGE_CURVE ( 'NONE', #10194, #5358, #2923, .T. ) ;
#1303 = AXIS2_PLACEMENT_3D ( 'NONE', #9862, #6902, #11604 ) ;
#1304 = CARTESIAN_POINT ( 'NONE',  ( 0.000000000000000000, 0.000000000000000000, 0.000000000000000000 ) ) ;
#1305 = AXIS2_PLACEMENT_3D ( 'NONE', #11473, #11586, #10655 ) ;
#1306 = LINE ( 'NONE', #2238, #1883 ) ;
#1307 = VERTEX_POINT ( 'NONE', #3845 ) ;
#1308 = DIRECTION ( 'NONE',  ( -0.000000000000000000, -0.000000000000000000, 1.000000000000000000 ) ) ;
#1309 = CIRCLE ( 'NONE', #1704, 1.000000000000000000 ) ;
#1310 = CARTESIAN_POINT ( 'NONE',  ( 0.000000000000000000, 0.000000000000000000, 0.000000000000000000 ) ) ;
#1311 = ADVANCED_FACE ( 'NONE', ( #2175 ), #6910, .T. ) ;
#1312 = ORIENTED_EDGE ( 'NONE', *, *, #6295, .T. ) ;
#1313 = DIRECTION ( 'NONE',  ( 1.060575238724911106E-16, 0.8660254037844419273, 0.4999999999999942268 ) ) ;
#1314 = CARTESIAN_POINT ( 'NONE',  ( -1.000000000000001776, -1.732050807568876527, -1.600000000000000089 ) ) ;
#1315 = DIRECTION ( 'NONE',  ( -4.785058697776395497E-16, 0.9423957034545342726, 0.3345001317046577549 ) ) ;
#1316 = CIRCLE ( 'NONE', #8604, 1.000000000000000000 ) ;
#1317 = CIRCLE ( 'NONE', #735, 1.999999999999999556 ) ;
#1318 = CARTESIAN_POINT ( 'NONE',  ( 0.3271719972790543829, 2.120508236058134433, -1.530424537474096347 ) ) ;
#1319 = STYLED_ITEM ( 'NONE', ( #2328 ), #9006 ) ;
#1320 = DIRECTION ( 'NONE',  ( -0.5000000000000002220, 0.000000000000000000, 0.8660254037844385966 ) ) ;
#1321 = ORIENTED_EDGE ( 'NONE', *, *, #11587, .T. ) ;
#1322 = EDGE_CURVE ( 'NONE', #7519, #4870, #3034, .T. ) ;
#1324 = CARTESIAN_POINT ( 'NONE',  ( 0.9526279441628809908, 0.5499999999999998224, -1.600000000000000089 ) ) ;
#1323 = VECTOR ( 'NONE', #3037, 1000.000000000000000 ) ;
#1325 = AXIS2_PLACEMENT_3D ( 'NONE', #3024, #8933, #6906 ) ;
#1326 = ADVANCED_FACE ( 'NONE', ( #8642 ), #3911, .T. ) ;
#1327 = VERTEX_POINT ( 'NONE', #6737 ) ;
#1328 = AXIS2_PLACEMENT_3D ( 'NONE', #3548, #6077, #7112 ) ;
#1329 = ORIENTED_EDGE ( 'NONE', *, *, #2824, .T. ) ;
#1330 = DIRECTION ( 'NONE',  ( 0.8660254037844384856, 0.5000000000000002220, 0.000000000000000000 ) ) ;
#1331 = ORIENTED_EDGE ( 'NONE', *, *, #3036, .F. ) ;
#1332 = CARTESIAN_POINT ( 'NONE',  ( -1.836821824868181352, -1.248911501717480332, -0.1242400699092116589 ) ) ;
#1333 = AXIS2_PLACEMENT_3D ( 'NONE', #5396, #5279, #11830 ) ;
#1334 = CARTESIAN_POINT ( 'NONE',  ( -0.3271719972790578246, -2.120508236058134877, -0.06957546252590419977 ) ) ;
#1335 = CIRCLE ( 'NONE', #8612, 2.000000000000000000 ) ;
#1336 = PRESENTATION_STYLE_ASSIGNMENT (( #1524 ) ) ;
#1337 = AXIS2_PLACEMENT_3D ( 'NONE', #3882, #859, #6541 ) ;
#1338 = DIRECTION ( 'NONE',  ( 1.000000000000000000, 0.000000000000000000, 0.000000000000000000 ) ) ;
#1339 = ORIENTED_EDGE ( 'NONE', *, *, #4871, .T. ) ;
#1340 = CARTESIAN_POINT ( 'NONE',  ( 0.5560518688116534713, 0.5176555429708578071, -0.7092725651034375023 ) ) ;
#1341 = AXIS2_PLACEMENT_3D ( 'NONE', #3536, #8448, #9198 ) ;
#1342 = ADVANCED_FACE ( 'NONE', ( #11502 ), #3159, .T. ) ;
#1343 = CARTESIAN_POINT ( 'NONE',  ( 0.000000000000000000, 0.000000000000000000, 0.000000000000000000 ) ) ;
#1344 = DIRECTION ( 'NONE',  ( 0.000000000000000000, 0.000000000000000000, 1.000000000000000000 ) ) ;
#1345 = FILL_AREA_STYLE ('',( #11306 ) ) ;
#1346 = LINE ( 'NONE', #7998, #2482 ) ;
#1347 = PRODUCT_DEFINITION_SHAPE ( 'NONE', 'NONE',  #12230 ) ;
#1348 = ORIENTED_EDGE ( 'NONE', *, *, #9668, .T. ) ;
#1349 = CIRCLE ( 'NONE', #7653, 2.000000000000000000 ) ;
#1350 = LINE ( 'NONE', #8865, #10174 ) ;
#1351 = B_SPLINE_CURVE_WITH_KNOTS ( 'NONE', 3,
 ( #5738, #9485, #7643, #6713 ),
 .UNSPECIFIED., .F., .F.,
 ( 4, 4 ),
 ( 2.380749485076534898E-07, 0.001168606431211099148 ),
 .UNSPECIFIED. ) ;
#1352 = DIRECTION ( 'NONE',  ( 0.000000000000000000, 1.000000000000000000, -0.000000000000000000 ) ) ;
#1353 = VERTEX_POINT ( 'NONE', #7668 ) ;
#1354 = EDGE_CURVE ( 'NONE', #5879, #10339, #8756, .T. ) ;
#1355 = CARTESIAN_POINT ( 'NONE',  ( 1.000000000000000444, -1.732050807568876971, 0.000000000000000000 ) ) ;
#1356 = ADVANCED_FACE ( 'NONE', ( #10620 ), #196, .T. ) ;
#1357 = VECTOR ( 'NONE', #72, 1000.000000000000000 ) ;
#1358 = VERTEX_POINT ( 'NONE', #1117 ) ;
#1359 = CARTESIAN_POINT ( 'NONE',  ( 4.099999999999999645, -2.971690854684141847, 0.3999999999999987454 ) ) ;
#1360 = CARTESIAN_POINT ( 'NONE',  ( 3.000000000000000000, 0.000000000000000000, 0.000000000000000000 ) ) ;
#1361 = CONICAL_SURFACE ( 'NONE', #5699, 2.000000000000000000, 1.047197551196596299 ) ;
#1362 = DIRECTION ( 'NONE',  ( 0.000000000000000000, -1.000000000000000000, 0.000000000000000000 ) ) ;
#1363 = VERTEX_POINT ( 'NONE', #2979 ) ;
#1364 = CARTESIAN_POINT ( 'NONE',  ( 0.000000000000000000, 9.199999999999999289, -21.00000000000000000 ) ) ;
#1365 = CARTESIAN_POINT ( 'NONE',  ( 5.500000000000001776, 0.2999999999999825584, -1.899999999999893108 ) ) ;
#1366 = VECTOR ( 'NONE', #9933, 1000.000000000000000 ) ;
#1367 = ORIENTED_EDGE ( 'NONE', *, *, #4618, .T. ) ;
#1368 = EDGE_LOOP ( 'NONE', ( #818, #4139, #514, #10442 ) ) ;
#1369 = EDGE_CURVE ( 'NONE', #1763, #7679, #4088, .T. ) ;
#1370 = ADVANCED_FACE ( 'NONE', ( #4885 ), #7723, .F. ) ;
#1371 = ITEM_DEFINED_TRANSFORMATION ( 'NONE', 'NONE', #8081,  #8058 ) ;
#1372 = CARTESIAN_POINT ( 'NONE',  ( 1.340742937416024905, -1.535322780927274700, -1.599999999999999867 ) ) ;
#1373 = CARTESIAN_POINT ( 'NONE',  ( 0.000000000000000000, 4.738805170303855086E-16, -3.869518839163146762 ) ) ;
#1374 = ORIENTED_EDGE ( 'NONE', *, *, #3470, .F. ) ;
#1375 = EDGE_LOOP ( 'NONE', ( #1893, #4767, #6813, #11982 ) ) ;
#1376 =( GEOMETRIC_REPRESENTATION_CONTEXT ( 3 ) GLOBAL_UNCERTAINTY_ASSIGNED_CONTEXT ( ( #7548 ) ) GLOBAL_UNIT_ASSIGNED_CONTEXT ( ( #2077, #3814, #10477 ) ) REPRESENTATION_CONTEXT ( 'NONE', 'WORKASPACE' ) );
#1377 = CARTESIAN_POINT ( 'NONE',  ( 0.6302730391921533837, 0.04386103604797393640, -0.7870467931637529224 ) ) ;
#1378 = ORIENTED_EDGE ( 'NONE', *, *, #7615, .F. ) ;
#1379 = CARTESIAN_POINT ( 'NONE',  ( 1.000000000000001998, 1.732050807568876083, 0.000000000000000000 ) ) ;
#1380 = UNCERTAINTY_MEASURE_WITH_UNIT (LENGTH_MEASURE( 1.000000000000000082E-05 ), #2092, 'distance_accuracy_value', 'NONE');
#1381 = VERTEX_POINT ( 'NONE', #306 ) ;
#1382 = LINE ( 'NONE', #10988, #5239 ) ;
#1383 = EDGE_CURVE ( 'NONE', #379, #5446, #11846, .T. ) ;
#1384 = DIRECTION ( 'NONE',  ( 1.000000000000000000, 0.000000000000000000, 0.000000000000000000 ) ) ;
#1385 = SURFACE_STYLE_USAGE ( .BOTH. , #5017 ) ;
#1386 =( GEOMETRIC_REPRESENTATION_CONTEXT ( 3 ) GLOBAL_UNCERTAINTY_ASSIGNED_CONTEXT ( ( #5081 ) ) GLOBAL_UNIT_ASSIGNED_CONTEXT ( ( #1771, #9159, #3501 ) ) REPRESENTATION_CONTEXT ( 'NONE', 'WORKASPACE' ) );
#1387 = CARTESIAN_POINT ( 'NONE',  ( -0.2444460970124005539, 0.5979195380787974967, -0.7781636319687684766 ) ) ;
#1388 = CARTESIAN_POINT ( 'NONE',  ( 2.000000000000000000, -1.154700538379255015, -0.1786327949540832127 ) ) ;
#1389 = ORIENTED_EDGE ( 'NONE', *, *, #1016, .T. ) ;
#1390 = DIRECTION ( 'NONE',  ( 0.000000000000000000, 0.000000000000000000, -1.000000000000000000 ) ) ;
#1391 = ORIENTED_EDGE ( 'NONE', *, *, #8646, .T. ) ;
#1392 = EDGE_CURVE ( 'NONE', #3907, #2633, #4024, .T. ) ;
#1393 = CARTESIAN_POINT ( 'NONE',  ( 0.000000000000000000, -2.821690854684141936, -0.9000000000000006883 ) ) ;
#1394 = APPLICATION_CONTEXT ( 'automotive_design' ) ;
#1395 = PRESENTATION_LAYER_ASSIGNMENT (  '', '', ( #3 ) ) ;
#1396 = ORIENTED_EDGE ( 'NONE', *, *, #1689, .T. ) ;
#1397 = FACE_OUTER_BOUND ( 'NONE', #9060, .T. ) ;
#1398 = EDGE_LOOP ( 'NONE', ( #5597, #9225, #1864 ) ) ;
#1399 = CARTESIAN_POINT ( 'NONE',  ( 2.000000000000000000, 6.700000000000000178, -0.8000000000000000444 ) ) ;
#1400 = ADVANCED_FACE ( 'NONE', ( #7847 ), #11619, .F. ) ;
#1401 =( NAMED_UNIT ( * ) SI_UNIT ( $, .STERADIAN. ) SOLID_ANGLE_UNIT ( ) );
#1402 = UNCERTAINTY_MEASURE_WITH_UNIT (LENGTH_MEASURE( 1.000000000000000082E-05 ), #5497, 'distance_accuracy_value', 'NONE');
#1403 = DIRECTION ( 'NONE',  ( 0.000000000000000000, 1.000000000000000000, 2.168404344971008868E-16 ) ) ;
#1404 = VERTEX_POINT ( 'NONE', #376 ) ;
#1405 = CARTESIAN_POINT ( 'NONE',  ( -3.129822080702421140E-16, -2.309401076758506477, -1.600000000000000089 ) ) ;
#1406 = CIRCLE ( 'NONE', #4159, 1.000000000000000000 ) ;
#1407 = CARTESIAN_POINT ( 'NONE',  ( 8.500000000000000000, 0.000000000000000000, -18.00000000000000355 ) ) ;
#1408 = DIRECTION ( 'NONE',  ( 0.000000000000000000, 0.000000000000000000, -1.000000000000000000 ) ) ;
#1409 = CARTESIAN_POINT ( 'NONE',  ( 0.000000000000000000, -2.821690854684141936, -0.9000000000000006883 ) ) ;
#1410 = CARTESIAN_POINT ( 'NONE',  ( 5.499999999999998224, 0.8999999999999998002, -23.30940107675841233 ) ) ;
#1411 = VERTEX_POINT ( 'NONE', #6234 ) ;
#1412 = LINE ( 'NONE', #11716, #9575 ) ;
#1413 = VECTOR ( 'NONE', #8398, 1000.000000000000000 ) ;
#1414 = DIRECTION ( 'NONE',  ( -1.000000000000000000, 0.000000000000000000, 0.000000000000000000 ) ) ;
#1415 = ADVANCED_FACE ( 'NONE', ( #6174 ), #4355, .T. ) ;
#1416 = ORIENTED_EDGE ( 'NONE', *, *, #8180, .T. ) ;
#1417 = EDGE_CURVE ( 'NONE', #10331, #3907, #3283, .T. ) ;
#1418 = CARTESIAN_POINT ( 'NONE',  ( 1.000000000000001998, 1.732050807568876083, 0.000000000000000000 ) ) ;
#1419 = ORIENTED_EDGE ( 'NONE', *, *, #8021, .F. ) ;
#1420 = CARTESIAN_POINT ( 'NONE',  ( 1.949999999999999956, 7.500000000000000000, -6.116139535669825378 ) ) ;
#1421 = CARTESIAN_POINT ( 'NONE',  ( 0.3271719972790544384, 2.120508236058134433, -0.06957546252590364466 ) ) ;
#1422 = ORIENTED_EDGE ( 'NONE', *, *, #9164, .T. ) ;
#1423 = PRODUCT_RELATED_PRODUCT_CATEGORY ( 'part', '', ( #6351 ) ) ;
#1424 = CARTESIAN_POINT ( 'NONE',  ( 0.1618649730664564745, 0.7758523517199529262, -0.6896353986941863301 ) ) ;
#1425 = EDGE_LOOP ( 'NONE', ( #6961, #12189 ) ) ;
#1426 = VERTEX_POINT ( 'NONE', #10810 ) ;
#1427 = CONTEXT_DEPENDENT_SHAPE_REPRESENTATION ( #11960, #2720 ) ;
#1428 = CARTESIAN_POINT ( 'NONE',  ( 0.000000000000000000, 1.723518695392517009E-16, -1.165753041649121524 ) ) ;
#1429 = CARTESIAN_POINT ( 'NONE',  ( 5.499999999999998224, 0.8999999999999995781, -22.09999999999990550 ) ) ;
#1430 = B_SPLINE_CURVE_WITH_KNOTS ( 'NONE', 3,
 ( #3274, #1424, #5185, #486, #3530, #557, #677, #10981, #9987, #11857 ),
 .UNSPECIFIED., .F., .F.,
 ( 4, 2, 2, 2, 4 ),
 ( -0.0002458240484173943984, -0.0001229754419029315047, -1.268353884686652770E-07, 0.0001227217711259942284, 0.0002455703776404570679 ),
 .UNSPECIFIED. ) ;
#1431 = ORIENTED_EDGE ( 'NONE', *, *, #11748, .T. ) ;
#1432 = EDGE_CURVE ( 'NONE', #2664, #5155, #8028, .T. ) ;
#1433 = DIRECTION ( 'NONE',  ( 0.000000000000000000, 0.000000000000000000, 1.000000000000000000 ) ) ;
#1434 = ADVANCED_FACE ( 'NONE', ( #2295 ), #618, .T. ) ;
#1435 = DIRECTION ( 'NONE',  ( -1.000000000000000000, -0.000000000000000000, -0.000000000000000000 ) ) ;
#1436 = VERTEX_POINT ( 'NONE', #11862 ) ;
#1437 = DIRECTION ( 'NONE',  ( 1.000000000000000000, -0.000000000000000000, -0.000000000000000000 ) ) ;
#1438 = ORIENTED_EDGE ( 'NONE', *, *, #8687, .T. ) ;
#1439 = CYLINDRICAL_SURFACE ( 'NONE', #10702, 0.3062499999999996891 ) ;
#1440 = DIRECTION ( 'NONE',  ( 1.000000000000000000, 0.000000000000000000, 0.000000000000000000 ) ) ;
#1441 = FACE_OUTER_BOUND ( 'NONE', #388, .T. ) ;
#1442 = CARTESIAN_POINT ( 'NONE',  ( -0.5910169829882423453, -0.5281178090613481979, -0.6896119942591235619 ) ) ;
#1443 = EDGE_LOOP ( 'NONE', ( #621, #6190, #8154, #7028, #10577, #6504 ) ) ;
#1444 = DIRECTION ( 'NONE',  ( -0.000000000000000000, -1.000000000000000000, -0.000000000000000000 ) ) ;
#1445 = ORIENTED_EDGE ( 'NONE', *, *, #6695, .F. ) ;
#1446 = CARTESIAN_POINT ( 'NONE',  ( -0.6979409270859333603, -0.1959368193116775014, -0.7302995190835728234 ) ) ;
#1447 = EDGE_CURVE ( 'NONE', #2030, #7117, #4146, .T. ) ;
#1448 = AXIS2_PLACEMENT_3D ( 'NONE', #3364, #6075, #10878 ) ;
#1449 = ORIENTED_EDGE ( 'NONE', *, *, #3118, .T. ) ;
#1450 = ORIENTED_EDGE ( 'NONE', *, *, #6998, .F. ) ;
#1451 = CYLINDRICAL_SURFACE ( 'NONE', #6236, 1.000000000000000444 ) ;
#1452 = CIRCLE ( 'NONE', #10312, 0.1749999999999998501 ) ;
#1453 = CARTESIAN_POINT ( 'NONE',  ( 0.000000000000000000, -0.8000000000000000444, -6.499999999999999112 ) ) ;
#1454 = DIRECTION ( 'NONE',  ( 0.000000000000000000, 0.000000000000000000, -1.000000000000000000 ) ) ;
#1455 =( NAMED_UNIT ( * ) SI_UNIT ( $, .STERADIAN. ) SOLID_ANGLE_UNIT ( ) );
#1456 = CYLINDRICAL_SURFACE ( 'NONE', #10575, 1.099999999999996758 ) ;
#1457 = EDGE_CURVE ( 'NONE', #5979, #6744, #8884, .T. ) ;
#1458 = ORIENTED_EDGE ( 'NONE', *, *, #9605, .T. ) ;
#1459 = VERTEX_POINT ( 'NONE', #6297 ) ;
#1460 = DIRECTION ( 'NONE',  ( 0.000000000000000000, 0.000000000000000000, 1.000000000000000000 ) ) ;
#1461 = APPLICATION_CONTEXT ( 'automotive_design' ) ;
#1462 = AXIS2_PLACEMENT_3D ( 'NONE', #11349, #2890, #8553 ) ;
#1463 = EDGE_CURVE ( 'NONE', #8083, #5086, #9082, .T. ) ;
#1464 = CARTESIAN_POINT ( 'NONE',  ( -0.5000000000000000000, 9.199999999999999289, -18.50000000000000355 ) ) ;
#1465 = B_SPLINE_CURVE_WITH_KNOTS ( 'NONE', 3,
 ( #232, #9733, #1279, #6104, #288, #2156 ),
 .UNSPECIFIED., .F., .F.,
 ( 4, 2, 4 ),
 ( 0.003228283429323684436, 0.003812703409393313706, 0.004397123389462942976 ),
 .UNSPECIFIED. ) ;
#1466 = FACE_BOUND ( 'NONE', #8256, .T. ) ;
#1467 = AXIS2_PLACEMENT_3D ( 'NONE', #6951, #6030, #9789 ) ;
#1468 = LINE ( 'NONE', #4979, #10768 ) ;
#1469 = CARTESIAN_POINT ( 'NONE',  ( 4.099999999999999645, -2.821690854684141936, 0.8999999999999992450 ) ) ;
#1470 = SURFACE_SIDE_STYLE ('',( #6957 ) ) ;
#1471 = VERTEX_POINT ( 'NONE', #1429 ) ;
#1472 = MECHANICAL_DESIGN_GEOMETRIC_PRESENTATION_REPRESENTATION (  '', ( #4033 ), #1869 ) ;
#1473 = DIRECTION ( 'NONE',  ( 0.000000000000000000, 0.000000000000000000, 1.000000000000000000 ) ) ;
#1474 = ORIENTED_EDGE ( 'NONE', *, *, #10149, .T. ) ;
#1475 = DIRECTION ( 'NONE',  ( 0.000000000000000000, 1.000000000000000000, 0.000000000000000000 ) ) ;
#1476 = EDGE_CURVE ( 'NONE', #8443, #10615, #5150, .T. ) ;
#1477 = CARTESIAN_POINT ( 'NONE',  ( 0.000000000000000000, 2.309401076758504701, -0.1786327949540832127 ) ) ;
#1478 = ORIENTED_EDGE ( 'NONE', *, *, #4445, .T. ) ;
#1479 = EDGE_CURVE ( 'NONE', #8443, #4539, #566, .T. ) ;
#1480 = LINE ( 'NONE', #3342, #4210 ) ;
#1481 = CIRCLE ( 'NONE', #10343, 2.499999999999998668 ) ;
#1482 = DIRECTION ( 'NONE',  ( -0.000000000000000000, -0.000000000000000000, 1.000000000000000000 ) ) ;
#1483 = VERTEX_POINT ( 'NONE', #5131 ) ;
#1484 = ORIENTED_EDGE ( 'NONE', *, *, #2681, .F. ) ;
#1485 = CARTESIAN_POINT ( 'NONE',  ( 0.000000000000000000, 12.50000000000000000, 0.000000000000000000 ) ) ;
#1486 = AXIS2_PLACEMENT_3D ( 'NONE', #252, #9699, #8358 ) ;
#1487 = VECTOR ( 'NONE', #2832, 1000.000000000000000 ) ;
#1488 = CARTESIAN_POINT ( 'NONE',  ( 1.000000000000000444, -1.732050807568876971, -1.600000000000000089 ) ) ;
#1489 = DIRECTION ( 'NONE',  ( 0.000000000000000000, -1.224649721909276639E-16, 1.000000000000000000 ) ) ;
#1490 = VERTEX_POINT ( 'NONE', #5191 ) ;
#1491 = DIRECTION ( 'NONE',  ( -1.000000000000000000, 0.000000000000000000, 0.000000000000000000 ) ) ;
#1492 = DIRECTION ( 'NONE',  ( 0.000000000000000000, 0.000000000000000000, 1.000000000000000000 ) ) ;
#1493 = CIRCLE ( 'NONE', #8774, 0.1749999999999998224 ) ;
#1494 = CONICAL_SURFACE ( 'NONE', #1294, 1.099999999999998757, 1.029744258676652091 ) ;
#1495 = EDGE_LOOP ( 'NONE', ( #11043, #10969, #4251, #9256, #6188, #11884 ) ) ;
#1496 = LINE ( 'NONE', #6242, #4867 ) ;
#1497 = VERTEX_POINT ( 'NONE', #4332 ) ;
#1498 = CARTESIAN_POINT ( 'NONE',  ( -2.000000000000000000, 2.500000000000000000, -18.00000000000000355 ) ) ;
#1499 = DIRECTION ( 'NONE',  ( -4.592954935378009638E-16, -0.9988925776130228584, -0.04704910615103170823 ) ) ;
#1500 = VECTOR ( 'NONE', #2905, 1000.000000000000000 ) ;
#1501 = DIRECTION ( 'NONE',  ( -0.000000000000000000, 1.224649721909276639E-16, -1.000000000000000000 ) ) ;
#1502 = EDGE_CURVE ( 'NONE', #4277, #708, #18, .T. ) ;
#1503 = CARTESIAN_POINT ( 'NONE',  ( 4.250000000000000000, 1.224646799147353256E-15, -10.00000000000000000 ) ) ;
#1504 = EDGE_CURVE ( 'NONE', #3169, #3774, #11922, .T. ) ;
#1505 = ORIENTED_EDGE ( 'NONE', *, *, #4788, .F. ) ;
#1506 = FACE_OUTER_BOUND ( 'NONE', #7506, .T. ) ;
#1507 = ORIENTED_EDGE ( 'NONE', *, *, #8407, .T. ) ;
#1508 = CIRCLE ( 'NONE', #11356, 1.000000000000000000 ) ;
#1509 = AXIS2_PLACEMENT_3D ( 'NONE', #6536, #7455, #4736 ) ;
#1510 = AXIS2_PLACEMENT_3D ( 'NONE', #9516, #2808, #11211 ) ;
#1511 = CARTESIAN_POINT ( 'NONE',  ( 2.000000000000000000, 1.154700538379250130, -1.600000000000000089 ) ) ;
#1512 = ORIENTED_EDGE ( 'NONE', *, *, #8258, .T. ) ;
#1513 = DIRECTION ( 'NONE',  ( 1.000000000000000000, 0.000000000000000000, 0.000000000000000000 ) ) ;
#1514 = CIRCLE ( 'NONE', #8394, 1.999999999999999556 ) ;
#1515 = AXIS2_PLACEMENT_3D ( 'NONE', #2123, #144, #8653 ) ;
#1516 = ORIENTED_EDGE ( 'NONE', *, *, #410, .T. ) ;
#1517 = CARTESIAN_POINT ( 'NONE',  ( 0.7263287850284176894, -0.2227272727272730235, -0.7092725651034373913 ) ) ;
#1518 = VECTOR ( 'NONE', #7316, 1000.000000000000000 ) ;
#1519 = VERTEX_POINT ( 'NONE', #3467 ) ;
#1520 = AXIS2_PLACEMENT_3D ( 'NONE', #7810, #2146, #7697 ) ;
#1521 = DIRECTION ( 'NONE',  ( 0.000000000000000000, 0.000000000000000000, 1.000000000000000000 ) ) ;
#1522 = PRESENTATION_LAYER_ASSIGNMENT (  '', '', ( #1319 ) ) ;
#1523 = DIRECTION ( 'NONE',  ( -1.000000000000000000, 0.000000000000000000, -0.000000000000000000 ) ) ;
#1524 = SURFACE_STYLE_USAGE ( .BOTH. , #7126 ) ;
#1525 = CARTESIAN_POINT ( 'NONE',  ( -1.000000000000000888, 1.732050807568876749, 0.000000000000000000 ) ) ;
#1526 = ORIENTED_EDGE ( 'NONE', *, *, #2091, .T. ) ;
#1527 = EDGE_CURVE ( 'NONE', #3423, #1936, #8086, .T. ) ;
#1528 = ORIENTED_EDGE ( 'NONE', *, *, #4940, .F. ) ;
#1529 = AXIS2_PLACEMENT_3D ( 'NONE', #6542, #979, #7517 ) ;
#1530 = DIRECTION ( 'NONE',  ( -0.000000000000000000, 1.224649721909276639E-16, -1.000000000000000000 ) ) ;
#1531 = CIRCLE ( 'NONE', #12186, 1.000000000000000000 ) ;
#1532 = CARTESIAN_POINT ( 'NONE',  ( 3.599999999999999201, -2.821690854684141936, 0.8999999999999992450 ) ) ;
#1533 = PLANE ( 'NONE',  #9677 ) ;
#1534 = CARTESIAN_POINT ( 'NONE',  ( 0.000000000000000000, 2.309401076758504701, -1.421367205045916737 ) ) ;
#1535 = DIRECTION ( 'NONE',  ( -1.000000000000000000, -0.000000000000000000, -0.000000000000000000 ) ) ;
#1536 = CARTESIAN_POINT ( 'NONE',  ( 5.499999999999998224, -0.7999999999999864997, -20.99999999999990763 ) ) ;
#1537 = CIRCLE ( 'NONE', #3909, 1.000000000000000000 ) ;
#1538 = DIRECTION ( 'NONE',  ( 0.000000000000000000, 0.000000000000000000, 1.000000000000000000 ) ) ;
#1539 = EDGE_CURVE ( 'NONE', #3341, #6559, #9941, .T. ) ;
#1540 = EDGE_LOOP ( 'NONE', ( #6532, #11363 ) ) ;
#1541 = AXIS2_PLACEMENT_3D ( 'NONE', #9880, #3639, #4680 ) ;
#1542 = CARTESIAN_POINT ( 'NONE',  ( 2.000000000000000000, -1.154700538379253905, -1.600000000000000089 ) ) ;
#1543 = LINE ( 'NONE', #11153, #10059 ) ;
#1544 = DIRECTION ( 'NONE',  ( 1.060575238724911106E-16, 0.8660254037844419273, 0.4999999999999942268 ) ) ;
#1545 = VERTEX_POINT ( 'NONE', #428 ) ;
#1546 = DIRECTION ( 'NONE',  ( 0.000000000000000000, 1.000000000000000000, 0.000000000000000000 ) ) ;
#1547 = CIRCLE ( 'NONE', #2536, 2.000000000000000000 ) ;
#1548 = DIRECTION ( 'NONE',  ( 1.000000000000000000, 0.000000000000000000, 0.000000000000000000 ) ) ;
#1549 = VERTEX_POINT ( 'NONE', #10924 ) ;
#1550 = EDGE_LOOP ( 'NONE', ( #3412, #4571 ) ) ;
#1551 = CARTESIAN_POINT ( 'NONE',  ( 0.000000000000000000, 2.309401076758504701, -0.1786327949540832127 ) ) ;
#1552 = B_SPLINE_CURVE_WITH_KNOTS ( 'NONE', 3,
 ( #1755, #944, #885, #6565, #66, #5639 ),
 .UNSPECIFIED., .F., .F.,
 ( 4, 2, 4 ),
 ( -0.0002457929873126549116, -7.671868299287501773E-05, 9.235562132690487615E-05 ),
 .UNSPECIFIED. ) ;
#1553 = EDGE_CURVE ( 'NONE', #4870, #6, #8886, .T. ) ;
#1554 = CIRCLE ( 'NONE', #367, 2.500000000000002220 ) ;
#1555 = DIRECTION ( 'NONE',  ( -0.5000000000000008882, 0.000000000000000000, -0.8660254037844381525 ) ) ;
#1556 = CARTESIAN_POINT ( 'NONE',  ( 2.000000000000000000, -1.154700538379255015, -1.421367205045916737 ) ) ;
#1557 = ORIENTED_EDGE ( 'NONE', *, *, #3050, .F. ) ;
#1558 = CONICAL_SURFACE ( 'NONE', #10429, 1.099999999999998757, 1.029744258676652313 ) ;
#1559 = CYLINDRICAL_SURFACE ( 'NONE', #171, 2.499999999999998668 ) ;
#1560 = DIRECTION ( 'NONE',  ( 1.000000000000000000, 0.000000000000000000, 0.000000000000000000 ) ) ;
#1561 = AXIS2_PLACEMENT_3D ( 'NONE', #2387, #11083, #10083 ) ;
#1562 = AXIS2_PLACEMENT_3D ( 'NONE', #6354, #9068, #7274 ) ;
#1563 = VERTEX_POINT ( 'NONE', #11737 ) ;
#1564 = CARTESIAN_POINT ( 'NONE',  ( 3.499999999999999556, 17.00000000000000000, -12.23219574315701230 ) ) ;
#1565 = EDGE_LOOP ( 'NONE', ( #11101, #9574 ) ) ;
#1566 = DIRECTION ( 'NONE',  ( -0.000000000000000000, -1.000000000000000000, -0.000000000000000000 ) ) ;
#1567 = EDGE_CURVE ( 'NONE', #1712, #8817, #10744, .T. ) ;
#1568 = DIRECTION ( 'NONE',  ( 0.000000000000000000, 0.000000000000000000, 1.000000000000000000 ) ) ;
#1569 = VECTOR ( 'NONE', #10664, 1000.000000000000000 ) ;
#1570 = ADVANCED_FACE ( 'NONE', ( #9129 ), #11054, .F. ) ;
#1571 = DIRECTION ( 'NONE',  ( 1.000000000000000000, 0.000000000000000000, 0.000000000000000000 ) ) ;
#1572 = CARTESIAN_POINT ( 'NONE',  ( 2.000000000000000000, 11.70000000000000107, -0.7999999999999994893 ) ) ;
#1573 = ORIENTED_EDGE ( 'NONE', *, *, #8890, .F. ) ;
#1574 = DIRECTION ( 'NONE',  ( 0.000000000000000000, 1.000000000000000000, 0.000000000000000000 ) ) ;
#1575 = ORIENTED_EDGE ( 'NONE', *, *, #10568, .T. ) ;
#1576 = DIRECTION ( 'NONE',  ( -0.000000000000000000, 1.224649721909276639E-16, -1.000000000000000000 ) ) ;
#1577 = ORIENTED_EDGE ( 'NONE', *, *, #1183, .T. ) ;
#1578 = DIRECTION ( 'NONE',  ( 0.000000000000000000, 1.000000000000000000, 0.000000000000000000 ) ) ;
#1579 = PRODUCT_DEFINITION ( 'UNKNOWN', '', #11047, #4342 ) ;
#1580 = EDGE_LOOP ( 'NONE', ( #4592, #299, #11893, #2563, #10565 ) ) ;
#1581 = CARTESIAN_POINT ( 'NONE',  ( -16.00000000000000000, 4.898587196589412829E-16, 4.000000000000000000 ) ) ;
#1582 = ORIENTED_EDGE ( 'NONE', *, *, #6908, .T. ) ;
#1583 = CARTESIAN_POINT ( 'NONE',  ( 4.099999999999999645, 2.971690854684141847, -0.3999999999999987454 ) ) ;
#1584 = FACE_OUTER_BOUND ( 'NONE', #8830, .T. ) ;
#1585 = DIRECTION ( 'NONE',  ( -0.000000000000000000, -1.000000000000000000, -0.000000000000000000 ) ) ;
#1586 = EDGE_LOOP ( 'NONE', ( #10480, #1047, #5705, #834, #8227, #4508 ) ) ;
#1587 = ORIENTED_EDGE ( 'NONE', *, *, #6001, .T. ) ;
#1588 = PLANE ( 'NONE',  #5285 ) ;
#1589 = CARTESIAN_POINT ( 'NONE',  ( 0.8302646929203288950, -1.830047532802312249, -2.134523027080836115E-16 ) ) ;
#1590 = AXIS2_PLACEMENT_3D ( 'NONE', #2487, #7419, #9141 ) ;
#1591 = SURFACE_STYLE_USAGE ( .BOTH. , #8245 ) ;
#1592 = CARTESIAN_POINT ( 'NONE',  ( 3.500000000000000000, 0.000000000000000000, 0.000000000000000000 ) ) ;
#1593 = ADVANCED_FACE ( 'NONE', ( #6357, #1672 ), #8202, .T. ) ;
#1594 = CARTESIAN_POINT ( 'NONE',  ( 0.000000000000000000, -0.9999999999999995559, -3.469518839163146406 ) ) ;
#1595 = EDGE_CURVE ( 'NONE', #588, #6655, #9645, .T. ) ;
#1596 = DIRECTION ( 'NONE',  ( -1.000000000000000000, 0.000000000000000000, 0.000000000000000000 ) ) ;
#1597 = DIRECTION ( 'NONE',  ( 1.665334536937734318E-16, 0.000000000000000000, -1.000000000000000000 ) ) ;
#1598 = ADVANCED_FACE ( 'NONE', ( #3594 ), #815, .T. ) ;
#1599 = PLANE ( 'NONE',  #115 ) ;
#1600 = MECHANICAL_DESIGN_GEOMETRIC_PRESENTATION_REPRESENTATION (  '', ( #7900 ), #5143 ) ;
#1601 = ORIENTED_EDGE ( 'NONE', *, *, #6998, .T. ) ;
#1602 = FACE_OUTER_BOUND ( 'NONE', #5625, .T. ) ;
#1603 = CARTESIAN_POINT ( 'NONE',  ( 1.000000000000000444, -1.732050807568876971, 0.000000000000000000 ) ) ;
#1604 = VERTEX_POINT ( 'NONE', #1314 ) ;
#1605 = CARTESIAN_POINT ( 'NONE',  ( 2.000000000000000000, 9.199999999999999289, -21.00000000000000355 ) ) ;
#1606 = CIRCLE ( 'NONE', #3162, 1.999999999999999556 ) ;
#1607 = DIRECTION ( 'NONE',  ( -0.000000000000000000, -1.000000000000000000, -0.000000000000000000 ) ) ;
#1608 = ADVANCED_FACE ( 'NONE', ( #4830 ), #9487, .F. ) ;
#1609 = ORIENTED_EDGE ( 'NONE', *, *, #10182, .F. ) ;
#1610 = ORIENTED_EDGE ( 'NONE', *, *, #7584, .F. ) ;
#1611 = CARTESIAN_POINT ( 'NONE',  ( -2.000000000000000000, 0.3931374000439456506, -1.582763861186367027 ) ) ;
#1612 = CARTESIAN_POINT ( 'NONE',  ( 5.500000000000001776, 0.8999999999999998002, -18.69059892324140293 ) ) ;
#1613 = CARTESIAN_POINT ( 'NONE',  ( -2.000000000000002665, 0.8999999999999995781, -23.30940107675841233 ) ) ;
#1614 = CARTESIAN_POINT ( 'NONE',  ( 0.8000000000000000444, 12.50000000000000000, 0.000000000000000000 ) ) ;
#1615 = EDGE_CURVE ( 'NONE', #11185, #6330, #1119, .T. ) ;
#1616 = VERTEX_POINT ( 'NONE', #3047 ) ;
#1617 = CARTESIAN_POINT ( 'NONE',  ( -1.000000000000000444, 0.000000000000000000, 0.000000000000000000 ) ) ;
#1618 = DIRECTION ( 'NONE',  ( 0.000000000000000000, 0.000000000000000000, -1.000000000000000000 ) ) ;
#1619 = ADVANCED_FACE ( 'NONE', ( #9650 ), #10515, .T. ) ;
#1620 = FACE_OUTER_BOUND ( 'NONE', #6826, .T. ) ;
#1621 = EDGE_LOOP ( 'NONE', ( #1507, #1736, #3834, #7907, #3418, #10874 ) ) ;
#1622 = APPLICATION_CONTEXT ( 'automotive_design' ) ;
#1623 = DIRECTION ( 'NONE',  ( 0.5000000000000009992, 0.000000000000000000, 0.8660254037844381525 ) ) ;
#1624 = CARTESIAN_POINT ( 'NONE',  ( 3.499999999999999556, 17.00000000000000000, -12.23219574315701230 ) ) ;
#1625 = DIRECTION ( 'NONE',  ( 0.000000000000000000, 0.000000000000000000, -1.000000000000000000 ) ) ;
#1626 = ORIENTED_EDGE ( 'NONE', *, *, #7104, .F. ) ;
#1627 = EDGE_LOOP ( 'NONE', ( #5573, #7452, #5646, #5429 ) ) ;
#1628 = CARTESIAN_POINT ( 'NONE',  ( -1.999999999999999556, -0.3889866277140360817, -0.01677217554083886356 ) ) ;
#1629 = EDGE_LOOP ( 'NONE', ( #10994, #7019, #9280, #1809, #2447 ) ) ;
#1630 = DIRECTION ( 'NONE',  ( -0.000000000000000000, 1.224649721909276639E-16, -1.000000000000000000 ) ) ;
#1631 = VERTEX_POINT ( 'NONE', #1067 ) ;
#1632 = CARTESIAN_POINT ( 'NONE',  ( 0.000000000000000000, 4.738805170303855086E-16, -3.069518839163146939 ) ) ;
#1633 = ADVANCED_FACE ( 'NONE', ( #2935 ), #81, .F. ) ;
#1634 = EDGE_CURVE ( 'NONE', #2907, #10009, #10572, .T. ) ;
#1635 = ORIENTED_EDGE ( 'NONE', *, *, #4874, .T. ) ;
#1636 = CARTESIAN_POINT ( 'NONE',  ( -4.000000000000001776, 0.9000000000000003553, -1.845299461620639736 ) ) ;
#1637 = ORIENTED_EDGE ( 'NONE', *, *, #11316, .F. ) ;
#1638 = CARTESIAN_POINT ( 'NONE',  ( -1.000000000000000888, 1.732050807568876749, 0.000000000000000000 ) ) ;
#1639 = LINE ( 'NONE', #3314, #4275 ) ;
#1640 = DIRECTION ( 'NONE',  ( -0.000000000000000000, -0.000000000000000000, 1.000000000000000000 ) ) ;
#1641 = VERTEX_POINT ( 'NONE', #7681 ) ;
#1642 = CARTESIAN_POINT ( 'NONE',  ( 0.1631781751318166773, -2.215190113420280049, -0.1242400699092133382 ) ) ;
#1643 = LINE ( 'NONE', #788, #1097 ) ;
#1644 = AXIS2_PLACEMENT_3D ( 'NONE', #9330, #9213, #11131 ) ;
#1645 = DIRECTION ( 'NONE',  ( 0.000000000000000000, 0.000000000000000000, -1.000000000000000000 ) ) ;
#1646 = DIRECTION ( 'NONE',  ( -1.000000000000000000, -0.000000000000000000, -0.000000000000000000 ) ) ;
#1647 = DIRECTION ( 'NONE',  ( 0.000000000000000000, -1.000000000000000000, -0.000000000000000000 ) ) ;
#1648 = PLANE ( 'NONE',  #5460 ) ;
#1649 = AXIS2_PLACEMENT_3D ( 'NONE', #2600, #864, #6347 ) ;
#1650 = DIRECTION ( 'NONE',  ( 0.000000000000000000, 0.000000000000000000, 1.000000000000000000 ) ) ;
#1651 = CONTEXT_DEPENDENT_SHAPE_REPRESENTATION ( #10457, #3120 ) ;
#1652 = AXIS2_PLACEMENT_3D ( 'NONE', #3510, #5411, #6155 ) ;
#1653 = ADVANCED_FACE ( 'NONE', ( #8769, #2129 ), #10462, .T. ) ;
#1654 = ORIENTED_EDGE ( 'NONE', *, *, #4134, .F. ) ;
#1655 = EDGE_CURVE ( 'NONE', #8034, #11849, #149, .T. ) ;
#1656 = CARTESIAN_POINT ( 'NONE',  ( 0.000000000000000000, 5.058392604970359998E-16, -3.330481160836854304 ) ) ;
#1657 = SURFACE_STYLE_FILL_AREA ( #4254 ) ;
#1658 = CARTESIAN_POINT ( 'NONE',  ( 4.099999999999999645, 2.971690854684141847, 0.9000000000000006883 ) ) ;
#1660 = ORIENTED_EDGE ( 'NONE', *, *, #11354, .F. ) ;
#1659 = DIRECTION ( 'NONE',  ( -0.000000000000000000, -0.000000000000000000, 1.000000000000000000 ) ) ;
#1661 = LINE ( 'NONE', #6225, #8535 ) ;
#1662 = LINE ( 'NONE', #10049, #7188 ) ;
#1663 = FACE_BOUND ( 'NONE', #10726, .T. ) ;
#1664 = ORIENTED_EDGE ( 'NONE', *, *, #5324, .T. ) ;
#1665 = AXIS2_PLACEMENT_3D ( 'NONE', #9472, #4782, #12087 ) ;
#1666 = ORIENTED_EDGE ( 'NONE', *, *, #5491, .T. ) ;
#1667 = DIRECTION ( 'NONE',  ( 1.690103923579301420E-15, 0.000000000000000000, -1.000000000000000000 ) ) ;
#1668 = CARTESIAN_POINT ( 'NONE',  ( 0.000000000000000000, 0.000000000000000000, -0.1291166393111907729 ) ) ;
#1669 = AXIS2_PLACEMENT_3D ( 'NONE', #3444, #2641, #5484 ) ;
#1670 = AXIS2_PLACEMENT_3D ( 'NONE', #5167, #10599, #2270 ) ;
#1671 = CARTESIAN_POINT ( 'NONE',  ( 0.000000000000000000, 0.000000000000000000, 0.000000000000000000 ) ) ;
#1672 = FACE_OUTER_BOUND ( 'NONE', #1586, .T. ) ;
#1673 = VERTEX_POINT ( 'NONE', #10695 ) ;
#1674 = EDGE_CURVE ( 'NONE', #9743, #10224, #536, .T. ) ;
#1675 = FACE_OUTER_BOUND ( 'NONE', #5776, .T. ) ;
#1676 = EDGE_CURVE ( 'NONE', #8690, #10832, #11882, .T. ) ;
#1677 = ORIENTED_EDGE ( 'NONE', *, *, #7014, .F. ) ;
#1678 = PLANE ( 'NONE',  #3284 ) ;
#1679 = EDGE_LOOP ( 'NONE', ( #10736, #8165, #4910, #896 ) ) ;
#1680 = EDGE_LOOP ( 'NONE', ( #5311, #9130, #2383, #11009 ) ) ;
#1681 = DIRECTION ( 'NONE',  ( 0.000000000000000000, -1.000000000000000000, 6.123233995736766036E-17 ) ) ;
#1682 = DIRECTION ( 'NONE',  ( -0.000000000000000000, -0.000000000000000000, -1.000000000000000000 ) ) ;
#1683 = CARTESIAN_POINT ( 'NONE',  ( -2.000000000000000000, 0.2999999999999825584, -20.99999999999990763 ) ) ;
#1684 = ORIENTED_EDGE ( 'NONE', *, *, #8823, .F. ) ;
#1685 = EDGE_CURVE ( 'NONE', #1137, #8978, #2189, .T. ) ;
#1686 = CARTESIAN_POINT ( 'NONE',  ( 0.000000000000000000, 4.738805170303855086E-16, -3.469518839163146406 ) ) ;
#1687 = CARTESIAN_POINT ( 'NONE',  ( 2.000000000000000000, 6.700000000000000178, -0.8000000000000000444 ) ) ;
#1688 = VERTEX_POINT ( 'NONE', #3174 ) ;
#1689 = EDGE_CURVE ( 'NONE', #3768, #3132, #4597, .T. ) ;
#1690 = ORIENTED_EDGE ( 'NONE', *, *, #6142, .F. ) ;
#1691 = DIRECTION ( 'NONE',  ( -0.000000000000000000, 0.000000000000000000, 1.000000000000000000 ) ) ;
#1692 = AXIS2_PLACEMENT_3D ( 'NONE', #5238, #6042, #10610 ) ;
#1693 = ORIENTED_EDGE ( 'NONE', *, *, #3451, .T. ) ;
#1694 = LINE ( 'NONE', #10949, #8446 ) ;
#1695 = CARTESIAN_POINT ( 'NONE',  ( 0.000000000000000000, 0.000000000000000000, 0.000000000000000000 ) ) ;
#1696 =( LENGTH_UNIT ( ) NAMED_UNIT ( * ) SI_UNIT ( .MILLI., .METRE. ) );
#1697 = AXIS2_PLACEMENT_3D ( 'NONE', #8124, #734, #12038 ) ;
#1698 = FACE_BOUND ( 'NONE', #4190, .T. ) ;
#1699 = EDGE_LOOP ( 'NONE', ( #10062, #4409, #8882, #10746, #2170, #5603 ) ) ;
#1700 = EDGE_CURVE ( 'NONE', #4870, #1301, #2373, .T. ) ;
#1701 = ADVANCED_FACE ( 'NONE', ( #7225 ), #1849, .F. ) ;
#1702 = CYLINDRICAL_SURFACE ( 'NONE', #3121, 0.3062499999999995781 ) ;
#1703 = AXIS2_PLACEMENT_3D ( 'NONE', #7015, #10790, #4186 ) ;
#1704 = AXIS2_PLACEMENT_3D ( 'NONE', #9644, #7733, #8835 ) ;
#1705 = CONICAL_SURFACE ( 'NONE', #4852, 2.000000000000000000, 1.047197551196596299 ) ;
#1706 = CARTESIAN_POINT ( 'NONE',  ( -2.000000000000001776, -0.7999999999999864997, -5.199999999999891820 ) ) ;
#1707 = SHAPE_REPRESENTATION ( 'SeguraIma', ( #8058 ), #187 ) ;
#1708 = DIRECTION ( 'NONE',  ( 0.000000000000000000, 0.000000000000000000, -1.000000000000000000 ) ) ;
#1709 = CARTESIAN_POINT ( 'NONE',  ( 1.000000000000000000, 9.199999999999999289, -16.00000000000000355 ) ) ;
#1710 = CARTESIAN_POINT ( 'NONE',  ( -1.000000000000000888, 1.732050807568876749, -1.600000000000000089 ) ) ;
#1711 = CIRCLE ( 'NONE', #12171, 1.999999999999999556 ) ;
#1712 = VERTEX_POINT ( 'NONE', #5199 ) ;
#1713 = VECTOR ( 'NONE', #5978, 1000.000000000000000 ) ;
#1714 = CARTESIAN_POINT ( 'NONE',  ( 0.000000000000000000, 0.000000000000000000, 0.000000000000000000 ) ) ;
#1715 = LINE ( 'NONE', #5488, #1518 ) ;
#1716 = AXIS2_PLACEMENT_3D ( 'NONE', #9304, #4784, #10340 ) ;
#1717 = DIRECTION ( 'NONE',  ( -0.000000000000000000, 0.000000000000000000, 1.000000000000000000 ) ) ;
#1718 = VECTOR ( 'NONE', #642, 1000.000000000000114 ) ;
#1719 = CARTESIAN_POINT ( 'NONE',  ( 0.1702769162167659112, 0.7403828156981310249, -0.7092725651034382794 ) ) ;
#1720 = ADVANCED_FACE ( 'NONE', ( #3295 ), #439, .F. ) ;
#1721 = AXIS2_PLACEMENT_3D ( 'NONE', #5667, #4672, #1024 ) ;
#1722 = CIRCLE ( 'NONE', #8605, 2.000000000000000000 ) ;
#1723 = EDGE_LOOP ( 'NONE', ( #4572, #7805, #4984, #7, #60, #6793, #9328, #8842, #4833, #7433, #4650 ) ) ;
#1724 = VECTOR ( 'NONE', #10218, 1000.000000000000000 ) ;
#1725 = DIRECTION ( 'NONE',  ( 1.000000000000000000, 0.000000000000000000, 0.000000000000000000 ) ) ;
#1726 = AXIS2_PLACEMENT_3D ( 'NONE', #11262, #12072, #8404 ) ;
#1727 = CARTESIAN_POINT ( 'NONE',  ( 0.000000000000000000, 4.738805170303855086E-16, -3.869518839163146762 ) ) ;
#1729 = EDGE_LOOP ( 'NONE', ( #1660, #4912 ) ) ;
#1728 = CARTESIAN_POINT ( 'NONE',  ( -1.169735307079674547, -1.634054082335445690, -1.600000000000000089 ) ) ;
#1730 = DIRECTION ( 'NONE',  ( 1.000000000000000000, 0.000000000000000000, 0.000000000000000000 ) ) ;
#1731 = DIRECTION ( 'NONE',  ( 0.000000000000000000, 1.000000000000000000, 0.000000000000000000 ) ) ;
#1732 = PRODUCT_DEFINITION_SHAPE ( 'NONE', 'NONE',  #12216 ) ;
#1733 = ORIENTED_EDGE ( 'NONE', *, *, #6603, .T. ) ;
#1734 = VECTOR ( 'NONE', #4268, 1000.000000000000000 ) ;
#1735 = PRODUCT_DEFINITION ( 'UNKNOWN', '', #2589, #3856 ) ;
#1736 = ORIENTED_EDGE ( 'NONE', *, *, #11827, .T. ) ;
#1737 = DIRECTION ( 'NONE',  ( 0.000000000000000000, 0.000000000000000000, 1.000000000000000000 ) ) ;
#1738 = CARTESIAN_POINT ( 'NONE',  ( -0.8302646929203288950, 1.830047532802310029, -1.600000000000000755 ) ) ;
#1739 = AXIS2_PLACEMENT_3D ( 'NONE', #161, #9774, #10587 ) ;
#1740 = AXIS2_PLACEMENT_3D ( 'NONE', #11347, #5610, #7639 ) ;
#1741 = CARTESIAN_POINT ( 'NONE',  ( 0.000000000000000000, 0.000000000000000000, -1.600000000000000089 ) ) ;
#1742 = VERTEX_POINT ( 'NONE', #11004 ) ;
#1743 = VECTOR ( 'NONE', #10658, 1000.000000000000000 ) ;
#1744 = DIRECTION ( 'NONE',  ( 0.000000000000000000, 0.000000000000000000, -1.000000000000000000 ) ) ;
#1745 = SURFACE_SIDE_STYLE ('',( #2731 ) ) ;
#1746 = ORIENTED_EDGE ( 'NONE', *, *, #6084, .F. ) ;
#1747 = EDGE_CURVE ( 'NONE', #4562, #12049, #2637, .T. ) ;
#1748 = VERTEX_POINT ( 'NONE', #577 ) ;
#1749 = DIRECTION ( 'NONE',  ( 0.000000000000000000, 0.000000000000000000, 1.000000000000000000 ) ) ;
#1750 = ADVANCED_FACE ( 'NONE', ( #5327, #10758 ), #4281, .F. ) ;
#1751 = CIRCLE ( 'NONE', #7057, 1.000000000000000000 ) ;
#1752 = DIRECTION ( 'NONE',  ( -1.000000000000000000, 0.000000000000000000, 0.000000000000000000 ) ) ;
#1753 = CARTESIAN_POINT ( 'NONE',  ( 8.340852290477400288, -0.3502617553154292462, 1033.600000000006958 ) ) ;
#1754 = LINE ( 'NONE', #3844, #7648 ) ;
#1755 = CARTESIAN_POINT ( 'NONE',  ( 0.5560518688116538044, -0.5176555429708572520, -0.7092725651034377243 ) ) ;
#1756 = EDGE_LOOP ( 'NONE', ( #10792, #4610, #8111, #223, #7926 ) ) ;
#1757 = DIRECTION ( 'NONE',  ( -0.000000000000000000, 1.224649721909276639E-16, -1.000000000000000000 ) ) ;
#1758 = ORIENTED_EDGE ( 'NONE', *, *, #2164, .T. ) ;
#1759 = B_SPLINE_CURVE_WITH_KNOTS ( 'NONE', 3,
 ( #10836, #8055, #8166, #11949, #12078, #3380 ),
 .UNSPECIFIED., .F., .F.,
 ( 4, 2, 4 ),
 ( 0.002060137505873420490, 0.002644210467598552897, 0.003228283429323685304 ),
 .UNSPECIFIED. ) ;
#1760 = DIRECTION ( 'NONE',  ( 0.000000000000000000, 0.000000000000000000, -1.000000000000000000 ) ) ;
#1761 = AXIS2_PLACEMENT_3D ( 'NONE', #1873, #5641, #4709 ) ;
#1762 = ORIENTED_EDGE ( 'NONE', *, *, #6379, .T. ) ;
#1763 = VERTEX_POINT ( 'NONE', #6305 ) ;
#1764 = B_SPLINE_CURVE_WITH_KNOTS ( 'NONE', 3,
 ( #345, #2330, #4176, #11650, #5162, #10529 ),
 .UNSPECIFIED., .F., .F.,
 ( 4, 2, 4 ),
 ( 0.001168606431211100015, 0.001750609284260043648, 0.002332612137308987497 ),
 .UNSPECIFIED. ) ;
#1765 = CARTESIAN_POINT ( 'NONE',  ( -1.000000000000000000, 9.629649721936179265E-32, -1.869518839163146762 ) ) ;
#1766 = ADVANCED_FACE ( 'NONE', ( #10820 ), #5083, .T. ) ;
#1767 = AXIS2_PLACEMENT_3D ( 'NONE', #11997, #3539, #6557 ) ;
#1768 = DIRECTION ( 'NONE',  ( 0.000000000000000000, 1.000000000000000000, 0.000000000000000000 ) ) ;
#1769 = VECTOR ( 'NONE', #3187, 1000.000000000000000 ) ;
#1770 = DIRECTION ( 'NONE',  ( 0.000000000000000000, 0.000000000000000000, -1.000000000000000000 ) ) ;
#1771 =( LENGTH_UNIT ( ) NAMED_UNIT ( * ) SI_UNIT ( .MILLI., .METRE. ) );
#1772 = AXIS2_PLACEMENT_3D ( 'NONE', #11860, #10864, #10180 ) ;
#1773 = LINE ( 'NONE', #4658, #925 ) ;
#1774 = VERTEX_POINT ( 'NONE', #4161 ) ;
#1775 = FACE_OUTER_BOUND ( 'NONE', #3718, .T. ) ;
#1776 = DIRECTION ( 'NONE',  ( 0.000000000000000000, 1.000000000000000000, -0.000000000000000000 ) ) ;
#1777 = EDGE_CURVE ( 'NONE', #5365, #2907, #9889, .T. ) ;
#1778 = LINE ( 'NONE', #3622, #5235 ) ;
#1779 = DIRECTION ( 'NONE',  ( 1.000000000000000000, 0.000000000000000000, 0.000000000000000000 ) ) ;
#1780 = PLANE ( 'NONE',  #7568 ) ;
#1781 = DIRECTION ( 'NONE',  ( 0.000000000000000000, 1.000000000000000000, 0.000000000000000000 ) ) ;
#1782 = ORIENTED_EDGE ( 'NONE', *, *, #4537, .T. ) ;
#1783 = LINE ( 'NONE', #5544, #2715 ) ;
#1784 = ADVANCED_FACE ( 'NONE', ( #2426 ), #1439, .T. ) ;
#1785 = DIRECTION ( 'NONE',  ( -0.8660254037844383745, 0.000000000000000000, 0.5000000000000004441 ) ) ;
#1786 = DIRECTION ( 'NONE',  ( -1.000000000000000000, 0.000000000000000000, 0.000000000000000000 ) ) ;
#1787 =( LENGTH_UNIT ( ) NAMED_UNIT ( * ) SI_UNIT ( .MILLI., .METRE. ) );
#1788 = DIRECTION ( 'NONE',  ( 0.000000000000000000, 0.000000000000000000, 1.000000000000000000 ) ) ;
#1789 = CONTEXT_DEPENDENT_SHAPE_REPRESENTATION ( #5648, #9201 ) ;
#1790 = CARTESIAN_POINT ( 'NONE',  ( 2.000000000000000000, -0.1951254011572750025, 8.046812998915848599E-18 ) ) ;
#1791 = COLOUR_RGB ( '',0.4980392156862745168, 0.4980392156862745168, 0.4980392156862745168 ) ;
#1792 = FACE_BOUND ( 'NONE', #1263, .T. ) ;
#1793 = LINE ( 'NONE', #2773, #870 ) ;
#1794 = EDGE_LOOP ( 'NONE', ( #3436, #6170, #435, #7917 ) ) ;
#1795 = FACE_OUTER_BOUND ( 'NONE', #9346, .T. ) ;
#1797 = CARTESIAN_POINT ( 'NONE',  ( 1.224646799147353454E-16, 1.000000000000000666, -2.669518839163146584 ) ) ;
#1796 =( REPRESENTATION_RELATIONSHIP ('NONE','NONE', #912, #7608 ) REPRESENTATION_RELATIONSHIP_WITH_TRANSFORMATION ( #857 )SHAPE_REPRESENTATION_RELATIONSHIP( ) );
#1798 = EDGE_CURVE ( 'NONE', #9223, #3230, #3623, .T. ) ;
#1799 = EDGE_CURVE ( 'NONE', #4356, #4935, #11747, .T. ) ;
#1800 = VERTEX_POINT ( 'NONE', #1498 ) ;
#1801 = DIRECTION ( 'NONE',  ( 1.000000000000000000, 0.000000000000000000, 0.000000000000000000 ) ) ;
#1802 = CYLINDRICAL_SURFACE ( 'NONE', #3918, 0.1749999999999998224 ) ;
#1803 = ORIENTED_EDGE ( 'NONE', *, *, #9980, .F. ) ;
#1804 = ORIENTED_EDGE ( 'NONE', *, *, #11654, .T. ) ;
#1805 = AXIS2_PLACEMENT_3D ( 'NONE', #3969, #10617, #7720 ) ;
#1806 = CARTESIAN_POINT ( 'NONE',  ( 1.000000000000000000, 9.199999999999999289, -20.00000000000000355 ) ) ;
#1807 = CARTESIAN_POINT ( 'NONE',  ( 5.499999999999998224, 0.8999999999999995781, -20.99999999999990763 ) ) ;
#1808 = CARTESIAN_POINT ( 'NONE',  ( 1.224646799147353454E-16, -0.9999999999999997780, -2.930481160836854393 ) ) ;
#1809 = ORIENTED_EDGE ( 'NONE', *, *, #3089, .F. ) ;
#1810 = VERTEX_POINT ( 'NONE', #5266 ) ;
#1811 = DIRECTION ( 'NONE',  ( 1.000000000000000000, 0.000000000000000000, 0.000000000000000000 ) ) ;
#1812 = CIRCLE ( 'NONE', #8688, 3.499999999999999556 ) ;
#1813 = DIRECTION ( 'NONE',  ( 0.9999363202837162623, -6.910182219422616578E-19, -0.01128518397995855599 ) ) ;
#1814 = DIRECTION ( 'NONE',  ( -1.000000000000000000, 0.000000000000000000, 0.000000000000000000 ) ) ;
#1815 = DIRECTION ( 'NONE',  ( 1.000000000000000000, 0.000000000000000000, 0.000000000000000000 ) ) ;
#1816 = ORIENTED_EDGE ( 'NONE', *, *, #11504, .T. ) ;
#1817 = PLANE ( 'NONE',  #1761 ) ;
#1818 = ORIENTED_EDGE ( 'NONE', *, *, #9623, .T. ) ;
#1819 = EDGE_CURVE ( 'NONE', #6914, #1483, #4981, .T. ) ;
#1820 = EDGE_CURVE ( 'NONE', #12075, #3993, #12102, .T. ) ;
#1821 = CARTESIAN_POINT ( 'NONE',  ( 9.478766225400515022E-17, -0.7739999999999994662, -3.200000000000000178 ) ) ;
#1822 = ORIENTED_EDGE ( 'NONE', *, *, #776, .F. ) ;
#1823 = EDGE_LOOP ( 'NONE', ( #10087, #7096, #2738, #5044, #8093, #8082 ) ) ;
#1824 = CARTESIAN_POINT ( 'NONE',  ( 2.000000000000000000, 1.154700538379254349, -1.421367205045916737 ) ) ;
#1825 = FACE_OUTER_BOUND ( 'NONE', #7339, .T. ) ;
#1826 =( NAMED_UNIT ( * ) SI_UNIT ( $, .STERADIAN. ) SOLID_ANGLE_UNIT ( ) );
#1827 = CARTESIAN_POINT ( 'NONE',  ( 0.6607522599941045849, -1.927915581583256932, -1.582894801272977103 ) ) ;
#1828 = VERTEX_POINT ( 'NONE', #7537 ) ;
#1829 = VERTEX_POINT ( 'NONE', #4641 ) ;
#1830 = CARTESIAN_POINT ( 'NONE',  ( 2.000000000000000000, -1.154700538379255015, -1.421367205045916737 ) ) ;
#1831 = EDGE_CURVE ( 'NONE', #11810, #7172, #5384, .T. ) ;
#1832 = CYLINDRICAL_SURFACE ( 'NONE', #10356, 3.500000000000000000 ) ;
#1833 = PRODUCT_DEFINITION_SHAPE ( 'NONE', 'NONE',  #12222 ) ;
#1834 = CARTESIAN_POINT ( 'NONE',  ( 0.6062177826491109700, 0.3500000000000013656, 0.000000000000000000 ) ) ;
#1835 = DIRECTION ( 'NONE',  ( -0.000000000000000000, -1.000000000000000000, -0.000000000000000000 ) ) ;
#1836 = DIRECTION ( 'NONE',  ( -0.8571673007021094470, 1.049727191138615121E-16, 0.5150380749100589295 ) ) ;
#1837 = CARTESIAN_POINT ( 'NONE',  ( -5.000000000000000000, 2.500000000000000000, 0.000000000000000000 ) ) ;
#1838 = EDGE_CURVE ( 'NONE', #5531, #1289, #8337, .T. ) ;
#1839 = CARTESIAN_POINT ( 'NONE',  ( 0.000000000000000000, 0.000000000000000000, 0.000000000000000000 ) ) ;
#1840 = CARTESIAN_POINT ( 'NONE',  ( 0.000000000000000000, 0.7740000000000005764, -2.799999999999999822 ) ) ;
#1841 = ADVANCED_FACE ( 'NONE', ( #6433 ), #12191, .T. ) ;
#1842 = CARTESIAN_POINT ( 'NONE',  ( 1.550000000000000266, 17.00000000000000000, -12.23219574315701230 ) ) ;
#1843 = DIRECTION ( 'NONE',  ( -1.000000000000000000, 8.881784197001252323E-16, 0.000000000000000000 ) ) ;
#1844 = LINE ( 'NONE', #5613, #4206 ) ;
#1846 = ORIENTED_EDGE ( 'NONE', *, *, #12036, .T. ) ;
#1845 = CARTESIAN_POINT ( 'NONE',  ( 3.499999999999996891, 0.8999999999999986899, -4.154700538379140440 ) ) ;
#1847 = DIRECTION ( 'NONE',  ( 1.000000000000000000, -0.000000000000000000, -0.000000000000000000 ) ) ;
#1848 = DIRECTION ( 'NONE',  ( -0.000000000000000000, -1.000000000000000000, -0.000000000000000000 ) ) ;
#1849 = CONICAL_SURFACE ( 'NONE', #1448, 2.200000000000000622, 0.7853981633974473908 ) ;
#1850 = ORIENTED_EDGE ( 'NONE', *, *, #9512, .T. ) ;
#1851 = FILL_AREA_STYLE ('',( #924 ) ) ;
#1852 = AXIS2_PLACEMENT_3D ( 'NONE', #3013, #6833, #1160 ) ;
#1853 = SURFACE_STYLE_USAGE ( .BOTH. , #10543 ) ;
#1854 = CARTESIAN_POINT ( 'NONE',  ( 3.499999999999997335, 0.8999999999999986899, -1.845299461620636627 ) ) ;
#1855 = VERTEX_POINT ( 'NONE', #5382 ) ;
#1856 = ADVANCED_FACE ( 'NONE', ( #5634 ), #9140, .T. ) ;
#1857 = ADVANCED_FACE ( 'NONE', ( #697 ), #5394, .T. ) ;
#1858 = DIRECTION ( 'NONE',  ( 0.000000000000000000, -1.000000000000000000, -2.168404344971008868E-16 ) ) ;
#1859 = VECTOR ( 'NONE', #11856, 1000.000000000000000 ) ;
#1860 = CARTESIAN_POINT ( 'NONE',  ( 0.000000000000000000, 4.738805170303855086E-16, -3.469518839163146406 ) ) ;
#1861 = ORIENTED_EDGE ( 'NONE', *, *, #6404, .T. ) ;
#1862 = CARTESIAN_POINT ( 'NONE',  ( 1.339247740005896636, 1.536186033554500785, -1.582894801272978658 ) ) ;
#1863 = FACE_OUTER_BOUND ( 'NONE', #5345, .T. ) ;
#1864 = ORIENTED_EDGE ( 'NONE', *, *, #11267, .T. ) ;
#1865 = ORIENTED_EDGE ( 'NONE', *, *, #11851, .F. ) ;
#1866 = ORIENTED_EDGE ( 'NONE', *, *, #6754, .T. ) ;
#1867 = DIRECTION ( 'NONE',  ( 0.000000000000000000, 0.000000000000000000, -1.000000000000000000 ) ) ;
#1868 = PRODUCT_CONTEXT ( 'NONE', #5880, 'mechanical' ) ;
#1869 =( GEOMETRIC_REPRESENTATION_CONTEXT ( 3 ) GLOBAL_UNCERTAINTY_ASSIGNED_CONTEXT ( ( #8499 ) ) GLOBAL_UNIT_ASSIGNED_CONTEXT ( ( #3938, #2197, #9528 ) ) REPRESENTATION_CONTEXT ( 'NONE', 'WORKASPACE' ) );
#1870 = CARTESIAN_POINT ( 'NONE',  ( 0.000000000000000000, 23.00000000000000000, -24.00000000000000000 ) ) ;
#1871 = FACE_BOUND ( 'NONE', #2050, .T. ) ;
#1872 = VERTEX_POINT ( 'NONE', #830 ) ;
#1873 = CARTESIAN_POINT ( 'NONE',  ( 2.000000000000000000, 1.154700538379250130, -1.600000000000000089 ) ) ;
#1874 = CARTESIAN_POINT ( 'NONE',  ( -0.7799999999999996936, 9.552245033349351121E-17, -0.1540456584061371259 ) ) ;
#1875 = AXIS2_PLACEMENT_3D ( 'NONE', #7075, #3136, #1408 ) ;
#1876 = VERTEX_POINT ( 'NONE', #12002 ) ;
#1877 = EDGE_LOOP ( 'NONE', ( #2435, #338, #4203, #7691 ) ) ;
#1878 = DIRECTION ( 'NONE',  ( 0.000000000000000000, 0.8660254037844407060, -0.4999999999999963918 ) ) ;
#1879 = CARTESIAN_POINT ( 'NONE',  ( 0.000000000000000000, 0.000000000000000000, -1.199999999999999956 ) ) ;
#1880 = EDGE_CURVE ( 'NONE', #5708, #11471, #3546, .T. ) ;
#1881 = ADVANCED_FACE ( 'NONE', ( #4907 ), #4615, .T. ) ;
#1882 = CARTESIAN_POINT ( 'NONE',  ( -5.000000000000000000, 2.500000000000000000, -18.00000000000000355 ) ) ;
#1883 = VECTOR ( 'NONE', #5074, 1000.000000000000000 ) ;
#1884 = CARTESIAN_POINT ( 'NONE',  ( -4.987329993433320396E-15, -2.309401076758504701, -1.421367205045916737 ) ) ;
#1885 = ORIENTED_EDGE ( 'NONE', *, *, #424, .F. ) ;
#1886 = ORIENTED_EDGE ( 'NONE', *, *, #9671, .T. ) ;
#1887 = LINE ( 'NONE', #9347, #158 ) ;
#1888 = CIRCLE ( 'NONE', #9550, 0.5000000000000000000 ) ;
#1889 = CARTESIAN_POINT ( 'NONE',  ( 0.000000000000000000, 0.000000000000000000, 4.000000000000000000 ) ) ;
#1890 = CARTESIAN_POINT ( 'NONE',  ( 4.250000000000000000, 1.224646799147353256E-15, -10.00000000000000000 ) ) ;
#1891 = AXIS2_PLACEMENT_3D ( 'NONE', #6962, #7088, #2351 ) ;
#1892 = DIRECTION ( 'NONE',  ( 0.000000000000000000, 1.000000000000000000, 0.000000000000000000 ) ) ;
#1893 = ORIENTED_EDGE ( 'NONE', *, *, #3041, .F. ) ;
#1894 = CARTESIAN_POINT ( 'NONE',  ( -5.000000000000000000, 0.000000000000000000, -21.00000000000000000 ) ) ;
#1895 = AXIS2_PLACEMENT_3D ( 'NONE', #6548, #1848, #5617 ) ;
#1896 = VECTOR ( 'NONE', #8500, 1000.000000000000000 ) ;
#1897 = DIRECTION ( 'NONE',  ( 0.000000000000000000, -1.000000000000000000, 0.000000000000000000 ) ) ;
#1898 = EDGE_CURVE ( 'NONE', #8417, #10389, #3824, .T. ) ;
#1899 = EDGE_CURVE ( 'NONE', #8170, #4178, #64, .T. ) ;
#1900 = CARTESIAN_POINT ( 'NONE',  ( 2.000000000000000000, -0.7745510564695443634, -0.07894766929796886989 ) ) ;
#1901 =( NAMED_UNIT ( * ) SI_UNIT ( $, .STERADIAN. ) SOLID_ANGLE_UNIT ( ) );
#1902 = LINE ( 'NONE', #5549, #11964 ) ;
#1903 = AXIS2_PLACEMENT_3D ( 'NONE', #9549, #10545, #5626 ) ;
#1904 = FACE_OUTER_BOUND ( 'NONE', #2166, .T. ) ;
#1905 = CARTESIAN_POINT ( 'NONE',  ( -4.987329993433320396E-15, -2.309401076758504701, -0.1786327949540832127 ) ) ;
#1906 = VECTOR ( 'NONE', #1836, 1000.000000000000000 ) ;
#1907 = AXIS2_PLACEMENT_3D ( 'NONE', #972, #7562, #8366 ) ;
#1908 = CARTESIAN_POINT ( 'NONE',  ( 0.000000000000000000, 4.898598887637106556E-16, -3.600000000000000089 ) ) ;
#1909 = DIRECTION ( 'NONE',  ( 0.000000000000000000, -0.000000000000000000, -1.000000000000000000 ) ) ;
#1910 = DIRECTION ( 'NONE',  ( 0.000000000000000000, 0.000000000000000000, 1.000000000000000000 ) ) ;
#1911 = ORIENTED_EDGE ( 'NONE', *, *, #11707, .F. ) ;
#1912 = EDGE_CURVE ( 'NONE', #2792, #3461, #10321, .T. ) ;
#1913 = CIRCLE ( 'NONE', #7949, 0.8156023289304824564 ) ;
#1914 = AXIS2_PLACEMENT_3D ( 'NONE', #4916, #10656, #7749 ) ;
#1915 = DIRECTION ( 'NONE',  ( -0.000000000000000000, -0.000000000000000000, 1.000000000000000000 ) ) ;
#1916 = AXIS2_PLACEMENT_3D ( 'NONE', #1695, #6629, #12138 ) ;
#1917 = DIRECTION ( 'NONE',  ( 0.000000000000000000, 0.000000000000000000, 1.000000000000000000 ) ) ;
#1918 = VERTEX_POINT ( 'NONE', #8144 ) ;
#1919 = DIRECTION ( 'NONE',  ( -1.000000000000000000, 0.000000000000000000, 0.000000000000000000 ) ) ;
#1920 = CARTESIAN_POINT ( 'NONE',  ( 0.1702769162167659112, 0.7403828156981310249, 0.000000000000000000 ) ) ;
#1921 = ORIENTED_EDGE ( 'NONE', *, *, #11801, .F. ) ;
#1922 = CIRCLE ( 'NONE', #535, 0.8156023289304824564 ) ;
#1923 = CIRCLE ( 'NONE', #5268, 1.500000000000001332 ) ;
#1924 = FACE_OUTER_BOUND ( 'NONE', #6602, .T. ) ;
#1925 = ORIENTED_EDGE ( 'NONE', *, *, #3913, .T. ) ;
#1926 = ORIENTED_EDGE ( 'NONE', *, *, #7760, .F. ) ;
#1927 = AXIS2_PLACEMENT_3D ( 'NONE', #10409, #1961, #9530 ) ;
#1928 = EDGE_CURVE ( 'NONE', #9857, #10705, #3346, .T. ) ;
#1929 = CONICAL_SURFACE ( 'NONE', #8813, 2.000000000000000000, 1.047197551196595855 ) ;
#1930 = ORIENTED_EDGE ( 'NONE', *, *, #2674, .F. ) ;
#1931 = DIRECTION ( 'NONE',  ( 0.000000000000000000, 0.000000000000000000, 1.000000000000000000 ) ) ;
#1932 = SHAPE_DEFINITION_REPRESENTATION ( #634, #1231 ) ;
#1933 = CIRCLE ( 'NONE', #9997, 1.000000000000000000 ) ;
#1934 = CARTESIAN_POINT ( 'NONE',  ( -1.000000000000000000, 9.629649721936179265E-32, -3.330481160836854304 ) ) ;
#1935 = CARTESIAN_POINT ( 'NONE',  ( 0.8000000000000000444, 0.000000000000000000, -1.500000000000000000 ) ) ;
#1936 = VERTEX_POINT ( 'NONE', #8273 ) ;
#1937 = LINE ( 'NONE', #6508, #5508 ) ;
#1938 = ORIENTED_EDGE ( 'NONE', *, *, #4978, .F. ) ;
#1940 = CARTESIAN_POINT ( 'NONE',  ( -2.000000000000000000, 1.154700538379251240, -0.1786327949540822413 ) ) ;
#1939 = AXIS2_PLACEMENT_3D ( 'NONE', #3955, #10540, #8737 ) ;
#1941 = VERTEX_POINT ( 'NONE', #9325 ) ;
#1942 = AXIS2_PLACEMENT_3D ( 'NONE', #6097, #2332, #406 ) ;
#1943 = ORIENTED_EDGE ( 'NONE', *, *, #7731, .T. ) ;
#1944 = B_SPLINE_CURVE_WITH_KNOTS ( 'NONE', 3,
 ( #1477, #2464, #9254, #11854 ),
 .UNSPECIFIED., .F., .F.,
 ( 4, 4 ),
 ( 2.380749485065221449E-07, 0.001168606431211103485 ),
 .UNSPECIFIED. ) ;
#1945 = DIRECTION ( 'NONE',  ( 0.000000000000000000, 0.000000000000000000, -1.000000000000000000 ) ) ;
#1946 = ADVANCED_FACE ( 'NONE', ( #7340 ), #4633, .T. ) ;
#1947 = EDGE_CURVE ( 'NONE', #10530, #11730, #298, .T. ) ;
#1948 = CARTESIAN_POINT ( 'NONE',  ( 3.903127820947815962E-15, 0.8999999999999998002, -19.84529946162065883 ) ) ;
#1949 = CARTESIAN_POINT ( 'NONE',  ( 0.9000000000000000222, 2.388061258337338643E-16, -1.949999999999999734 ) ) ;
#1950 = VECTOR ( 'NONE', #5819, 1000.000000000000000 ) ;
#1951 = DIRECTION ( 'NONE',  ( 1.000000000000000000, 0.000000000000000000, 0.000000000000000000 ) ) ;
#1952 = ORIENTED_EDGE ( 'NONE', *, *, #5282, .T. ) ;
#1953 = ORIENTED_EDGE ( 'NONE', *, *, #3848, .T. ) ;
#1954 = CARTESIAN_POINT ( 'NONE',  ( 2.000000000000000000, 0.000000000000000000, -1.600000000000000089 ) ) ;
#1955 = AXIS2_PLACEMENT_3D ( 'NONE', #3236, #2250, #8661 ) ;
#1956 = ORIENTED_EDGE ( 'NONE', *, *, #614, .F. ) ;
#1957 = PRODUCT_RELATED_PRODUCT_CATEGORY ( 'part', '', ( #744 ) ) ;
#1958 = CONICAL_SURFACE ( 'NONE', #5300, 1.099999999999998757, 1.029744258676652313 ) ;
#1959 = DIRECTION ( 'NONE',  ( -1.000000000000000000, -0.000000000000000000, -0.000000000000000000 ) ) ;
#1960 = VERTEX_POINT ( 'NONE', #1364 ) ;
#1961 = DIRECTION ( 'NONE',  ( -1.000000000000000000, 0.000000000000000000, 0.000000000000000000 ) ) ;
#1962 = VERTEX_POINT ( 'NONE', #2225 ) ;
#1963 = PRESENTATION_LAYER_ASSIGNMENT (  '', '', ( #11022 ) ) ;
#1964 = DIRECTION ( 'NONE',  ( 0.000000000000000000, -0.000000000000000000, 1.000000000000000000 ) ) ;
#1965 = CARTESIAN_POINT ( 'NONE',  ( -0.9999999999999997780, 1.224646799147352961E-16, 0.000000000000000000 ) ) ;
#1966 = SHAPE_REPRESENTATION_RELATIONSHIP ( 'NONE' , 'NONE' ,  #8396, #2996 ) ;
#1967 = CARTESIAN_POINT ( 'NONE',  ( 4.099999999999999645, -2.971690854684141847, -0.3999999999999968026 ) ) ;
#1968 = VERTEX_POINT ( 'NONE', #2355 ) ;
#1969 = CARTESIAN_POINT ( 'NONE',  ( 0.6607522599941045849, -1.927915581583256932, -0.01710519872702329428 ) ) ;
#1970 = DIRECTION ( 'NONE',  ( -1.000000000000000000, -0.000000000000000000, -0.000000000000000000 ) ) ;
#1971 = PRESENTATION_LAYER_ASSIGNMENT (  '', '', ( #11435 ) ) ;
#1972 = EDGE_CURVE ( 'NONE', #9552, #3953, #4989, .T. ) ;
#1973 = EDGE_CURVE ( 'NONE', #12116, #8087, #9867, .T. ) ;
#1974 = CARTESIAN_POINT ( 'NONE',  ( -3.000000000000000000, 1.285879139104720831E-15, 10.50000000000000000 ) ) ;
#1975 = DIRECTION ( 'NONE',  ( 0.000000000000000000, 0.000000000000000000, -1.000000000000000000 ) ) ;
#1976 = DIRECTION ( 'NONE',  ( -0.000000000000000000, -0.000000000000000000, -1.000000000000000000 ) ) ;
#1977 = VERTEX_POINT ( 'NONE', #8876 ) ;
#1978 =( NAMED_UNIT ( * ) PLANE_ANGLE_UNIT ( ) SI_UNIT ( $, .RADIAN. ) );
#1979 = COLOUR_RGB ( '',1.000000000000000000, 0.9490196078431372140, 0.9098039215686274384 ) ;
#1980 = CARTESIAN_POINT ( 'NONE',  ( 4.099999999999999645, -2.821690854684141936, 0.8999999999999992450 ) ) ;
#1981 = CARTESIAN_POINT ( 'NONE',  ( -2.000000000000000000, 1.154700538379251240, -0.1786327949540822413 ) ) ;
#1982 = ADVANCED_FACE ( 'NONE', ( #6909 ), #10713, .T. ) ;
#1983 = DIRECTION ( 'NONE',  ( 0.000000000000000000, 0.000000000000000000, -1.000000000000000000 ) ) ;
#1984 = ORIENTED_EDGE ( 'NONE', *, *, #5362, .T. ) ;
#1985 = COLOUR_RGB ( '',0.7921568627450980005, 0.8196078431372548767, 0.9333333333333333481 ) ;
#1986 =( NAMED_UNIT ( * ) SI_UNIT ( $, .STERADIAN. ) SOLID_ANGLE_UNIT ( ) );
#1987 = VERTEX_POINT ( 'NONE', #4257 ) ;
#1988 = EDGE_LOOP ( 'NONE', ( #9083, #3072 ) ) ;
#1989 = ORIENTED_EDGE ( 'NONE', *, *, #8582, .F. ) ;
#1990 = EDGE_CURVE ( 'NONE', #8864, #5158, #7092, .T. ) ;
#1991 = CARTESIAN_POINT ( 'NONE',  ( -1.000000000000000888, 1.732050807568876749, 0.000000000000000000 ) ) ;
#1992 = PRODUCT_CONTEXT ( 'NONE', #198, 'mechanical' ) ;
#1993 = PRODUCT_DEFINITION_FORMATION_WITH_SPECIFIED_SOURCE ( 'ANY', '', #7332, .NOT_KNOWN. ) ;
#1994 = DIRECTION ( 'NONE',  ( 0.000000000000000000, 0.000000000000000000, -1.000000000000000000 ) ) ;
#1995 = CARTESIAN_POINT ( 'NONE',  ( -2.000000000000000000, -1.154700538379252794, -1.600000000000000089 ) ) ;
#1996 = ORIENTED_EDGE ( 'NONE', *, *, #9545, .F. ) ;
#1997 = AXIS2_PLACEMENT_3D ( 'NONE', #6734, #8752, #2916 ) ;
#1998 = ORIENTED_EDGE ( 'NONE', *, *, #4234, .F. ) ;
#1999 = EDGE_CURVE ( 'NONE', #4638, #5142, #11432, .T. ) ;
#2000 = DIRECTION ( 'NONE',  ( -0.8191520442889902442, 1.003171929053522651E-16, 0.5735764363510482688 ) ) ;
#2001 = CARTESIAN_POINT ( 'NONE',  ( -1.000000000000000888, 1.732050807568876749, 0.000000000000000000 ) ) ;
#2002 = ORIENTED_EDGE ( 'NONE', *, *, #1432, .T. ) ;
#2003 = VECTOR ( 'NONE', #9667, 999.9999999999998863 ) ;
#2004 = DIRECTION ( 'NONE',  ( 0.000000000000000000, 0.000000000000000000, -1.000000000000000000 ) ) ;
#2005 = DIRECTION ( 'NONE',  ( 1.000000000000000000, 0.000000000000000000, 0.000000000000000000 ) ) ;
#2006 = UNCERTAINTY_MEASURE_WITH_UNIT (LENGTH_MEASURE( 1.000000000000000082E-05 ), #8562, 'distance_accuracy_value', 'NONE');
#2007 = FACE_OUTER_BOUND ( 'NONE', #6383, .T. ) ;
#2008 = CARTESIAN_POINT ( 'NONE',  ( -1.000000000000000888, 1.732050807568876749, -1.600000000000000089 ) ) ;
#2009 = DIRECTION ( 'NONE',  ( 1.000000000000000000, -0.000000000000000000, -0.000000000000000000 ) ) ;
#2010 = ORIENTED_EDGE ( 'NONE', *, *, #3522, .F. ) ;
#2011 = ORIENTED_EDGE ( 'NONE', *, *, #3698, .T. ) ;
#2012 = CARTESIAN_POINT ( 'NONE',  ( 2.000000000000000000, -0.7745510564695445854, -1.521052330702030719 ) ) ;
#2013 = EDGE_CURVE ( 'NONE', #6647, #2290, #4077, .T. ) ;
#2014 = EDGE_CURVE ( 'NONE', #1549, #9834, #1480, .T. ) ;
#2015 = DIRECTION ( 'NONE',  ( 0.8660254037844381525, -0.000000000000000000, 0.5000000000000007772 ) ) ;
#2016 = VERTEX_POINT ( 'NONE', #11108 ) ;
#2017 = LINE ( 'NONE', #5901, #9670 ) ;
#2018 = PRESENTATION_STYLE_ASSIGNMENT (( #9658 ) ) ;
#2019 = ORIENTED_EDGE ( 'NONE', *, *, #73, .T. ) ;
#2020 = FACE_OUTER_BOUND ( 'NONE', #7442, .T. ) ;
#2021 = ORIENTED_EDGE ( 'NONE', *, *, #10238, .T. ) ;
#2022 = DIRECTION ( 'NONE',  ( -1.000000000000000000, 0.000000000000000000, 0.000000000000000000 ) ) ;
#2023 = CARTESIAN_POINT ( 'NONE',  ( -21.50000000000000000, 6.123233995736766036E-17, 0.5000000000000000000 ) ) ;
#2024 = DIRECTION ( 'NONE',  ( 0.000000000000000000, 1.000000000000000000, 0.000000000000000000 ) ) ;
#2025 = ORIENTED_EDGE ( 'NONE', *, *, #6794, .T. ) ;
#2026 = APPLICATION_CONTEXT ( 'automotive_design' ) ;
#2027 = DIRECTION ( 'NONE',  ( 1.000000000000000000, -0.000000000000000000, -0.000000000000000000 ) ) ;
#2028 = CARTESIAN_POINT ( 'NONE',  ( 8.500000000000000000, 0.000000000000000000, -21.00000000000000000 ) ) ;
#2029 = FACE_OUTER_BOUND ( 'NONE', #6974, .T. ) ;
#2030 = VERTEX_POINT ( 'NONE', #12165 ) ;
#2031 = CARTESIAN_POINT ( 'NONE',  ( 1.672828002720946117, -1.343593379079623285, -0.06957546252590439406 ) ) ;
#2032 = FACE_OUTER_BOUND ( 'NONE', #1823, .T. ) ;
#2033 = ADVANCED_FACE ( 'NONE', ( #7146 ), #6182, .F. ) ;
#2034 =( LENGTH_UNIT ( ) NAMED_UNIT ( * ) SI_UNIT ( .MILLI., .METRE. ) );
#2035 = EDGE_CURVE ( 'NONE', #3545, #6298, #6588, .T. ) ;
#2036 = ORIENTED_EDGE ( 'NONE', *, *, #10332, .T. ) ;
#2037 = DIRECTION ( 'NONE',  ( 0.000000000000000000, -1.224649721909276639E-16, 1.000000000000000000 ) ) ;
#2038 = VERTEX_POINT ( 'NONE', #9184 ) ;
#2039 = DIRECTION ( 'NONE',  ( -0.000000000000000000, -1.000000000000000000, -0.000000000000000000 ) ) ;
#2040 = ORIENTED_EDGE ( 'NONE', *, *, #6839, .T. ) ;
#2041 = AXIS2_PLACEMENT_3D ( 'NONE', #6184, #4214, #7971 ) ;
#2042 = DIRECTION ( 'NONE',  ( 0.000000000000000000, 0.000000000000000000, 1.000000000000000000 ) ) ;
#2043 = ORIENTED_EDGE ( 'NONE', *, *, #9690, .T. ) ;
#2044 = ORIENTED_EDGE ( 'NONE', *, *, #8238, .F. ) ;
#2045 = ADVANCED_FACE ( 'NONE', ( #2535 ), #5500, .F. ) ;
#2046 = LINE ( 'NONE', #9450, #10271 ) ;
#2047 = PRODUCT_CONTEXT ( 'NONE', #1461, 'mechanical' ) ;
#2048 = CARTESIAN_POINT ( 'NONE',  ( -0.5000000000000000000, 9.199999999999999289, -20.00000000000000355 ) ) ;
#2049 = CARTESIAN_POINT ( 'NONE',  ( 0.000000000000000000, 0.000000000000000000, -1.600000000000000089 ) ) ;
#2050 = EDGE_LOOP ( 'NONE', ( #6803, #8962 ) ) ;
#2051 = EDGE_LOOP ( 'NONE', ( #9694, #785, #6291, #8171 ) ) ;
#2052 = DIRECTION ( 'NONE',  ( 0.000000000000000000, -1.000000000000000000, -0.000000000000000000 ) ) ;
#2053 = CARTESIAN_POINT ( 'NONE',  ( -0.3277177810063121588, 2.120193127676282430, -0.07933779981236163681 ) ) ;
#2054 = CARTESIAN_POINT ( 'NONE',  ( 0.000000000000000000, 0.000000000000000000, 0.000000000000000000 ) ) ;
#2055 = EDGE_LOOP ( 'NONE', ( #11142, #10549, #6901, #7991 ) ) ;
#2056 = CARTESIAN_POINT ( 'NONE',  ( 1.000000000000000444, -1.732050807568876971, -1.600000000000000089 ) ) ;
#2057 = CYLINDRICAL_SURFACE ( 'NONE', #9062, 1.550000000000000044 ) ;
#2058 = VERTEX_POINT ( 'NONE', #9120 ) ;
#2059 = DIRECTION ( 'NONE',  ( -0.000000000000000000, -0.000000000000000000, 1.000000000000000000 ) ) ;
#2060 = EDGE_CURVE ( 'NONE', #2088, #1748, #4411, .T. ) ;
#2061 = DIRECTION ( 'NONE',  ( -1.000000000000000000, -0.000000000000000000, -0.000000000000000000 ) ) ;
#2062 =( NAMED_UNIT ( * ) SI_UNIT ( $, .STERADIAN. ) SOLID_ANGLE_UNIT ( ) );
#2063 = DIRECTION ( 'NONE',  ( 0.000000000000000000, 0.000000000000000000, 1.000000000000000000 ) ) ;
#2064 = EDGE_LOOP ( 'NONE', ( #9960, #1389, #7193, #7787 ) ) ;
#2065 = CARTESIAN_POINT ( 'NONE',  ( 1.672282218993687231, 1.343908487461472401, -0.07933779981236054046 ) ) ;
#2066 = CIRCLE ( 'NONE', #2856, 3.000000000000000000 ) ;
#2067 = AXIS2_PLACEMENT_3D ( 'NONE', #2910, #4635, #7532 ) ;
#2068 = EDGE_CURVE ( 'NONE', #588, #3348, #7554, .T. ) ;
#2069 = PLANE ( 'NONE',  #8550 ) ;
#2070 = VERTEX_POINT ( 'NONE', #10047 ) ;
#2071 = CARTESIAN_POINT ( 'NONE',  ( 0.000000000000000000, 0.000000000000000000, 0.000000000000000000 ) ) ;
#2072 = DIRECTION ( 'NONE',  ( -0.4999999999999988898, 0.000000000000000000, -0.8660254037844392627 ) ) ;
#2073 = VERTEX_POINT ( 'NONE', #8375 ) ;
#2074 = DIRECTION ( 'NONE',  ( 0.000000000000000000, 0.8660254037844407060, -0.4999999999999963918 ) ) ;
#2075 = CARTESIAN_POINT ( 'NONE',  ( -17.30000000000000071, 0.000000000000000000, -0.5000000000000000000 ) ) ;
#2076 = EDGE_CURVE ( 'NONE', #1962, #10028, #9132, .T. ) ;
#2077 =( LENGTH_UNIT ( ) NAMED_UNIT ( * ) SI_UNIT ( .MILLI., .METRE. ) );
#2078 = EDGE_CURVE ( 'NONE', #3434, #6877, #5366, .T. ) ;
#2079 = CIRCLE ( 'NONE', #3851, 1.949999999999999734 ) ;
#2080 = AXIS2_PLACEMENT_3D ( 'NONE', #3642, #2658, #5308 ) ;
#2081 = LINE ( 'NONE', #5848, #11764 ) ;
#2082 = ORIENTED_EDGE ( 'NONE', *, *, #4991, .T. ) ;
#2083 = VECTOR ( 'NONE', #7994, 1000.000000000000000 ) ;
#2084 = CARTESIAN_POINT ( 'NONE',  ( 1.000000000000001998, 1.732050807568876083, 0.000000000000000000 ) ) ;
#2085 = DIRECTION ( 'NONE',  ( 0.000000000000000000, 1.000000000000000000, 0.000000000000000000 ) ) ;
#2086 = CIRCLE ( 'NONE', #4457, 0.8156023289304831225 ) ;
#2087 = CARTESIAN_POINT ( 'NONE',  ( 8.500000000000000000, 2.500000000000000000, 0.000000000000000000 ) ) ;
#2088 = VERTEX_POINT ( 'NONE', #1605 ) ;
#2089 = CARTESIAN_POINT ( 'NONE',  ( 1.000000000000000444, -1.732050807568876971, 0.000000000000000000 ) ) ;
#2090 = CARTESIAN_POINT ( 'NONE',  ( -0.3271719972790578246, -2.120508236058134877, -0.06957546252590419977 ) ) ;
#2091 = EDGE_CURVE ( 'NONE', #10551, #6330, #9489, .T. ) ;
#2092 =( LENGTH_UNIT ( ) NAMED_UNIT ( * ) SI_UNIT ( .MILLI., .METRE. ) );
#2093 = EDGE_CURVE ( 'NONE', #10934, #9208, #4797, .T. ) ;
#2094 = LINE ( 'NONE', #4927, #4657 ) ;
#2095 = ADVANCED_BREP_SHAPE_REPRESENTATION ( '', ( #1254, #8058 ), #7487 ) ;
#2096 = AXIS2_PLACEMENT_3D ( 'NONE', #11847, #6340, #3400 ) ;
#2097 = ORIENTED_EDGE ( 'NONE', *, *, #8253, .F. ) ;
#2098 = CIRCLE ( 'NONE', #2496, 1.099999999999996758 ) ;
#2099 = VERTEX_POINT ( 'NONE', #10108 ) ;
#2100 = PLANE ( 'NONE',  #5264 ) ;
#2101 = ORIENTED_EDGE ( 'NONE', *, *, #7233, .F. ) ;
#2102 = PRODUCT_DEFINITION ( 'UNKNOWN', '', #11255, #4953 ) ;
#2103 = CYLINDRICAL_SURFACE ( 'NONE', #2067, 1.000000000000000444 ) ;
#2104 = EDGE_LOOP ( 'NONE', ( #7902, #1575, #3679, #4144 ) ) ;
#2105 = AXIS2_PLACEMENT_3D ( 'NONE', #6473, #974, #1788 ) ;
#2106 = ORIENTED_EDGE ( 'NONE', *, *, #7204, .T. ) ;
#2107 = AXIS2_PLACEMENT_3D ( 'NONE', #11834, #6149, #8912 ) ;
#2108 = CARTESIAN_POINT ( 'NONE',  ( 3.699999999999999289, -2.971690854684141847, -0.4999999999999991673 ) ) ;
#2109 = APPLICATION_PROTOCOL_DEFINITION ( 'draft international standard', 'automotive_design', 1998, #766 ) ;
#2110 = CIRCLE ( 'NONE', #732, 1.999999999999999556 ) ;
#2111 = CONICAL_SURFACE ( 'NONE', #6637, 2.000000000000000000, 1.047197551196595855 ) ;
#2112 = LINE ( 'NONE', #2048, #9808 ) ;
#2113 = DIRECTION ( 'NONE',  ( 0.000000000000000000, -0.000000000000000000, 1.000000000000000000 ) ) ;
#2114 = VERTEX_POINT ( 'NONE', #10980 ) ;
#2115 = AXIS2_PLACEMENT_3D ( 'NONE', #2756, #3801, #7550 ) ;
#2116 = VERTEX_POINT ( 'NONE', #617 ) ;
#2117 = DIRECTION ( 'NONE',  ( 0.8660254037844384856, 0.5000000000000002220, 0.000000000000000000 ) ) ;
#2118 = EDGE_CURVE ( 'NONE', #6884, #8704, #7162, .T. ) ;
#2119 = CYLINDRICAL_SURFACE ( 'NONE', #5695, 4.000000000000000000 ) ;
#2120 = ADVANCED_FACE ( 'NONE', ( #1795 ), #7270, .F. ) ;
#2121 = DIRECTION ( 'NONE',  ( -1.000000000000000000, -0.000000000000000000, -0.000000000000000000 ) ) ;
#2122 = ORIENTED_EDGE ( 'NONE', *, *, #2453, .T. ) ;
#2123 = CARTESIAN_POINT ( 'NONE',  ( 0.000000000000000000, 4.738805170303855086E-16, -2.269518839163146673 ) ) ;
#2124 = VECTOR ( 'NONE', #7903, 1000.000000000000227 ) ;
#2125 = LINE ( 'NONE', #5891, #3977 ) ;
#2126 = UNCERTAINTY_MEASURE_WITH_UNIT (LENGTH_MEASURE( 1.000000000000000082E-05 ), #5200, 'distance_accuracy_value', 'NONE');
#2127 = ORIENTED_EDGE ( 'NONE', *, *, #1227, .T. ) ;
#2128 = CARTESIAN_POINT ( 'NONE',  ( 0.000000000000000000, 0.000000000000000000, -0.2999999999999842792 ) ) ;
#2129 = FACE_OUTER_BOUND ( 'NONE', #8220, .T. ) ;
#2130 = LINE ( 'NONE', #4038, #5070 ) ;
#2131 = VERTEX_POINT ( 'NONE', #4509 ) ;
#2132 = AXIS2_PLACEMENT_3D ( 'NONE', #11447, #11957, #7368 ) ;
#2133 = CARTESIAN_POINT ( 'NONE',  ( 2.099999999999999645, -4.001000000000000334, -0.4999999999999991673 ) ) ;
#2134 = PRODUCT_DEFINITION_SHAPE ( 'NONE', 'NONE',  #12226 ) ;
#2135 = CIRCLE ( 'NONE', #11411, 0.7740000000000000213 ) ;
#2136 = EDGE_LOOP ( 'NONE', ( #5495, #2424, #5198, #8416 ) ) ;
#2137 = EDGE_CURVE ( 'NONE', #6692, #2993, #1661, .T. ) ;
#2138 = DIRECTION ( 'NONE',  ( 1.000000000000000000, 0.000000000000000000, 0.000000000000000000 ) ) ;
#2139 = VERTEX_POINT ( 'NONE', #9986 ) ;
#2140 = CARTESIAN_POINT ( 'NONE',  ( 0.000000000000000000, 0.000000000000000000, -1.600000000000000089 ) ) ;
#2141 = CLOSED_SHELL ( 'NONE', ( #4838, #348, #858, #9494, #12056, #681, #11346, #5686, #5714, #1750, #3021, #9885, #4922, #6650, #5462, #805, #2391, #4727, #2303, #6448, #5474, #9874, #5883, #7187, #332, #3961 ) ) ;
#2142 = VERTEX_POINT ( 'NONE', #5307 ) ;
#2143 = FACE_OUTER_BOUND ( 'NONE', #2186, .T. ) ;
#2144 = DIRECTION ( 'NONE',  ( 1.000000000000000000, 0.000000000000000000, 0.000000000000000000 ) ) ;
#2145 = CIRCLE ( 'NONE', #9032, 2.499999999999998668 ) ;
#2146 = DIRECTION ( 'NONE',  ( -1.000000000000000000, -0.000000000000000000, -0.000000000000000000 ) ) ;
#2147 = ADVANCED_FACE ( 'NONE', ( #5557, #8263, #4382 ), #8131, .F. ) ;
#2148 = VERTEX_POINT ( 'NONE', #9363 ) ;
#2149 = CARTESIAN_POINT ( 'NONE',  ( 5.500000000000001776, 0.8999999999999986899, -2.999999999999891642 ) ) ;
#2150 = CARTESIAN_POINT ( 'NONE',  ( 0.000000000000000000, 0.000000000000000000, 0.000000000000000000 ) ) ;
#2151 = ADVANCED_FACE ( 'NONE', ( #981 ), #9526, .T. ) ;
#2152 = CARTESIAN_POINT ( 'NONE',  ( -1.000000000000001776, -1.732050807568876527, -1.600000000000000089 ) ) ;
#2153 = CARTESIAN_POINT ( 'NONE',  ( -2.000000000000000000, -0.7745510564695445854, -0.07894766929796916133 ) ) ;
#2154 = COLOUR_RGB ( '',0.7764705882352941346, 0.7568627450980391913, 0.7372549019607843590 ) ;
#2155 = DIRECTION ( 'NONE',  ( 0.000000000000000000, 0.000000000000000000, 1.000000000000000000 ) ) ;
#2156 = CARTESIAN_POINT ( 'NONE',  ( -2.000000000000000000, 1.154700538379254349, -1.421367205045916737 ) ) ;
#2157 = PLANE ( 'NONE',  #4007 ) ;
#2158 = VECTOR ( 'NONE', #1275, 1000.000000000000000 ) ;
#2159 = SHAPE_REPRESENTATION_RELATIONSHIP ( 'NONE' , 'NONE' ,  #10216, #3278 ) ;
#2160 = FACE_OUTER_BOUND ( 'NONE', #8812, .T. ) ;
#2161 =( GEOMETRIC_REPRESENTATION_CONTEXT ( 3 ) GLOBAL_UNCERTAINTY_ASSIGNED_CONTEXT ( ( #2371 ) ) GLOBAL_UNIT_ASSIGNED_CONTEXT ( ( #472, #9055, #7946 ) ) REPRESENTATION_CONTEXT ( 'NONE', 'WORKASPACE' ) );
#2162 = ORIENTED_EDGE ( 'NONE', *, *, #6335, .T. ) ;
#2163 = CARTESIAN_POINT ( 'NONE',  ( 0.000000000000000000, 0.7740000000000005764, -1.599999999999999867 ) ) ;
#2164 = EDGE_CURVE ( 'NONE', #10303, #2757, #2646, .T. ) ;
#2165 = CARTESIAN_POINT ( 'NONE',  ( -0.1631781751318187590, 2.215190113420277385, -0.1242400699092117422 ) ) ;
#2166 = EDGE_LOOP ( 'NONE', ( #7206, #9873, #9345, #4363 ) ) ;
#2167 = ADVANCED_FACE ( 'NONE', ( #11235 ), #7465, .T. ) ;
#2168 = CARTESIAN_POINT ( 'NONE',  ( -2.000000000000000000, 0.1952413320394012219, -1.600000000000000089 ) ) ;
#2169 = CARTESIAN_POINT ( 'NONE',  ( 0.000000000000000000, 0.000000000000000000, -1.199999999999999956 ) ) ;
#2170 = ORIENTED_EDGE ( 'NONE', *, *, #524, .F. ) ;
#2171 = VERTEX_POINT ( 'NONE', #105 ) ;
#2172 = B_SPLINE_CURVE_WITH_KNOTS ( 'NONE', 3,
 ( #5753, #5110, #7941, #8801 ),
 .UNSPECIFIED., .F., .F.,
 ( 4, 4 ),
 ( 2.380749485086116428E-07, 0.001168606431211100015 ),
 .UNSPECIFIED. ) ;
#2173 = LINE ( 'NONE', #4881, #619 ) ;
#2174 = CARTESIAN_POINT ( 'NONE',  ( 3.000000000000000000, 0.000000000000000000, 0.000000000000000000 ) ) ;
#2175 = FACE_OUTER_BOUND ( 'NONE', #3656, .T. ) ;
#2176 = ORIENTED_EDGE ( 'NONE', *, *, #11338, .F. ) ;
#2177 = SHAPE_REPRESENTATION ( 'Eixo', ( #8058 ), #2954 ) ;
#2178 = AXIS2_PLACEMENT_3D ( 'NONE', #11197, #1681, #12068 ) ;
#2179 = CARTESIAN_POINT ( 'NONE',  ( 0.000000000000000000, 0.000000000000000000, -24.00000000000000000 ) ) ;
#2180 = DIRECTION ( 'NONE',  ( 0.000000000000000000, 1.000000000000000000, 0.000000000000000000 ) ) ;
#2181 = CARTESIAN_POINT ( 'NONE',  ( 4.000000000000000000, 9.199999999999999289, -18.50000000000000355 ) ) ;
#2182 = ORIENTED_EDGE ( 'NONE', *, *, #11493, .F. ) ;
#2183 = FACE_OUTER_BOUND ( 'NONE', #2660, .T. ) ;
#2184 = CARTESIAN_POINT ( 'NONE',  ( 4.000000000000000000, 9.199999999999999289, -22.50000000000000000 ) ) ;
#2185 = AXIS2_PLACEMENT_3D ( 'NONE', #1995, #7773, #5761 ) ;
#2186 = EDGE_LOOP ( 'NONE', ( #9687, #736, #9389, #6622, #4988 ) ) ;
#2187 = AXIS2_PLACEMENT_3D ( 'NONE', #5393, #5758, #3908 ) ;
#2188 = CARTESIAN_POINT ( 'NONE',  ( -0.5560518688116493635, 0.5176555429708574740, 0.000000000000000000 ) ) ;
#2189 = LINE ( 'NONE', #5952, #6949 ) ;
#2190 = CYLINDRICAL_SURFACE ( 'NONE', #6656, 1.000000000000000444 ) ;
#2191 = ADVANCED_FACE ( 'NONE', ( #9612, #8676 ), #1161, .F. ) ;
#2192 = EDGE_CURVE ( 'NONE', #3519, #6757, #1060, .T. ) ;
#2193 = FACE_BOUND ( 'NONE', #6183, .T. ) ;
#2194 = CARTESIAN_POINT ( 'NONE',  ( 2.000000000000000000, 1.154700538379254349, -0.1786327949540832127 ) ) ;
#2195 = FACE_BOUND ( 'NONE', #4270, .T. ) ;
#2196 = EDGE_LOOP ( 'NONE', ( #2622, #3239, #11437, #9514 ) ) ;
#2197 =( NAMED_UNIT ( * ) PLANE_ANGLE_UNIT ( ) SI_UNIT ( $, .RADIAN. ) );
#2198 = ORIENTED_EDGE ( 'NONE', *, *, #5055, .F. ) ;
#2199 = PLANE ( 'NONE',  #7043 ) ;
#2200 = ORIENTED_EDGE ( 'NONE', *, *, #11360, .F. ) ;
#2201 = CARTESIAN_POINT ( 'NONE',  ( 0.000000000000000000, 0.000000000000000000, -0.1291166393111907729 ) ) ;
#2202 = DIRECTION ( 'NONE',  ( 1.000000000000000000, 0.000000000000000000, 0.000000000000000000 ) ) ;
#2203 = DIRECTION ( 'NONE',  ( 0.000000000000000000, 0.000000000000000000, 1.000000000000000000 ) ) ;
#2204 = FACE_OUTER_BOUND ( 'NONE', #8791, .T. ) ;
#2205 = ITEM_DEFINED_TRANSFORMATION ( 'NONE', 'NONE', #9276,  #8058 ) ;
#2206 = ORIENTED_EDGE ( 'NONE', *, *, #6295, .F. ) ;
#2207 = LINE ( 'NONE', #5968, #2003 ) ;
#2208 = EDGE_CURVE ( 'NONE', #1426, #827, #7644, .T. ) ;
#2209 = PLANE ( 'NONE',  #2342 ) ;
#2210 = FACE_OUTER_BOUND ( 'NONE', #6175, .T. ) ;
#2211 = DIRECTION ( 'NONE',  ( 1.000000000000000000, 0.000000000000000000, 0.000000000000000000 ) ) ;
#2212 = CARTESIAN_POINT ( 'NONE',  ( -1.000000000000001776, -1.732050807568876527, -1.600000000000000089 ) ) ;
#2213 = EDGE_CURVE ( 'NONE', #1549, #5933, #8546, .T. ) ;
#2214 = CARTESIAN_POINT ( 'NONE',  ( 0.000000000000000000, -0.9999999999999995559, -2.269518839163146673 ) ) ;
#2215 = ORIENTED_EDGE ( 'NONE', *, *, #9626, .T. ) ;
#2216 = DIRECTION ( 'NONE',  ( -1.000000000000000000, 0.000000000000000000, 0.000000000000000000 ) ) ;
#2217 = DIRECTION ( 'NONE',  ( 1.000000000000000000, -0.000000000000000000, -0.000000000000000000 ) ) ;
#2218 = VERTEX_POINT ( 'NONE', #2028 ) ;
#2219 = FACE_BOUND ( 'NONE', #5681, .T. ) ;
#2220 = EDGE_CURVE ( 'NONE', #3411, #7119, #2891, .T. ) ;
#2221 = VERTEX_POINT ( 'NONE', #5792 ) ;
#2222 = CARTESIAN_POINT ( 'NONE',  ( -1.000000000000000888, 1.732050807568876749, 0.000000000000000000 ) ) ;
#2223 = DIRECTION ( 'NONE',  ( -1.000000000000000000, 0.000000000000000000, 2.220446049250312588E-16 ) ) ;
#2224 = ORIENTED_EDGE ( 'NONE', *, *, #11317, .T. ) ;
#2225 = CARTESIAN_POINT ( 'NONE',  ( 1.500000000000000000, 9.199999999999999289, -16.00000000000000355 ) ) ;
#2226 = EDGE_CURVE ( 'NONE', #1018, #4397, #3885, .T. ) ;
#2227 = LINE ( 'NONE', #3085, #6410 ) ;
#2228 = VERTEX_POINT ( 'NONE', #1088 ) ;
#2229 = ORIENTED_EDGE ( 'NONE', *, *, #3373, .T. ) ;
#2230 = EDGE_CURVE ( 'NONE', #1941, #6161, #6662, .T. ) ;
#2231 = ADVANCED_FACE ( 'NONE', ( #8440, #919 ), #4921, .F. ) ;
#2232 = FACE_OUTER_BOUND ( 'NONE', #5906, .T. ) ;
#2233 = CYLINDRICAL_SURFACE ( 'NONE', #12050, 3.000000000000000000 ) ;
#2234 = ORIENTED_EDGE ( 'NONE', *, *, #9078, .F. ) ;
#2235 = VERTEX_POINT ( 'NONE', #5739 ) ;
#2236 = AXIS2_PLACEMENT_3D ( 'NONE', #3764, #7390, #806 ) ;
#2237 = DIRECTION ( 'NONE',  ( 1.000000000000000000, -0.000000000000000000, -0.000000000000000000 ) ) ;
#2238 = CARTESIAN_POINT ( 'NONE',  ( -16.00000000000000000, 0.000000000000000000, -4.000000000000000000 ) ) ;
#2239 = ORIENTED_EDGE ( 'NONE', *, *, #6178, .F. ) ;
#2240 = FACE_OUTER_BOUND ( 'NONE', #10948, .T. ) ;
#2241 = AXIS2_PLACEMENT_3D ( 'NONE', #2656, #8316, #10245 ) ;
#2242 = DIRECTION ( 'NONE',  ( -0.000000000000000000, -0.000000000000000000, -1.000000000000000000 ) ) ;
#2243 = UNCERTAINTY_MEASURE_WITH_UNIT (LENGTH_MEASURE( 1.000000000000000082E-05 ), #607, 'distance_accuracy_value', 'NONE');
#2244 = ORIENTED_EDGE ( 'NONE', *, *, #4599, .T. ) ;
#2245 = LINE ( 'NONE', #9762, #11159 ) ;
#2246 = CARTESIAN_POINT ( 'NONE',  ( -0.6607522599941049180, 1.927915581583253601, -1.582894801272977992 ) ) ;
#2247 = DIRECTION ( 'NONE',  ( 0.000000000000000000, 0.000000000000000000, 1.000000000000000000 ) ) ;
#2248 = STYLED_ITEM ( 'NONE', ( #3573 ), #4753 ) ;
#2249 = DIRECTION ( 'NONE',  ( -1.000000000000000000, 0.000000000000000000, 0.000000000000000000 ) ) ;
#2250 = DIRECTION ( 'NONE',  ( -0.000000000000000000, 1.224649721909276639E-16, -1.000000000000000000 ) ) ;
#2251 = ORIENTED_EDGE ( 'NONE', *, *, #10439, .T. ) ;
#2252 = FACE_BOUND ( 'NONE', #11859, .T. ) ;
#2253 = AXIS2_PLACEMENT_3D ( 'NONE', #4857, #6769, #1909 ) ;
#2254 = ORIENTED_EDGE ( 'NONE', *, *, #4978, .T. ) ;
#2255 =( REPRESENTATION_RELATIONSHIP ('NONE','NONE', #912, #8471 ) REPRESENTATION_RELATIONSHIP_WITH_TRANSFORMATION ( #100 )SHAPE_REPRESENTATION_RELATIONSHIP( ) );
#2256 = AXIS2_PLACEMENT_3D ( 'NONE', #4730, #8482, #1892 ) ;
#2257 = PRODUCT_DEFINITION ( 'UNKNOWN', '', #608, #11632 ) ;
#2258 = ORIENTED_EDGE ( 'NONE', *, *, #9605, .F. ) ;
#2259 = CARTESIAN_POINT ( 'NONE',  ( 1.000000000000000000, 0.000000000000000000, 0.000000000000000000 ) ) ;
#2260 = EDGE_CURVE ( 'NONE', #5060, #6110, #676, .T. ) ;
#2261 = ORIENTED_EDGE ( 'NONE', *, *, #6805, .F. ) ;
#2262 = CYLINDRICAL_SURFACE ( 'NONE', #12183, 1.099999999999998535 ) ;
#2263 = CARTESIAN_POINT ( 'NONE',  ( 5.499999999999999112, 0.8999999999999989120, -0.6905989232413867196 ) ) ;
#2264 = SURFACE_STYLE_FILL_AREA ( #8057 ) ;
#2265 = CARTESIAN_POINT ( 'NONE',  ( 8.500000000000000000, 0.000000000000000000, -18.00000000000000355 ) ) ;
#2266 = ORIENTED_EDGE ( 'NONE', *, *, #7305, .F. ) ;
#2267 = CARTESIAN_POINT ( 'NONE',  ( 0.6040848250762104188, 0.5320279705000409143, -0.6822640635612213789 ) ) ;
#2268 = PRESENTATION_LAYER_ASSIGNMENT (  '', '', ( #687 ) ) ;
#2269 = CARTESIAN_POINT ( 'NONE',  ( -2.000000000000000000, 0.3931374000439445404, -0.01723613881363289871 ) ) ;
#2270 = DIRECTION ( 'NONE',  ( 1.000000000000000000, 0.000000000000000000, 0.000000000000000000 ) ) ;
#2271 = DIRECTION ( 'NONE',  ( 0.000000000000000000, 1.000000000000000000, 0.000000000000000000 ) ) ;
#2272 = EDGE_CURVE ( 'NONE', #51, #2603, #10718, .T. ) ;
#2273 = FACE_OUTER_BOUND ( 'NONE', #9438, .T. ) ;
#2274 = EDGE_CURVE ( 'NONE', #5313, #11610, #7170, .T. ) ;
#2275 = ORIENTED_EDGE ( 'NONE', *, *, #3424, .T. ) ;
#2276 = AXIS2_PLACEMENT_3D ( 'NONE', #11307, #6730, #2042 ) ;
#2277 = CYLINDRICAL_SURFACE ( 'NONE', #6825, 1.099999999999998757 ) ;
#2278 = CARTESIAN_POINT ( 'NONE',  ( -2.000000000000000000, -1.154700538379252794, -1.600000000000000089 ) ) ;
#2279 = VERTEX_POINT ( 'NONE', #8493 ) ;
#2280 = CARTESIAN_POINT ( 'NONE',  ( 0.000000000000000000, 0.000000000000000000, -1.600000000000000089 ) ) ;
#2281 = ORIENTED_EDGE ( 'NONE', *, *, #7556, .T. ) ;
#2282 = DIRECTION ( 'NONE',  ( 1.000000000000000000, 0.000000000000000000, 0.000000000000000000 ) ) ;
#2283 = CONICAL_SURFACE ( 'NONE', #5643, 2.000000000000000000, 1.047197551196596299 ) ;
#2284 = ORIENTED_EDGE ( 'NONE', *, *, #9236, .T. ) ;
#2285 = CARTESIAN_POINT ( 'NONE',  ( -0.3955904915634472219, -0.5106562904773507272, -0.7781636247345542490 ) ) ;
#2286 = ORIENTED_EDGE ( 'NONE', *, *, #10721, .F. ) ;
#2287 = DIRECTION ( 'NONE',  ( -0.000000000000000000, -0.000000000000000000, -1.000000000000000000 ) ) ;
#2288 = ADVANCED_FACE ( 'NONE', ( #45 ), #7574, .F. ) ;
#2289 = AXIS2_PLACEMENT_3D ( 'NONE', #1284, #10729, #2282 ) ;
#2290 = VERTEX_POINT ( 'NONE', #10536 ) ;
#2291 = ORIENTED_EDGE ( 'NONE', *, *, #4217, .F. ) ;
#2292 = VECTOR ( 'NONE', #4616, 999.9999999999998863 ) ;
#2293 = ITEM_DEFINED_TRANSFORMATION ( 'NONE', 'NONE', #598,  #8058 ) ;
#2294 = DIRECTION ( 'NONE',  ( -0.5000000000000004441, 0.000000000000000000, 0.8660254037844383745 ) ) ;
#2295 = FACE_OUTER_BOUND ( 'NONE', #4413, .T. ) ;
#2296 = ADVANCED_FACE ( 'NONE', ( #2337 ), #1274, .T. ) ;
#2297 = VECTOR ( 'NONE', #6158, 1000.000000000000000 ) ;
#2298 = EDGE_LOOP ( 'NONE', ( #7636, #11013, #4529, #6607 ) ) ;
#2299 = ORIENTED_EDGE ( 'NONE', *, *, #8731, .F. ) ;
#2300 = AXIS2_PLACEMENT_3D ( 'NONE', #11892, #6205, #5217 ) ;
#2301 = CARTESIAN_POINT ( 'NONE',  ( 1.500000000000000000, 0.000000000000000000, 0.000000000000000000 ) ) ;
#2302 = AXIS2_PLACEMENT_3D ( 'NONE', #3577, #7258, #10964 ) ;
#2303 = ADVANCED_FACE ( 'NONE', ( #8800 ), #5009, .T. ) ;
#2304 = VERTEX_POINT ( 'NONE', #7752 ) ;
#2305 = CARTESIAN_POINT ( 'NONE',  ( 3.499999999999997335, 0.8999999999999986899, -1.845299461620636627 ) ) ;
#2306 = CIRCLE ( 'NONE', #3685, 0.9999999999999997780 ) ;
#2307 = VECTOR ( 'NONE', #1390, 1000.000000000000000 ) ;
#2308 = ORIENTED_EDGE ( 'NONE', *, *, #8867, .T. ) ;
#2309 = CARTESIAN_POINT ( 'NONE',  ( 5.500000000000001776, 0.2999999999999825584, -2.999999999999891642 ) ) ;
#2310 = AXIS2_PLACEMENT_3D ( 'NONE', #2937, #2009, #5954 ) ;
#2311 = DIRECTION ( 'NONE',  ( -0.7071067811865475727, 0.000000000000000000, 0.7071067811865475727 ) ) ;
#2312 = AXIS2_PLACEMENT_3D ( 'NONE', #5341, #1454, #11767 ) ;
#2313 = CARTESIAN_POINT ( 'NONE',  ( 2.000000000000000000, 1.154700538379254349, -0.1786327949540832127 ) ) ;
#2314 = ORIENTED_EDGE ( 'NONE', *, *, #7986, .T. ) ;
#2315 = VECTOR ( 'NONE', #11559, 1000.000000000000000 ) ;
#2316 = CARTESIAN_POINT ( 'NONE',  ( 0.9526279441628799916, 0.5499999999999986011, -3.299999999999985167 ) ) ;
#2317 = VERTEX_POINT ( 'NONE', #11657 ) ;
#2318 = FACE_OUTER_BOUND ( 'NONE', #6243, .T. ) ;
#2319 = EDGE_CURVE ( 'NONE', #6130, #863, #8920, .T. ) ;
#2320 = ADVANCED_FACE ( 'NONE', ( #6834 ), #3194, .F. ) ;
#2321 = VECTOR ( 'NONE', #8610, 1000.000000000000000 ) ;
#2322 = VECTOR ( 'NONE', #10070, 1000.000000000000000 ) ;
#2323 = ORIENTED_EDGE ( 'NONE', *, *, #5375, .F. ) ;
#2324 = EDGE_LOOP ( 'NONE', ( #8851, #9286, #8149, #5236 ) ) ;
#2325 = DIRECTION ( 'NONE',  ( 1.000000000000000000, -0.000000000000000000, -0.000000000000000000 ) ) ;
#2326 = VERTEX_POINT ( 'NONE', #6100 ) ;
#2327 = CARTESIAN_POINT ( 'NONE',  ( -0.9526279441628808797, 0.5500000000000002665, -0.3000000000000172529 ) ) ;
#2328 = PRESENTATION_STYLE_ASSIGNMENT (( #4230 ) ) ;
#2329 = FILL_AREA_STYLE ('',( #7178 ) ) ;
#2330 = CARTESIAN_POINT ( 'NONE',  ( -0.8302646929203288950, 1.830047532802310029, -1.600000000000000755 ) ) ;
#2331 = EDGE_LOOP ( 'NONE', ( #1109, #6207, #1886, #10138 ) ) ;
#2332 = DIRECTION ( 'NONE',  ( -1.000000000000000000, 0.000000000000000000, 0.000000000000000000 ) ) ;
#2333 = AXIS2_PLACEMENT_3D ( 'NONE', #4630, #5685, #11243 ) ;
#2334 = B_SPLINE_CURVE_WITH_KNOTS ( 'NONE', 3,
 ( #7968, #500, #4278, #1379 ),
 .UNSPECIFIED., .F., .F.,
 ( 4, 4 ),
 ( 2.380749485065221449E-07, 0.001168606431211103485 ),
 .UNSPECIFIED. ) ;
#2335 = AXIS2_PLACEMENT_3D ( 'NONE', #3613, #10322, #11207 ) ;
#2336 = LINE ( 'NONE', #9672, #7156 ) ;
#2337 = FACE_OUTER_BOUND ( 'NONE', #2612, .T. ) ;
#2338 = DIRECTION ( 'NONE',  ( 1.000000000000000000, -0.000000000000000000, -0.000000000000000000 ) ) ;
#2339 = DIRECTION ( 'NONE',  ( 1.000000000000000000, 0.000000000000000000, 0.000000000000000000 ) ) ;
#2340 = PRODUCT_DEFINITION_SHAPE ( 'NONE', 'NONE',  #12225 ) ;
#2341 = ORIENTED_EDGE ( 'NONE', *, *, #11537, .F. ) ;
#2342 = AXIS2_PLACEMENT_3D ( 'NONE', #10596, #11592, #10712 ) ;
#2343 = LINE ( 'NONE', #3141, #12166 ) ;
#2344 = CARTESIAN_POINT ( 'NONE',  ( 1.672828002720946117, -1.343593379079623285, -1.530424537474095681 ) ) ;
#2345 = ORIENTED_EDGE ( 'NONE', *, *, #10685, .T. ) ;
#2346 = CARTESIAN_POINT ( 'NONE',  ( 1.672282218993687231, 1.343908487461472401, -0.07933779981236054046 ) ) ;
#2347 = ADVANCED_FACE ( 'NONE', ( #10663 ), #5225, .T. ) ;
#2348 = ORIENTED_EDGE ( 'NONE', *, *, #4412, .F. ) ;
#2349 = ORIENTED_EDGE ( 'NONE', *, *, #10866, .F. ) ;
#2350 = EDGE_CURVE ( 'NONE', #4039, #1277, #2066, .T. ) ;
#2351 = DIRECTION ( 'NONE',  ( 1.000000000000000000, 0.000000000000000000, 0.000000000000000000 ) ) ;
#2352 = AXIS2_PLACEMENT_3D ( 'NONE', #2941, #7552, #8418 ) ;
#2353 = CARTESIAN_POINT ( 'NONE',  ( 1.000000000000001998, 1.732050807568876083, 0.000000000000000000 ) ) ;
#2354 = ORIENTED_EDGE ( 'NONE', *, *, #11897, .T. ) ;
#2355 = CARTESIAN_POINT ( 'NONE',  ( 0.000000000000000000, 2.500000000000000000, -6.000000000000000000 ) ) ;
#2356 = DIRECTION ( 'NONE',  ( 0.000000000000000000, 0.000000000000000000, 1.000000000000000000 ) ) ;
#2357 = MECHANICAL_DESIGN_GEOMETRIC_PRESENTATION_REPRESENTATION (  '', ( #6493 ), #7474 ) ;
#2358 = ORIENTED_EDGE ( 'NONE', *, *, #4150, .F. ) ;
#2359 = ORIENTED_EDGE ( 'NONE', *, *, #11455, .T. ) ;
#2360 = SHAPE_DEFINITION_REPRESENTATION ( #10090, #5570 ) ;
#2361 = DIRECTION ( 'NONE',  ( 0.000000000000000000, 0.000000000000000000, 1.000000000000000000 ) ) ;
#2362 = CARTESIAN_POINT ( 'NONE',  ( -2.000000000000000000, -0.7745510564695445854, -0.07894766929796916133 ) ) ;
#2363 = ORIENTED_EDGE ( 'NONE', *, *, #5777, .F. ) ;
#2364 = ADVANCED_FACE ( 'NONE', ( #11596 ), #8861, .T. ) ;
#2365 = CARTESIAN_POINT ( 'NONE',  ( 0.000000000000000000, -2.821690854684141936, 0.8999999999999992450 ) ) ;
#2366 = COLOUR_RGB ( '',0.2980392156862745057, 0.2980392156862745057, 0.2980392156862745057 ) ;
#2367 = DIRECTION ( 'NONE',  ( -1.000000000000000000, -0.000000000000000000, -0.000000000000000000 ) ) ;
#2368 = EDGE_CURVE ( 'NONE', #7411, #11462, #3203, .T. ) ;
#2369 = EDGE_LOOP ( 'NONE', ( #9700, #1818, #2997 ) ) ;
#2370 = CARTESIAN_POINT ( 'NONE',  ( 3.499999999999996003, 0.8999999999999971356, -4.154700538379139552 ) ) ;
#2371 = UNCERTAINTY_MEASURE_WITH_UNIT (LENGTH_MEASURE( 1.000000000000000082E-05 ), #472, 'distance_accuracy_value', 'NONE');
#2372 = ORIENTED_EDGE ( 'NONE', *, *, #11429, .F. ) ;
#2373 = LINE ( 'NONE', #10005, #10899 ) ;
#2374 = CARTESIAN_POINT ( 'NONE',  ( -25.70914770952240502, -0.3502617553154396823, 1033.600000000007412 ) ) ;
#2375 = FACE_OUTER_BOUND ( 'NONE', #5241, .T. ) ;
#2376 = EDGE_CURVE ( 'NONE', #4111, #6171, #10730, .T. ) ;
#2377 = DIRECTION ( 'NONE',  ( 0.000000000000000000, 0.000000000000000000, 1.000000000000000000 ) ) ;
#2378 = ORIENTED_EDGE ( 'NONE', *, *, #9872, .T. ) ;
#2379 = CARTESIAN_POINT ( 'NONE',  ( 3.000000000000000000, 3.673940397442060361E-16, 3.000000000000000444 ) ) ;
#2380 = ORIENTED_EDGE ( 'NONE', *, *, #7317, .T. ) ;
#2381 = PLANE ( 'NONE',  #2592 ) ;
#2382 = AXIS2_PLACEMENT_3D ( 'NONE', #10069, #4345, #1623 ) ;
#2383 = ORIENTED_EDGE ( 'NONE', *, *, #5148, .T. ) ;
#2384 = ORIENTED_EDGE ( 'NONE', *, *, #10753, .F. ) ;
#2385 = DIRECTION ( 'NONE',  ( 0.8660254037844384856, 0.000000000000000000, 0.5000000000000001110 ) ) ;
#2386 = ORIENTED_EDGE ( 'NONE', *, *, #11391, .F. ) ;
#2387 = CARTESIAN_POINT ( 'NONE',  ( 3.581183789785735176E-16, 2.309401076758504701, -1.600000000000000089 ) ) ;
#2388 = CARTESIAN_POINT ( 'NONE',  ( 0.000000000000000000, 9.199999999999999289, -18.50000000000000355 ) ) ;
#2389 = DIRECTION ( 'NONE',  ( 0.000000000000000000, 0.000000000000000000, -1.000000000000000000 ) ) ;
#2390 = ORIENTED_EDGE ( 'NONE', *, *, #6960, .F. ) ;
#2391 = ADVANCED_FACE ( 'NONE', ( #465 ), #5415, .T. ) ;
#2392 = EDGE_CURVE ( 'NONE', #10530, #2304, #11327, .T. ) ;
#2393 = LINE ( 'NONE', #4121, #1743 ) ;
#2394 = CIRCLE ( 'NONE', #7707, 3.999999999999996447 ) ;
#2395 = CARTESIAN_POINT ( 'NONE',  ( 1.999999999999999556, 0.9679918988505321620, -1.475265346691885027 ) ) ;
#2396 = DIRECTION ( 'NONE',  ( -0.000000000000000000, 1.000000000000000000, -0.000000000000000000 ) ) ;
#2397 = FACE_OUTER_BOUND ( 'NONE', #6748, .T. ) ;
#2398 = DIRECTION ( 'NONE',  ( 1.000000000000000000, 0.000000000000000000, 0.000000000000000000 ) ) ;
#2399 = AXIS2_PLACEMENT_3D ( 'NONE', #10374, #8639, #191 ) ;
#2400 = DIRECTION ( 'NONE',  ( -0.000000000000000000, -1.000000000000000000, -0.000000000000000000 ) ) ;
#2401 = CARTESIAN_POINT ( 'NONE',  ( 2.000000000000000000, 0.000000000000000000, -1.600000000000000089 ) ) ;
#2402 = ADVANCED_BREP_SHAPE_REPRESENTATION ( '', ( #5098, #8058 ), #8274 ) ;
#2403 = ORIENTED_EDGE ( 'NONE', *, *, #2230, .F. ) ;
#2404 = EDGE_LOOP ( 'NONE', ( #814, #11404, #2721, #11000 ) ) ;
#2405 = CARTESIAN_POINT ( 'NONE',  ( -2.000000000000000000, -0.9668978507697953972, -1.475581171168853123 ) ) ;
#2406 = PRESENTATION_STYLE_ASSIGNMENT (( #8012 ) ) ;
#2407 = CARTESIAN_POINT ( 'NONE',  ( -2.000000000000000000, -0.3889866277140360817, -1.583227824459161326 ) ) ;
#2408 = VERTEX_POINT ( 'NONE', #5039 ) ;
#2409 = DIRECTION ( 'NONE',  ( -1.000000000000000000, -0.000000000000000000, -0.000000000000000000 ) ) ;
#2410 = DIRECTION ( 'NONE',  ( 0.000000000000000000, 0.000000000000000000, -1.000000000000000000 ) ) ;
#2411 = ORIENTED_EDGE ( 'NONE', *, *, #6947, .F. ) ;
#2412 = EDGE_CURVE ( 'NONE', #6127, #9095, #5916, .T. ) ;
#2413 = ORIENTED_EDGE ( 'NONE', *, *, #4445, .F. ) ;
#2414 = EDGE_CURVE ( 'NONE', #220, #10678, #4249, .T. ) ;
#2415 = CARTESIAN_POINT ( 'NONE',  ( 5.499999999999998224, -0.7999999999999864997, -23.19999999999990692 ) ) ;
#2416 = DIRECTION ( 'NONE',  ( -0.000000000000000000, 1.000000000000000000, -0.000000000000000000 ) ) ;
#2417 = CARTESIAN_POINT ( 'NONE',  ( -2.000000000000001776, 0.9000000000000003553, -2.999999999999891642 ) ) ;
#2418 = VERTEX_POINT ( 'NONE', #4125 ) ;
#2419 = DIRECTION ( 'NONE',  ( -1.000000000000000000, -0.000000000000000000, -0.000000000000000000 ) ) ;
#2420 = DIRECTION ( 'NONE',  ( 0.000000000000000000, 0.000000000000000000, 1.000000000000000000 ) ) ;
#2421 = VERTEX_POINT ( 'NONE', #7882 ) ;
#2422 = DIRECTION ( 'NONE',  ( -0.000000000000000000, -0.000000000000000000, 1.000000000000000000 ) ) ;
#2423 = EDGE_CURVE ( 'NONE', #8361, #8454, #3637, .T. ) ;
#2424 = ORIENTED_EDGE ( 'NONE', *, *, #3522, .T. ) ;
#2425 = EDGE_CURVE ( 'NONE', #10676, #477, #408, .T. ) ;
#2426 = FACE_OUTER_BOUND ( 'NONE', #2659, .T. ) ;
#2427 = DIRECTION ( 'NONE',  ( 0.5000000000000002220, 0.000000000000000000, -0.8660254037844388186 ) ) ;
#2428 = FACE_OUTER_BOUND ( 'NONE', #4262, .T. ) ;
#2429 = CARTESIAN_POINT ( 'NONE',  ( 2.000000000000000000, 11.70000000000000107, -0.7999999999999994893 ) ) ;
#2430 = EDGE_LOOP ( 'NONE', ( #356, #12016, #2384, #10147, #6412, #6145, #8327, #2198, #1930, #1610, #8330 ) ) ;
#2431 = CARTESIAN_POINT ( 'NONE',  ( 7.500000000000003553, 0.8999999999999989120, -1.845299461620643067 ) ) ;
#2432 = ORIENTED_EDGE ( 'NONE', *, *, #6027, .F. ) ;
#2433 = DIRECTION ( 'NONE',  ( 0.000000000000000000, 1.000000000000000000, 0.000000000000000000 ) ) ;
#2434 = PRODUCT_DEFINITION_SHAPE ( 'NONE', 'NONE',  #12234 ) ;
#2435 = ORIENTED_EDGE ( 'NONE', *, *, #6995, .T. ) ;
#2436 = CARTESIAN_POINT ( 'NONE',  ( -3.000000000000000000, 0.000000000000000000, -10.50000000000000000 ) ) ;
#2437 = VERTEX_POINT ( 'NONE', #12031 ) ;
#2438 = DIRECTION ( 'NONE',  ( -1.000000000000000000, 0.000000000000000000, 0.000000000000000000 ) ) ;
#2439 = ADVANCED_FACE ( 'NONE', ( #10959 ), #12130, .F. ) ;
#2440 = ORIENTED_EDGE ( 'NONE', *, *, #5314, .T. ) ;
#2441 = CIRCLE ( 'NONE', #3221, 4.000000000000000000 ) ;
#2442 = DIRECTION ( 'NONE',  ( 0.000000000000000000, 0.000000000000000000, -1.000000000000000000 ) ) ;
#2443 = DIRECTION ( 'NONE',  ( 0.000000000000000000, 0.000000000000000000, 1.000000000000000000 ) ) ;
#2444 =( LENGTH_UNIT ( ) NAMED_UNIT ( * ) SI_UNIT ( .MILLI., .METRE. ) );
#2445 = CARTESIAN_POINT ( 'NONE',  ( 5.499999999999998224, -0.7999999999999847233, -20.99999999999990763 ) ) ;
#2446 = EDGE_LOOP ( 'NONE', ( #3671, #169 ) ) ;
#2447 = ORIENTED_EDGE ( 'NONE', *, *, #7469, .F. ) ;
#2448 = PLANE ( 'NONE',  #167 ) ;
#2449 =( LENGTH_UNIT ( ) NAMED_UNIT ( * ) SI_UNIT ( .MILLI., .METRE. ) );
#2450 = DIRECTION ( 'NONE',  ( -0.000000000000000000, 0.000000000000000000, -1.000000000000000000 ) ) ;
#2451 = CYLINDRICAL_SURFACE ( 'NONE', #7869, 3.499999999999997780 ) ;
#2452 = DIRECTION ( 'NONE',  ( 0.000000000000000000, -0.000000000000000000, 1.000000000000000000 ) ) ;
#2453 = EDGE_CURVE ( 'NONE', #9841, #1289, #7135, .T. ) ;
#2454 = VECTOR ( 'NONE', #4554, 1000.000000000000114 ) ;
#2455 = AXIS2_PLACEMENT_3D ( 'NONE', #3578, #2831, #1975 ) ;
#2456 = CARTESIAN_POINT ( 'NONE',  ( 2.500000000000000000, 9.199999999999999289, -18.50000000000000355 ) ) ;
#2457 = FACE_OUTER_BOUND ( 'NONE', #1443, .T. ) ;
#2458 = FILL_AREA_STYLE_COLOUR ( '', #2366 ) ;
#2459 = AXIS2_PLACEMENT_3D ( 'NONE', #5903, #10471, #2138 ) ;
#2460 = CARTESIAN_POINT ( 'NONE',  ( 2.000000000000000000, 0.3931374000439454286, -1.582763861186367027 ) ) ;
#2461 = EDGE_LOOP ( 'NONE', ( #9883, #6408 ) ) ;
#2462 = AXIS2_PLACEMENT_3D ( 'NONE', #7184, #3574, #11094 ) ;
#2463 = CARTESIAN_POINT ( 'NONE',  ( 1.000000000000000444, -1.732050807568876971, -1.600000000000000089 ) ) ;
#2464 = CARTESIAN_POINT ( 'NONE',  ( 0.3271719972790544384, 2.120508236058134433, -0.06957546252590364466 ) ) ;
#2465 = VERTEX_POINT ( 'NONE', #9240 ) ;
#2466 = CARTESIAN_POINT ( 'NONE',  ( -17.94999999999999929, 0.000000000000000000, 0.000000000000000000 ) ) ;
#2467 = MECHANICAL_DESIGN_GEOMETRIC_PRESENTATION_REPRESENTATION (  '', ( #9937 ), #12132 ) ;
#2468 = LINE ( 'NONE', #10917, #8964 ) ;
#2469 = EDGE_CURVE ( 'NONE', #11253, #1471, #8949, .T. ) ;
#2470 = ADVANCED_FACE ( 'NONE', ( #11900 ), #9106, .F. ) ;
#2471 = ORIENTED_EDGE ( 'NONE', *, *, #2274, .T. ) ;
#2472 = ORIENTED_EDGE ( 'NONE', *, *, #4788, .T. ) ;
#2473 = CARTESIAN_POINT ( 'NONE',  ( 3.000000000000000000, 0.000000000000000000, 0.000000000000000000 ) ) ;
#2474 = VECTOR ( 'NONE', #203, 1000.000000000000114 ) ;
#2475 = VECTOR ( 'NONE', #9870, 1000.000000000000000 ) ;
#2476 = DIRECTION ( 'NONE',  ( 0.000000000000000000, 1.000000000000000000, 0.000000000000000000 ) ) ;
#2477 = CARTESIAN_POINT ( 'NONE',  ( -1.999999999999999556, -0.1951254011572753355, -1.058791184067874808E-17 ) ) ;
#2478 = ORIENTED_EDGE ( 'NONE', *, *, #9716, .F. ) ;
#2479 = CYLINDRICAL_SURFACE ( 'NONE', #7192, 1.899999999999999689 ) ;
#2480 = CARTESIAN_POINT ( 'NONE',  ( 4.099999999999999645, 0.000000000000000000, -0.3999999999999968026 ) ) ;
#2481 = CARTESIAN_POINT ( 'NONE',  ( -0.9526279441628808797, -0.5499999999999999334, -3.299999999999984279 ) ) ;
#2482 = VECTOR ( 'NONE', #1276, 1000.000000000000000 ) ;
#2483 = AXIS2_PLACEMENT_3D ( 'NONE', #6490, #3595, #11920 ) ;
#2484 = ORIENTED_EDGE ( 'NONE', *, *, #6516, .T. ) ;
#2485 = CARTESIAN_POINT ( 'NONE',  ( 5.499999999999998224, 0.3000000000000172529, -20.99999999999990763 ) ) ;
#2486 = ORIENTED_EDGE ( 'NONE', *, *, #8932, .T. ) ;
#2487 = CARTESIAN_POINT ( 'NONE',  ( 14.34085229047739851, -7.050261755315430534, 1049.100000000006958 ) ) ;
#2488 = CARTESIAN_POINT ( 'NONE',  ( -0.3961041568211338126, 0.5105416457795518559, -0.7780255052810373106 ) ) ;
#2489 = CARTESIAN_POINT ( 'NONE',  ( -0.5000000000000000000, 9.199999999999999289, -22.50000000000000355 ) ) ;
#2490 = ORIENTED_EDGE ( 'NONE', *, *, #998, .F. ) ;
#2491 = ORIENTED_EDGE ( 'NONE', *, *, #347, .F. ) ;
#2492 = CYLINDRICAL_SURFACE ( 'NONE', #12013, 1.899999999999999689 ) ;
#2493 = ORIENTED_EDGE ( 'NONE', *, *, #7645, .T. ) ;
#2494 = AXIS2_PLACEMENT_3D ( 'NONE', #11100, #4434, #7191 ) ;
#2495 = EDGE_CURVE ( 'NONE', #9878, #631, #6204, .T. ) ;
#2496 = AXIS2_PLACEMENT_3D ( 'NONE', #7889, #6956, #10541 ) ;
#2497 = EDGE_CURVE ( 'NONE', #10004, #3171, #8068, .T. ) ;
#2498 = AXIS2_PLACEMENT_3D ( 'NONE', #1064, #6518, #4655 ) ;
#2499 = DIRECTION ( 'NONE',  ( 0.000000000000000000, 0.000000000000000000, 1.000000000000000000 ) ) ;
#2500 = VERTEX_POINT ( 'NONE', #1709 ) ;
#2501 = CARTESIAN_POINT ( 'NONE',  ( 4.000000000000000000, 9.199999999999999289, -18.50000000000000355 ) ) ;
#2502 = AXIS2_PLACEMENT_3D ( 'NONE', #8332, #4799, #5575 ) ;
#2503 = EDGE_LOOP ( 'NONE', ( #416, #7473, #11791, #116 ) ) ;
#2504 = LINE ( 'NONE', #1581, #4074 ) ;
#2505 = AXIS2_PLACEMENT_3D ( 'NONE', #2456, #8178, #4557 ) ;
#2506 = ORIENTED_EDGE ( 'NONE', *, *, #8489, .F. ) ;
#2507 = VECTOR ( 'NONE', #7004, 1000.000000000000000 ) ;
#2508 = DIRECTION ( 'NONE',  ( -0.000000000000000000, 0.000000000000000000, -1.000000000000000000 ) ) ;
#2509 = CIRCLE ( 'NONE', #6055, 4.000000000000000000 ) ;
#2510 = DIRECTION ( 'NONE',  ( 0.000000000000000000, 0.000000000000000000, 1.000000000000000000 ) ) ;
#2511 = DIRECTION ( 'NONE',  ( -1.000000000000000000, -0.000000000000000000, -0.000000000000000000 ) ) ;
#2512 = ORIENTED_EDGE ( 'NONE', *, *, #2865, .F. ) ;
#2513 = ORIENTED_EDGE ( 'NONE', *, *, #3246, .T. ) ;
#2514 = DIRECTION ( 'NONE',  ( 0.000000000000000000, 0.000000000000000000, -1.000000000000000000 ) ) ;
#2515 = EDGE_CURVE ( 'NONE', #9455, #9252, #540, .T. ) ;
#2516 = PRODUCT_DEFINITION_SHAPE ( 'NONE', 'NONE',  #11466 ) ;
#2517 = AXIS2_PLACEMENT_3D ( 'NONE', #11006, #7052, #5269 ) ;
#2518 = CARTESIAN_POINT ( 'NONE',  ( 0.4787371468088156279, -0.5021775808706709920, -0.7493711149401124372 ) ) ;
#2519 = DIRECTION ( 'NONE',  ( 0.000000000000000000, 0.8660254037844407060, -0.4999999999999963918 ) ) ;
#2520 = CARTESIAN_POINT ( 'NONE',  ( 1.224646799147353454E-16, 1.000000000000000666, -2.269518839163146673 ) ) ;
#2521 = DIRECTION ( 'NONE',  ( -1.000000000000000000, 0.000000000000000000, 0.000000000000000000 ) ) ;
#2522 = AXIS2_PLACEMENT_3D ( 'NONE', #11137, #5586, #9336 ) ;
#2523 = DIRECTION ( 'NONE',  ( -0.000000000000000000, 1.000000000000000000, 0.000000000000000000 ) ) ;
#2524 = EDGE_CURVE ( 'NONE', #5967, #143, #3392, .T. ) ;
#2525 = CARTESIAN_POINT ( 'NONE',  ( 2.000000000000000000, 1.154700538379254349, -0.1786327949540832127 ) ) ;
#2526 = SHAPE_REPRESENTATION_RELATIONSHIP ( 'NONE' , 'NONE' ,  #5419, #2836 ) ;
#2527 = AXIS2_PLACEMENT_3D ( 'NONE', #9507, #3971, #4884 ) ;
#2528 = DIRECTION ( 'NONE',  ( -1.000000000000000000, 0.000000000000000000, 0.000000000000000000 ) ) ;
#2529 = EDGE_LOOP ( 'NONE', ( #9596, #4350 ) ) ;
#2530 = EDGE_CURVE ( 'NONE', #2562, #1688, #10033, .T. ) ;
#2531 = AXIS2_PLACEMENT_3D ( 'NONE', #9617, #1221, #6105 ) ;
#2532 = PLANE ( 'NONE',  #7007 ) ;
#2533 = FACE_OUTER_BOUND ( 'NONE', #300, .T. ) ;
#2534 = ORIENTED_EDGE ( 'NONE', *, *, #3945, .F. ) ;
#2535 = FACE_OUTER_BOUND ( 'NONE', #2461, .T. ) ;
#2536 = AXIS2_PLACEMENT_3D ( 'NONE', #4521, #7403, #8201 ) ;
#2537 = B_SPLINE_CURVE_WITH_KNOTS ( 'NONE', 3,
 ( #10415, #7632, #9479, #11410, #6708, #7502 ),
 .UNSPECIFIED., .F., .F.,
 ( 4, 2, 4 ),
 ( 0.002060137505873420490, 0.002644210467598552897, 0.003228283429323685304 ),
 .UNSPECIFIED. ) ;
#2538 = DIRECTION ( 'NONE',  ( 1.000000000000000000, 0.000000000000000000, 0.000000000000000000 ) ) ;
#2539 = ORIENTED_EDGE ( 'NONE', *, *, #3179, .F. ) ;
#2540 = ORIENTED_EDGE ( 'NONE', *, *, #6337, .T. ) ;
#2541 = CARTESIAN_POINT ( 'NONE',  ( 3.500000000000000000, 0.000000000000000000, -24.00000000000000000 ) ) ;
#2542 = CARTESIAN_POINT ( 'NONE',  ( 0.8000000000000000444, -0.8000000000000000444, -1.500000000000000000 ) ) ;
#2543 = CONICAL_SURFACE ( 'NONE', #9426, 2.000000000000000000, 1.047197551196595855 ) ;
#2544 = CIRCLE ( 'NONE', #11805, 10.00000000000000000 ) ;
#2545 = CARTESIAN_POINT ( 'NONE',  ( -0.1702769162167616090, -0.7403828156981311359, -500000.0000000000582 ) ) ;
#2546 = DIRECTION ( 'NONE',  ( 0.8660254037844382635, 0.000000000000000000, 0.5000000000000006661 ) ) ;
#2547 = EDGE_CURVE ( 'NONE', #2070, #10110, #6396, .T. ) ;
#2548 = EDGE_CURVE ( 'NONE', #1277, #10676, #8305, .T. ) ;
#2549 = VECTOR ( 'NONE', #3357, 1000.000000000000000 ) ;
#2550 = DIRECTION ( 'NONE',  ( 1.000000000000000000, 0.000000000000000000, 0.000000000000000000 ) ) ;
#2551 = CARTESIAN_POINT ( 'NONE',  ( -1.000000000000000000, 9.629649721936179265E-32, -1.469518839163146406 ) ) ;
#2552 = MECHANICAL_DESIGN_GEOMETRIC_PRESENTATION_REPRESENTATION (  '', ( #6285 ), #6690 ) ;
#2553 = ORIENTED_EDGE ( 'NONE', *, *, #3748, .T. ) ;
#2554 = DIRECTION ( 'NONE',  ( 1.000000000000000000, 0.000000000000000000, 0.000000000000000000 ) ) ;
#2555 = ORIENTED_EDGE ( 'NONE', *, *, #7729, .T. ) ;
#2556 = CARTESIAN_POINT ( 'NONE',  ( 0.000000000000000000, 0.000000000000000000, 0.000000000000000000 ) ) ;
#2557 = DIRECTION ( 'NONE',  ( -1.000000000000000000, 0.000000000000000000, 6.982962677686266711E-15 ) ) ;
#2558 = STYLED_ITEM ( 'NONE', ( #7185 ), #653 ) ;
#2559 = CARTESIAN_POINT ( 'NONE',  ( -1.672282218993688341, -1.343908487461473733, -1.520662200187637758 ) ) ;
#2560 = LINE ( 'NONE', #8726, #4950 ) ;
#2562 = VERTEX_POINT ( 'NONE', #12088 ) ;
#2561 = B_SPLINE_CURVE_WITH_KNOTS ( 'NONE', 3,
 ( #1905, #5737, #11348, #4742 ),
 .UNSPECIFIED., .F., .F.,
 ( 4, 4 ),
 ( 2.380749485120258738E-07, 0.001168606431211104352 ),
 .UNSPECIFIED. ) ;
#2563 = ORIENTED_EDGE ( 'NONE', *, *, #9064, .T. ) ;
#2564 = DIRECTION ( 'NONE',  ( 0.000000000000000000, 0.000000000000000000, -1.000000000000000000 ) ) ;
#2565 = VERTEX_POINT ( 'NONE', #6213 ) ;
#2566 = STYLED_ITEM ( 'NONE', ( #11786 ), #2836 ) ;
#2567 = CARTESIAN_POINT ( 'NONE',  ( -0.7263287850424601233, 0.2227272727405295860, -0.7092725651436193601 ) ) ;
#2568 = ORIENTED_EDGE ( 'NONE', *, *, #8238, .T. ) ;
#2569 = CARTESIAN_POINT ( 'NONE',  ( 0.9000000000000000222, 0.000000000000000000, 1.949999999999999734 ) ) ;
#2570 = VERTEX_POINT ( 'NONE', #5292 ) ;
#2571 = DIRECTION ( 'NONE',  ( 1.000000000000000000, 0.000000000000000000, 0.000000000000000000 ) ) ;
#2572 = ORIENTED_EDGE ( 'NONE', *, *, #11250, .F. ) ;
#2573 = COLOUR_RGB ( '',1.000000000000000000, 0.9490196078431372140, 0.9098039215686274384 ) ;
#2574 = DIRECTION ( 'NONE',  ( -1.000000000000000000, 0.000000000000000000, 0.000000000000000000 ) ) ;
#2575 = EDGE_CURVE ( 'NONE', #11491, #1563, #11031, .T. ) ;
#2576 = EDGE_CURVE ( 'NONE', #1712, #9781, #3251, .T. ) ;
#2577 = CARTESIAN_POINT ( 'NONE',  ( 3.581183789785735176E-16, 2.309401076758504701, -1.600000000000000089 ) ) ;
#2578 = CYLINDRICAL_SURFACE ( 'NONE', #8796, 1.000000000000000444 ) ;
#2579 = VERTEX_POINT ( 'NONE', #9964 ) ;
#2580 = VERTEX_POINT ( 'NONE', #1532 ) ;
#2581 = DIRECTION ( 'NONE',  ( 0.8660254037844385966, 0.5000000000000000000, 0.000000000000000000 ) ) ;
#2582 = CARTESIAN_POINT ( 'NONE',  ( 0.2776701573299293901, -0.5673746495327970374, -0.7871156299462365169 ) ) ;
#2583 = CARTESIAN_POINT ( 'NONE',  ( -2.000000000000000000, 0.8999999999999995781, -22.09999999999990550 ) ) ;
#2584 = DIRECTION ( 'NONE',  ( 0.000000000000000000, 0.000000000000000000, -1.000000000000000000 ) ) ;
#2585 = CARTESIAN_POINT ( 'NONE',  ( -0.7263287850424601233, 0.2227272727405295860, -0.7092725651436193601 ) ) ;
#2586 = DIRECTION ( 'NONE',  ( 0.000000000000000000, 0.000000000000000000, 1.000000000000000000 ) ) ;
#2587 = EDGE_CURVE ( 'NONE', #9154, #2664, #10901, .T. ) ;
#2588 = DIRECTION ( 'NONE',  ( 0.000000000000000000, 1.000000000000000000, 0.000000000000000000 ) ) ;
#2589 = PRODUCT_DEFINITION_FORMATION_WITH_SPECIFIED_SOURCE ( 'ANY', '', #10299, .NOT_KNOWN. ) ;
#2590 = AXIS2_PLACEMENT_3D ( 'NONE', #9508, #4815, #10556 ) ;
#2591 = PLANE ( 'NONE',  #12159 ) ;
#2592 = AXIS2_PLACEMENT_3D ( 'NONE', #9152, #9092, #4410 ) ;
#2593 = CARTESIAN_POINT ( 'NONE',  ( 1.000000000000000444, -1.732050807568876971, -1.600000000000000089 ) ) ;
#2594 = ORIENTED_EDGE ( 'NONE', *, *, #3881, .F. ) ;
#2595 = FACE_OUTER_BOUND ( 'NONE', #2669, .T. ) ;
#2596 = EDGE_CURVE ( 'NONE', #5068, #10448, #10728, .T. ) ;
#2597 = CARTESIAN_POINT ( 'NONE',  ( 2.000000000000000000, 1.154700538379250130, -1.600000000000000089 ) ) ;
#2598 = CARTESIAN_POINT ( 'NONE',  ( 0.000000000000000000, 0.000000000000000000, 0.000000000000000000 ) ) ;
#2599 = ORIENTED_EDGE ( 'NONE', *, *, #10661, .F. ) ;
#2600 = CARTESIAN_POINT ( 'NONE',  ( 2.000000000000000000, 11.70000000000000107, -7.200000000000000178 ) ) ;
#2601 = LINE ( 'NONE', #6226, #7583 ) ;
#2602 = ORIENTED_EDGE ( 'NONE', *, *, #2376, .T. ) ;
#2603 = VERTEX_POINT ( 'NONE', #2583 ) ;
#2604 = EDGE_CURVE ( 'NONE', #135, #3485, #1071, .T. ) ;
#2605 = CARTESIAN_POINT ( 'NONE',  ( -2.000000000000000000, 0.000000000000000000, -1.600000000000000089 ) ) ;
#2606 = DIRECTION ( 'NONE',  ( 0.000000000000000000, -0.000000000000000000, 1.000000000000000000 ) ) ;
#2607 = DIRECTION ( 'NONE',  ( 0.000000000000000000, 0.000000000000000000, -1.000000000000000000 ) ) ;
#2608 = DIRECTION ( 'NONE',  ( 0.000000000000000000, 0.000000000000000000, -1.000000000000000000 ) ) ;
#2609 = ORIENTED_EDGE ( 'NONE', *, *, #6363, .T. ) ;
#2610 = CARTESIAN_POINT ( 'NONE',  ( 1.672282218993687231, 1.343908487461472401, -1.520662200187639090 ) ) ;
#2611 = CARTESIAN_POINT ( 'NONE',  ( -1.672282218993687675, -1.343908487461474177, -0.07933779981236170620 ) ) ;
#2612 = EDGE_LOOP ( 'NONE', ( #638, #9801, #8662, #4583 ) ) ;
#2613 = ORIENTED_EDGE ( 'NONE', *, *, #4002, .T. ) ;
#2614 = CARTESIAN_POINT ( 'NONE',  ( 0.000000000000000000, 0.000000000000000000, -1.600000000000000089 ) ) ;
#2615 = ADVANCED_FACE ( 'NONE', ( #5412 ), #9169, .F. ) ;
#2616 = ADVANCED_FACE ( 'NONE', ( #12150 ), #8423, .T. ) ;
#2617 = EDGE_LOOP ( 'NONE', ( #6766, #2229, #3830, #11237, #7430, #7732 ) ) ;
#2618 = CARTESIAN_POINT ( 'NONE',  ( 10.84085229047739851, -0.3502617553154292462, 1033.600000000006958 ) ) ;
#2619 = CARTESIAN_POINT ( 'NONE',  ( 2.099999999999999645, 2.971690854684141847, 0.4999999999999991673 ) ) ;
#2620 = PLANE ( 'NONE',  #5153 ) ;
#2621 = ORIENTED_EDGE ( 'NONE', *, *, #2980, .F. ) ;
#2622 = ORIENTED_EDGE ( 'NONE', *, *, #11535, .F. ) ;
#2623 = CARTESIAN_POINT ( 'NONE',  ( -0.6303141182362052009, -0.5277088304420809450, -0.6722168638331418311 ) ) ;
#2624 = LINE ( 'NONE', #5528, #4859 ) ;
#2625 = ORIENTED_EDGE ( 'NONE', *, *, #8002, .T. ) ;
#2626 = ORIENTED_EDGE ( 'NONE', *, *, #6378, .F. ) ;
#2627 = CARTESIAN_POINT ( 'NONE',  ( 3.500000000000000000, 23.00000000000000000, 0.000000000000000000 ) ) ;
#2628 = ADVANCED_FACE ( 'NONE', ( #10508 ), #10938, .T. ) ;
#2629 = ORIENTED_EDGE ( 'NONE', *, *, #2392, .F. ) ;
#2630 = LINE ( 'NONE', #1583, #10815 ) ;
#2631 = LINE ( 'NONE', #1882, #1724 ) ;
#2632 = CARTESIAN_POINT ( 'NONE',  ( 0.000000000000000000, 0.000000000000000000, 0.000000000000000000 ) ) ;
#2633 = VERTEX_POINT ( 'NONE', #11628 ) ;
#2634 = EDGE_LOOP ( 'NONE', ( #4968, #7811, #4798, #483 ) ) ;
#2635 = CYLINDRICAL_SURFACE ( 'NONE', #3717, 2.500000000000000000 ) ;
#2636 = DIRECTION ( 'NONE',  ( -0.000000000000000000, 0.000000000000000000, -1.000000000000000000 ) ) ;
#2637 = CIRCLE ( 'NONE', #5790, 2.500000000000000000 ) ;
#2638 = EDGE_CURVE ( 'NONE', #10051, #12116, #1272, .T. ) ;
#2639 = EDGE_CURVE ( 'NONE', #1829, #1673, #7386, .T. ) ;
#2640 = DIRECTION ( 'NONE',  ( 0.8571673007021094470, 0.000000000000000000, 0.5150380749100589295 ) ) ;
#2641 = DIRECTION ( 'NONE',  ( -1.000000000000000000, -0.000000000000000000, -0.000000000000000000 ) ) ;
#2642 = VECTOR ( 'NONE', #9059, 1000.000000000000000 ) ;
#2643 = CARTESIAN_POINT ( 'NONE',  ( 3.500000000000000000, 0.000000000000000000, -18.00000000000000355 ) ) ;
#2644 = CARTESIAN_POINT ( 'NONE',  ( 4.336808689941996042E-16, 0.8999999999999998002, -22.15470053837916353 ) ) ;
#2645 = CARTESIAN_POINT ( 'NONE',  ( 0.000000000000000000, 0.000000000000000000, 0.000000000000000000 ) ) ;
#2646 = CIRCLE ( 'NONE', #8355, 1.000000000000000000 ) ;
#2647 = CARTESIAN_POINT ( 'NONE',  ( 8.500000000000000000, 0.000000000000000000, -6.000000000000000000 ) ) ;
#2648 = CONTEXT_DEPENDENT_SHAPE_REPRESENTATION ( #10228, #9710 ) ;
#2649 = ORIENTED_EDGE ( 'NONE', *, *, #5713, .T. ) ;
#2650 = CARTESIAN_POINT ( 'NONE',  ( -0.6062177826491067512, 0.3500000000000009770, 0.000000000000000000 ) ) ;
#2651 = EDGE_CURVE ( 'NONE', #1987, #572, #4436, .T. ) ;
#2652 = EDGE_CURVE ( 'NONE', #6572, #10450, #8960, .T. ) ;
#2653 = CARTESIAN_POINT ( 'NONE',  ( 1.086261710843702231E-16, -0.7739999999999994662, -3.600000000000000089 ) ) ;
#2655 = ORIENTED_EDGE ( 'NONE', *, *, #5390, .F. ) ;
#2654 = CARTESIAN_POINT ( 'NONE',  ( -0.6607522599941050290, 1.927915581583253601, -0.01710519872702210772 ) ) ;
#2656 = CARTESIAN_POINT ( 'NONE',  ( 0.000000000000000000, 0.000000000000000000, -1.600000000000000089 ) ) ;
#2658 = DIRECTION ( 'NONE',  ( -0.000000000000000000, 0.000000000000000000, -1.000000000000000000 ) ) ;
#2657 = APPLICATION_CONTEXT ( 'automotive_design' ) ;
#2659 = EDGE_LOOP ( 'NONE', ( #7287, #6890, #188, #7375 ) ) ;
#2660 = EDGE_LOOP ( 'NONE', ( #10888, #2883, #2613, #7148 ) ) ;
#2661 = LINE ( 'NONE', #562, #6277 ) ;
#2662 = DIRECTION ( 'NONE',  ( -1.000000000000000000, 0.000000000000000000, 0.000000000000000000 ) ) ;
#2663 = PLANE ( 'NONE',  #1341 ) ;
#2664 = VERTEX_POINT ( 'NONE', #9302 ) ;
#2665 = VECTOR ( 'NONE', #1435, 1000.000000000000000 ) ;
#2666 = ADVANCED_FACE ( 'NONE', ( #5820 ), #8371, .F. ) ;
#2667 = CARTESIAN_POINT ( 'NONE',  ( 0.7812177826491106813, 0.3500000000000013656, 0.000000000000000000 ) ) ;
#2668 = FACE_OUTER_BOUND ( 'NONE', #5028, .T. ) ;
#2669 = EDGE_LOOP ( 'NONE', ( #1121, #11558 ) ) ;
#2670 = EDGE_LOOP ( 'NONE', ( #12204, #1396, #7294, #8543, #11598 ) ) ;
#2671 = DIRECTION ( 'NONE',  ( 0.000000000000000000, 0.000000000000000000, -1.000000000000000000 ) ) ;
#2672 = VECTOR ( 'NONE', #6727, 1000.000000000000000 ) ;
#2673 = CIRCLE ( 'NONE', #10546, 1.999999999999999556 ) ;
#2674 = EDGE_CURVE ( 'NONE', #13, #1225, #9641, .T. ) ;
#2675 = CARTESIAN_POINT ( 'NONE',  ( 7.090852290484617626, -0.3502617553266174077, 1033.600000000006958 ) ) ;
#2676 = DIRECTION ( 'NONE',  ( 0.000000000000000000, 0.000000000000000000, 1.000000000000000000 ) ) ;
#2677 = CARTESIAN_POINT ( 'NONE',  ( 5.499999999999998224, 2.500000000000000000, -23.30940107675841233 ) ) ;
#2678 = EDGE_LOOP ( 'NONE', ( #1374, #200, #11087, #933, #633, #7243 ) ) ;
#2679 = VECTOR ( 'NONE', #6977, 1000.000000000000000 ) ;
#2680 = DIRECTION ( 'NONE',  ( -0.8660254037844394848, 0.000000000000000000, -0.4999999999999985012 ) ) ;
#2681 = EDGE_CURVE ( 'NONE', #8704, #6884, #92, .T. ) ;
#2682 = CARTESIAN_POINT ( 'NONE',  ( 0.9000000000000000222, 0.000000000000000000, 0.000000000000000000 ) ) ;
#2683 = CIRCLE ( 'NONE', #6812, 5.500000000000000000 ) ;
#2684 = EDGE_LOOP ( 'NONE', ( #9151, #4280, #6062, #499, #5640, #2176 ) ) ;
#2685 = EDGE_LOOP ( 'NONE', ( #2793, #6809, #3599, #10984 ) ) ;
#2686 = DIRECTION ( 'NONE',  ( 0.000000000000000000, 1.000000000000000000, -0.000000000000000000 ) ) ;
#2687 = CARTESIAN_POINT ( 'NONE',  ( -0.7721663362423416554, 0.2820136350588481333, -0.6722168497372125184 ) ) ;
#2688 = LINE ( 'NONE', #1949, #3091 ) ;
#2689 = FILL_AREA_STYLE ('',( #11951 ) ) ;
#2690 = AXIS2_PLACEMENT_3D ( 'NONE', #1168, #3333, #5923 ) ;
#2691 = DIRECTION ( 'NONE',  ( -0.000000000000000000, 0.000000000000000000, -1.000000000000000000 ) ) ;
#2692 = VECTOR ( 'NONE', #343, 1000.000000000000000 ) ;
#2693 = ORIENTED_EDGE ( 'NONE', *, *, #2060, .F. ) ;
#2694 = DIRECTION ( 'NONE',  ( 0.000000000000000000, 0.000000000000000000, 1.000000000000000000 ) ) ;
#2695 = CIRCLE ( 'NONE', #2882, 1.999999999999999556 ) ;
#2696 = ADVANCED_FACE ( 'NONE', ( #9573 ), #901, .T. ) ;
#2697 = CONICAL_SURFACE ( 'NONE', #8204, 2.000000000000000000, 1.047197551196595855 ) ;
#2698 = CIRCLE ( 'NONE', #7420, 0.8156023289305088797 ) ;
#2699 = EDGE_CURVE ( 'NONE', #11175, #1358, #1128, .T. ) ;
#2700 = CARTESIAN_POINT ( 'NONE',  ( 9.478766225400515022E-17, -0.7739999999999994662, -3.600000000000000089 ) ) ;
#2701 = FACE_OUTER_BOUND ( 'NONE', #4659, .T. ) ;
#2702 = CARTESIAN_POINT ( 'NONE',  ( 4.250000000000000000, 0.000000000000000000, 11.00000000000000000 ) ) ;
#2703 = CIRCLE ( 'NONE', #521, 3.000000000000000000 ) ;
#2704 = VECTOR ( 'NONE', #82, 1000.000000000000000 ) ;
#2705 = ORIENTED_EDGE ( 'NONE', *, *, #10470, .F. ) ;
#2706 = VECTOR ( 'NONE', #12081, 1000.000000000000227 ) ;
#2707 = DIRECTION ( 'NONE',  ( 1.000000000000000000, -0.000000000000000000, -0.000000000000000000 ) ) ;
#2708 = CARTESIAN_POINT ( 'NONE',  ( 3.500000000000000000, 0.000000000000000000, 0.000000000000000000 ) ) ;
#2709 = FILL_AREA_STYLE_COLOUR ( '', #3744 ) ;
#2710 = VECTOR ( 'NONE', #395, 1000.000000000000000 ) ;
#2711 = DIRECTION ( 'NONE',  ( 1.000000000000000000, -0.000000000000000000, -0.000000000000000000 ) ) ;
#2712 = CARTESIAN_POINT ( 'NONE',  ( 0.8000000000000000444, 0.000000000000000000, -8.000000000000000000 ) ) ;
#2713 = CARTESIAN_POINT ( 'NONE',  ( 4.250000000000000000, 0.000000000000000000, 0.000000000000000000 ) ) ;
#2714 = ORIENTED_EDGE ( 'NONE', *, *, #6627, .T. ) ;
#2715 = VECTOR ( 'NONE', #4611, 999.9999999999998863 ) ;
#2716 = DIRECTION ( 'NONE',  ( -0.000000000000000000, 1.224649721909276639E-16, -1.000000000000000000 ) ) ;
#2717 = EDGE_LOOP ( 'NONE', ( #10719, #3747, #6103, #130 ) ) ;
#2718 = CARTESIAN_POINT ( 'NONE',  ( 0.6741496830306742405, -0.1633139160591503825, -0.7494674507634455640 ) ) ;
#2719 = CARTESIAN_POINT ( 'NONE',  ( 0.8000000000000000444, 6.700000000000000178, -7.200000000000001066 ) ) ;
#2720 = PRODUCT_DEFINITION_SHAPE ( 'NONE', 'NONE',  #12221 ) ;
#2721 = ORIENTED_EDGE ( 'NONE', *, *, #4284, .T. ) ;
#2722 = VECTOR ( 'NONE', #5877, 1000.000000000000114 ) ;
#2723 = ADVANCED_FACE ( 'NONE', ( #4666 ), #5818, .T. ) ;
#2724 = DIRECTION ( 'NONE',  ( 1.060575238724909257E-16, -0.8660254037844404840, -0.4999999999999967248 ) ) ;
#2725 = EDGE_CURVE ( 'NONE', #3184, #1545, #5223, .T. ) ;
#2726 = AXIS2_PLACEMENT_3D ( 'NONE', #1242, #11448, #1125 ) ;
#2727 = LINE ( 'NONE', #10115, #6086 ) ;
#2728 = ORIENTED_EDGE ( 'NONE', *, *, #12136, .F. ) ;
#2729 = DIRECTION ( 'NONE',  ( -0.000000000000000000, 1.000000000000000000, -0.000000000000000000 ) ) ;
#2730 = LINE ( 'NONE', #1617, #5107 ) ;
#2731 = SURFACE_STYLE_FILL_AREA ( #10998 ) ;
#2732 = CLOSED_SHELL ( 'NONE', ( #9946, #2666, #10185, #8542, #5104, #9341, #7872, #5835, #2958, #7151, #1766, #11813, #599, #9306, #4258, #7202, #5749, #4677, #1619, #1653, #411, #10119, #10432, #733, #757, #10023, #3279, #3804, #4195, #37, #4653, #10481, #6358, #6211, #11780, #7445, #4152, #3517, #6266, #4750, #11896, #1598, #11643, #659, #11552, #8325, #11110, #7062, #4939, #10043, #3716, #1124, #5553 ) ) ;
#2733 = VERTEX_POINT ( 'NONE', #8651 ) ;
#2734 = ORIENTED_EDGE ( 'NONE', *, *, #4800, .F. ) ;
#2735 = FACE_OUTER_BOUND ( 'NONE', #2750, .T. ) ;
#2736 = ORIENTED_EDGE ( 'NONE', *, *, #5763, .T. ) ;
#2737 = VECTOR ( 'NONE', #5019, 1000.000000000000000 ) ;
#2738 = ORIENTED_EDGE ( 'NONE', *, *, #5408, .F. ) ;
#2739 = EDGE_CURVE ( 'NONE', #7719, #1055, #2762, .T. ) ;
#2740 = DIRECTION ( 'NONE',  ( 0.000000000000000000, -1.000000000000000000, 6.123233995736766036E-17 ) ) ;
#2741 = DIRECTION ( 'NONE',  ( 0.000000000000000000, -0.000000000000000000, 1.000000000000000000 ) ) ;
#2742 = ORIENTED_EDGE ( 'NONE', *, *, #119, .F. ) ;
#2743 = AXIS2_PLACEMENT_3D ( 'NONE', #8030, #6177, #1492 ) ;
#2744 = CARTESIAN_POINT ( 'NONE',  ( 0.000000000000000000, 4.898598887637106556E-16, -3.600000000000000089 ) ) ;
#2745 = ORIENTED_EDGE ( 'NONE', *, *, #2985, .T. ) ;
#2746 = B_SPLINE_CURVE_WITH_KNOTS ( 'NONE', 3,
 ( #1210, #1334, #6822, #3129 ),
 .UNSPECIFIED., .F., .F.,
 ( 4, 4 ),
 ( 2.380749485120258738E-07, 0.001168606431211104352 ),
 .UNSPECIFIED. ) ;
#2747 = DIRECTION ( 'NONE',  ( -0.000000000000000000, 1.000000000000000000, -0.000000000000000000 ) ) ;
#2748 = EDGE_CURVE ( 'NONE', #8652, #9043, #11557, .T. ) ;
#2749 = CARTESIAN_POINT ( 'NONE',  ( 7.500000000000003553, 2.500000000000000000, -22.15470053837915998 ) ) ;
#2750 = EDGE_LOOP ( 'NONE', ( #8953, #9282, #177, #7576 ) ) ;
#2751 = CARTESIAN_POINT ( 'NONE',  ( 2.000000000000000000, 0.000000000000000000, -1.600000000000000089 ) ) ;
#2752 = CARTESIAN_POINT ( 'NONE',  ( -4.000000000000001776, 2.500000000000000000, -1.845299461620639736 ) ) ;
#2753 = DIRECTION ( 'NONE',  ( 0.8191520442889902442, 0.000000000000000000, 0.5735764363510482688 ) ) ;
#2754 = ADVANCED_FACE ( 'NONE', ( #3979 ), #11507, .T. ) ;
#2755 = SURFACE_STYLE_FILL_AREA ( #2689 ) ;
#2756 = CARTESIAN_POINT ( 'NONE',  ( -0.4682615195960991850, -0.8110527431698566492, 0.000000000000000000 ) ) ;
#2757 = VERTEX_POINT ( 'NONE', #5887 ) ;
#2758 = ORIENTED_EDGE ( 'NONE', *, *, #5437, .F. ) ;
#2759 = CARTESIAN_POINT ( 'NONE',  ( 2.000000000000000000, -0.7745510564695445854, -1.521052330702030719 ) ) ;
#2760 = CARTESIAN_POINT ( 'NONE',  ( 1.500000000000000000, 9.199999999999999289, -18.50000000000000355 ) ) ;
#2761 = FACE_OUTER_BOUND ( 'NONE', #8785, .T. ) ;
#2762 = LINE ( 'NONE', #6531, #7778 ) ;
#2763 = EDGE_LOOP ( 'NONE', ( #1213, #1803 ) ) ;
#2764 = FACE_BOUND ( 'NONE', #8458, .T. ) ;
#2765 = LINE ( 'NONE', #4612, #3891 ) ;
#2766 = CARTESIAN_POINT ( 'NONE',  ( 2.000000000000000000, -0.1951254011572750025, 8.046812998915848599E-18 ) ) ;
#2767 = EDGE_CURVE ( 'NONE', #10498, #946, #6865, .T. ) ;
#2768 = EDGE_CURVE ( 'NONE', #11610, #5313, #3067, .T. ) ;
#2769 = FACE_OUTER_BOUND ( 'NONE', #4155, .T. ) ;
#2770 = CONTEXT_DEPENDENT_SHAPE_REPRESENTATION ( #5002, #2434 ) ;
#2771 = FACE_OUTER_BOUND ( 'NONE', #8719, .T. ) ;
#2772 = CARTESIAN_POINT ( 'NONE',  ( 0.000000000000000000, 5.058392604970359998E-16, -3.330481160836854304 ) ) ;
#2773 = CARTESIAN_POINT ( 'NONE',  ( 1.000000000000000000, 9.199999999999999289, -16.00000000000000355 ) ) ;
#2774 = ORIENTED_EDGE ( 'NONE', *, *, #1447, .F. ) ;
#2775 = DIRECTION ( 'NONE',  ( -0.000000000000000000, 1.224649721909276639E-16, -1.000000000000000000 ) ) ;
#2776 = CARTESIAN_POINT ( 'NONE',  ( -0.6592570625839797582, -1.928778834210483462, -1.600000000000000089 ) ) ;
#2777 = ORIENTED_EDGE ( 'NONE', *, *, #976, .T. ) ;
#2778 = VECTOR ( 'NONE', #9692, 1000.000000000000000 ) ;
#2779 = AXIS2_PLACEMENT_3D ( 'NONE', #5725, #9470, #3866 ) ;
#2780 = CARTESIAN_POINT ( 'NONE',  ( 0.000000000000000000, 4.898598887637106556E-16, -4.000000000000000000 ) ) ;
#2781 = CARTESIAN_POINT ( 'NONE',  ( 0.7812177826501164324, -0.3500000000112572507, -0.6513934606267701710 ) ) ;
#2782 = ORIENTED_EDGE ( 'NONE', *, *, #2725, .F. ) ;
#2783 = AXIS2_PLACEMENT_3D ( 'NONE', #10868, #4202, #3352 ) ;
#2784 = ORIENTED_EDGE ( 'NONE', *, *, #431, .T. ) ;
#2785 = CIRCLE ( 'NONE', #11445, 1.099999999999998535 ) ;
#2786 = DIRECTION ( 'NONE',  ( 1.000000000000000000, -0.000000000000000000, -0.000000000000000000 ) ) ;
#2787 = ORIENTED_EDGE ( 'NONE', *, *, #6694, .F. ) ;
#2788 = EDGE_CURVE ( 'NONE', #9219, #1977, #3223, .T. ) ;
#2789 = DIRECTION ( 'NONE',  ( -0.000000000000000000, 1.224649721909276639E-16, -1.000000000000000000 ) ) ;
#2790 = EDGE_CURVE ( 'NONE', #6229, #1490, #1306, .T. ) ;
#2791 = CARTESIAN_POINT ( 'NONE',  ( 0.8000000000000000444, 11.70000000000000107, -0.7999999999999994893 ) ) ;
#2792 = VERTEX_POINT ( 'NONE', #8832 ) ;
#2793 = ORIENTED_EDGE ( 'NONE', *, *, #10022, .F. ) ;
#2794 = ORIENTED_EDGE ( 'NONE', *, *, #10843, .T. ) ;
#2795 = ORIENTED_EDGE ( 'NONE', *, *, #12136, .T. ) ;
#2796 = CARTESIAN_POINT ( 'NONE',  ( 0.000000000000000000, 0.000000000000000000, -0.1291166393111727595 ) ) ;
#2797 = CARTESIAN_POINT ( 'NONE',  ( 0.000000000000000000, 0.000000000000000000, 0.000000000000000000 ) ) ;
#2798 = CARTESIAN_POINT ( 'NONE',  ( -1.000000000000000444, 0.000000000000000000, 0.000000000000000000 ) ) ;
#2799 = ORIENTED_EDGE ( 'NONE', *, *, #10533, .T. ) ;
#2800 = LINE ( 'NONE', #11261, #7070 ) ;
#2801 = DIRECTION ( 'NONE',  ( -0.000000000000000000, -1.000000000000000000, -0.000000000000000000 ) ) ;
#2802 = AXIS2_PLACEMENT_3D ( 'NONE', #5773, #9520, #4955 ) ;
#2803 = ORIENTED_EDGE ( 'NONE', *, *, #3248, .F. ) ;
#2804 = EDGE_CURVE ( 'NONE', #3090, #8462, #9553, .T. ) ;
#2805 = EDGE_LOOP ( 'NONE', ( #1758, #3267, #383, #9303, #6005, #1474 ) ) ;
#2806 = CARTESIAN_POINT ( 'NONE',  ( 14.05000000000000071, 0.000000000000000000, 0.000000000000000000 ) ) ;
#2807 = AXIS2_PLACEMENT_3D ( 'NONE', #3962, #10365, #8453 ) ;
#2808 = DIRECTION ( 'NONE',  ( 0.000000000000000000, -1.224649721909276639E-16, 1.000000000000000000 ) ) ;
#2809 = CARTESIAN_POINT ( 'NONE',  ( -0.9526279441628808797, -0.5499999999999999334, -0.2999999999999834466 ) ) ;
#2810 = CARTESIAN_POINT ( 'NONE',  ( -0.6302730391922004571, 0.000000000000000000, -500000.0000000000582 ) ) ;
#2811 = ORIENTED_EDGE ( 'NONE', *, *, #3643, .T. ) ;
#2812 = ORIENTED_EDGE ( 'NONE', *, *, #2495, .T. ) ;
#2813 = CARTESIAN_POINT ( 'NONE',  ( 2.000000000000000000, -0.9668978507697956193, -0.1244188288311465357 ) ) ;
#2814 = DIRECTION ( 'NONE',  ( 1.060575238724909257E-16, -0.8660254037844404840, -0.4999999999999967248 ) ) ;
#2815 = PRODUCT ( 'hexa csunk flathd screw_iso_ISO 14581 M2x4x4-S', 'hexa csunk flathd screw_iso_ISO 14581 M2x4x4-S', '', ( #3970 ) ) ;
#2816 = DIRECTION ( 'NONE',  ( 1.000000000000000000, -0.000000000000000000, -0.000000000000000000 ) ) ;
#2817 = EDGE_CURVE ( 'NONE', #4446, #8390, #5409, .T. ) ;
#2818 = FACE_OUTER_BOUND ( 'NONE', #6836, .T. ) ;
#2819 = EDGE_LOOP ( 'NONE', ( #10621, #4208, #6223, #5499 ) ) ;
#2820 = DIRECTION ( 'NONE',  ( -0.000000000000000000, -1.000000000000000000, -0.000000000000000000 ) ) ;
#2821 = CARTESIAN_POINT ( 'NONE',  ( 4.099999999999999645, 0.000000000000000000, 0.3999999999999987454 ) ) ;
#2822 = FILL_AREA_STYLE ('',( #5489 ) ) ;
#2823 = DIRECTION ( 'NONE',  ( 0.000000000000000000, 0.000000000000000000, -1.000000000000000000 ) ) ;
#2824 = EDGE_CURVE ( 'NONE', #2058, #311, #1778, .T. ) ;
#2825 = CONTEXT_DEPENDENT_SHAPE_REPRESENTATION ( #1796, #1347 ) ;
#2826 = CARTESIAN_POINT ( 'NONE',  ( 3.400000000000000355, 0.000000000000000000, 0.000000000000000000 ) ) ;
#2827 = CARTESIAN_POINT ( 'NONE',  ( -0.7263287850284133595, -0.2227272727272733011, 0.000000000000000000 ) ) ;
#2828 = AXIS2_PLACEMENT_3D ( 'NONE', #6286, #10045, #3523 ) ;
#2829 = EDGE_CURVE ( 'NONE', #5336, #11577, #12148, .T. ) ;
#2830 = DIRECTION ( 'NONE',  ( -1.000000000000000000, 0.000000000000000000, 0.000000000000000000 ) ) ;
#2831 = DIRECTION ( 'NONE',  ( 1.000000000000000000, 0.000000000000000000, 0.000000000000000000 ) ) ;
#2832 = DIRECTION ( 'NONE',  ( -1.000000000000000000, -0.000000000000000000, -0.000000000000000000 ) ) ;
#2833 = AXIS2_PLACEMENT_3D ( 'NONE', #3459, #4624, #1730 ) ;
#2834 = ORIENTED_EDGE ( 'NONE', *, *, #2587, .F. ) ;
#2835 = CARTESIAN_POINT ( 'NONE',  ( -17.94999999999999929, 0.000000000000000000, 0.000000000000000000 ) ) ;
#2836 = ADVANCED_BREP_SHAPE_REPRESENTATION ( '', ( #480, #8058 ), #3356 ) ;
#2837 = DIRECTION ( 'NONE',  ( 0.000000000000000000, -0.000000000000000000, 1.000000000000000000 ) ) ;
#2838 = ORIENTED_EDGE ( 'NONE', *, *, #1502, .T. ) ;
#2839 = EDGE_CURVE ( 'NONE', #7130, #412, #10151, .T. ) ;
#2840 = CARTESIAN_POINT ( 'NONE',  ( 1.000000000000000000, 1.224646799147355426E-16, -1.869518839163146762 ) ) ;
#2841 = ORIENTED_EDGE ( 'NONE', *, *, #4396, .T. ) ;
#2842 = EDGE_CURVE ( 'NONE', #7551, #2664, #3800, .T. ) ;
#2843 =( NAMED_UNIT ( * ) SI_UNIT ( $, .STERADIAN. ) SOLID_ANGLE_UNIT ( ) );
#2844 = CARTESIAN_POINT ( 'NONE',  ( -2.000000000000000000, 1.154700538379254349, -1.421367205045916737 ) ) ;
#2845 = EDGE_LOOP ( 'NONE', ( #3861, #10749 ) ) ;
#2846 = ORIENTED_EDGE ( 'NONE', *, *, #5380, .F. ) ;
#2847 = VECTOR ( 'NONE', #7252, 1000.000000000000000 ) ;
#2848 = CARTESIAN_POINT ( 'NONE',  ( -1.000000000000000000, 0.000000000000000000, 0.000000000000000000 ) ) ;
#2849 = PRODUCT_CONTEXT ( 'NONE', #6515, 'mechanical' ) ;
#2850 = CARTESIAN_POINT ( 'NONE',  ( -0.1618649730664517838, -0.7758523517199528152, -0.6896353986941867742 ) ) ;
#2851 = DIRECTION ( 'NONE',  ( 0.000000000000000000, 0.000000000000000000, -1.000000000000000000 ) ) ;
#2852 = ORIENTED_EDGE ( 'NONE', *, *, #9093, .F. ) ;
#2853 = DIRECTION ( 'NONE',  ( -0.8191520442889902442, 1.003171929053522651E-16, 0.5735764363510482688 ) ) ;
#2854 = CARTESIAN_POINT ( 'NONE',  ( 1.999999999999999556, 0.7788341705667920500, -1.520151717152269377 ) ) ;
#2855 = AXIS2_PLACEMENT_3D ( 'NONE', #3168, #10630, #7852 ) ;
#2856 = AXIS2_PLACEMENT_3D ( 'NONE', #3069, #2396, #3257 ) ;
#2857 = EDGE_LOOP ( 'NONE', ( #6881, #8265, #10594, #9123, #5288, #11783 ) ) ;
#2858 = AXIS2_PLACEMENT_3D ( 'NONE', #7396, #6290, #6348 ) ;
#2859 = ORIENTED_EDGE ( 'NONE', *, *, #2368, .F. ) ;
#2860 = FACE_OUTER_BOUND ( 'NONE', #9375, .T. ) ;
#2861 = CARTESIAN_POINT ( 'NONE',  ( -0.7853121299727640059, 0.3592888647654752243, -0.6472344396564574387 ) ) ;
#2862 = UNCERTAINTY_MEASURE_WITH_UNIT (LENGTH_MEASURE( 1.000000000000000082E-05 ), #5894, 'distance_accuracy_value', 'NONE');
#2863 = CARTESIAN_POINT ( 'NONE',  ( 0.000000000000000000, 2.500000000000000000, -24.00000000000000000 ) ) ;
#2864 = CARTESIAN_POINT ( 'NONE',  ( 1.000000000000000444, -1.732050807568876971, 0.000000000000000000 ) ) ;
#2865 = EDGE_CURVE ( 'NONE', #242, #11073, #7501, .T. ) ;
#2866 = ADVANCED_FACE ( 'NONE', ( #11277 ), #10165, .T. ) ;
#2867 = ORIENTED_EDGE ( 'NONE', *, *, #3848, .F. ) ;
#2868 = CARTESIAN_POINT ( 'NONE',  ( 2.000000000000000000, -0.9668978507697956193, -1.475581171168852679 ) ) ;
#2869 = AXIS2_PLACEMENT_3D ( 'NONE', #3886, #8377, #6597 ) ;
#2870 = DIRECTION ( 'NONE',  ( 0.000000000000000000, 0.000000000000000000, -1.000000000000000000 ) ) ;
#2871 = ORIENTED_EDGE ( 'NONE', *, *, #7964, .F. ) ;
#2872 = AXIS2_PLACEMENT_3D ( 'NONE', #1226, #10855, #5120 ) ;
#2873 = LINE ( 'NONE', #3687, #5803 ) ;
#2874 = EDGE_LOOP ( 'NONE', ( #3207, #8163, #2736, #645, #4961 ) ) ;
#2875 = FACE_OUTER_BOUND ( 'NONE', #5946, .T. ) ;
#2876 = ORIENTED_EDGE ( 'NONE', *, *, #6306, .T. ) ;
#2877 = VECTOR ( 'NONE', #6983, 1000.000000000000000 ) ;
#2878 = DIRECTION ( 'NONE',  ( 0.000000000000000000, 0.000000000000000000, -1.000000000000000000 ) ) ;
#2879 = DIRECTION ( 'NONE',  ( -1.000000000000000000, -0.000000000000000000, -0.000000000000000000 ) ) ;
#2880 =( LENGTH_UNIT ( ) NAMED_UNIT ( * ) SI_UNIT ( .MILLI., .METRE. ) );
#2881 = DIRECTION ( 'NONE',  ( 1.000000000000000000, -0.000000000000000000, 0.000000000000000000 ) ) ;
#2882 = AXIS2_PLACEMENT_3D ( 'NONE', #2614, #9329, #8560 ) ;
#2883 = ORIENTED_EDGE ( 'NONE', *, *, #6805, .T. ) ;
#2884 = EDGE_CURVE ( 'NONE', #851, #9321, #1643, .T. ) ;
#2885 = CIRCLE ( 'NONE', #9579, 2.500000000000002220 ) ;
#2886 = CARTESIAN_POINT ( 'NONE',  ( 7.500000000000000888, 0.8999999999999989120, -4.154700538379144881 ) ) ;
#2887 = VECTOR ( 'NONE', #4803, 1000.000000000000114 ) ;
#2888 = ORIENTED_EDGE ( 'NONE', *, *, #6568, .F. ) ;
#2889 = AXIS2_PLACEMENT_3D ( 'NONE', #3249, #3188, #9602 ) ;
#2890 = DIRECTION ( 'NONE',  ( -1.000000000000000000, 0.000000000000000000, 0.000000000000000000 ) ) ;
#2891 = LINE ( 'NONE', #10423, #5991 ) ;
#2892 = EDGE_CURVE ( 'NONE', #3042, #11939, #11553, .T. ) ;
#2893 = B_SPLINE_CURVE_WITH_KNOTS ( 'NONE', 3,
 ( #4312, #4369, #9969, #10847, #10155, #2585 ),
 .UNSPECIFIED., .F., .F.,
 ( 4, 2, 4 ),
 ( 0.0002632501821825823088, 0.0003941783276220783036, 0.0005251064730615742984 ),
 .UNSPECIFIED. ) ;
#2894 = CARTESIAN_POINT ( 'NONE',  ( 1.000000000000000000, 9.199999999999999289, -18.50000000000000355 ) ) ;
#2895 = AXIS2_PLACEMENT_3D ( 'NONE', #7605, #2686, #7434 ) ;
#2896 = AXIS2_PLACEMENT_3D ( 'NONE', #9709, #1970, #7798 ) ;
#2897 = ORIENTED_EDGE ( 'NONE', *, *, #5540, .F. ) ;
#2898 =( NAMED_UNIT ( * ) SI_UNIT ( $, .STERADIAN. ) SOLID_ANGLE_UNIT ( ) );
#2899 = CIRCLE ( 'NONE', #8594, 1.000000000000000000 ) ;
#2900 = FACE_OUTER_BOUND ( 'NONE', #5322, .T. ) ;
#2901 = CIRCLE ( 'NONE', #9787, 4.000000000000000888 ) ;
#2902 = EDGE_CURVE ( 'NONE', #2930, #8779, #6465, .T. ) ;
#2903 = ORIENTED_EDGE ( 'NONE', *, *, #8510, .T. ) ;
#2904 = VECTOR ( 'NONE', #836, 1000.000000000000114 ) ;
#2905 = DIRECTION ( 'NONE',  ( -0.000000000000000000, -0.000000000000000000, 1.000000000000000000 ) ) ;
#2906 = DIRECTION ( 'NONE',  ( 0.000000000000000000, 0.000000000000000000, -1.000000000000000000 ) ) ;
#2907 = VERTEX_POINT ( 'NONE', #8302 ) ;
#2908 = CIRCLE ( 'NONE', #9797, 1.099999999999998535 ) ;
#2909 = DIRECTION ( 'NONE',  ( -0.000000000000000000, 0.000000000000000000, -1.000000000000000000 ) ) ;
#2910 = CARTESIAN_POINT ( 'NONE',  ( 0.000000000000000000, 0.000000000000000000, 0.000000000000000000 ) ) ;
#2911 = EDGE_LOOP ( 'NONE', ( #11465, #9502, #889, #216, #9447 ) ) ;
#2912 = ORIENTED_EDGE ( 'NONE', *, *, #6666, .T. ) ;
#2913 = CIRCLE ( 'NONE', #9800, 2.000000000000000000 ) ;
#2914 = VECTOR ( 'NONE', #9793, 1000.000000000000000 ) ;
#2915 = ORIENTED_EDGE ( 'NONE', *, *, #5609, .T. ) ;
#2916 = DIRECTION ( 'NONE',  ( 1.000000000000000000, 0.000000000000000000, 0.000000000000000000 ) ) ;
#2917 = EDGE_CURVE ( 'NONE', #827, #1283, #4065, .T. ) ;
#2918 = SHAPE_DEFINITION_REPRESENTATION ( #4385, #8471 ) ;
#2919 = EDGE_CURVE ( 'NONE', #5741, #1225, #9300, .T. ) ;
#2920 = PRODUCT ( 'hex nut style 1 gradeab_iso_ISO - 4032 - M2 - D - N', 'hex nut style 1 gradeab_iso_ISO - 4032 - M2 - D - N', '', ( #2047 ) ) ;
#2921 = AXIS2_PLACEMENT_3D ( 'NONE', #6601, #3714, #2607 ) ;
#2922 = CARTESIAN_POINT ( 'NONE',  ( -1.899999999999999689, 0.000000000000000000, -0.3000000000000035416 ) ) ;
#2923 = LINE ( 'NONE', #1239, #7892 ) ;
#2924 = ORIENTED_EDGE ( 'NONE', *, *, #12105, .T. ) ;
#2925 = VERTEX_POINT ( 'NONE', #1889 ) ;
#2927 = CLOSED_SHELL ( 'NONE', ( #2754, #10947, #11946, #2045 ) ) ;
#2926 = DIRECTION ( 'NONE',  ( 0.000000000000000000, -1.000000000000000000, 0.000000000000000000 ) ) ;
#2928 = CARTESIAN_POINT ( 'NONE',  ( 0.000000000000000000, 1.000000000000000444, -2.130481160836854126 ) ) ;
#2929 = VECTOR ( 'NONE', #10148, 1000.000000000000000 ) ;
#2930 = VERTEX_POINT ( 'NONE', #4607 ) ;
#2931 = FACE_OUTER_BOUND ( 'NONE', #655, .T. ) ;
#2932 = CARTESIAN_POINT ( 'NONE',  ( 0.000000000000000000, 5.058392604970359998E-16, -3.330481160836854304 ) ) ;
#2933 = ORIENTED_EDGE ( 'NONE', *, *, #2093, .F. ) ;
#2934 = DIRECTION ( 'NONE',  ( 1.000000000000000000, 0.000000000000000000, 0.000000000000000000 ) ) ;
#2935 = FACE_OUTER_BOUND ( 'NONE', #6938, .T. ) ;
#2936 =( LENGTH_UNIT ( ) NAMED_UNIT ( * ) SI_UNIT ( .MILLI., .METRE. ) );
#2937 = CARTESIAN_POINT ( 'NONE',  ( -0.5000000000000000000, 9.199999999999999289, -18.50000000000000355 ) ) ;
#2938 = ORIENTED_EDGE ( 'NONE', *, *, #6098, .T. ) ;
#2939 = ORIENTED_EDGE ( 'NONE', *, *, #11564, .F. ) ;
#2940 = AXIS2_PLACEMENT_3D ( 'NONE', #3498, #4300, #2442 ) ;
#2941 = CARTESIAN_POINT ( 'NONE',  ( 2.500000000000000000, 9.199999999999999289, -18.50000000000000355 ) ) ;
#2942 = AXIS2_PLACEMENT_3D ( 'NONE', #9281, #3789, #14 ) ;
#2943 = ORIENTED_EDGE ( 'NONE', *, *, #7087, .F. ) ;
#2944 = CARTESIAN_POINT ( 'NONE',  ( -17.30000000000000071, 0.000000000000000000, 0.000000000000000000 ) ) ;
#2945 = ADVANCED_FACE ( 'NONE', ( #5659, #12146 ), #3686, .T. ) ;
#2946 = ORIENTED_EDGE ( 'NONE', *, *, #2392, .T. ) ;
#2947 = DIRECTION ( 'NONE',  ( -1.000000000000000000, 8.881784197001252323E-16, 0.000000000000000000 ) ) ;
#2948 = EDGE_CURVE ( 'NONE', #3385, #125, #3275, .T. ) ;
#2949 = VERTEX_POINT ( 'NONE', #963 ) ;
#2950 = VECTOR ( 'NONE', #11050, 1000.000000000000000 ) ;
#2951 = CYLINDRICAL_SURFACE ( 'NONE', #136, 4.000000000000000888 ) ;
#2952 = CARTESIAN_POINT ( 'NONE',  ( 1.000000000000000000, 3.673940397442060361E-16, 3.000000000000000444 ) ) ;
#2953 = ORIENTED_EDGE ( 'NONE', *, *, #11097, .F. ) ;
#2954 =( GEOMETRIC_REPRESENTATION_CONTEXT ( 3 ) GLOBAL_UNCERTAINTY_ASSIGNED_CONTEXT ( ( #7916 ) ) GLOBAL_UNIT_ASSIGNED_CONTEXT ( ( #10038, #9794, #5175 ) ) REPRESENTATION_CONTEXT ( 'NONE', 'WORKASPACE' ) );
#2955 = CARTESIAN_POINT ( 'NONE',  ( 2.000000000000000000, 1.154700538379254349, -0.1786327949540832127 ) ) ;
#2956 = DIRECTION ( 'NONE',  ( 0.000000000000000000, 0.000000000000000000, 1.000000000000000000 ) ) ;
#2957 = CARTESIAN_POINT ( 'NONE',  ( 0.6062177826491109700, 0.3500000000000013656, 0.000000000000000000 ) ) ;
#2958 = ADVANCED_FACE ( 'NONE', ( #4728 ), #6391, .F. ) ;
#2959 = EDGE_LOOP ( 'NONE', ( #5448, #11584, #5092, #6680 ) ) ;
#2960 = CARTESIAN_POINT ( 'NONE',  ( 1.500000000000000000, 0.000000000000000000, 0.000000000000000000 ) ) ;
#2961 =( NAMED_UNIT ( * ) PLANE_ANGLE_UNIT ( ) SI_UNIT ( $, .RADIAN. ) );
#2962 = MECHANICAL_DESIGN_GEOMETRIC_PRESENTATION_REPRESENTATION (  '', ( #5914 ), #3958 ) ;
#2963 = UNCERTAINTY_MEASURE_WITH_UNIT (LENGTH_MEASURE( 1.000000000000000082E-05 ), #5426, 'distance_accuracy_value', 'NONE');
#2964 = PLANE ( 'NONE',  #7196 ) ;
#2965 = ADVANCED_FACE ( 'NONE', ( #8479 ), #1832, .T. ) ;
#2966 = ORIENTED_EDGE ( 'NONE', *, *, #7361, .T. ) ;
#2967 = CARTESIAN_POINT ( 'NONE',  ( -2.000000000000000000, 2.500000000000000000, -21.00000000000000000 ) ) ;
#2968 = ORIENTED_EDGE ( 'NONE', *, *, #561, .F. ) ;
#2969 =( GEOMETRIC_REPRESENTATION_CONTEXT ( 3 ) GLOBAL_UNCERTAINTY_ASSIGNED_CONTEXT ( ( #5827 ) ) GLOBAL_UNIT_ASSIGNED_CONTEXT ( ( #4037, #8529, #9584 ) ) REPRESENTATION_CONTEXT ( 'NONE', 'WORKASPACE' ) );
#2970 = CIRCLE ( 'NONE', #813, 1.500000000000001332 ) ;
#2971 = SURFACE_SIDE_STYLE ('',( #4126 ) ) ;
#2972 = CYLINDRICAL_SURFACE ( 'NONE', #10351, 0.3062499999999996891 ) ;
#2973 = ADVANCED_FACE ( 'NONE', ( #5135 ), #2479, .T. ) ;
#2974 = VERTEX_POINT ( 'NONE', #2365 ) ;
#2975 = ORIENTED_EDGE ( 'NONE', *, *, #11578, .F. ) ;
#2976 = CARTESIAN_POINT ( 'NONE',  ( 5.500000000000001776, 0.8999999999999986899, -2.999999999999891642 ) ) ;
#2977 = COLOUR_RGB ( '',1.000000000000000000, 0.9490196078431372140, 0.9098039215686274384 ) ;
#2978 = CARTESIAN_POINT ( 'NONE',  ( 0.000000000000000000, 5.058392604970359998E-16, -3.730481160836854215 ) ) ;
#2979 = CARTESIAN_POINT ( 'NONE',  ( 1.224646799147353454E-16, -0.9999999999999997780, -3.330481160836854304 ) ) ;
#2980 = EDGE_CURVE ( 'NONE', #1604, #4222, #3867, .T. ) ;
#2981 = EDGE_LOOP ( 'NONE', ( #695, #6598, #4082, #4435 ) ) ;
#2982 = VECTOR ( 'NONE', #10443, 1000.000000000000000 ) ;
#2983 = CARTESIAN_POINT ( 'NONE',  ( -1.672828002720946339, 1.343593379079620398, -0.06957546252590333935 ) ) ;
#2984 = CYLINDRICAL_SURFACE ( 'NONE', #9230, 4.000000000000001776 ) ;
#2985 = EDGE_CURVE ( 'NONE', #9161, #9162, #9013, .T. ) ;
#2986 = DIRECTION ( 'NONE',  ( 0.000000000000000000, 1.000000000000000000, 2.168404344971008868E-16 ) ) ;
#2987 = EDGE_CURVE ( 'NONE', #9543, #4809, #6721, .T. ) ;
#2988 = ORIENTED_EDGE ( 'NONE', *, *, #2272, .T. ) ;
#2989 = VECTOR ( 'NONE', #833, 1000.000000000000000 ) ;
#2990 = CARTESIAN_POINT ( 'NONE',  ( 1.899999999999999689, 2.326828918379970872E-16, 0.000000000000000000 ) ) ;
#2991 = CARTESIAN_POINT ( 'NONE',  ( 0.3271719972790543829, 2.120508236058134433, -1.530424537474096347 ) ) ;
#2992 = PRODUCT_DEFINITION_CONTEXT ( 'detailed design', #8549, 'design' ) ;
#2993 = VERTEX_POINT ( 'NONE', #10494 ) ;
#2994 = CARTESIAN_POINT ( 'NONE',  ( 0.000000000000000000, 5.058392604970359998E-16, -2.130481160836854126 ) ) ;
#2995 = CARTESIAN_POINT ( 'NONE',  ( 4.250000000000000000, 0.000000000000000000, 10.00000000000000000 ) ) ;
#2996 = ADVANCED_BREP_SHAPE_REPRESENTATION ( '', ( #9006, #8058 ), #1376 ) ;
#2997 = ORIENTED_EDGE ( 'NONE', *, *, #1999, .T. ) ;
#2998 = ORIENTED_EDGE ( 'NONE', *, *, #945, .T. ) ;
#2999 = DIRECTION ( 'NONE',  ( -1.000000000000000000, 0.000000000000000000, 0.000000000000000000 ) ) ;
#3000 = DIRECTION ( 'NONE',  ( 1.000000000000000000, 0.000000000000000000, 0.000000000000000000 ) ) ;
#3001 = ORIENTED_EDGE ( 'NONE', *, *, #10708, .T. ) ;
#3002 = ADVANCED_FACE ( 'NONE', ( #4869 ), #5245, .T. ) ;
#3003 = DIRECTION ( 'NONE',  ( 0.000000000000000000, 0.000000000000000000, 1.000000000000000000 ) ) ;
#3004 = ADVANCED_FACE ( 'NONE', ( #52, #5798 ), #11361, .F. ) ;
#3005 = ORIENTED_EDGE ( 'NONE', *, *, #8759, .F. ) ;
#3006 = CARTESIAN_POINT ( 'NONE',  ( -3.129822080702421140E-16, -2.309401076758506477, -1.600000000000000089 ) ) ;
#3007 = ORIENTED_EDGE ( 'NONE', *, *, #6063, .T. ) ;
#3008 = DIRECTION ( 'NONE',  ( 0.000000000000000000, 0.000000000000000000, -1.000000000000000000 ) ) ;
#3009 = CARTESIAN_POINT ( 'NONE',  ( 1.340742937416024905, -1.535322780927274700, -2.470117744885353961E-16 ) ) ;
#3010 = CARTESIAN_POINT ( 'NONE',  ( 3.000000000000000000, 0.000000000000000000, 0.000000000000000000 ) ) ;
#3011 = CARTESIAN_POINT ( 'NONE',  ( 0.000000000000000000, 5.058392604970359998E-16, -1.730481160836854215 ) ) ;
#3012 = ORIENTED_EDGE ( 'NONE', *, *, #5087, .F. ) ;
#3013 = CARTESIAN_POINT ( 'NONE',  ( 0.000000000000000000, 0.000000000000000000, 0.000000000000000000 ) ) ;
#3014 = DIRECTION ( 'NONE',  ( 0.000000000000000000, -0.000000000000000000, 1.000000000000000000 ) ) ;
#3015 = CARTESIAN_POINT ( 'NONE',  ( 2.000000000000000000, 9.199999999999999289, -20.00000000000000355 ) ) ;
#3016 = ORIENTED_EDGE ( 'NONE', *, *, #4711, .T. ) ;
#3017 = AXIS2_PLACEMENT_3D ( 'NONE', #7756, #3142, #11718 ) ;
#3018 = CARTESIAN_POINT ( 'NONE',  ( -3.000000000000000000, 0.000000000000000000, 0.000000000000000000 ) ) ;
#3019 = CARTESIAN_POINT ( 'NONE',  ( -3.000000000000000000, 0.000000000000000000, 0.000000000000000000 ) ) ;
#3020 = SURFACE_STYLE_FILL_AREA ( #9493 ) ;
#3021 = ADVANCED_FACE ( 'NONE', ( #8451, #10363 ), #3775, .T. ) ;
#3022 = ORIENTED_EDGE ( 'NONE', *, *, #3945, .T. ) ;
#3023 = EDGE_CURVE ( 'NONE', #10679, #7343, #3832, .T. ) ;
#3024 = CARTESIAN_POINT ( 'NONE',  ( 0.000000000000000000, 4.898598887637106556E-16, -3.200000000000000178 ) ) ;
#3025 = EDGE_LOOP ( 'NONE', ( #8934, #6381, #4780, #6701 ) ) ;
#3026 = CARTESIAN_POINT ( 'NONE',  ( 3.500000000000000000, 9.199999999999999289, -21.00000000000000355 ) ) ;
#3027 = ORIENTED_EDGE ( 'NONE', *, *, #1271, .T. ) ;
#3028 = CIRCLE ( 'NONE', #9125, 2.500000000000002220 ) ;
#3029 = ORIENTED_EDGE ( 'NONE', *, *, #9023, .T. ) ;
#3030 = DIRECTION ( 'NONE',  ( 0.000000000000000000, -0.000000000000000000, 1.000000000000000000 ) ) ;
#3031 = APPLICATION_PROTOCOL_DEFINITION ( 'draft international standard', 'automotive_design', 1998, #9269 ) ;
#3032 = AXIS2_PLACEMENT_3D ( 'NONE', #4464, #11066, #7417 ) ;
#3033 = DIRECTION ( 'NONE',  ( 1.000000000000000000, -0.000000000000000000, -0.000000000000000000 ) ) ;
#3034 = LINE ( 'NONE', #3097, #8674 ) ;
#3035 = EDGE_LOOP ( 'NONE', ( #5331, #2609, #10863, #5154, #10548 ) ) ;
#3036 = EDGE_CURVE ( 'NONE', #4843, #7954, #11889, .T. ) ;
#3037 = DIRECTION ( 'NONE',  ( 0.000000000000000000, 1.000000000000000000, 0.000000000000000000 ) ) ;
#3038 = CARTESIAN_POINT ( 'NONE',  ( 0.000000000000000000, 0.000000000000000000, 0.000000000000000000 ) ) ;
#3039 = DIRECTION ( 'NONE',  ( 0.000000000000000000, 0.000000000000000000, 1.000000000000000000 ) ) ;
#3040 = CARTESIAN_POINT ( 'NONE',  ( 4.250000000000000000, 0.000000000000000000, 10.00000000000000000 ) ) ;
#3041 = EDGE_CURVE ( 'NONE', #3736, #4562, #6671, .T. ) ;
#3042 = VERTEX_POINT ( 'NONE', #4252 ) ;
#3043 = CARTESIAN_POINT ( 'NONE',  ( 1.000000000000000444, -1.732050807568876971, -1.600000000000000089 ) ) ;
#3044 = CARTESIAN_POINT ( 'NONE',  ( 0.000000000000000000, 2.309401076758504701, -1.421367205045916737 ) ) ;
#3045 = ORIENTED_EDGE ( 'NONE', *, *, #1093, .F. ) ;
#3046 = DIRECTION ( 'NONE',  ( -1.000000000000000000, 0.000000000000000000, 0.000000000000000000 ) ) ;
#3047 = CARTESIAN_POINT ( 'NONE',  ( 1.000000000000000444, -1.732050807568876971, 0.000000000000000000 ) ) ;
#3048 = DIRECTION ( 'NONE',  ( 0.000000000000000000, 0.000000000000000000, -1.000000000000000000 ) ) ;
#3049 = ORIENTED_EDGE ( 'NONE', *, *, #4549, .F. ) ;
#3050 = EDGE_CURVE ( 'NONE', #7224, #1688, #9564, .T. ) ;
#3051 = CARTESIAN_POINT ( 'NONE',  ( 2.000000000000000000, 0.7788341705667923831, -0.07984828284773053120 ) ) ;
#3052 = VECTOR ( 'NONE', #3994, 1000.000000000000000 ) ;
#3053 = ORIENTED_EDGE ( 'NONE', *, *, #11828, .F. ) ;
#3054 = FILL_AREA_STYLE ('',( #4840 ) ) ;
#3055 = ORIENTED_EDGE ( 'NONE', *, *, #7389, .T. ) ;
#3056 = DIRECTION ( 'NONE',  ( 1.000000000000000000, -0.000000000000000000, -0.000000000000000000 ) ) ;
#3057 = ORIENTED_EDGE ( 'NONE', *, *, #6550, .T. ) ;
#3058 = PLANE ( 'NONE',  #8410 ) ;
#3059 = DIRECTION ( 'NONE',  ( -1.000000000000000000, -0.000000000000000000, -0.000000000000000000 ) ) ;
#3060 = SHAPE_REPRESENTATION_RELATIONSHIP ( 'NONE' , 'NONE' ,  #1707, #11084 ) ;
#3061 = AXIS2_PLACEMENT_3D ( 'NONE', #982, #4684, #1910 ) ;
#3062 = DIRECTION ( 'NONE',  ( 0.000000000000000000, -1.000000000000000000, 0.000000000000000000 ) ) ;
#3063 = ORIENTED_EDGE ( 'NONE', *, *, #928, .F. ) ;
#3064 = EDGE_CURVE ( 'NONE', #1968, #5879, #6111, .T. ) ;
#3065 = ADVANCED_FACE ( 'NONE', ( #4985 ), #11667, .F. ) ;
#3066 = CARTESIAN_POINT ( 'NONE',  ( 0.6612879158822075887, 0.5250309824966663541, -0.6593607120991674675 ) ) ;
#3067 = CIRCLE ( 'NONE', #7982, 1.099999999999998535 ) ;
#3068 = CARTESIAN_POINT ( 'NONE',  ( -2.000000000000000000, 1.154700538379251240, -1.600000000000000089 ) ) ;
#3069 = CARTESIAN_POINT ( 'NONE',  ( 5.500000000000000888, 2.500000000000000000, -3.000000000000000000 ) ) ;
#3070 = CIRCLE ( 'NONE', #9369, 1.099999999999998757 ) ;
#3071 = DIRECTION ( 'NONE',  ( 0.000000000000000000, 0.000000000000000000, 1.000000000000000000 ) ) ;
#3072 = ORIENTED_EDGE ( 'NONE', *, *, #8935, .F. ) ;
#3073 = DIRECTION ( 'NONE',  ( 0.000000000000000000, -0.000000000000000000, -1.000000000000000000 ) ) ;
#3074 = CARTESIAN_POINT ( 'NONE',  ( 2.000000000000000000, -1.154700538379255015, -1.421367205045916737 ) ) ;
#3075 = AXIS2_PLACEMENT_3D ( 'NONE', #10241, #5302, #9116 ) ;
#3076 = CARTESIAN_POINT ( 'NONE',  ( 1.672828002720946117, -1.343593379079623285, -0.06957546252590439406 ) ) ;
#3077 = CIRCLE ( 'NONE', #4844, 1.099999999999998535 ) ;
#3078 = ORIENTED_EDGE ( 'NONE', *, *, #10375, .T. ) ;
#3079 = CARTESIAN_POINT ( 'NONE',  ( 2.000000000000000000, 0.000000000000000000, 0.000000000000000000 ) ) ;
#3080 = DIRECTION ( 'NONE',  ( -1.000000000000000000, -0.000000000000000000, -0.000000000000000000 ) ) ;
#3081 = CIRCLE ( 'NONE', #9972, 1.500000000000001332 ) ;
#3082 = AXIS2_PLACEMENT_3D ( 'NONE', #6800, #6867, #11453 ) ;
#3083 = FACE_OUTER_BOUND ( 'NONE', #11431, .T. ) ;
#3084 = ORIENTED_EDGE ( 'NONE', *, *, #10126, .T. ) ;
#3085 = CARTESIAN_POINT ( 'NONE',  ( 5.500000000000000000, 0.8999999999999986899, -0.6905989232413871637 ) ) ;
#3086 = AXIS2_PLACEMENT_3D ( 'NONE', #605, #2523, #11903 ) ;
#3087 = ORIENTED_EDGE ( 'NONE', *, *, #2884, .F. ) ;
#3088 = CIRCLE ( 'NONE', #6442, 1.000000000000000000 ) ;
#3089 = EDGE_CURVE ( 'NONE', #8699, #7947, #3673, .T. ) ;
#3090 = VERTEX_POINT ( 'NONE', #10797 ) ;
#3091 = VECTOR ( 'NONE', #7364, 1000.000000000000000 ) ;
#3092 = EDGE_CURVE ( 'NONE', #6171, #11375, #4072, .T. ) ;
#3093 = CARTESIAN_POINT ( 'NONE',  ( -17.94999999999999929, 0.000000000000000000, 0.000000000000000000 ) ) ;
#3094 = SHAPE_DEFINITION_REPRESENTATION ( #5481, #3914 ) ;
#3095 = AXIS2_PLACEMENT_3D ( 'NONE', #4042, #8491, #8777 ) ;
#3096 = DIRECTION ( 'NONE',  ( 0.8660254037844385966, 0.5000000000000000000, 0.000000000000000000 ) ) ;
#3097 = CARTESIAN_POINT ( 'NONE',  ( 0.8000000000000000444, 12.50000000000000000, 0.000000000000000000 ) ) ;
#3098 = VERTEX_POINT ( 'NONE', #11724 ) ;
#3099 = CIRCLE ( 'NONE', #10782, 1.000000000000000000 ) ;
#3100 = ORIENTED_EDGE ( 'NONE', *, *, #410, .F. ) ;
#3101 = CIRCLE ( 'NONE', #7797, 1.099999999999997202 ) ;
#3102 = DIRECTION ( 'NONE',  ( -0.000000000000000000, -0.000000000000000000, 1.000000000000000000 ) ) ;
#3103 = CARTESIAN_POINT ( 'NONE',  ( -2.000000000000000000, 0.8999999999999995781, -19.89999999999990976 ) ) ;
#3104 = AXIS2_PLACEMENT_3D ( 'NONE', #2140, #3996, #6940 ) ;
#3105 = DIRECTION ( 'NONE',  ( 0.000000000000000000, 0.000000000000000000, 1.000000000000000000 ) ) ;
#3106 = ORIENTED_EDGE ( 'NONE', *, *, #8523, .T. ) ;
#3107 = DIRECTION ( 'NONE',  ( 1.000000000000000000, 0.000000000000000000, 0.000000000000000000 ) ) ;
#3108 = ADVANCED_FACE ( 'NONE', ( #11607 ), #112, .T. ) ;
#3109 = VECTOR ( 'NONE', #11312, 1000.000000000000000 ) ;
#3110 = DIRECTION ( 'NONE',  ( 1.000000000000000000, 0.000000000000000000, 0.000000000000000000 ) ) ;
#3111 = UNCERTAINTY_MEASURE_WITH_UNIT (LENGTH_MEASURE( 1.000000000000000082E-05 ), #2444, 'distance_accuracy_value', 'NONE');
#3112 = ADVANCED_FACE ( 'NONE', ( #5982 ), #5056, .F. ) ;
#3113 = CARTESIAN_POINT ( 'NONE',  ( 0.1702769162167659112, 0.7403828156981310249, -0.7092725651034382794 ) ) ;
#3114 = DIRECTION ( 'NONE',  ( 0.000000000000000000, 0.000000000000000000, 1.000000000000000000 ) ) ;
#3115 = CARTESIAN_POINT ( 'NONE',  ( 3.699999999999999289, 2.821690854684141936, 0.4999999999999992784 ) ) ;
#3116 = AXIS2_PLACEMENT_3D ( 'NONE', #11111, #10177, #6350 ) ;
#3117 = FACE_OUTER_BOUND ( 'NONE', #4171, .T. ) ;
#3118 = EDGE_CURVE ( 'NONE', #6744, #5979, #5443, .T. ) ;
#3119 = DIRECTION ( 'NONE',  ( -0.000000000000000000, 1.000000000000000000, -0.000000000000000000 ) ) ;
#3120 = PRODUCT_DEFINITION_SHAPE ( 'NONE', 'NONE',  #12232 ) ;
#3121 = AXIS2_PLACEMENT_3D ( 'NONE', #7182, #8113, #9961 ) ;
#3122 = VERTEX_POINT ( 'NONE', #8075 ) ;
#3123 = CARTESIAN_POINT ( 'NONE',  ( -0.3271719972790577136, -2.120508236058134877, -1.530424537474095903 ) ) ;
#3124 = EDGE_LOOP ( 'NONE', ( #2915, #4114, #11722, #87, #11652, #11490 ) ) ;
#3125 = CARTESIAN_POINT ( 'NONE',  ( 1.000000000000001998, 1.732050807568876083, 0.000000000000000000 ) ) ;
#3126 = ADVANCED_FACE ( 'NONE', ( #9805 ), #295, .T. ) ;
#3127 = ORIENTED_EDGE ( 'NONE', *, *, #6905, .T. ) ;
#3128 = CARTESIAN_POINT ( 'NONE',  ( 0.000000000000000000, 4.898587196589412829E-16, 4.000000000000000000 ) ) ;
#3129 = CARTESIAN_POINT ( 'NONE',  ( -1.000000000000001776, -1.732050807568876527, 0.000000000000000000 ) ) ;
#3130 = CIRCLE ( 'NONE', #11015, 0.9999999999999997780 ) ;
#3131 = CARTESIAN_POINT ( 'NONE',  ( 0.000000000000000000, 0.000000000000000000, -1.600000000000000089 ) ) ;
#3132 = VERTEX_POINT ( 'NONE', #2163 ) ;
#3133 =( NAMED_UNIT ( * ) SI_UNIT ( $, .STERADIAN. ) SOLID_ANGLE_UNIT ( ) );
#3134 = DIRECTION ( 'NONE',  ( 0.000000000000000000, 0.000000000000000000, 1.000000000000000000 ) ) ;
#3135 = CARTESIAN_POINT ( 'NONE',  ( 5.500000000000000888, 0.000000000000000000, -24.00000000000000000 ) ) ;
#3136 = DIRECTION ( 'NONE',  ( 1.000000000000000000, 0.000000000000000000, 0.000000000000000000 ) ) ;
#3137 = DIRECTION ( 'NONE',  ( 0.5000000000000009992, 0.8660254037844380415, -0.000000000000000000 ) ) ;
#3138 = EDGE_CURVE ( 'NONE', #5022, #4585, #9764, .T. ) ;
#3139 = EDGE_CURVE ( 'NONE', #9154, #3348, #7710, .T. ) ;
#3140 = ORIENTED_EDGE ( 'NONE', *, *, #4763, .T. ) ;
#3141 = CARTESIAN_POINT ( 'NONE',  ( 4.000000000000000000, 9.199999999999999289, -17.00000000000000000 ) ) ;
#3142 = DIRECTION ( 'NONE',  ( 1.000000000000000000, 0.000000000000000000, 0.000000000000000000 ) ) ;
#3143 = SURFACE_STYLE_FILL_AREA ( #5048 ) ;
#3144 = ORIENTED_EDGE ( 'NONE', *, *, #10199, .F. ) ;
#3145 = DIRECTION ( 'NONE',  ( 0.000000000000000000, 1.000000000000000000, 0.000000000000000000 ) ) ;
#3146 = AXIS2_PLACEMENT_3D ( 'NONE', #2201, #9663, #4174 ) ;
#3147 = STYLED_ITEM ( 'NONE', ( #1083 ), #2996 ) ;
#3148 = EDGE_LOOP ( 'NONE', ( #9232, #10279, #5233, #10117, #8747 ) ) ;
#3149 = DIRECTION ( 'NONE',  ( 0.000000000000000000, 0.000000000000000000, 1.000000000000000000 ) ) ;
#3150 = DIRECTION ( 'NONE',  ( 0.000000000000000000, 0.000000000000000000, -1.000000000000000000 ) ) ;
#3151 = EDGE_LOOP ( 'NONE', ( #3370, #8889, #9268, #11928 ) ) ;
#3152 = DIRECTION ( 'NONE',  ( -0.000000000000000000, -0.000000000000000000, -1.000000000000000000 ) ) ;
#3153 = CARTESIAN_POINT ( 'NONE',  ( 14.81370849898476116, 17.00000000000000000, -4.732195743157014078 ) ) ;
#3154 = PLANE ( 'NONE',  #3116 ) ;
#3155 = ORIENTED_EDGE ( 'NONE', *, *, #1899, .F. ) ;
#3156 = ORIENTED_EDGE ( 'NONE', *, *, #1898, .F. ) ;
#3157 = DIRECTION ( 'NONE',  ( 0.000000000000000000, -1.000000000000000000, -0.000000000000000000 ) ) ;
#3158 = DIRECTION ( 'NONE',  ( 1.000000000000000000, -0.000000000000000000, -0.000000000000000000 ) ) ;
#3159 = CYLINDRICAL_SURFACE ( 'NONE', #2590, 0.5000000000000000000 ) ;
#3160 = VERTEX_POINT ( 'NONE', #419 ) ;
#3161 = PRODUCT_DEFINITION_FORMATION_WITH_SPECIFIED_SOURCE ( 'ANY', '', #11876, .NOT_KNOWN. ) ;
#3162 = AXIS2_PLACEMENT_3D ( 'NONE', #9218, #9332, #6615 ) ;
#3163 = ORIENTED_EDGE ( 'NONE', *, *, #7325, .F. ) ;
#3164 = ADVANCED_FACE ( 'NONE', ( #4191 ), #6166, .F. ) ;
#3165 = EDGE_CURVE ( 'NONE', #11127, #11375, #10558, .T. ) ;
#3166 = CARTESIAN_POINT ( 'NONE',  ( 1.000000000000000000, 1.224646799147354933E-16, -3.330481160836854304 ) ) ;
#3167 = DIRECTION ( 'NONE',  ( -0.000000000000000000, 1.224649721909276639E-16, -1.000000000000000000 ) ) ;
#3168 = CARTESIAN_POINT ( 'NONE',  ( 0.000000000000000000, 0.000000000000000000, 0.000000000000000000 ) ) ;
#3169 = VERTEX_POINT ( 'NONE', #3336 ) ;
#3170 = LINE ( 'NONE', #10567, #2315 ) ;
#3171 = VERTEX_POINT ( 'NONE', #10987 ) ;
#3172 = FACE_OUTER_BOUND ( 'NONE', #10207, .T. ) ;
#3173 = ORIENTED_EDGE ( 'NONE', *, *, #4807, .F. ) ;
#3174 = CARTESIAN_POINT ( 'NONE',  ( -0.9999999999999997780, 1.224646799147352961E-16, 0.000000000000000000 ) ) ;
#3175 = DIRECTION ( 'NONE',  ( 1.000000000000000000, 0.000000000000000000, 0.000000000000000000 ) ) ;
#3176 = PLANE ( 'NONE',  #11989 ) ;
#3177 = LINE ( 'NONE', #1255, #2737 ) ;
#3178 = ORIENTED_EDGE ( 'NONE', *, *, #10979, .T. ) ;
#3179 = EDGE_CURVE ( 'NONE', #11937, #2418, #506, .T. ) ;
#3180 = ADVANCED_FACE ( 'NONE', ( #1602 ), #9963, .T. ) ;
#3181 = DIRECTION ( 'NONE',  ( 0.000000000000000000, 0.000000000000000000, 1.000000000000000000 ) ) ;
#3182 = EDGE_LOOP ( 'NONE', ( #4700, #1131, #12177 ) ) ;
#3183 = CONICAL_SURFACE ( 'NONE', #414, 0.7740000000000000213, 1.047197551196601628 ) ;
#3184 = VERTEX_POINT ( 'NONE', #11852 ) ;
#3185 = CARTESIAN_POINT ( 'NONE',  ( -4.000000000000003553, 0.9000000000000005773, -4.154700538379143993 ) ) ;
#3186 = EDGE_LOOP ( 'NONE', ( #5904, #12210 ) ) ;
#3187 = DIRECTION ( 'NONE',  ( -0.000000000000000000, -0.000000000000000000, -1.000000000000000000 ) ) ;
#3188 = DIRECTION ( 'NONE',  ( 1.000000000000000000, 0.000000000000000000, 0.000000000000000000 ) ) ;
#3189 = DIRECTION ( 'NONE',  ( -0.000000000000000000, 1.224649721909276639E-16, -1.000000000000000000 ) ) ;
#3190 = VERTEX_POINT ( 'NONE', #5496 ) ;
#3191 = CARTESIAN_POINT ( 'NONE',  ( 0.7517120395882630479, 0.4618033344789010952, -0.6365693120973366925 ) ) ;
#3192 = EDGE_CURVE ( 'NONE', #4356, #7199, #11910, .T. ) ;
#3193 = CARTESIAN_POINT ( 'NONE',  ( -5.000000000000000000, 0.000000000000000000, -6.000000000000000000 ) ) ;
#3194 = PLANE ( 'NONE',  #7377 ) ;
#3195 = CARTESIAN_POINT ( 'NONE',  ( 2.000000000000000000, 1.154700538379250130, -1.600000000000000089 ) ) ;
#3196 = ORIENTED_EDGE ( 'NONE', *, *, #7427, .F. ) ;
#3197 = FACE_OUTER_BOUND ( 'NONE', #6092, .T. ) ;
#3198 = ADVANCED_FACE ( 'NONE', ( #2595 ), #2532, .T. ) ;
#3199 = LINE ( 'NONE', #10668, #1713 ) ;
#3200 = ORIENTED_EDGE ( 'NONE', *, *, #5230, .F. ) ;
#3201 = AXIS2_PLACEMENT_3D ( 'NONE', #1106, #1983, #875 ) ;
#3202 = LINE ( 'NONE', #6842, #9966 ) ;
#3203 = B_SPLINE_CURVE_WITH_KNOTS ( 'NONE', 3,
 ( #7009, #10786, #2153, #352, #4005, #4976 ),
 .UNSPECIFIED., .F., .F.,
 ( 4, 2, 4 ),
 ( 0.002060137505873420056, 0.002644210467598552029, 0.003228283429323684436 ),
 .UNSPECIFIED. ) ;
#3204 = ORIENTED_EDGE ( 'NONE', *, *, #496, .F. ) ;
#3205 = EDGE_CURVE ( 'NONE', #1426, #7367, #8579, .T. ) ;
#3206 = CARTESIAN_POINT ( 'NONE',  ( 0.000000000000000000, 7.500000000000000000, -9.616139535669825378 ) ) ;
#3207 = ORIENTED_EDGE ( 'NONE', *, *, #3526, .F. ) ;
#3208 = DIRECTION ( 'NONE',  ( 0.000000000000000000, 0.000000000000000000, -1.000000000000000000 ) ) ;
#3209 = ORIENTED_EDGE ( 'NONE', *, *, #4654, .T. ) ;
#3210 = CARTESIAN_POINT ( 'NONE',  ( 14.05000000000000071, 0.000000000000000000, 0.000000000000000000 ) ) ;
#3211 = LINE ( 'NONE', #8938, #8224 ) ;
#3212 = EDGE_LOOP ( 'NONE', ( #4422, #1746, #7241, #3566 ) ) ;
#3213 = ORIENTED_EDGE ( 'NONE', *, *, #4536, .F. ) ;
#3214 = CONTEXT_DEPENDENT_SHAPE_REPRESENTATION ( #3921, #1732 ) ;
#3215 = CARTESIAN_POINT ( 'NONE',  ( 1.672828002720946117, -1.343593379079623285, -1.530424537474095681 ) ) ;
#3216 = DIRECTION ( 'NONE',  ( 1.000000000000000000, 0.000000000000000000, 0.000000000000000000 ) ) ;
#3217 = ORIENTED_EDGE ( 'NONE', *, *, #1553, .F. ) ;
#3218 = ADVANCED_FACE ( 'NONE', ( #10042 ), #1705, .T. ) ;
#3219 = ADVANCED_FACE ( 'NONE', ( #10972 ), #7194, .F. ) ;
#3220 = ORIENTED_EDGE ( 'NONE', *, *, #4326, .T. ) ;
#3221 = AXIS2_PLACEMENT_3D ( 'NONE', #44, #10242, #9361 ) ;
#3222 = CARTESIAN_POINT ( 'NONE',  ( 0.000000000000000000, 0.000000000000000000, 0.000000000000000000 ) ) ;
#3223 = LINE ( 'NONE', #11683, #2679 ) ;
#3224 = DIRECTION ( 'NONE',  ( -0.000000000000000000, -0.000000000000000000, 1.000000000000000000 ) ) ;
#3225 = ORIENTED_EDGE ( 'NONE', *, *, #2639, .T. ) ;
#3226 = DIRECTION ( 'NONE',  ( -1.000000000000000000, 0.000000000000000000, 0.000000000000000000 ) ) ;
#3227 = AXIS2_PLACEMENT_3D ( 'NONE', #10200, #1752, #5522 ) ;
#3228 = PRODUCT_DEFINITION ( 'UNKNOWN', '', #3161, #1011 ) ;
#3229 = UNCERTAINTY_MEASURE_WITH_UNIT (LENGTH_MEASURE( 1.000000000000000082E-05 ), #7069, 'distance_accuracy_value', 'NONE');
#3230 = VERTEX_POINT ( 'NONE', #8185 ) ;
#3231 = DIRECTION ( 'NONE',  ( 0.000000000000000000, 0.000000000000000000, -1.000000000000000000 ) ) ;
#3232 = DIRECTION ( 'NONE',  ( -1.000000000000000000, 0.000000000000000000, 0.000000000000000000 ) ) ;
#3233 = CARTESIAN_POINT ( 'NONE',  ( -25.70914770951299033, -0.3502617553152274077, 1033.600000000006730 ) ) ;
#3234 = MECHANICAL_DESIGN_GEOMETRIC_PRESENTATION_REPRESENTATION (  '', ( #2248 ), #5796 ) ;
#3235 = CARTESIAN_POINT ( 'NONE',  ( 1.500000000000000000, 0.000000000000000000, 0.000000000000000000 ) ) ;
#3236 = CARTESIAN_POINT ( 'NONE',  ( 0.000000000000000000, 4.898598887637106556E-16, -2.400000000000000355 ) ) ;
#3237 = ORIENTED_EDGE ( 'NONE', *, *, #5900, .F. ) ;
#3238 = DIRECTION ( 'NONE',  ( -0.5000000000000002220, 0.000000000000000000, 0.8660254037844385966 ) ) ;
#3239 = ORIENTED_EDGE ( 'NONE', *, *, #2804, .F. ) ;
#3240 = DIRECTION ( 'NONE',  ( -1.000000000000000000, -0.000000000000000000, -0.000000000000000000 ) ) ;
#3241 = AXIS2_PLACEMENT_3D ( 'NONE', #10285, #900, #3751 ) ;
#3242 = ORIENTED_EDGE ( 'NONE', *, *, #7690, .F. ) ;
#3243 = CARTESIAN_POINT ( 'NONE',  ( 1.224646799147352961E-16, 1.000000000000000222, -1.469518839163146184 ) ) ;
#3244 = ORIENTED_EDGE ( 'NONE', *, *, #444, .T. ) ;
#3245 = DIRECTION ( 'NONE',  ( 1.000000000000000000, 0.000000000000000000, 0.000000000000000000 ) ) ;
#3246 = EDGE_CURVE ( 'NONE', #6594, #11699, #12043, .T. ) ;
#3247 = PRODUCT_DEFINITION_CONTEXT ( 'detailed design', #4548, 'design' ) ;
#3248 = EDGE_CURVE ( 'NONE', #9223, #11629, #1105, .T. ) ;
#3249 = CARTESIAN_POINT ( 'NONE',  ( 11.50000000000000000, 7.500000000000000000, -6.116139535669825378 ) ) ;
#3250 = SURFACE_STYLE_USAGE ( .BOTH. , #403 ) ;
#3251 = CIRCLE ( 'NONE', #9150, 0.5000000000000000000 ) ;
#3252 = CARTESIAN_POINT ( 'NONE',  ( 0.000000000000000000, 2.500000000000000000, 0.000000000000000000 ) ) ;
#3253 = EDGE_LOOP ( 'NONE', ( #3543, #745, #7832, #6040 ) ) ;
#3254 = CARTESIAN_POINT ( 'NONE',  ( 1.949999999999999956, 7.500000000000000000, -9.616139535669825378 ) ) ;
#3255 = VECTOR ( 'NONE', #186, 1000.000000000000000 ) ;
#3256 = DIRECTION ( 'NONE',  ( 0.000000000000000000, 0.000000000000000000, -1.000000000000000000 ) ) ;
#3257 = DIRECTION ( 'NONE',  ( 0.000000000000000000, 0.000000000000000000, -1.000000000000000000 ) ) ;
#3258 = CARTESIAN_POINT ( 'NONE',  ( 0.000000000000000000, 0.000000000000000000, -1.600000000000000089 ) ) ;
#3259 = DIRECTION ( 'NONE',  ( -0.8660254037844380415, 0.5000000000000009992, 0.000000000000000000 ) ) ;
#3260 = ORIENTED_EDGE ( 'NONE', *, *, #10974, .F. ) ;
#3261 = CONICAL_SURFACE ( 'NONE', #5432, 2.000000000000000000, 1.047197551196595855 ) ;
#3262 = CARTESIAN_POINT ( 'NONE',  ( 0.000000000000000000, 0.000000000000000000, 0.000000000000000000 ) ) ;
#3263 = EDGE_CURVE ( 'NONE', #10703, #2437, #517, .T. ) ;
#3264 = DIRECTION ( 'NONE',  ( -0.000000000000000000, -0.000000000000000000, 1.000000000000000000 ) ) ;
#3265 = ORIENTED_EDGE ( 'NONE', *, *, #9593, .F. ) ;
#3266 = DIRECTION ( 'NONE',  ( -0.000000000000000000, -0.000000000000000000, -1.000000000000000000 ) ) ;
#3267 = ORIENTED_EDGE ( 'NONE', *, *, #10751, .T. ) ;
#3268 = EDGE_LOOP ( 'NONE', ( #3960, #7685, #2206 ) ) ;
#3269 = DIRECTION ( 'NONE',  ( -0.000000000000000000, 0.000000000000000000, 1.000000000000000000 ) ) ;
#3270 = EDGE_CURVE ( 'NONE', #7172, #2562, #2698, .T. ) ;
#3271 = CARTESIAN_POINT ( 'NONE',  ( 0.000000000000000000, 2.309401076758504701, -0.1786327949540832127 ) ) ;
#3272 = ORIENTED_EDGE ( 'NONE', *, *, #194, .T. ) ;
#3273 = DIRECTION ( 'NONE',  ( -0.000000000000000000, -0.000000000000000000, 1.000000000000000000 ) ) ;
#3274 = CARTESIAN_POINT ( 'NONE',  ( 0.1702769162167659112, 0.7403828156981310249, -0.7092725651034382794 ) ) ;
#3275 = CIRCLE ( 'NONE', #10760, 1.099999999999998535 ) ;
#3276 = ORIENTED_EDGE ( 'NONE', *, *, #9545, .T. ) ;
#3277 = ORIENTED_EDGE ( 'NONE', *, *, #7886, .F. ) ;
#3278 = ADVANCED_BREP_SHAPE_REPRESENTATION ( '', ( #690, #8058 ), #3350 ) ;
#3279 = ADVANCED_FACE ( 'NONE', ( #11977, #3521 ), #9179, .T. ) ;
#3280 = CIRCLE ( 'NONE', #10561, 1.000000000000000000 ) ;
#3281 = ITEM_DEFINED_TRANSFORMATION ( 'NONE', 'NONE', #7291,  #8058 ) ;
#3282 = CARTESIAN_POINT ( 'NONE',  ( 4.099999999999999645, -2.821690854684141936, 0.3999999999999987454 ) ) ;
#3283 = LINE ( 'NONE', #8142, #5141 ) ;
#3284 = AXIS2_PLACEMENT_3D ( 'NONE', #8279, #11660, #3073 ) ;
#3285 = VERTEX_POINT ( 'NONE', #8257 ) ;
#3286 = APPLICATION_CONTEXT ( 'automotive_design' ) ;
#3287 = AXIS2_PLACEMENT_3D ( 'NONE', #7246, #10839, #7179 ) ;
#3288 = LINE ( 'NONE', #9014, #1366 ) ;
#3289 = STYLED_ITEM ( 'NONE', ( #4787 ), #8620 ) ;
#3290 = EDGE_LOOP ( 'NONE', ( #3363, #3995, #7247, #11746 ) ) ;
#3291 = DIRECTION ( 'NONE',  ( 1.060575238724911106E-16, 0.8660254037844419273, 0.4999999999999942268 ) ) ;
#3292 = EDGE_CURVE ( 'NONE', #10526, #5365, #7323, .T. ) ;
#3293 = EDGE_CURVE ( 'NONE', #572, #1987, #2885, .T. ) ;
#3294 = ORIENTED_EDGE ( 'NONE', *, *, #347, .T. ) ;
#3295 = FACE_OUTER_BOUND ( 'NONE', #1680, .T. ) ;
#3296 = VECTOR ( 'NONE', #3729, 999.9999999999998863 ) ;
#3297 = DIRECTION ( 'NONE',  ( 0.000000000000000000, -1.000000000000000000, 0.000000000000000000 ) ) ;
#3298 = STYLED_ITEM ( 'NONE', ( #9518 ), #9126 ) ;
#3299 = ORIENTED_EDGE ( 'NONE', *, *, #2674, .T. ) ;
#3300 = CARTESIAN_POINT ( 'NONE',  ( -0.7528384805853879369, -0.2477452492985879606, -0.6896367705662612702 ) ) ;
#3301 = EDGE_LOOP ( 'NONE', ( #7591, #8060, #3809 ) ) ;
#3302 = CIRCLE ( 'NONE', #9803, 1.099999999999996758 ) ;
#3304 = CARTESIAN_POINT ( 'NONE',  ( 0.9000000000000000222, 0.000000000000000000, 0.000000000000000000 ) ) ;
#3303 = CIRCLE ( 'NONE', #2522, 4.000000000000000888 ) ;
#3305 = ORIENTED_EDGE ( 'NONE', *, *, #7615, .T. ) ;
#3306 = CARTESIAN_POINT ( 'NONE',  ( -0.6741663890421856209, -0.1633708306314063108, -0.7494526691008521757 ) ) ;
#3307 = AXIS2_PLACEMENT_3D ( 'NONE', #7722, #7846, #10445 ) ;
#3308 = ORIENTED_EDGE ( 'NONE', *, *, #1145, .T. ) ;
#3309 = ORIENTED_EDGE ( 'NONE', *, *, #11721, .F. ) ;
#3310 = DIRECTION ( 'NONE',  ( -1.000000000000000000, 0.000000000000000000, 0.000000000000000000 ) ) ;
#3311 = VERTEX_POINT ( 'NONE', #4564 ) ;
#3312 = CARTESIAN_POINT ( 'NONE',  ( -1.000000000000001776, -1.732050807568876527, 0.000000000000000000 ) ) ;
#3313 = CIRCLE ( 'NONE', #4879, 4.000000000000000888 ) ;
#3314 = CARTESIAN_POINT ( 'NONE',  ( 0.9526279441628808797, -0.5500000000000002665, -3.300000000000018918 ) ) ;
#3315 = CONICAL_SURFACE ( 'NONE', #1541, 0.7740000000000000213, 1.047197551196601628 ) ;
#3316 = CARTESIAN_POINT ( 'NONE',  ( -1.672828002720946339, 1.343593379079620398, -0.06957546252590333935 ) ) ;
#3317 = VERTEX_POINT ( 'NONE', #2463 ) ;
#3318 = DIRECTION ( 'NONE',  ( 1.000000000000000000, 0.000000000000000000, 0.000000000000000000 ) ) ;
#3319 = AXIS2_PLACEMENT_3D ( 'NONE', #1671, #6491, #1917 ) ;
#3320 = CIRCLE ( 'NONE', #4887, 10.00000000000000000 ) ;
#3321 = ADVANCED_FACE ( 'NONE', ( #1792, #8313 ), #11169, .T. ) ;
#3322 = ADVANCED_FACE ( 'NONE', ( #860 ), #9981, .T. ) ;
#3323 = AXIS2_PLACEMENT_3D ( 'NONE', #1059, #1005, #6691 ) ;
#3324 = CARTESIAN_POINT ( 'NONE',  ( 0.2444460970124049948, -0.5979195380787974967, -0.7781636319687674774 ) ) ;
#3325 = DIRECTION ( 'NONE',  ( 1.000000000000000000, -0.000000000000000000, -0.000000000000000000 ) ) ;
#3326 = CARTESIAN_POINT ( 'NONE',  ( -3.000000000000000000, 1.285879139104720831E-15, 10.50000000000000000 ) ) ;
#3327 = DIRECTION ( 'NONE',  ( 0.000000000000000000, 0.000000000000000000, 1.000000000000000000 ) ) ;
#3328 = AXIS2_PLACEMENT_3D ( 'NONE', #6189, #11752, #2377 ) ;
#3329 = DIRECTION ( 'NONE',  ( 0.000000000000000000, 0.000000000000000000, 1.000000000000000000 ) ) ;
#3330 = DIRECTION ( 'NONE',  ( 0.000000000000000000, 0.000000000000000000, 1.000000000000000000 ) ) ;
#3331 =( NAMED_UNIT ( * ) PLANE_ANGLE_UNIT ( ) SI_UNIT ( $, .RADIAN. ) );
#3332 = ORIENTED_EDGE ( 'NONE', *, *, #524, .T. ) ;
#3333 = DIRECTION ( 'NONE',  ( 0.000000000000000000, -0.000000000000000000, 1.000000000000000000 ) ) ;
#3334 = CONICAL_SURFACE ( 'NONE', #10230, 1.000000000000000000, 1.047197551196604515 ) ;
#3335 = ORIENTED_EDGE ( 'NONE', *, *, #2192, .F. ) ;
#3336 = CARTESIAN_POINT ( 'NONE',  ( 2.099999999999999645, -2.821690854684140159, 0.4999999999999991673 ) ) ;
#3337 = AXIS2_PLACEMENT_3D ( 'NONE', #8197, #3413, #1737 ) ;
#3338 = DIRECTION ( 'NONE',  ( -0.000000000000000000, -1.000000000000000000, 0.000000000000000000 ) ) ;
#3339 = ADVANCED_FACE ( 'NONE', ( #8436 ), #5465, .T. ) ;
#3340 = CARTESIAN_POINT ( 'NONE',  ( 0.6607522599941045849, -1.927915581583256932, -0.01710519872702329428 ) ) ;
#3341 = VERTEX_POINT ( 'NONE', #6129 ) ;
#3342 = CARTESIAN_POINT ( 'NONE',  ( -17.30000000000000071, 0.000000000000000000, 1.550000000000000044 ) ) ;
#3343 = LINE ( 'NONE', #1291, #11941 ) ;
#3344 = AXIS2_PLACEMENT_3D ( 'NONE', #877, #688, #10120 ) ;
#3345 = DIRECTION ( 'NONE',  ( 0.8660254037844381525, 0.000000000000000000, -0.5000000000000008882 ) ) ;
#3346 = B_SPLINE_CURVE_WITH_KNOTS ( 'NONE', 3,
 ( #11924, #9133, #5444, #754, #10252, #4524 ),
 .UNSPECIFIED., .F., .F.,
 ( 4, 2, 4 ),
 ( 0.001168606431211104352, 0.001750609284260045383, 0.002332612137308986630 ),
 .UNSPECIFIED. ) ;
#3347 = ORIENTED_EDGE ( 'NONE', *, *, #11252, .T. ) ;
#3348 = VERTEX_POINT ( 'NONE', #7570 ) ;
#3349 = CARTESIAN_POINT ( 'NONE',  ( 1.000000000000001998, 1.732050807568876083, 0.000000000000000000 ) ) ;
#3350 =( GEOMETRIC_REPRESENTATION_CONTEXT ( 3 ) GLOBAL_UNCERTAINTY_ASSIGNED_CONTEXT ( ( #10634 ) ) GLOBAL_UNIT_ASSIGNED_CONTEXT ( ( #3711, #8561, #10487 ) ) REPRESENTATION_CONTEXT ( 'NONE', 'WORKASPACE' ) );
#3351 = FACE_OUTER_BOUND ( 'NONE', #1398, .T. ) ;
#3352 = DIRECTION ( 'NONE',  ( 0.000000000000000000, 0.000000000000000000, -1.000000000000000000 ) ) ;
#3353 = ORIENTED_EDGE ( 'NONE', *, *, #11669, .T. ) ;
#3354 = EDGE_CURVE ( 'NONE', #11888, #1936, #8372, .T. ) ;
#3355 = CARTESIAN_POINT ( 'NONE',  ( 0.000000000000000000, 0.000000000000000000, 0.000000000000000000 ) ) ;
#3356 =( GEOMETRIC_REPRESENTATION_CONTEXT ( 3 ) GLOBAL_UNCERTAINTY_ASSIGNED_CONTEXT ( ( #5949 ) ) GLOBAL_UNIT_ASSIGNED_CONTEXT ( ( #11662, #8072, #3398 ) ) REPRESENTATION_CONTEXT ( 'NONE', 'WORKASPACE' ) );
#3357 = DIRECTION ( 'NONE',  ( 0.000000000000000000, 0.000000000000000000, -1.000000000000000000 ) ) ;
#3358 = CARTESIAN_POINT ( 'NONE',  ( -8.000000000000000000, 17.00000000000000000, -12.73219574315701763 ) ) ;
#3359 = VERTEX_POINT ( 'NONE', #2827 ) ;
#3360 = CARTESIAN_POINT ( 'NONE',  ( -1.672282218993688341, -1.343908487461473733, -1.520662200187637758 ) ) ;
#3361 = PRODUCT_DEFINITION_CONTEXT ( 'detailed design', #5577, 'design' ) ;
#3362 = ADVANCED_FACE ( 'NONE', ( #2195, #1257, #2252, #6593 ), #5675, .T. ) ;
#3363 = ORIENTED_EDGE ( 'NONE', *, *, #4558, .F. ) ;
#3364 = CARTESIAN_POINT ( 'NONE',  ( -2.000000000000000000, -0.8000000000000211386, -20.99999999999990763 ) ) ;
#3365 = CARTESIAN_POINT ( 'NONE',  ( -29.95914770952240502, -0.3502617553154639962, 1033.600000000006958 ) ) ;
#3366 = LINE ( 'NONE', #9142, #8217 ) ;
#3367 = DIRECTION ( 'NONE',  ( 0.000000000000000000, -1.000000000000000000, -1.084202172485504434E-16 ) ) ;
#3368 = VERTEX_POINT ( 'NONE', #4960 ) ;
#3369 = DIRECTION ( 'NONE',  ( 0.000000000000000000, -1.000000000000000000, 0.000000000000000000 ) ) ;
#3370 = ORIENTED_EDGE ( 'NONE', *, *, #11052, .F. ) ;
#3371 = EDGE_CURVE ( 'NONE', #2228, #11428, #10392, .T. ) ;
#3372 = FACE_OUTER_BOUND ( 'NONE', #9904, .T. ) ;
#3373 = EDGE_CURVE ( 'NONE', #2437, #3889, #9591, .T. ) ;
#3374 = EDGE_LOOP ( 'NONE', ( #5077, #2745, #11485, #2349 ) ) ;
#3375 = LINE ( 'NONE', #2569, #3974 ) ;
#3376 = AXIS2_PLACEMENT_3D ( 'NONE', #3365, #1499, #4105 ) ;
#3377 = ORIENTED_EDGE ( 'NONE', *, *, #3472, .F. ) ;
#3378 = DIRECTION ( 'NONE',  ( 0.000000000000000000, 0.000000000000000000, -1.000000000000000000 ) ) ;
#3379 = VERTEX_POINT ( 'NONE', #11231 ) ;
#3380 = CARTESIAN_POINT ( 'NONE',  ( 2.000000000000000000, 0.000000000000000000, -1.600000000000000089 ) ) ;
#3381 = B_SPLINE_CURVE_WITH_KNOTS ( 'NONE', 3,
 ( #3741, #4826, #8524, #10274, #7494, #7609, #2861, #2687, #1010, #8412 ),
 .UNSPECIFIED., .F., .F.,
 ( 4, 2, 2, 2, 4 ),
 ( -0.0002457929873126518216, -0.0001229444310149452996, -9.587471723877761740E-08, 0.0001227526815804678528, 0.0002456012378781744832 ),
 .UNSPECIFIED. ) ;
#3382 = FILL_AREA_STYLE ('',( #8235 ) ) ;
#3383 = CARTESIAN_POINT ( 'NONE',  ( -0.7063323362395722560, -0.4078011644652549395, -0.1291166393111727595 ) ) ;
#3384 = ORIENTED_EDGE ( 'NONE', *, *, #1676, .T. ) ;
#3385 = VERTEX_POINT ( 'NONE', #1324 ) ;
#3386 = CARTESIAN_POINT ( 'NONE',  ( 4.099999999999999645, 2.821690854684141936, -0.8999999999999992450 ) ) ;
#3387 = CARTESIAN_POINT ( 'NONE',  ( 3.599999999999992095, -2.821690854684141936, -0.9000000000000006883 ) ) ;
#3388 = STYLED_ITEM ( 'NONE', ( #2406 ), #690 ) ;
#3389 = EDGE_CURVE ( 'NONE', #3132, #10051, #8713, .T. ) ;
#3390 = EDGE_CURVE ( 'NONE', #7392, #11633, #12178, .T. ) ;
#3391 = DIRECTION ( 'NONE',  ( 0.5000000000000009992, 0.8660254037844380415, -0.000000000000000000 ) ) ;
#3392 = LINE ( 'NONE', #602, #8552 ) ;
#3393 = CARTESIAN_POINT ( 'NONE',  ( 3.500000000000000000, 0.000000000000000000, -6.000000000000000000 ) ) ;
#3394 = LINE ( 'NONE', #2643, #4835 ) ;
#3395 = DIRECTION ( 'NONE',  ( 0.000000000000000000, 1.000000000000000000, 0.000000000000000000 ) ) ;
#3396 = VECTOR ( 'NONE', #3367, 1000.000000000000000 ) ;
#3397 = CARTESIAN_POINT ( 'NONE',  ( -2.000000000000001776, 0.9000000000000003553, -1.899999999999894884 ) ) ;
#3398 =( NAMED_UNIT ( * ) SI_UNIT ( $, .STERADIAN. ) SOLID_ANGLE_UNIT ( ) );
#3399 = PRODUCT_DEFINITION ( 'UNKNOWN', '', #3762, #1136 ) ;
#3400 = DIRECTION ( 'NONE',  ( -0.000000000000000000, 0.000000000000000000, -1.000000000000000000 ) ) ;
#3401 = ORIENTED_EDGE ( 'NONE', *, *, #309, .T. ) ;
#3402 = CARTESIAN_POINT ( 'NONE',  ( 2.000000000000000000, 0.3931374000439457617, -0.01723613881363322137 ) ) ;
#3403 = DIRECTION ( 'NONE',  ( 1.000000000000000000, 0.000000000000000000, 0.000000000000000000 ) ) ;
#3404 = VECTOR ( 'NONE', #6699, 1000.000000000000000 ) ;
#3405 =( NAMED_UNIT ( * ) SI_UNIT ( $, .STERADIAN. ) SOLID_ANGLE_UNIT ( ) );
#3406 = CARTESIAN_POINT ( 'NONE',  ( 5.499999999999998224, 0.000000000000000000, -19.59999999999989129 ) ) ;
#3407 = ORIENTED_EDGE ( 'NONE', *, *, #2076, .T. ) ;
#3408 = CARTESIAN_POINT ( 'NONE',  ( 0.000000000000000000, 4.898598887637106556E-16, -1.599999999999999867 ) ) ;
#3409 = FACE_OUTER_BOUND ( 'NONE', #5171, .T. ) ;
#3410 = AXIS2_PLACEMENT_3D ( 'NONE', #1860, #10251, #9551 ) ;
#3411 = VERTEX_POINT ( 'NONE', #10421 ) ;
#3412 = ORIENTED_EDGE ( 'NONE', *, *, #4751, .F. ) ;
#3413 = DIRECTION ( 'NONE',  ( -0.000000000000000000, 1.000000000000000000, 0.000000000000000000 ) ) ;
#3414 = EDGE_CURVE ( 'NONE', #4747, #3285, #5956, .T. ) ;
#3415 = EDGE_CURVE ( 'NONE', #11577, #5336, #10377, .T. ) ;
#3416 = FACE_OUTER_BOUND ( 'NONE', #5629, .T. ) ;
#3417 = DIRECTION ( 'NONE',  ( 0.000000000000000000, 0.000000000000000000, -1.000000000000000000 ) ) ;
#3418 = ORIENTED_EDGE ( 'NONE', *, *, #1999, .F. ) ;
#3419 = CARTESIAN_POINT ( 'NONE',  ( 0.7263287850284178004, 0.2227272727272736064, -500000.0000000000582 ) ) ;
#3420 = CYLINDRICAL_SURFACE ( 'NONE', #4236, 2.500000000000002220 ) ;
#3421 = ORIENTED_EDGE ( 'NONE', *, *, #9113, .F. ) ;
#3422 = DIRECTION ( 'NONE',  ( -0.000000000000000000, 1.224649721909276639E-16, -1.000000000000000000 ) ) ;
#3423 = VERTEX_POINT ( 'NONE', #5611 ) ;
#3424 = EDGE_CURVE ( 'NONE', #2235, #9767, #2561, .T. ) ;
#3425 = DIRECTION ( 'NONE',  ( 1.000000000000000000, 0.000000000000000000, 0.000000000000000000 ) ) ;
#3426 = DIRECTION ( 'NONE',  ( 1.000000000000000000, 0.000000000000000000, 0.000000000000000000 ) ) ;
#3427 = DIRECTION ( 'NONE',  ( 0.000000000000000000, 1.000000000000000000, 2.168404344971008868E-16 ) ) ;
#3428 = LINE ( 'NONE', #9944, #564 ) ;
#3429 = ORIENTED_EDGE ( 'NONE', *, *, #2576, .F. ) ;
#3430 = DIRECTION ( 'NONE',  ( -0.000000000000000000, -0.000000000000000000, 1.000000000000000000 ) ) ;
#3431 = ORIENTED_EDGE ( 'NONE', *, *, #3036, .T. ) ;
#3432 = ADVANCED_FACE ( 'NONE', ( #4108 ), #42, .T. ) ;
#3433 = DIRECTION ( 'NONE',  ( -1.000000000000000000, -0.000000000000000000, -0.000000000000000000 ) ) ;
#3434 = VERTEX_POINT ( 'NONE', #2886 ) ;
#3435 = DIRECTION ( 'NONE',  ( -0.000000000000000000, -0.000000000000000000, -1.000000000000000000 ) ) ;
#3436 = ORIENTED_EDGE ( 'NONE', *, *, #1476, .F. ) ;
#3437 = CARTESIAN_POINT ( 'NONE',  ( 7.500000000000003553, 0.8999999999999998002, -22.15470053837915643 ) ) ;
#3438 = CARTESIAN_POINT ( 'NONE',  ( -0.7263287850284133595, 0.2227272727272731900, -500000.0000000000582 ) ) ;
#3439 = ADVANCED_FACE ( 'NONE', ( #3817 ), #6658, .T. ) ;
#3440 = CARTESIAN_POINT ( 'NONE',  ( -1.340742937416024905, 1.535322780927271813, 8.545038780570239278E-16 ) ) ;
#3441 = ORIENTED_EDGE ( 'NONE', *, *, #9007, .F. ) ;
#3442 = ORIENTED_EDGE ( 'NONE', *, *, #9, .T. ) ;
#3443 = DIRECTION ( 'NONE',  ( 0.8660254037844393737, 0.000000000000000000, -0.4999999999999986677 ) ) ;
#3444 = CARTESIAN_POINT ( 'NONE',  ( 1.000000000000000000, 9.199999999999999289, -18.50000000000000355 ) ) ;
#3445 = SURFACE_STYLE_FILL_AREA ( #8247 ) ;
#3446 = DIRECTION ( 'NONE',  ( 0.000000000000000000, 0.000000000000000000, -1.000000000000000000 ) ) ;
#3447 = VECTOR ( 'NONE', #7821, 1000.000000000000000 ) ;
#3448 = CARTESIAN_POINT ( 'NONE',  ( 0.000000000000000000, 2.971690854684141847, 0.9000000000000006883 ) ) ;
#3449 = DIRECTION ( 'NONE',  ( -1.000000000000000000, 0.000000000000000000, 0.000000000000000000 ) ) ;
#3450 = ADVANCED_FACE ( 'NONE', ( #334 ), #10292, .F. ) ;
#3451 = EDGE_CURVE ( 'NONE', #4277, #1175, #8963, .T. ) ;
#3452 = VECTOR ( 'NONE', #9077, 1000.000000000000000 ) ;
#3453 = CARTESIAN_POINT ( 'NONE',  ( 1.999999999999999556, 0.9679918988505321620, -1.475265346691885027 ) ) ;
#3454 = EDGE_LOOP ( 'NONE', ( #10769, #2784, #9144, #11995, #4986, #12063, #11016, #8459, #7536, #346 ) ) ;
#3455 = DIRECTION ( 'NONE',  ( -0.000000000000000000, -0.000000000000000000, 1.000000000000000000 ) ) ;
#3456 = DIRECTION ( 'NONE',  ( -1.000000000000000000, 0.000000000000000000, 0.000000000000000000 ) ) ;
#3457 = CARTESIAN_POINT ( 'NONE',  ( 0.3277177810063108265, -2.120193127676285982, -1.520662200187636870 ) ) ;
#3458 = EDGE_LOOP ( 'NONE', ( #11645, #1866, #6388, #12180, #8596, #3949 ) ) ;
#3459 = CARTESIAN_POINT ( 'NONE',  ( 2.645657173485741849E-15, -0.7000000000000021760, 0.000000000000000000 ) ) ;
#3460 = DIRECTION ( 'NONE',  ( 0.000000000000000000, 0.000000000000000000, 1.000000000000000000 ) ) ;
#3461 = VERTEX_POINT ( 'NONE', #8903 ) ;
#3462 = VERTEX_POINT ( 'NONE', #2567 ) ;
#3463 = CARTESIAN_POINT ( 'NONE',  ( -2.000000000000000000, 0.9679918988505324950, -1.475265346691885471 ) ) ;
#3464 = FACE_OUTER_BOUND ( 'NONE', #11214, .T. ) ;
#3465 = CIRCLE ( 'NONE', #2276, 3.000000000000000000 ) ;
#3466 = DIRECTION ( 'NONE',  ( 0.000000000000000000, 0.000000000000000000, 1.000000000000000000 ) ) ;
#3467 = CARTESIAN_POINT ( 'NONE',  ( 3.000000000000000000, 2.449293598294706414E-16, -2.000000000000000000 ) ) ;
#3468 = ORIENTED_EDGE ( 'NONE', *, *, #5129, .F. ) ;
#3469 = AXIS2_PLACEMENT_3D ( 'NONE', #7371, #9168, #8243 ) ;
#3470 = EDGE_CURVE ( 'NONE', #3348, #4754, #9395, .T. ) ;
#3471 = CARTESIAN_POINT ( 'NONE',  ( -2.000000000000001776, 0.3000000000000172529, -4.099999999999888622 ) ) ;
#3472 = EDGE_CURVE ( 'NONE', #3090, #2290, #11014, .T. ) ;
#3473 = DIRECTION ( 'NONE',  ( -0.8660254037844383745, 0.000000000000000000, 0.5000000000000004441 ) ) ;
#3474 = AXIS2_PLACEMENT_3D ( 'NONE', #8621, #10298, #9542 ) ;
#3475 = VECTOR ( 'NONE', #2724, 1000.000000000000000 ) ;
#3476 = ORIENTED_EDGE ( 'NONE', *, *, #4150, .T. ) ;
#3477 = CARTESIAN_POINT ( 'NONE',  ( 2.000000000000000000, -1.154700538379255015, -1.421367205045916737 ) ) ;
#3478 = AXIS2_PLACEMENT_3D ( 'NONE', #1879, #4598, #9401 ) ;
#3479 = ORIENTED_EDGE ( 'NONE', *, *, #1235, .T. ) ;
#3480 = CARTESIAN_POINT ( 'NONE',  ( 4.090852290477400288, -0.3502617553154290797, 1033.600000000006958 ) ) ;
#3481 = DIRECTION ( 'NONE',  ( 0.000000000000000000, 0.000000000000000000, -1.000000000000000000 ) ) ;
#3482 = DIRECTION ( 'NONE',  ( 0.000000000000000000, 0.000000000000000000, -1.000000000000000000 ) ) ;
#3483 = ORIENTED_EDGE ( 'NONE', *, *, #1247, .F. ) ;
#3484 = CARTESIAN_POINT ( 'NONE',  ( -0.7853116536265609682, -0.3585538494096699447, -0.6474138478982397471 ) ) ;
#3485 = VERTEX_POINT ( 'NONE', #2379 ) ;
#3486 = AXIS2_PLACEMENT_3D ( 'NONE', #6538, #4738, #9308 ) ;
#3487 = AXIS2_PLACEMENT_3D ( 'NONE', #11283, #9418, #9307 ) ;
#3488 = LINE ( 'NONE', #7236, #9200 ) ;
#3489 = ORIENTED_EDGE ( 'NONE', *, *, #11296, .T. ) ;
#3490 = FACE_OUTER_BOUND ( 'NONE', #2064, .T. ) ;
#3491 = EDGE_CURVE ( 'NONE', #2070, #425, #9090, .T. ) ;
#3492 = AXIS2_PLACEMENT_3D ( 'NONE', #1656, #10913, #5425 ) ;
#3493 = ORIENTED_EDGE ( 'NONE', *, *, #10211, .T. ) ;
#3494 = CARTESIAN_POINT ( 'NONE',  ( 1.169735307079673214, 1.634054082335443692, 1.229256564702802973E-15 ) ) ;
#3495 = CIRCLE ( 'NONE', #8401, 1.999999999999999556 ) ;
#3496 = EDGE_LOOP ( 'NONE', ( #2486, #1348, #2380, #6011 ) ) ;
#3497 = CIRCLE ( 'NONE', #2300, 1.000000000000000000 ) ;
#3498 = CARTESIAN_POINT ( 'NONE',  ( 0.9000000000000000222, 0.000000000000000000, 0.000000000000000000 ) ) ;
#3499 = AXIS2_PLACEMENT_3D ( 'NONE', #11950, #3798, #9343 ) ;
#3500 = SURFACE_STYLE_FILL_AREA ( #3382 ) ;
#3501 =( NAMED_UNIT ( * ) SI_UNIT ( $, .STERADIAN. ) SOLID_ANGLE_UNIT ( ) );
#3502 = CARTESIAN_POINT ( 'NONE',  ( 1.000000000000001998, 1.732050807568876083, 0.000000000000000000 ) ) ;
#3503 = EDGE_CURVE ( 'NONE', #5933, #11334, #6316, .T. ) ;
#3504 = CIRCLE ( 'NONE', #3104, 1.999999999999999556 ) ;
#3505 = ORIENTED_EDGE ( 'NONE', *, *, #4217, .T. ) ;
#3506 = FACE_OUTER_BOUND ( 'NONE', #10418, .T. ) ;
#3507 = PRODUCT ( 'CuboDeRoda', 'CuboDeRoda', '', ( #490 ) ) ;
#3508 = CONICAL_SURFACE ( 'NONE', #10985, 2.000000000000000000, 1.047197551196595855 ) ;
#3509 = EDGE_CURVE ( 'NONE', #3651, #960, #2110, .T. ) ;
#3510 = CARTESIAN_POINT ( 'NONE',  ( 0.000000000000000000, 0.000000000000000000, 0.000000000000000000 ) ) ;
#3511 = CARTESIAN_POINT ( 'NONE',  ( 11.50000000000000000, 7.500000000000000000, -6.116139535669825378 ) ) ;
#3512 = CARTESIAN_POINT ( 'NONE',  ( 0.9365230391922044761, 2.153161244606388866E-16, -500000.0000000000582 ) ) ;
#3513 = DIRECTION ( 'NONE',  ( 0.000000000000000000, 1.000000000000000000, 0.000000000000000000 ) ) ;
#3514 = DIRECTION ( 'NONE',  ( -0.000000000000000000, 1.224649721909276639E-16, -1.000000000000000000 ) ) ;
#3515 = VECTOR ( 'NONE', #11806, 1000.000000000000000 ) ;
#3516 = FACE_OUTER_BOUND ( 'NONE', #2051, .T. ) ;
#3517 = ADVANCED_FACE ( 'NONE', ( #6083 ), #11695, .T. ) ;
#3518 = SHAPE_DEFINITION_REPRESENTATION ( #941, #10216 ) ;
#3519 = VERTEX_POINT ( 'NONE', #6191 ) ;
#3520 = AXIS2_PLACEMENT_3D ( 'NONE', #5598, #6268, #11274 ) ;
#3521 = FACE_OUTER_BOUND ( 'NONE', #6373, .T. ) ;
#3522 = EDGE_CURVE ( 'NONE', #5358, #10678, #11883, .T. ) ;
#3523 = DIRECTION ( 'NONE',  ( 1.000000000000000000, 0.000000000000000000, 0.000000000000000000 ) ) ;
#3525 = VERTEX_POINT ( 'NONE', #7118 ) ;
#3524 = DIRECTION ( 'NONE',  ( -0.000000000000000000, 1.224649721909276639E-16, -1.000000000000000000 ) ) ;
#3526 = EDGE_CURVE ( 'NONE', #2562, #10179, #7623, .T. ) ;
#3527 = DIRECTION ( 'NONE',  ( 0.000000000000000000, 0.000000000000000000, -1.000000000000000000 ) ) ;
#3528 = VECTOR ( 'NONE', #10089, 1000.000000000000000 ) ;
#3530 = CARTESIAN_POINT ( 'NONE',  ( 0.04188853298408787978, 0.8749216220463295057, -0.6400376753912195849 ) ) ;
#3529 = APPLICATION_CONTEXT ( 'automotive_design' ) ;
#3531 = EDGE_LOOP ( 'NONE', ( #2, #11076, #2471, #10244 ) ) ;
#3532 = ORIENTED_EDGE ( 'NONE', *, *, #1392, .F. ) ;
#3533 = CARTESIAN_POINT ( 'NONE',  ( -2.000000000000000000, 0.7788341705667901627, -0.07984828284772985119 ) ) ;
#3534 = CONICAL_SURFACE ( 'NONE', #8435, 2.000000000000000000, 1.047197551196595855 ) ;
#3535 = FACE_OUTER_BOUND ( 'NONE', #9625, .T. ) ;
#3536 = CARTESIAN_POINT ( 'NONE',  ( 1.000000000000000000, 9.199999999999999289, -18.50000000000000355 ) ) ;
#3537 = CARTESIAN_POINT ( 'NONE',  ( 0.8000000000000000444, 0.000000000000000000, -1.500000000000000000 ) ) ;
#3538 = VERTEX_POINT ( 'NONE', #9836 ) ;
#3539 = DIRECTION ( 'NONE',  ( 0.000000000000000000, -1.000000000000000000, -0.000000000000000000 ) ) ;
#3540 = CYLINDRICAL_SURFACE ( 'NONE', #485, 4.000000000000001776 ) ;
#3541 = STYLED_ITEM ( 'NONE', ( #8990 ), #8859 ) ;
#3542 = VERTEX_POINT ( 'NONE', #4291 ) ;
#3543 = ORIENTED_EDGE ( 'NONE', *, *, #9729, .F. ) ;
#3544 = CARTESIAN_POINT ( 'NONE',  ( 0.000000000000000000, 4.898598887637106556E-16, -2.000000000000000000 ) ) ;
#3545 = VERTEX_POINT ( 'NONE', #10765 ) ;
#3546 = LINE ( 'NONE', #880, #10118 ) ;
#3547 = VECTOR ( 'NONE', #353, 1000.000000000000000 ) ;
#3548 = CARTESIAN_POINT ( 'NONE',  ( 3.400000000000000355, 0.000000000000000000, 0.000000000000000000 ) ) ;
#3549 = EDGE_CURVE ( 'NONE', #8725, #1483, #4408, .T. ) ;
#3550 = FACE_OUTER_BOUND ( 'NONE', #7114, .T. ) ;
#3551 = ORIENTED_EDGE ( 'NONE', *, *, #9823, .F. ) ;
#3552 = EDGE_CURVE ( 'NONE', #2317, #6850, #185, .T. ) ;
#3553 = ORIENTED_EDGE ( 'NONE', *, *, #11454, .F. ) ;
#3554 = FACE_OUTER_BOUND ( 'NONE', #4014, .T. ) ;
#3555 = MECHANICAL_DESIGN_GEOMETRIC_PRESENTATION_REPRESENTATION (  '', ( #11435 ), #6498 ) ;
#3556 = CARTESIAN_POINT ( 'NONE',  ( 2.000000000000000000, 0.1952413320394011109, -1.600000000000000089 ) ) ;
#3557 = ORIENTED_EDGE ( 'NONE', *, *, #1928, .F. ) ;
#3558 = ORIENTED_EDGE ( 'NONE', *, *, #6363, .F. ) ;
#3559 = ORIENTED_EDGE ( 'NONE', *, *, #12199, .F. ) ;
#3560 = LINE ( 'NONE', #2627, #6065 ) ;
#3561 = COLOUR_RGB ( '',1.000000000000000000, 0.9490196078431372140, 0.9098039215686274384 ) ;
#3562 = CARTESIAN_POINT ( 'NONE',  ( 1.500000000000000000, 0.000000000000000000, 0.000000000000000000 ) ) ;
#3563 = CARTESIAN_POINT ( 'NONE',  ( -2.000000000000000000, 0.000000000000000000, -6.000000000000000000 ) ) ;
#3564 = FACE_OUTER_BOUND ( 'NONE', #2446, .T. ) ;
#3565 = EDGE_CURVE ( 'NONE', #8211, #11803, #3488, .T. ) ;
#3566 = ORIENTED_EDGE ( 'NONE', *, *, #1880, .T. ) ;
#3567 = EDGE_CURVE ( 'NONE', #846, #10831, #8601, .T. ) ;
#3568 = ORIENTED_EDGE ( 'NONE', *, *, #3760, .F. ) ;
#3569 = CARTESIAN_POINT ( 'NONE',  ( 2.000000000000000000, 0.000000000000000000, 0.000000000000000000 ) ) ;
#3570 = B_SPLINE_CURVE_WITH_KNOTS ( 'NONE', 3,
 ( #5027, #10651, #9715, #5618 ),
 .UNSPECIFIED., .F., .F.,
 ( 4, 4 ),
 ( 2.380749485120258738E-07, 0.001168606431211104352 ),
 .UNSPECIFIED. ) ;
#3571 = DIRECTION ( 'NONE',  ( 1.060575238724911106E-16, 0.8660254037844419273, 0.4999999999999942268 ) ) ;
#3572 = PRODUCT_DEFINITION_FORMATION_WITH_SPECIFIED_SOURCE ( 'ANY', '', #9506, .NOT_KNOWN. ) ;
#3573 = PRESENTATION_STYLE_ASSIGNMENT (( #1591 ) ) ;
#3574 = DIRECTION ( 'NONE',  ( -0.000000000000000000, 1.224649721909276639E-16, -1.000000000000000000 ) ) ;
#3575 = CARTESIAN_POINT ( 'NONE',  ( -4.000000000000003553, 0.8999999999999998002, -22.15470053837915643 ) ) ;
#3576 = CARTESIAN_POINT ( 'NONE',  ( 0.9999999999999997780, 0.000000000000000000, 0.000000000000000000 ) ) ;
#3577 = CARTESIAN_POINT ( 'NONE',  ( -2.000000000000001776, 0.9000000000000003553, -2.999999999999891642 ) ) ;
#3578 = CARTESIAN_POINT ( 'NONE',  ( 0.000000000000000000, 0.000000000000000000, 0.000000000000000000 ) ) ;
#3579 = AXIS2_PLACEMENT_3D ( 'NONE', #9635, #5993, #1180 ) ;
#3580 = CARTESIAN_POINT ( 'NONE',  ( -21.50000000000000000, 6.123233995736766036E-17, 0.5000000000000000000 ) ) ;
#3581 = EDGE_CURVE ( 'NONE', #7528, #7694, #7432, .T. ) ;
#3582 = CARTESIAN_POINT ( 'NONE',  ( 1.000000000000000444, -1.732050807568876971, 0.000000000000000000 ) ) ;
#3583 = EDGE_LOOP ( 'NONE', ( #8844, #9021, #5527, #741 ) ) ;
#3584 = CARTESIAN_POINT ( 'NONE',  ( 0.000000000000000000, 0.000000000000000000, -0.1291166393111727595 ) ) ;
#3585 = FILL_AREA_STYLE ('',( #10169 ) ) ;
#3586 = DIRECTION ( 'NONE',  ( -0.000000000000000000, 1.224649721909276639E-16, -1.000000000000000000 ) ) ;
#3588 = EDGE_LOOP ( 'NONE', ( #9914, #11723, #3012 ) ) ;
#3587 = LINE ( 'NONE', #9255, #4303 ) ;
#3589 = CARTESIAN_POINT ( 'NONE',  ( 3.500000000000000000, 0.000000000000000000, 0.000000000000000000 ) ) ;
#3590 = EDGE_CURVE ( 'NONE', #7567, #4299, #10581, .T. ) ;
#3591 = DIRECTION ( 'NONE',  ( 0.000000000000000000, 0.000000000000000000, -1.000000000000000000 ) ) ;
#3592 = ORIENTED_EDGE ( 'NONE', *, *, #7104, .T. ) ;
#3593 = VERTEX_POINT ( 'NONE', #513 ) ;
#3594 = FACE_OUTER_BOUND ( 'NONE', #8916, .T. ) ;
#3595 = DIRECTION ( 'NONE',  ( -0.000000000000000000, 1.224649721909276639E-16, -1.000000000000000000 ) ) ;
#3596 = B_SPLINE_CURVE_WITH_KNOTS ( 'NONE', 3,
 ( #4289, #3300, #5203, #3484, #7116, #11074, #702, #2623, #1442, #6374 ),
 .UNSPECIFIED., .F., .F.,
 ( 4, 2, 2, 2, 4 ),
 ( 3.080804719756673455E-07, 0.0001229100959910596382, 0.0002455121115101435974, 0.0003681141270292274752, 0.0004907161425483112446 ),
 .UNSPECIFIED. ) ;
#3597 = ADVANCED_FACE ( 'NONE', ( #3372 ), #9948, .F. ) ;
#3598 = DIRECTION ( 'NONE',  ( 0.000000000000000000, 1.000000000000000000, 0.000000000000000000 ) ) ;
#3599 = ORIENTED_EDGE ( 'NONE', *, *, #10753, .T. ) ;
#3600 = AXIS2_PLACEMENT_3D ( 'NONE', #2967, #2729, #4694 ) ;
#3601 = CYLINDRICAL_SURFACE ( 'NONE', #4132, 2.500000000000002220 ) ;
#3602 = ORIENTED_EDGE ( 'NONE', *, *, #4800, .T. ) ;
#3603 = EDGE_LOOP ( 'NONE', ( #3870, #7498, #1281 ) ) ;
#3604 = CARTESIAN_POINT ( 'NONE',  ( -3.001000000000000334, 0.000000000000000000, 0.000000000000000000 ) ) ;
#3605 = EDGE_CURVE ( 'NONE', #708, #4277, #8803, .T. ) ;
#3606 = CARTESIAN_POINT ( 'NONE',  ( 1.690852290477400821, -9.550261755315450074, 1037.600000000006958 ) ) ;
#3607 = EDGE_CURVE ( 'NONE', #2114, #2148, #6372, .T. ) ;
#3608 = LINE ( 'NONE', #9278, #9595 ) ;
#3609 = DIRECTION ( 'NONE',  ( -0.000000000000000000, -1.000000000000000000, -0.000000000000000000 ) ) ;
#3610 = VERTEX_POINT ( 'NONE', #6444 ) ;
#3611 = DIRECTION ( 'NONE',  ( 1.000000000000000000, 0.000000000000000000, 0.000000000000000000 ) ) ;
#3612 = FACE_OUTER_BOUND ( 'NONE', #4165, .T. ) ;
#3613 = CARTESIAN_POINT ( 'NONE',  ( 2.000000000000000000, 0.000000000000000000, 0.000000000000000000 ) ) ;
#3614 = PRODUCT_RELATED_PRODUCT_CATEGORY ( 'part', '', ( #12193 ) ) ;
#3615 = EDGE_LOOP ( 'NONE', ( #10075, #9267, #5278, #430 ) ) ;
#3616 = DIRECTION ( 'NONE',  ( 1.000000000000000000, 0.000000000000000000, 0.000000000000000000 ) ) ;
#3617 = CARTESIAN_POINT ( 'NONE',  ( -2.000000000000000000, 0.9679918988505297195, -0.1247346533081140629 ) ) ;
#3618 = CARTESIAN_POINT ( 'NONE',  ( 1.672828002720946117, -1.343593379079623285, -0.06957546252590439406 ) ) ;
#3619 = EDGE_LOOP ( 'NONE', ( #4792, #2693, #3001, #9547 ) ) ;
#3620 = ORIENTED_EDGE ( 'NONE', *, *, #1799, .T. ) ;
#3621 = CARTESIAN_POINT ( 'NONE',  ( 0.000000000000000000, 4.898598887637106556E-16, -3.600000000000000089 ) ) ;
#3622 = CARTESIAN_POINT ( 'NONE',  ( 4.099999999999999645, 0.000000000000000000, -0.3999999999999987454 ) ) ;
#3623 = CIRCLE ( 'NONE', #2041, 0.3062499999999995781 ) ;
#3624 = DIRECTION ( 'NONE',  ( 0.000000000000000000, 0.000000000000000000, 1.000000000000000000 ) ) ;
#3625 = DIRECTION ( 'NONE',  ( -1.000000000000000000, 0.000000000000000000, 0.000000000000000000 ) ) ;
#3626 = ADVANCED_FACE ( 'NONE', ( #11075 ), #5075, .T. ) ;
#3627 = ORIENTED_EDGE ( 'NONE', *, *, #9310, .T. ) ;
#3628 = DIRECTION ( 'NONE',  ( 0.000000000000000000, 0.000000000000000000, 1.000000000000000000 ) ) ;
#3629 = EDGE_CURVE ( 'NONE', #8978, #4707, #2624, .T. ) ;
#3630 = CARTESIAN_POINT ( 'NONE',  ( 8.500000000000000000, 2.500000000000000000, -21.00000000000000000 ) ) ;
#3631 = SURFACE_SIDE_STYLE ('',( #11408 ) ) ;
#3632 = AXIS2_PLACEMENT_3D ( 'NONE', #11176, #11044, #9257 ) ;
#3633 = LINE ( 'NONE', #10909, #5447 ) ;
#3634 = ORIENTED_EDGE ( 'NONE', *, *, #11865, .T. ) ;
#3635 = DIRECTION ( 'NONE',  ( -0.000000000000000000, 0.000000000000000000, 1.000000000000000000 ) ) ;
#3636 = B_SPLINE_CURVE_WITH_KNOTS ( 'NONE', 3,
 ( #1830, #4779, #2759, #8354, #3863, #5537 ),
 .UNSPECIFIED., .F., .F.,
 ( 4, 2, 4 ),
 ( 0.002060137505873420490, 0.002644210467598552897, 0.003228283429323685304 ),
 .UNSPECIFIED. ) ;
#3637 = CIRCLE ( 'NONE', #1467, 1.000000000000000000 ) ;
#3638 = DIRECTION ( 'NONE',  ( 0.000000000000000000, 0.000000000000000000, -1.000000000000000000 ) ) ;
#3640 = ORIENTED_EDGE ( 'NONE', *, *, #10149, .F. ) ;
#3639 = DIRECTION ( 'NONE',  ( -0.000000000000000000, 1.224649721909276639E-16, -1.000000000000000000 ) ) ;
#3641 = DIRECTION ( 'NONE',  ( -1.000000000000000000, 0.000000000000000000, 0.000000000000000000 ) ) ;
#3642 = CARTESIAN_POINT ( 'NONE',  ( 0.000000000000000000, 0.000000000000000000, 0.000000000000000000 ) ) ;
#3643 = EDGE_CURVE ( 'NONE', #4111, #11127, #12129, .T. ) ;
#3644 = ORIENTED_EDGE ( 'NONE', *, *, #1504, .F. ) ;
#3645 = EDGE_LOOP ( 'NONE', ( #7931, #7354, #4407, #3377 ) ) ;
#3646 = DIRECTION ( 'NONE',  ( -1.000000000000000000, 0.000000000000000000, 0.000000000000000000 ) ) ;
#3647 = DIRECTION ( 'NONE',  ( -1.000000000000000000, -3.552713678800500929E-15, 0.000000000000000000 ) ) ;
#3648 = AXIS2_PLACEMENT_3D ( 'NONE', #8733, #11711, #10715 ) ;
#3649 = DIRECTION ( 'NONE',  ( 0.000000000000000000, 0.000000000000000000, -1.000000000000000000 ) ) ;
#3650 = ADVANCED_FACE ( 'NONE', ( #3612 ), #704, .T. ) ;
#3651 = VERTEX_POINT ( 'NONE', #4593 ) ;
#3652 = CARTESIAN_POINT ( 'NONE',  ( 3.000000000000000000, 0.000000000000000000, 0.5000000000000000000 ) ) ;
#3653 = EDGE_CURVE ( 'NONE', #4930, #11642, #3303, .T. ) ;
#3654 = AXIS2_PLACEMENT_3D ( 'NONE', #6923, #9350, #3039 ) ;
#3655 = ORIENTED_EDGE ( 'NONE', *, *, #10238, .F. ) ;
#3656 = EDGE_LOOP ( 'NONE', ( #400, #8346, #1147 ) ) ;
#3657 = DIRECTION ( 'NONE',  ( 0.8660254037844393737, 0.000000000000000000, 0.4999999999999987788 ) ) ;
#3658 = ORIENTED_EDGE ( 'NONE', *, *, #4678, .T. ) ;
#3659 = AXIS2_PLACEMENT_3D ( 'NONE', #8264, #11109, #6411 ) ;
#3660 = DIRECTION ( 'NONE',  ( 0.5000000000000004441, 0.000000000000000000, -0.8660254037844383745 ) ) ;
#3661 = CARTESIAN_POINT ( 'NONE',  ( -2.000000000000000000, -1.154700538379254349, -1.421367205045916737 ) ) ;
#3662 =( NAMED_UNIT ( * ) SI_UNIT ( $, .STERADIAN. ) SOLID_ANGLE_UNIT ( ) );
#3663 = ORIENTED_EDGE ( 'NONE', *, *, #2739, .F. ) ;
#3664 = CARTESIAN_POINT ( 'NONE',  ( -2.000000000000000000, 0.1952413320394005836, 7.623296525288699970E-18 ) ) ;
#3665 = FACE_OUTER_BOUND ( 'NONE', #8126, .T. ) ;
#3666 = AXIS2_PLACEMENT_3D ( 'NONE', #8921, #7942, #10600 ) ;
#3667 = CIRCLE ( 'NONE', #4836, 0.8156023289305076585 ) ;
#3668 = ORIENTED_EDGE ( 'NONE', *, *, #6894, .T. ) ;
#3669 = ADVANCED_FACE ( 'NONE', ( #7541 ), #5391, .T. ) ;
#3670 = ADVANCED_FACE ( 'NONE', ( #8225 ), #11318, .F. ) ;
#3671 = ORIENTED_EDGE ( 'NONE', *, *, #10784, .T. ) ;
#3672 = DIRECTION ( 'NONE',  ( -0.000000000000000000, -0.000000000000000000, 1.000000000000000000 ) ) ;
#3673 = CIRCLE ( 'NONE', #5037, 1.000000000000000000 ) ;
#3674 = CARTESIAN_POINT ( 'NONE',  ( 0.9000000000000000222, 6.123233995736766036E-17, -0.5000000000000000000 ) ) ;
#3675 = CARTESIAN_POINT ( 'NONE',  ( 5.500000000000001776, 0.2999999999999825584, -2.999999999999891642 ) ) ;
#3676 = SURFACE_STYLE_FILL_AREA ( #6386 ) ;
#3677 = VECTOR ( 'NONE', #11720, 1000.000000000000000 ) ;
#3678 = CARTESIAN_POINT ( 'NONE',  ( 0.000000000000000000, -0.9999999999999993339, -3.469518839163146406 ) ) ;
#3679 = ORIENTED_EDGE ( 'NONE', *, *, #1820, .F. ) ;
#3680 = AXIS2_PLACEMENT_3D ( 'NONE', #8789, #5847, #8722 ) ;
#3681 = ORIENTED_EDGE ( 'NONE', *, *, #3549, .F. ) ;
#3682 = CARTESIAN_POINT ( 'NONE',  ( 0.8302646929203286730, -1.830047532802312249, -1.600000000000000089 ) ) ;
#3683 = CARTESIAN_POINT ( 'NONE',  ( -2.000000000000000000, -1.154700538379254349, -0.1786327949540832127 ) ) ;
#3684 = AXIS2_PLACEMENT_3D ( 'NONE', #469, #11533, #4244 ) ;
#3685 = AXIS2_PLACEMENT_3D ( 'NONE', #6382, #11081, #4358 ) ;
#3686 = PLANE ( 'NONE',  #6422 ) ;
#3687 = CARTESIAN_POINT ( 'NONE',  ( 3.000000000000000000, 0.000000000000000000, 4.000000000000000000 ) ) ;
#3688 = DIRECTION ( 'NONE',  ( 0.000000000000000000, 0.000000000000000000, -1.000000000000000000 ) ) ;
#3689 = AXIS2_PLACEMENT_3D ( 'NONE', #4370, #10963, #3395 ) ;
#3690 = ORIENTED_EDGE ( 'NONE', *, *, #6056, .F. ) ;
#3691 = VECTOR ( 'NONE', #9664, 1000.000000000000000 ) ;
#3692 = LINE ( 'NONE', #11224, #4485 ) ;
#3693 = CARTESIAN_POINT ( 'NONE',  ( 3.500000000000000000, 9.199999999999999289, -22.50000000000000000 ) ) ;
#3694 = CARTESIAN_POINT ( 'NONE',  ( 2.000000000000000000, 0.000000000000000000, 0.000000000000000000 ) ) ;
#3695 = SURFACE_SIDE_STYLE ('',( #666 ) ) ;
#3696 = LINE ( 'NONE', #1967, #4069 ) ;
#3697 = VECTOR ( 'NONE', #580, 1000.000000000000000 ) ;
#3698 = EDGE_CURVE ( 'NONE', #6107, #1363, #888, .T. ) ;
#3699 = VECTOR ( 'NONE', #4213, 1000.000000000000000 ) ;
#3700 = EDGE_CURVE ( 'NONE', #6786, #8652, #7488, .T. ) ;
#3701 = DIRECTION ( 'NONE',  ( -0.000000000000000000, -0.000000000000000000, 1.000000000000000000 ) ) ;
#3702 = DIRECTION ( 'NONE',  ( 1.000000000000000000, 0.000000000000000000, 0.000000000000000000 ) ) ;
#3703 = VECTOR ( 'NONE', #3291, 1000.000000000000227 ) ;
#3704 = CARTESIAN_POINT ( 'NONE',  ( 0.000000000000000000, 9.199999999999999289, -18.50000000000000355 ) ) ;
#3706 = ORIENTED_EDGE ( 'NONE', *, *, #2902, .F. ) ;
#3705 = PLANE ( 'NONE',  #11204 ) ;
#3707 = CARTESIAN_POINT ( 'NONE',  ( 0.000000000000000000, 5.058392604970359998E-16, -3.730481160836854215 ) ) ;
#3708 = DIRECTION ( 'NONE',  ( -1.000000000000000000, 0.000000000000000000, 0.000000000000000000 ) ) ;
#3709 = PRODUCT_DEFINITION_SHAPE ( 'NONE', 'NONE',  #12147 ) ;
#3710 = ORIENTED_EDGE ( 'NONE', *, *, #8140, .F. ) ;
#3711 =( LENGTH_UNIT ( ) NAMED_UNIT ( * ) SI_UNIT ( .MILLI., .METRE. ) );
#3712 = CARTESIAN_POINT ( 'NONE',  ( 0.000000000000000000, 4.738805170303855086E-16, -1.869518839163146762 ) ) ;
#3713 = AXIS2_PLACEMENT_3D ( 'NONE', #4741, #7385, #1256 ) ;
#3714 = DIRECTION ( 'NONE',  ( 1.000000000000000000, 0.000000000000000000, 0.000000000000000000 ) ) ;
#3715 = ORIENTED_EDGE ( 'NONE', *, *, #10091, .T. ) ;
#3716 = ADVANCED_FACE ( 'NONE', ( #3665 ), #9149, .F. ) ;
#3717 = AXIS2_PLACEMENT_3D ( 'NONE', #6389, #6154, #1460 ) ;
#3718 = EDGE_LOOP ( 'NONE', ( #11917, #9643, #1203, #11686 ) ) ;
#3719 = CARTESIAN_POINT ( 'NONE',  ( 0.9000000000000000222, 0.000000000000000000, 0.000000000000000000 ) ) ;
#3720 = VECTOR ( 'NONE', #233, 1000.000000000000000 ) ;
#3721 = CARTESIAN_POINT ( 'NONE',  ( 0.000000000000000000, 0.000000000000000000, -0.3000000000000181410 ) ) ;
#3722 = ADVANCED_BREP_SHAPE_REPRESENTATION ( '', ( #4735, #8058 ), #5517 ) ;
#3723 = AXIS2_PLACEMENT_3D ( 'NONE', #4714, #9394, #8468 ) ;
#3724 = ORIENTED_EDGE ( 'NONE', *, *, #1685, .F. ) ;
#3725 = VERTEX_POINT ( 'NONE', #12012 ) ;
#3726 = VECTOR ( 'NONE', #9390, 1000.000000000000000 ) ;
#3727 = EDGE_LOOP ( 'NONE', ( #3551, #12026, #8352, #6675 ) ) ;
#3728 = PRODUCT_CONTEXT ( 'NONE', #8232, 'mechanical' ) ;
#3729 = DIRECTION ( 'NONE',  ( -0.8660254037844384856, 0.000000000000000000, 0.5000000000000004441 ) ) ;
#3730 = CARTESIAN_POINT ( 'NONE',  ( 3.599999999999999201, -2.971690854684141847, 0.8999999999999992450 ) ) ;
#3731 = VERTEX_POINT ( 'NONE', #6376 ) ;
#3732 = ADVANCED_FACE ( 'NONE', ( #7429 ), #6511, .F. ) ;
#3733 = PLANE ( 'NONE',  #4118 ) ;
#3734 = DIRECTION ( 'NONE',  ( 1.060575238724909257E-16, -0.8660254037844404840, -0.4999999999999967248 ) ) ;
#3735 = COLOUR_RGB ( '',1.000000000000000000, 1.000000000000000000, 1.000000000000000000 ) ;
#3736 = VERTEX_POINT ( 'NONE', #5461 ) ;
#3737 = EDGE_CURVE ( 'NONE', #10028, #1960, #10320, .T. ) ;
#3738 = ORIENTED_EDGE ( 'NONE', *, *, #10877, .T. ) ;
#3739 = LINE ( 'NONE', #10140, #5851 ) ;
#3740 = CIRCLE ( 'NONE', #10622, 1.099999999999996758 ) ;
#3741 = CARTESIAN_POINT ( 'NONE',  ( -0.5560518688116493635, 0.5176555429708574740, -0.7092725651034395007 ) ) ;
#3742 = CARTESIAN_POINT ( 'NONE',  ( 0.1702769162167666883, -0.7403828156981310249, -0.7092725651034381684 ) ) ;
#3743 = VECTOR ( 'NONE', #12020, 1000.000000000000114 ) ;
#3744 = COLOUR_RGB ( '',0.8980392156862745390, 0.9176470588235293713, 0.9294117647058823817 ) ;
#3745 = DIRECTION ( 'NONE',  ( -1.000000000000000000, 8.881784197001252323E-16, 0.000000000000000000 ) ) ;
#3746 = ORIENTED_EDGE ( 'NONE', *, *, #3567, .F. ) ;
#3747 = ORIENTED_EDGE ( 'NONE', *, *, #950, .F. ) ;
#3748 = EDGE_CURVE ( 'NONE', #5941, #4178, #773, .T. ) ;
#3749 = CARTESIAN_POINT ( 'NONE',  ( 2.000000000000000000, 0.000000000000000000, 0.000000000000000000 ) ) ;
#3750 = CARTESIAN_POINT ( 'NONE',  ( -1.672282218993687675, -1.343908487461474177, -0.07933779981236170620 ) ) ;
#3751 = DIRECTION ( 'NONE',  ( 0.000000000000000000, 1.000000000000000000, 0.000000000000000000 ) ) ;
#3752 = VERTEX_POINT ( 'NONE', #948 ) ;
#3753 = CARTESIAN_POINT ( 'NONE',  ( -1.723518695392517009E-16, 2.110701653583067908E-32, -1.165753041649121524 ) ) ;
#3754 = DIRECTION ( 'NONE',  ( 1.000000000000000000, -0.000000000000000000, -0.000000000000000000 ) ) ;
#3755 = LINE ( 'NONE', #7509, #11766 ) ;
#3756 = CARTESIAN_POINT ( 'NONE',  ( 0.000000000000000000, 0.000000000000000000, -1.600000000000000089 ) ) ;
#3757 = ITEM_DEFINED_TRANSFORMATION ( 'NONE', 'NONE', #7493,  #8058 ) ;
#3758 =( REPRESENTATION_RELATIONSHIP ('NONE','NONE', #912, #11056 ) REPRESENTATION_RELATIONSHIP_WITH_TRANSFORMATION ( #11037 )SHAPE_REPRESENTATION_RELATIONSHIP( ) );
#3759 = FILL_AREA_STYLE_COLOUR ( '', #11265 ) ;
#3760 = EDGE_CURVE ( 'NONE', #5543, #5063, #4712, .T. ) ;
#3761 = EDGE_CURVE ( 'NONE', #3752, #960, #337, .T. ) ;
#3762 = PRODUCT_DEFINITION_FORMATION_WITH_SPECIFIED_SOURCE ( 'ANY', '', #2920, .NOT_KNOWN. ) ;
#3763 = CARTESIAN_POINT ( 'NONE',  ( 3.699999999999999289, -4.001000000000000334, -0.4999999999999991673 ) ) ;
#3764 = CARTESIAN_POINT ( 'NONE',  ( 0.000000000000000000, 0.000000000000000000, -1.600000000000000089 ) ) ;
#3765 = ORIENTED_EDGE ( 'NONE', *, *, #1369, .T. ) ;
#3766 = DIRECTION ( 'NONE',  ( -0.000000000000000000, 1.224649721909276639E-16, -1.000000000000000000 ) ) ;
#3767 = CARTESIAN_POINT ( 'NONE',  ( -4.987329993433320396E-15, -2.309401076758504701, -1.421367205045916737 ) ) ;
#3768 = VERTEX_POINT ( 'NONE', #249 ) ;
#3769 = PRODUCT_DEFINITION ( 'UNKNOWN', '', #3572, #6070 ) ;
#3770 = AXIS2_PLACEMENT_3D ( 'NONE', #6193, #9950, #1513 ) ;
#3771 =( NAMED_UNIT ( * ) PLANE_ANGLE_UNIT ( ) SI_UNIT ( $, .RADIAN. ) );
#3772 = DIRECTION ( 'NONE',  ( 0.000000000000000000, -1.224649721909276639E-16, 1.000000000000000000 ) ) ;
#3773 = DIRECTION ( 'NONE',  ( 1.000000000000000000, -0.000000000000000000, -0.000000000000000000 ) ) ;
#3774 = VERTEX_POINT ( 'NONE', #9639 ) ;
#3775 = PLANE ( 'NONE',  #5838 ) ;
#3776 = CARTESIAN_POINT ( 'NONE',  ( 4.099999999999999645, -2.971690854684141847, 0.8999999999999992450 ) ) ;
#3777 = ORIENTED_EDGE ( 'NONE', *, *, #11985, .F. ) ;
#3778 = DIRECTION ( 'NONE',  ( -0.000000000000000000, -1.000000000000000000, 0.000000000000000000 ) ) ;
#3779 = CARTESIAN_POINT ( 'NONE',  ( -0.9365230391922001463, 0.000000000000000000, -500000.0000000000582 ) ) ;
#3780 = ORIENTED_EDGE ( 'NONE', *, *, #6224, .T. ) ;
#3781 = ADVANCED_FACE ( 'NONE', ( #5709 ), #1129, .T. ) ;
#3782 = ORIENTED_EDGE ( 'NONE', *, *, #12119, .F. ) ;
#3783 = ADVANCED_FACE ( 'NONE', ( #6689, #10506 ), #3915, .F. ) ;
#3784 = VERTEX_POINT ( 'NONE', #7777 ) ;
#3785 = ORIENTED_EDGE ( 'NONE', *, *, #1046, .T. ) ;
#3786 = SHAPE_DEFINITION_REPRESENTATION ( #6245, #10605 ) ;
#3787 = LINE ( 'NONE', #7538, #3109 ) ;
#3788 =( NAMED_UNIT ( * ) PLANE_ANGLE_UNIT ( ) SI_UNIT ( $, .RADIAN. ) );
#3789 = DIRECTION ( 'NONE',  ( 1.000000000000000000, 0.000000000000000000, 0.000000000000000000 ) ) ;
#3790 = EDGE_LOOP ( 'NONE', ( #8101, #2540, #4877, #7799 ) ) ;
#3791 = DIRECTION ( 'NONE',  ( 1.000000000000000000, -0.000000000000000000, -0.000000000000000000 ) ) ;
#3792 = LINE ( 'NONE', #11319, #1357 ) ;
#3793 = ORIENTED_EDGE ( 'NONE', *, *, #9689, .T. ) ;
#3794 = DIRECTION ( 'NONE',  ( -1.000000000000000000, 0.000000000000000000, 0.000000000000000000 ) ) ;
#3795 = ADVANCED_FACE ( 'NONE', ( #4890 ), #1058, .T. ) ;
#3796 = CONICAL_SURFACE ( 'NONE', #3201, 2.000000000000000000, 1.047197551196596299 ) ;
#3797 = CARTESIAN_POINT ( 'NONE',  ( -4.000000000000003553, 0.8999999999999998002, -19.84529946162065883 ) ) ;
#3798 = DIRECTION ( 'NONE',  ( -0.000000000000000000, 1.224649721909276639E-16, -1.000000000000000000 ) ) ;
#3799 = PRESENTATION_STYLE_ASSIGNMENT (( #6807 ) ) ;
#3800 = B_SPLINE_CURVE_WITH_KNOTS ( 'NONE', 3,
 ( #7447, #5600, #6638, #3750, #9237, #8356 ),
 .UNSPECIFIED., .F., .F.,
 ( 4, 2, 4 ),
 ( 0.001168606431211104352, 0.001750609284260045383, 0.002332612137308986630 ),
 .UNSPECIFIED. ) ;
#3801 = DIRECTION ( 'NONE',  ( -0.000000000000000000, 0.000000000000000000, 1.000000000000000000 ) ) ;
#3802 = ORIENTED_EDGE ( 'NONE', *, *, #222, .F. ) ;
#3803 = DIRECTION ( 'NONE',  ( 0.000000000000000000, 1.000000000000000000, 0.000000000000000000 ) ) ;
#3804 = ADVANCED_FACE ( 'NONE', ( #6796 ), #70, .F. ) ;
#3805 = DIRECTION ( 'NONE',  ( 1.000000000000000000, -0.000000000000000000, -0.000000000000000000 ) ) ;
#3806 = EDGE_LOOP ( 'NONE', ( #1762, #2859, #9722 ) ) ;
#3807 = DIRECTION ( 'NONE',  ( 0.000000000000000000, 0.000000000000000000, -1.000000000000000000 ) ) ;
#3808 = DIRECTION ( 'NONE',  ( 0.000000000000000000, -0.000000000000000000, 1.000000000000000000 ) ) ;
#3809 = ORIENTED_EDGE ( 'NONE', *, *, #8600, .T. ) ;
#3810 = LINE ( 'NONE', #7507, #10777 ) ;
#3811 = EDGE_CURVE ( 'NONE', #9017, #10679, #312, .T. ) ;
#3812 = CARTESIAN_POINT ( 'NONE',  ( 0.9526279441628808797, -0.5500000000000002665, -0.3000000000000181410 ) ) ;
#3813 = CARTESIAN_POINT ( 'NONE',  ( 0.8000000000000000444, -0.8000000000000000444, -1.500000000000000000 ) ) ;
#3814 =( NAMED_UNIT ( * ) PLANE_ANGLE_UNIT ( ) SI_UNIT ( $, .RADIAN. ) );
#3815 = DIRECTION ( 'NONE',  ( -0.000000000000000000, -0.000000000000000000, 1.000000000000000000 ) ) ;
#3816 = FACE_OUTER_BOUND ( 'NONE', #3035, .T. ) ;
#3817 = FACE_OUTER_BOUND ( 'NONE', #5344, .T. ) ;
#3818 = CIRCLE ( 'NONE', #10706, 0.7740000000000000213 ) ;
#3819 = DIRECTION ( 'NONE',  ( -0.000000000000000000, 0.000000000000000000, -1.000000000000000000 ) ) ;
#3820 = DIRECTION ( 'NONE',  ( 0.000000000000000000, 0.000000000000000000, -1.000000000000000000 ) ) ;
#3821 = DIRECTION ( 'NONE',  ( -1.000000000000000000, 0.000000000000000000, 0.000000000000000000 ) ) ;
#3822 = EDGE_CURVE ( 'NONE', #9114, #1829, #4092, .T. ) ;
#3823 = EDGE_CURVE ( 'NONE', #1107, #4651, #5942, .T. ) ;
#3824 = CIRCLE ( 'NONE', #1258, 1.949999999999999734 ) ;
#3825 = ORIENTED_EDGE ( 'NONE', *, *, #5314, .F. ) ;
#3826 = PRESENTATION_LAYER_ASSIGNMENT (  '', '', ( #2248 ) ) ;
#3827 = UNCERTAINTY_MEASURE_WITH_UNIT (LENGTH_MEASURE( 1.000000000000000082E-05 ), #4259, 'distance_accuracy_value', 'NONE');
#3828 = FACE_OUTER_BOUND ( 'NONE', #7175, .T. ) ;
#3829 = LINE ( 'NONE', #5969, #11002 ) ;
#3830 = ORIENTED_EDGE ( 'NONE', *, *, #11276, .T. ) ;
#3831 = AXIS2_PLACEMENT_3D ( 'NONE', #9673, #1217, #9727 ) ;
#3832 = LINE ( 'NONE', #5688, #1500 ) ;
#3833 = DIRECTION ( 'NONE',  ( 0.000000000000000000, 1.000000000000000000, 0.000000000000000000 ) ) ;
#3834 = ORIENTED_EDGE ( 'NONE', *, *, #4726, .T. ) ;
#3835 = SHAPE_REPRESENTATION ( 'hex nut style 1 gradeab_iso_ISO - 4032 - M2 - D - N', ( #8058 ), #10639 ) ;
#3836 = DIRECTION ( 'NONE',  ( 0.000000000000000000, 0.000000000000000000, 1.000000000000000000 ) ) ;
#3837 = ORIENTED_EDGE ( 'NONE', *, *, #5713, .F. ) ;
#3838 = ORIENTED_EDGE ( 'NONE', *, *, #309, .F. ) ;
#3839 = VECTOR ( 'NONE', #4367, 1000.000000000000000 ) ;
#3840 = VERTEX_POINT ( 'NONE', #5765 ) ;
#3841 = CARTESIAN_POINT ( 'NONE',  ( 0.000000000000000000, 4.898598887637106556E-16, -2.400000000000000355 ) ) ;
#3842 = PRODUCT_CONTEXT ( 'NONE', #9269, 'mechanical' ) ;
#3843 = CIRCLE ( 'NONE', #4044, 2.000000000000000000 ) ;
#3844 = CARTESIAN_POINT ( 'NONE',  ( 0.7812177826491106813, 0.3500000000000013656, -500000.0000000000582 ) ) ;
#3845 = CARTESIAN_POINT ( 'NONE',  ( 0.000000000000000000, 0.7740000000000005764, -3.600000000000000089 ) ) ;
#3846 = ORIENTED_EDGE ( 'NONE', *, *, #8581, .T. ) ;
#3847 = ADVANCED_FACE ( 'NONE', ( #5817 ), #9566, .T. ) ;
#3848 = EDGE_CURVE ( 'NONE', #11375, #11127, #10999, .T. ) ;
#3849 = DIRECTION ( 'NONE',  ( -1.000000000000000000, -0.000000000000000000, -0.000000000000000000 ) ) ;
#3850 = DIRECTION ( 'NONE',  ( 0.000000000000000000, 1.000000000000000000, 0.000000000000000000 ) ) ;
#3851 = AXIS2_PLACEMENT_3D ( 'NONE', #3719, #7527, #2906 ) ;
#3852 = PRESENTATION_LAYER_ASSIGNMENT (  '', '', ( #8566 ) ) ;
#3853 = ORIENTED_EDGE ( 'NONE', *, *, #8823, .T. ) ;
#3854 = LINE ( 'NONE', #10325, #6434 ) ;
#3855 = DIRECTION ( 'NONE',  ( 0.000000000000000000, 0.000000000000000000, -1.000000000000000000 ) ) ;
#3856 = PRODUCT_DEFINITION_CONTEXT ( 'detailed design', #2026, 'design' ) ;
#3857 = PLANE ( 'NONE',  #7989 ) ;
#3858 = DIRECTION ( 'NONE',  ( -0.5000000000000009992, 0.000000000000000000, -0.8660254037844380415 ) ) ;
#3859 = SURFACE_STYLE_FILL_AREA ( #9403 ) ;
#3860 = CARTESIAN_POINT ( 'NONE',  ( 0.7812177826491109034, -0.3500000000000007550, 0.000000000000000000 ) ) ;
#3861 = ORIENTED_EDGE ( 'NONE', *, *, #394, .T. ) ;
#3862 = EDGE_LOOP ( 'NONE', ( #7887, #9122, #5435, #4463, #163, #1926 ) ) ;
#3863 = CARTESIAN_POINT ( 'NONE',  ( 2.000000000000000000, -0.1951254011572754188, -1.600000000000000089 ) ) ;
#3864 = AXIS2_PLACEMENT_3D ( 'NONE', #8984, #11033, #8248 ) ;
#3865 = EDGE_CURVE ( 'NONE', #1563, #3171, #201, .T. ) ;
#3866 = DIRECTION ( 'NONE',  ( 0.000000000000000000, 0.000000000000000000, 1.000000000000000000 ) ) ;
#3867 = CIRCLE ( 'NONE', #7598, 1.999999999999999556 ) ;
#3868 = CARTESIAN_POINT ( 'NONE',  ( 0.8000000000000000444, 12.50000000000000000, 0.000000000000000000 ) ) ;
#3869 = ADVANCED_BREP_SHAPE_REPRESENTATION ( '', ( #8620, #8058 ), #8852 ) ;
#3870 = ORIENTED_EDGE ( 'NONE', *, *, #11095, .T. ) ;
#3871 = LINE ( 'NONE', #3753, #1906 ) ;
#3872 = ORIENTED_EDGE ( 'NONE', *, *, #9742, .F. ) ;
#3873 = AXIS2_PLACEMENT_3D ( 'NONE', #9248, #2881, #4791 ) ;
#3874 = DIRECTION ( 'NONE',  ( 0.000000000000000000, 1.000000000000000000, 0.000000000000000000 ) ) ;
#3875 = EDGE_CURVE ( 'NONE', #2131, #3542, #11505, .T. ) ;
#3876 = CARTESIAN_POINT ( 'NONE',  ( 2.000000000000000000, 0.000000000000000000, 0.000000000000000000 ) ) ;
#3877 = DIRECTION ( 'NONE',  ( 7.511572993685793184E-16, 0.000000000000000000, 1.000000000000000000 ) ) ;
#3878 = AXIS2_PLACEMENT_3D ( 'NONE', #6898, #2398, #8736 ) ;
#3879 = ORIENTED_EDGE ( 'NONE', *, *, #3064, .F. ) ;
#3880 = CIRCLE ( 'NONE', #7215, 1.000000000000000000 ) ;
#3881 = EDGE_CURVE ( 'NONE', #6427, #7750, #7642, .T. ) ;
#3882 = CARTESIAN_POINT ( 'NONE',  ( 0.000000000000000000, 0.000000000000000000, -3.300000000000018918 ) ) ;
#3883 = CIRCLE ( 'NONE', #2302, 1.099999999999996758 ) ;
#3884 = DIRECTION ( 'NONE',  ( 0.000000000000000000, 1.000000000000000000, 0.000000000000000000 ) ) ;
#3885 = LINE ( 'NONE', #8619, #10125 ) ;
#3886 = CARTESIAN_POINT ( 'NONE',  ( 0.9000000000000000222, 0.000000000000000000, 0.000000000000000000 ) ) ;
#3887 = AXIS2_PLACEMENT_3D ( 'NONE', #4156, #10691, #384 ) ;
#3888 = AXIS2_PLACEMENT_3D ( 'NONE', #6255, #11940, #1760 ) ;
#3889 = VERTEX_POINT ( 'NONE', #3166 ) ;
#3890 = DIRECTION ( 'NONE',  ( -1.000000000000000000, -0.000000000000000000, -0.000000000000000000 ) ) ;
#3891 = VECTOR ( 'NONE', #8485, 1000.000000000000000 ) ;
#3892 = CIRCLE ( 'NONE', #4675, 1.000000000000000000 ) ;
#3893 = PRESENTATION_STYLE_ASSIGNMENT (( #1853 ) ) ;
#3894 = CIRCLE ( 'NONE', #1916, 0.9999999999999997780 ) ;
#3895 = ORIENTED_EDGE ( 'NONE', *, *, #10330, .T. ) ;
#3896 = EDGE_CURVE ( 'NONE', #4136, #4851, #5684, .T. ) ;
#3897 = CIRCLE ( 'NONE', #3887, 1.000000000000000000 ) ;
#3898 = ADVANCED_FACE ( 'NONE', ( #9695 ), #5004, .F. ) ;
#3899 = DIRECTION ( 'NONE',  ( 0.000000000000000000, -0.000000000000000000, 1.000000000000000000 ) ) ;
#3900 = ORIENTED_EDGE ( 'NONE', *, *, #5825, .F. ) ;
#3901 = AXIS2_PLACEMENT_3D ( 'NONE', #9009, #9930, #9992 ) ;
#3902 = DIRECTION ( 'NONE',  ( -1.000000000000000000, 0.000000000000000000, -0.000000000000000000 ) ) ;
#3903 = CARTESIAN_POINT ( 'NONE',  ( 0.000000000000000000, 17.00000000000000000, -8.732195743157015855 ) ) ;
#3904 = EDGE_LOOP ( 'NONE', ( #2106, #6352, #10538, #5987 ) ) ;
#3905 = VERTEX_POINT ( 'NONE', #1171 ) ;
#3906 = AXIS2_PLACEMENT_3D ( 'NONE', #11148, #10225, #6525 ) ;
#3907 = VERTEX_POINT ( 'NONE', #1359 ) ;
#3908 = DIRECTION ( 'NONE',  ( 0.000000000000000000, 0.000000000000000000, -1.000000000000000000 ) ) ;
#3909 = AXIS2_PLACEMENT_3D ( 'NONE', #11921, #4331, #3466 ) ;
#3910 = CARTESIAN_POINT ( 'NONE',  ( 3.000000000000000000, 0.000000000000000000, 2.000000000000000000 ) ) ;
#3911 = PLANE ( 'NONE',  #2185 ) ;
#3912 = ORIENTED_EDGE ( 'NONE', *, *, #7280, .F. ) ;
#3913 = EDGE_CURVE ( 'NONE', #8602, #11849, #10206, .T. ) ;
#3914 = SHAPE_REPRESENTATION ( 'MancalEsquerdo', ( #8058 ), #9835 ) ;
#3915 = PLANE ( 'NONE',  #8024 ) ;
#3916 = FACE_OUTER_BOUND ( 'NONE', #775, .T. ) ;
#3917 = DIRECTION ( 'NONE',  ( -1.000000000000000000, 0.000000000000000000, -0.000000000000000000 ) ) ;
#3918 = AXIS2_PLACEMENT_3D ( 'NONE', #9320, #8501, #7006 ) ;
#3919 = VERTEX_POINT ( 'NONE', #7516 ) ;
#3920 = CARTESIAN_POINT ( 'NONE',  ( 2.000000000000000000, 1.154700538379254349, -1.421367205045916737 ) ) ;
#3921 =( REPRESENTATION_RELATIONSHIP ('NONE','NONE', #912, #3914 ) REPRESENTATION_RELATIONSHIP_WITH_TRANSFORMATION ( #374 )SHAPE_REPRESENTATION_RELATIONSHIP( ) );
#3922 = DIRECTION ( 'NONE',  ( -0.000000000000000000, 1.224649721909276639E-16, -1.000000000000000000 ) ) ;
#3923 = ORIENTED_EDGE ( 'NONE', *, *, #4103, .T. ) ;
#3924 = ADVANCED_FACE ( 'NONE', ( #9483 ), #9311, .T. ) ;
#3925 = CARTESIAN_POINT ( 'NONE',  ( 0.6062177826491109700, 0.3500000000000013656, -500000.0000000000582 ) ) ;
#3926 = CARTESIAN_POINT ( 'NONE',  ( -0.1631781751318187312, 2.215190113420277385, -1.475759930090788874 ) ) ;
#3927 =( NAMED_UNIT ( * ) PLANE_ANGLE_UNIT ( ) SI_UNIT ( $, .RADIAN. ) );
#3928 = AXIS2_PLACEMENT_3D ( 'NONE', #2301, #2419, #5193 ) ;
#3929 = CARTESIAN_POINT ( 'NONE',  ( -2.000000000000001776, 0.000000000000000000, -2.999999999999891642 ) ) ;
#3930 = VECTOR ( 'NONE', #10396, 999.9999999999998863 ) ;
#3931 = VERTEX_POINT ( 'NONE', #9708 ) ;
#3932 = ORIENTED_EDGE ( 'NONE', *, *, #1016, .F. ) ;
#3933 = CARTESIAN_POINT ( 'NONE',  ( -1.339247740005897080, -1.536186033554502339, -0.01710519872702283631 ) ) ;
#3934 = ORIENTED_EDGE ( 'NONE', *, *, #5616, .T. ) ;
#3935 = VECTOR ( 'NONE', #7424, 1000.000000000000000 ) ;
#3936 = VERTEX_POINT ( 'NONE', #8370 ) ;
#3937 = AXIS2_PLACEMENT_3D ( 'NONE', #11712, #7656, #11433 ) ;
#3938 =( LENGTH_UNIT ( ) NAMED_UNIT ( * ) SI_UNIT ( .MILLI., .METRE. ) );
#3939 = ORIENTED_EDGE ( 'NONE', *, *, #2469, .F. ) ;
#3940 = CARTESIAN_POINT ( 'NONE',  ( 0.7812177826497540556, 0.3500000000114287246, -0.6513934606268929617 ) ) ;
#3941 = ORIENTED_EDGE ( 'NONE', *, *, #7280, .T. ) ;
#3942 = MECHANICAL_DESIGN_GEOMETRIC_PRESENTATION_REPRESENTATION (  '', ( #3541 ), #2161 ) ;
#3943 = CYLINDRICAL_SURFACE ( 'NONE', #11772, 1.500000000000001332 ) ;
#3944 = ADVANCED_FACE ( 'NONE', ( #8312 ), #10346, .F. ) ;
#3945 = EDGE_CURVE ( 'NONE', #10450, #6572, #155, .T. ) ;
#3946 = DIRECTION ( 'NONE',  ( 1.000000000000000000, -0.000000000000000000, -0.000000000000000000 ) ) ;
#3947 = FILL_AREA_STYLE ('',( #6764 ) ) ;
#3948 = CARTESIAN_POINT ( 'NONE',  ( 0.000000000000000000, 2.309401076758504701, -0.1786327949540832127 ) ) ;
#3949 = ORIENTED_EDGE ( 'NONE', *, *, #9689, .F. ) ;
#3950 = CARTESIAN_POINT ( 'NONE',  ( 0.6592570625839772047, 1.928778834210482351, 1.192706214622512997E-15 ) ) ;
#3951 = CARTESIAN_POINT ( 'NONE',  ( 0.000000000000000000, 0.000000000000000000, -1.600000000000000089 ) ) ;
#3952 = CARTESIAN_POINT ( 'NONE',  ( -1.000000000000001776, -1.732050807568876527, -1.600000000000000089 ) ) ;
#3953 = VERTEX_POINT ( 'NONE', #6875 ) ;
#3954 = DIRECTION ( 'NONE',  ( 0.000000000000000000, 0.000000000000000000, -1.000000000000000000 ) ) ;
#3956 = ADVANCED_FACE ( 'NONE', ( #1904 ), #1031, .F. ) ;
#3955 = CARTESIAN_POINT ( 'NONE',  ( 4.250000000000000000, 0.000000000000000000, 0.000000000000000000 ) ) ;
#3957 = DIRECTION ( 'NONE',  ( -0.8660254037844393737, 0.000000000000000000, 0.4999999999999985567 ) ) ;
#3958 =( GEOMETRIC_REPRESENTATION_CONTEXT ( 3 ) GLOBAL_UNCERTAINTY_ASSIGNED_CONTEXT ( ( #3111 ) ) GLOBAL_UNIT_ASSIGNED_CONTEXT ( ( #2444, #6944, #1455 ) ) REPRESENTATION_CONTEXT ( 'NONE', 'WORKASPACE' ) );
#3959 = FILL_AREA_STYLE_COLOUR ( '', #9957 ) ;
#3960 = ORIENTED_EDGE ( 'NONE', *, *, #4311, .F. ) ;
#3961 = ADVANCED_FACE ( 'NONE', ( #6478 ), #8490, .F. ) ;
#3962 = CARTESIAN_POINT ( 'NONE',  ( 0.000000000000000000, 0.000000000000000000, -1.600000000000000089 ) ) ;
#3963 = ORIENTED_EDGE ( 'NONE', *, *, #4339, .F. ) ;
#3964 = AXIS2_PLACEMENT_3D ( 'NONE', #505, #1315, #11749 ) ;
#3965 = DIRECTION ( 'NONE',  ( 0.000000000000000000, -1.000000000000000000, -0.000000000000000000 ) ) ;
#3966 = EDGE_LOOP ( 'NONE', ( #3407, #8629 ) ) ;
#3967 = EDGE_LOOP ( 'NONE', ( #6941, #8104, #706, #1061 ) ) ;
#3968 = EDGE_CURVE ( 'NONE', #9043, #5708, #41, .T. ) ;
#3969 = CARTESIAN_POINT ( 'NONE',  ( -2.000000000000001776, 0.3000000000000172529, -2.999999999999891642 ) ) ;
#3970 = PRODUCT_CONTEXT ( 'NONE', #1290, 'mechanical' ) ;
#3971 = DIRECTION ( 'NONE',  ( -1.000000000000000000, -0.000000000000000000, -0.000000000000000000 ) ) ;
#3972 = CARTESIAN_POINT ( 'NONE',  ( 5.500000000000000888, 0.000000000000000000, -3.000000000000000000 ) ) ;
#3973 = EDGE_LOOP ( 'NONE', ( #2363, #11203, #9011, #9097 ) ) ;
#3974 = VECTOR ( 'NONE', #3240, 1000.000000000000000 ) ;
#3975 = FACE_OUTER_BOUND ( 'NONE', #4188, .T. ) ;
#3976 = DIRECTION ( 'NONE',  ( 0.5000000000000003331, -0.8660254037844385966, 0.000000000000000000 ) ) ;
#3977 = VECTOR ( 'NONE', #1192, 1000.000000000000000 ) ;
#3978 = DIRECTION ( 'NONE',  ( 1.060575238724911106E-16, 0.8660254037844419273, 0.4999999999999942268 ) ) ;
#3979 = FACE_OUTER_BOUND ( 'NONE', #11314, .T. ) ;
#3980 = EDGE_LOOP ( 'NONE', ( #10278, #3178 ) ) ;
#3981 = CONICAL_SURFACE ( 'NONE', #9481, 2.200000000000000622, 0.7853981633974482790 ) ;
#3982 = DIRECTION ( 'NONE',  ( -1.000000000000000000, 0.000000000000000000, 0.000000000000000000 ) ) ;
#3983 = ADVANCED_FACE ( 'NONE', ( #3816 ), #5873, .F. ) ;
#3984 = EDGE_CURVE ( 'NONE', #1277, #2465, #6657, .T. ) ;
#3985 = FACE_OUTER_BOUND ( 'NONE', #5871, .T. ) ;
#3986 = PRODUCT_DEFINITION_CONTEXT ( 'detailed design', #3286, 'design' ) ;
#3987 = CARTESIAN_POINT ( 'NONE',  ( -17.94999999999999929, 4.286263797015736595E-16, 3.500000000000000000 ) ) ;
#3988 = CARTESIAN_POINT ( 'NONE',  ( 0.3525258066250392952, 0.5241567285109590690, -0.7871156235680536462 ) ) ;
#3989 = SURFACE_STYLE_FILL_AREA ( #4721 ) ;
#3990 = CARTESIAN_POINT ( 'NONE',  ( 1.000000000000001998, 1.732050807568876083, -1.600000000000000089 ) ) ;
#3991 = CARTESIAN_POINT ( 'NONE',  ( -2.000000000000000000, -1.154700538379254349, -0.1786327949540832127 ) ) ;
#3992 = DIRECTION ( 'NONE',  ( 0.000000000000000000, 0.000000000000000000, -1.000000000000000000 ) ) ;
#3993 = VERTEX_POINT ( 'NONE', #1842 ) ;
#3994 = DIRECTION ( 'NONE',  ( -0.000000000000000000, -0.000000000000000000, 1.000000000000000000 ) ) ;
#3995 = ORIENTED_EDGE ( 'NONE', *, *, #10842, .F. ) ;
#3996 = DIRECTION ( 'NONE',  ( 0.000000000000000000, -0.000000000000000000, 1.000000000000000000 ) ) ;
#3997 = ORIENTED_EDGE ( 'NONE', *, *, #9093, .T. ) ;
#3998 = DIRECTION ( 'NONE',  ( 1.000000000000000000, 0.000000000000000000, 0.000000000000000000 ) ) ;
#3999 = LINE ( 'NONE', #11525, #3691 ) ;
#4000 = CARTESIAN_POINT ( 'NONE',  ( 2.070622276826203227E-15, 0.7000000000000020650, -500000.0000000000582 ) ) ;
#4001 = ORIENTED_EDGE ( 'NONE', *, *, #5139, .F. ) ;
#4002 = EDGE_CURVE ( 'NONE', #10307, #11305, #6669, .T. ) ;
#4003 = ADVANCED_FACE ( 'NONE', ( #11415 ), #913, .T. ) ;
#4004 = CARTESIAN_POINT ( 'NONE',  ( -2.000000000000000000, 0.9679918988505297195, -0.1247346533081140629 ) ) ;
#4005 = CARTESIAN_POINT ( 'NONE',  ( -1.999999999999999556, -0.1951254011572753355, -1.058791184067874808E-17 ) ) ;
#4006 = DIRECTION ( 'NONE',  ( -1.000000000000000000, -0.000000000000000000, -0.000000000000000000 ) ) ;
#4007 = AXIS2_PLACEMENT_3D ( 'NONE', #7017, #4064, #3957 ) ;
#4008 = DIRECTION ( 'NONE',  ( -0.000000000000000000, 0.000000000000000000, -1.000000000000000000 ) ) ;
#4009 = DIRECTION ( 'NONE',  ( 0.000000000000000000, 0.000000000000000000, 1.000000000000000000 ) ) ;
#4010 = CARTESIAN_POINT ( 'NONE',  ( 1.000000000000000444, 1.224646799147353947E-16, 0.000000000000000000 ) ) ;
#4011 = ORIENTED_EDGE ( 'NONE', *, *, #9535, .T. ) ;
#4012 = ADVANCED_FACE ( 'NONE', ( #10030 ), #7499, .F. ) ;
#4013 = FACE_BOUND ( 'NONE', #429, .T. ) ;
#4014 = EDGE_LOOP ( 'NONE', ( #10441, #2043, #4025, #2758 ) ) ;
#4015 = LINE ( 'NONE', #10861, #7781 ) ;
#4016 = ORIENTED_EDGE ( 'NONE', *, *, #6839, .F. ) ;
#4017 = ORIENTED_EDGE ( 'NONE', *, *, #6649, .T. ) ;
#4018 = ADVANCED_BREP_SHAPE_REPRESENTATION ( '', ( #4929, #8058 ), #2954 ) ;
#4019 = EDGE_CURVE ( 'NONE', #2326, #12001, #9016, .T. ) ;
#4020 = DIRECTION ( 'NONE',  ( -0.000000000000000000, -0.000000000000000000, -1.000000000000000000 ) ) ;
#4021 = ITEM_DEFINED_TRANSFORMATION ( 'NONE', 'NONE', #11644,  #8058 ) ;
#4022 = VECTOR ( 'NONE', #1546, 1000.000000000000000 ) ;
#4023 = CARTESIAN_POINT ( 'NONE',  ( -1.000000000000001776, -1.732050807568876527, 0.000000000000000000 ) ) ;
#4024 = LINE ( 'NONE', #11550, #6529 ) ;
#4025 = ORIENTED_EDGE ( 'NONE', *, *, #1208, .T. ) ;
#4026 = ADVANCED_FACE ( 'NONE', ( #1775 ), #1588, .F. ) ;
#4027 = DIRECTION ( 'NONE',  ( -0.000000000000000000, -0.000000000000000000, 1.000000000000000000 ) ) ;
#4028 = DIRECTION ( 'NONE',  ( 0.000000000000000000, -1.224649721909276639E-16, 1.000000000000000000 ) ) ;
#4029 = DIRECTION ( 'NONE',  ( 0.000000000000000000, 0.000000000000000000, -1.000000000000000000 ) ) ;
#4030 = CARTESIAN_POINT ( 'NONE',  ( 0.000000000000000000, 0.000000000000000000, 0.000000000000000000 ) ) ;
#4031 = ORIENTED_EDGE ( 'NONE', *, *, #9113, .T. ) ;
#4032 = DIRECTION ( 'NONE',  ( -0.000000000000000000, -1.000000000000000000, -0.000000000000000000 ) ) ;
#4033 = STYLED_ITEM ( 'NONE', ( #2018 ), #4929 ) ;
#4034 = CYLINDRICAL_SURFACE ( 'NONE', #5836, 1.000000000000000444 ) ;
#4035 = EDGE_LOOP ( 'NONE', ( #6583, #3489, #11739, #2534 ) ) ;
#4036 = CARTESIAN_POINT ( 'NONE',  ( 0.5560518688116534713, 0.5176555429708578071, -0.7092725651034375023 ) ) ;
#4037 =( LENGTH_UNIT ( ) NAMED_UNIT ( * ) SI_UNIT ( .MILLI., .METRE. ) );
#4038 = CARTESIAN_POINT ( 'NONE',  ( 2.000000000000000000, 6.700000000000000178, -0.8000000000000000444 ) ) ;
#4039 = VERTEX_POINT ( 'NONE', #8353 ) ;
#4040 = CARTESIAN_POINT ( 'NONE',  ( 2.000000000000000000, 1.154700538379250130, -1.600000000000000089 ) ) ;
#4041 = EDGE_CURVE ( 'NONE', #4222, #10940, #11080, .T. ) ;
#4042 = CARTESIAN_POINT ( 'NONE',  ( 0.000000000000000000, 0.000000000000000000, -0.3000000000000181410 ) ) ;
#4043 = ADVANCED_FACE ( 'NONE', ( #3975 ), #3315, .T. ) ;
#4044 = AXIS2_PLACEMENT_3D ( 'NONE', #10193, #7220, #1560 ) ;
#4045 = ORIENTED_EDGE ( 'NONE', *, *, #5169, .F. ) ;
#4046 = CARTESIAN_POINT ( 'NONE',  ( 0.000000000000000000, 0.000000000000000000, -0.2999999999999834466 ) ) ;
#4047 = ORIENTED_EDGE ( 'NONE', *, *, #5255, .F. ) ;
#4048 = CARTESIAN_POINT ( 'NONE',  ( 2.000000000000000000, 0.000000000000000000, -1.600000000000000089 ) ) ;
#4049 = ORIENTED_EDGE ( 'NONE', *, *, #7471, .T. ) ;
#4050 = LINE ( 'NONE', #401, #10625 ) ;
#4051 = CARTESIAN_POINT ( 'NONE',  ( 3.599999999999992095, -2.971690854684141847, -0.9000000000000006883 ) ) ;
#4052 = CIRCLE ( 'NONE', #1278, 1.899999999999999689 ) ;
#4053 = DIRECTION ( 'NONE',  ( -1.000000000000000000, -0.000000000000000000, -0.000000000000000000 ) ) ;
#4054 = ORIENTED_EDGE ( 'NONE', *, *, #8625, .T. ) ;
#4055 = CARTESIAN_POINT ( 'NONE',  ( 0.000000000000000000, 0.000000000000000000, 0.000000000000000000 ) ) ;
#4056 = DIRECTION ( 'NONE',  ( -0.000000000000000000, 0.000000000000000000, -1.000000000000000000 ) ) ;
#4057 = VECTOR ( 'NONE', #8419, 1000.000000000000000 ) ;
#4058 = CARTESIAN_POINT ( 'NONE',  ( 3.500000000000000000, 23.00000000000000000, 0.000000000000000000 ) ) ;
#4059 = CARTESIAN_POINT ( 'NONE',  ( 4.099999999999999645, -2.821690854684141936, -0.9000000000000006883 ) ) ;
#4060 = AXIS2_PLACEMENT_3D ( 'NONE', #2309, #9127, #438 ) ;
#4061 = CARTESIAN_POINT ( 'NONE',  ( 0.8000000000000000444, 12.50000000000000000, 0.000000000000000000 ) ) ;
#4062 = ORIENTED_EDGE ( 'NONE', *, *, #3192, .T. ) ;
#4063 = DIRECTION ( 'NONE',  ( -0.000000000000000000, -0.000000000000000000, 1.000000000000000000 ) ) ;
#4064 = DIRECTION ( 'NONE',  ( -0.4999999999999986122, 0.000000000000000000, -0.8660254037844394848 ) ) ;
#4065 = CIRCLE ( 'NONE', #7800, 1.099999999999998535 ) ;
#4066 = ADVANCED_FACE ( 'NONE', ( #5364 ), #8617, .T. ) ;
#4067 = CARTESIAN_POINT ( 'NONE',  ( 5.499999999999998224, 0.3000000000000172529, -19.89999999999990976 ) ) ;
#4068 = EDGE_CURVE ( 'NONE', #2465, #11495, #8438, .T. ) ;
#4069 = VECTOR ( 'NONE', #5732, 1000.000000000000114 ) ;
#4070 = ORIENTED_EDGE ( 'NONE', *, *, #9191, .F. ) ;
#4071 = AXIS2_PLACEMENT_3D ( 'NONE', #6280, #10037, #1597 ) ;
#4072 = LINE ( 'NONE', #3206, #7406 ) ;
#4073 = CONICAL_SURFACE ( 'NONE', #2502, 0.7740000000000000213, 1.047197551196601628 ) ;
#4074 = VECTOR ( 'NONE', #2571, 1000.000000000000000 ) ;
#4075 = DIRECTION ( 'NONE',  ( 1.000000000000000000, 0.000000000000000000, 0.000000000000000000 ) ) ;
#4076 = ORIENTED_EDGE ( 'NONE', *, *, #12118, .T. ) ;
#4077 = LINE ( 'NONE', #8015, #9724 ) ;
#4078 = FACE_OUTER_BOUND ( 'NONE', #5872, .T. ) ;
#4079 = VECTOR ( 'NONE', #5229, 1000.000000000000000 ) ;
#4080 = PRODUCT_DEFINITION_SHAPE ( 'NONE', 'NONE',  #12245 ) ;
#4081 = ORIENTED_EDGE ( 'NONE', *, *, #2768, .F. ) ;
#4082 = ORIENTED_EDGE ( 'NONE', *, *, #9260, .T. ) ;
#4083 = VECTOR ( 'NONE', #7934, 1000.000000000000000 ) ;
#4084 = EDGE_CURVE ( 'NONE', #6679, #11495, #9182, .T. ) ;
#4085 = LINE ( 'NONE', #996, #9852 ) ;
#4086 = AXIS2_PLACEMENT_3D ( 'NONE', #4351, #3238, #10013 ) ;
#4087 = FACE_BOUND ( 'NONE', #10766, .T. ) ;
#4088 = LINE ( 'NONE', #10503, #2778 ) ;
#4089 = ORIENTED_EDGE ( 'NONE', *, *, #12105, .F. ) ;
#4090 = AXIS2_PLACEMENT_3D ( 'NONE', #1253, #5018, #5896 ) ;
#4091 = ORIENTED_EDGE ( 'NONE', *, *, #6947, .T. ) ;
#4092 = LINE ( 'NONE', #7850, #8814 ) ;
#4093 = CARTESIAN_POINT ( 'NONE',  ( 0.000000000000000000, 0.000000000000000000, -1.600000000000000089 ) ) ;
#4094 = DIRECTION ( 'NONE',  ( 1.000000000000000000, 0.000000000000000000, 0.000000000000000000 ) ) ;
#4095 = CARTESIAN_POINT ( 'NONE',  ( 0.000000000000000000, 5.058392604970359998E-16, -1.730481160836854215 ) ) ;
#4096 = EDGE_LOOP ( 'NONE', ( #488, #3220, #3294, #4047 ) ) ;
#4097 = CARTESIAN_POINT ( 'NONE',  ( 4.000000000000000000, 9.199999999999999289, -18.50000000000000355 ) ) ;
#4098 = VECTOR ( 'NONE', #4941, 1000.000000000000000 ) ;
#4099 = CARTESIAN_POINT ( 'NONE',  ( -0.1702769162167616090, -0.7403828156981311359, -0.7092725651034388346 ) ) ;
#4100 = UNCERTAINTY_MEASURE_WITH_UNIT (LENGTH_MEASURE( 1.000000000000000082E-05 ), #10085, 'distance_accuracy_value', 'NONE');
#4101 = ORIENTED_EDGE ( 'NONE', *, *, #8706, .F. ) ;
#4102 = DIRECTION ( 'NONE',  ( -1.000000000000000000, 0.000000000000000000, 0.000000000000000000 ) ) ;
#4103 = EDGE_CURVE ( 'NONE', #1604, #9654, #5769, .T. ) ;
#4104 = DIRECTION ( 'NONE',  ( 1.000000000000000000, 0.000000000000000000, 0.000000000000000000 ) ) ;
#4105 = DIRECTION ( 'NONE',  ( 1.000000000000000000, -3.500724386864989567E-16, -2.329709145910382463E-15 ) ) ;
#4106 = CARTESIAN_POINT ( 'NONE',  ( 0.8000000000000000444, -0.8000000000000000444, -6.499999999999999112 ) ) ;
#4107 = DIRECTION ( 'NONE',  ( 0.5000000000000009992, 0.8660254037844380415, -0.000000000000000000 ) ) ;
#4108 = FACE_OUTER_BOUND ( 'NONE', #10132, .T. ) ;
#4109 = AXIS2_PLACEMENT_3D ( 'NONE', #534, #8172, #2581 ) ;
#4110 = ORIENTED_EDGE ( 'NONE', *, *, #3581, .T. ) ;
#4111 = VERTEX_POINT ( 'NONE', #10106 ) ;
#4112 = DIRECTION ( 'NONE',  ( 0.5000000000000003331, -0.8660254037844385966, 0.000000000000000000 ) ) ;
#4113 = CIRCLE ( 'NONE', #6678, 10.00000000000000000 ) ;
#4114 = ORIENTED_EDGE ( 'NONE', *, *, #12079, .T. ) ;
#4115 = LINE ( 'NONE', #4229, #7670 ) ;
#4116 = CARTESIAN_POINT ( 'NONE',  ( 2.000000000000000000, -1.154700538379255015, -0.1786327949540832127 ) ) ;
#4117 = EDGE_CURVE ( 'NONE', #5525, #7977, #5428, .T. ) ;
#4118 = AXIS2_PLACEMENT_3D ( 'NONE', #4535, #5585, #6440 ) ;
#4119 = CARTESIAN_POINT ( 'NONE',  ( 0.000000000000000000, 0.000000000000000000, -3.299999999999985167 ) ) ;
#4120 = ORIENTED_EDGE ( 'NONE', *, *, #5348, .T. ) ;
#4121 = CARTESIAN_POINT ( 'NONE',  ( -0.9526279441628807687, 0.5500000000000003775, -0.3000000000000181410 ) ) ;
#4122 = B_SPLINE_CURVE_WITH_KNOTS ( 'NONE', 3,
 ( #6264, #3316, #3440, #1525 ),
 .UNSPECIFIED., .F., .F.,
 ( 4, 4 ),
 ( 2.380749485071512786E-07, 0.001168606431211099582 ),
 .UNSPECIFIED. ) ;
#4123 = CIRCLE ( 'NONE', #8063, 1.099999999999996758 ) ;
#4124 = DIRECTION ( 'NONE',  ( -0.000000000000000000, -0.000000000000000000, 1.000000000000000000 ) ) ;
#4125 = CARTESIAN_POINT ( 'NONE',  ( 1.000000000000000444, -1.732050807568876971, 0.000000000000000000 ) ) ;
#4126 = SURFACE_STYLE_FILL_AREA ( #1345 ) ;
#4127 = CARTESIAN_POINT ( 'NONE',  ( 8.500000000000000000, 0.000000000000000000, -3.000000000000000000 ) ) ;
#4128 = ORIENTED_EDGE ( 'NONE', *, *, #8527, .T. ) ;
#4129 = DIRECTION ( 'NONE',  ( 0.000000000000000000, -0.000000000000000000, 1.000000000000000000 ) ) ;
#4130 = LINE ( 'NONE', #11601, #2914 ) ;
#4131 = EDGE_CURVE ( 'NONE', #437, #6258, #8033, .T. ) ;
#4132 = AXIS2_PLACEMENT_3D ( 'NONE', #9204, #4455, #1744 ) ;
#4133 = ORIENTED_EDGE ( 'NONE', *, *, #8808, .T. ) ;
#4134 = EDGE_CURVE ( 'NONE', #4375, #10795, #3587, .T. ) ;
#4135 = DIRECTION ( 'NONE',  ( -1.000000000000000000, 0.000000000000000000, 0.000000000000000000 ) ) ;
#4136 = VERTEX_POINT ( 'NONE', #7328 ) ;
#4137 = CARTESIAN_POINT ( 'NONE',  ( -2.000000000000000000, -0.1951254011572752800, -1.600000000000000089 ) ) ;
#4138 = CARTESIAN_POINT ( 'NONE',  ( 0.000000000000000000, 2.309401076758504701, -0.1786327949540832127 ) ) ;
#4139 = ORIENTED_EDGE ( 'NONE', *, *, #5623, .T. ) ;
#4140 = PRODUCT_RELATED_PRODUCT_CATEGORY ( 'part', '', ( #4685 ) ) ;
#4141 = SURFACE_SIDE_STYLE ('',( #8820 ) ) ;
#4142 = STYLED_ITEM ( 'NONE', ( #10220 ), #2095 ) ;
#4143 = ORIENTED_EDGE ( 'NONE', *, *, #9322, .T. ) ;
#4144 = ORIENTED_EDGE ( 'NONE', *, *, #192, .F. ) ;
#4145 = CARTESIAN_POINT ( 'NONE',  ( 4.000000000000000000, 9.199999999999999289, -22.50000000000000000 ) ) ;
#4146 = LINE ( 'NONE', #9993, #11659 ) ;
#4147 = ORIENTED_EDGE ( 'NONE', *, *, #9503, .F. ) ;
#4148 =( REPRESENTATION_RELATIONSHIP ('NONE','NONE', #912, #10605 ) REPRESENTATION_RELATIONSHIP_WITH_TRANSFORMATION ( #8753 )SHAPE_REPRESENTATION_RELATIONSHIP( ) );
#4149 = ORIENTED_EDGE ( 'NONE', *, *, #10828, .T. ) ;
#4150 = EDGE_CURVE ( 'NONE', #960, #12109, #7093, .T. ) ;
#4151 = CARTESIAN_POINT ( 'NONE',  ( 0.8000000000000000444, -0.8000000000000000444, -1.500000000000000000 ) ) ;
#4152 = ADVANCED_FACE ( 'NONE', ( #10243 ), #3705, .F. ) ;
#4153 = DIRECTION ( 'NONE',  ( -0.000000000000000000, 0.000000000000000000, -1.000000000000000000 ) ) ;
#4154 = CARTESIAN_POINT ( 'NONE',  ( -2.000000000000000000, 0.9000000000000003553, -5.309401076758394566 ) ) ;
#4155 = EDGE_LOOP ( 'NONE', ( #5823, #4212, #2358 ) ) ;
#4156 = CARTESIAN_POINT ( 'NONE',  ( 0.000000000000000000, 4.738805170303855086E-16, -2.269518839163146673 ) ) ;
#4157 = ORIENTED_EDGE ( 'NONE', *, *, #3698, .F. ) ;
#4158 = DIRECTION ( 'NONE',  ( -1.000000000000000000, -0.000000000000000000, -0.000000000000000000 ) ) ;
#4159 = AXIS2_PLACEMENT_3D ( 'NONE', #1632, #644, #11943 ) ;
#4160 = LINE ( 'NONE', #10114, #3699 ) ;
#4161 = CARTESIAN_POINT ( 'NONE',  ( 1.500000000000000000, 9.199999999999999289, -17.00000000000000000 ) ) ;
#4162 = DIRECTION ( 'NONE',  ( -1.000000000000000000, 4.164104499265766862E-16, 1.094908222996628370E-16 ) ) ;
#4163 = FACE_BOUND ( 'NONE', #396, .T. ) ;
#4164 = CARTESIAN_POINT ( 'NONE',  ( -1.999999999999999556, -0.3889866277140360817, -0.01677217554083886356 ) ) ;
#4165 = EDGE_LOOP ( 'NONE', ( #11521, #9614, #10172, #2432 ) ) ;
#4166 = CARTESIAN_POINT ( 'NONE',  ( 4.250000000000000000, 0.000000000000000000, 10.00000000000000000 ) ) ;
#4167 = EDGE_LOOP ( 'NONE', ( #4878, #5722 ) ) ;
#4168 = DIRECTION ( 'NONE',  ( 1.000000000000000000, -0.000000000000000000, 0.000000000000000000 ) ) ;
#4169 = VECTOR ( 'NONE', #700, 1000.000000000000114 ) ;
#4170 = EDGE_CURVE ( 'NONE', #19, #643, #7804, .T. ) ;
#4171 = EDGE_LOOP ( 'NONE', ( #6913, #9871, #5999, #3620, #7705, #5147, #5937, #5486, #3592, #7039 ) ) ;
#4172 = CARTESIAN_POINT ( 'NONE',  ( 0.7263287850284178004, 0.2227272727272736064, -0.7092725651034372802 ) ) ;
#4173 = VERTEX_POINT ( 'NONE', #6883 ) ;
#4174 = DIRECTION ( 'NONE',  ( -1.000000000000000000, 0.000000000000000000, 0.000000000000000000 ) ) ;
#4175 = CARTESIAN_POINT ( 'NONE',  ( 1.224646799147353454E-16, 1.000000000000000666, -3.869518839163146762 ) ) ;
#4176 = CARTESIAN_POINT ( 'NONE',  ( -0.6607522599941049180, 1.927915581583253601, -1.582894801272977992 ) ) ;
#4177 = EDGE_CURVE ( 'NONE', #1100, #7551, #3570, .T. ) ;
#4178 = VERTEX_POINT ( 'NONE', #9698 ) ;
#4179 = DIRECTION ( 'NONE',  ( 0.000000000000000000, -1.000000000000000000, -0.000000000000000000 ) ) ;
#4180 = EDGE_CURVE ( 'NONE', #7130, #9219, #11594, .T. ) ;
#4181 = DIRECTION ( 'NONE',  ( -0.000000000000000000, 1.224649721909276639E-16, -1.000000000000000000 ) ) ;
#4182 = CARTESIAN_POINT ( 'NONE',  ( 8.500000000000000000, 0.000000000000000000, -6.000000000000000000 ) ) ;
#4183 = DIRECTION ( 'NONE',  ( 1.000000000000000000, 0.000000000000000000, 0.000000000000000000 ) ) ;
#4184 = DIRECTION ( 'NONE',  ( -0.000000000000000000, -0.000000000000000000, 1.000000000000000000 ) ) ;
#4185 = ORIENTED_EDGE ( 'NONE', *, *, #7794, .T. ) ;
#4186 = DIRECTION ( 'NONE',  ( -1.000000000000000000, 0.000000000000000000, 0.000000000000000000 ) ) ;
#4187 = CARTESIAN_POINT ( 'NONE',  ( 0.000000000000000000, 0.000000000000000000, 0.000000000000000000 ) ) ;
#4188 = EDGE_LOOP ( 'NONE', ( #5246, #11120, #812, #3468, #1028 ) ) ;
#4189 = DIRECTION ( 'NONE',  ( -0.000000000000000000, -1.000000000000000000, -0.000000000000000000 ) ) ;
#4190 = EDGE_LOOP ( 'NONE', ( #4594, #6141 ) ) ;
#4191 = FACE_OUTER_BOUND ( 'NONE', #5134, .T. ) ;
#4192 = EDGE_CURVE ( 'NONE', #10701, #3840, #3211, .T. ) ;
#4193 = LINE ( 'NONE', #10799, #3720 ) ;
#4194 = VERTEX_POINT ( 'NONE', #558 ) ;
#4195 = ADVANCED_FACE ( 'NONE', ( #6228, #4992 ), #3154, .F. ) ;
#4196 = LINE ( 'NONE', #5125, #12145 ) ;
#4197 = ORIENTED_EDGE ( 'NONE', *, *, #9731, .F. ) ;
#4198 = ORIENTED_EDGE ( 'NONE', *, *, #8433, .F. ) ;
#4199 = ITEM_DEFINED_TRANSFORMATION ( 'NONE', 'NONE', #3376,  #8058 ) ;
#4200 = PRODUCT_DEFINITION_SHAPE ( 'NONE', 'NONE',  #12239 ) ;
#4201 = DIRECTION ( 'NONE',  ( 0.7071067811865474617, -0.000000000000000000, -0.7071067811865474617 ) ) ;
#4202 = DIRECTION ( 'NONE',  ( 1.000000000000000000, 0.000000000000000000, 0.000000000000000000 ) ) ;
#4203 = ORIENTED_EDGE ( 'NONE', *, *, #3292, .F. ) ;
#4204 = ORIENTED_EDGE ( 'NONE', *, *, #8359, .T. ) ;
#4205 = CARTESIAN_POINT ( 'NONE',  ( -2.000000000000000000, -0.3889866277140360817, -1.583227824459161326 ) ) ;
#4206 = VECTOR ( 'NONE', #7463, 1000.000000000000000 ) ;
#4207 = LINE ( 'NONE', #11741, #7862 ) ;
#4208 = ORIENTED_EDGE ( 'NONE', *, *, #5989, .T. ) ;
#4209 = DIRECTION ( 'NONE',  ( 0.000000000000000000, 1.000000000000000000, 0.000000000000000000 ) ) ;
#4210 = VECTOR ( 'NONE', #2409, 1000.000000000000000 ) ;
#4211 = UNCERTAINTY_MEASURE_WITH_UNIT (LENGTH_MEASURE( 1.000000000000000082E-05 ), #12170, 'distance_accuracy_value', 'NONE');
#4212 = ORIENTED_EDGE ( 'NONE', *, *, #4376, .F. ) ;
#4213 = DIRECTION ( 'NONE',  ( 0.000000000000000000, -1.000000000000000000, -1.084202172485504434E-16 ) ) ;
#4214 = DIRECTION ( 'NONE',  ( -0.000000000000000000, 0.000000000000000000, 1.000000000000000000 ) ) ;
#4215 = CARTESIAN_POINT ( 'NONE',  ( 0.000000000000000000, 4.738805170303855086E-16, -2.669518839163146584 ) ) ;
#4216 = ADVANCED_FACE ( 'NONE', ( #1663, #7397 ), #5310, .T. ) ;
#4217 = EDGE_CURVE ( 'NONE', #4225, #2235, #10635, .T. ) ;
#4218 = FACE_BOUND ( 'NONE', #9527, .T. ) ;
#4219 = ORIENTED_EDGE ( 'NONE', *, *, #10092, .T. ) ;
#4220 = CARTESIAN_POINT ( 'NONE',  ( -1.672828002720946339, 1.343593379079620398, -0.06957546252590333935 ) ) ;
#4221 = AXIS2_PLACEMENT_3D ( 'NONE', #1033, #3766, #7520 ) ;
#4222 = VERTEX_POINT ( 'NONE', #2593 ) ;
#4223 = B_SPLINE_CURVE_WITH_KNOTS ( 'NONE', 3,
 ( #7688, #3123, #9882, #1074 ),
 .UNSPECIFIED., .F., .F.,
 ( 4, 4 ),
 ( 2.380749485120318031E-07, 0.001168606431211104352 ),
 .UNSPECIFIED. ) ;
#4224 = CARTESIAN_POINT ( 'NONE',  ( -0.6302730391921491648, -0.04386103604797385314, -0.7870467931637553649 ) ) ;
#4225 = VERTEX_POINT ( 'NONE', #3582 ) ;
#4226 = ORIENTED_EDGE ( 'NONE', *, *, #2453, .F. ) ;
#4227 = PLANE ( 'NONE',  #1333 ) ;
#4228 = EDGE_LOOP ( 'NONE', ( #2782, #3872 ) ) ;
#4229 = CARTESIAN_POINT ( 'NONE',  ( 7.499999999999998224, 2.500000000000000000, -19.84529946162064817 ) ) ;
#4230 = SURFACE_STYLE_USAGE ( .BOTH. , #10775 ) ;
#4231 = UNCERTAINTY_MEASURE_WITH_UNIT (LENGTH_MEASURE( 1.000000000000000082E-05 ), #4493, 'distance_accuracy_value', 'NONE');
#4232 = DIRECTION ( 'NONE',  ( -0.000000000000000000, 1.224649721909276639E-16, -1.000000000000000000 ) ) ;
#4233 = ORIENTED_EDGE ( 'NONE', *, *, #881, .F. ) ;
#4234 = EDGE_CURVE ( 'NONE', #9459, #5458, #8114, .T. ) ;
#4235 = DIRECTION ( 'NONE',  ( -1.000000000000000000, -0.000000000000000000, -0.000000000000000000 ) ) ;
#4236 = AXIS2_PLACEMENT_3D ( 'NONE', #6497, #11124, #10061 ) ;
#4237 = CARTESIAN_POINT ( 'NONE',  ( 0.5187328775923160107, -0.5064889494504236644, -0.7302567000638586769 ) ) ;
#4238 = CARTESIAN_POINT ( 'NONE',  ( 4.250000000000000000, 0.000000000000000000, 0.000000000000000000 ) ) ;
#4239 = DIRECTION ( 'NONE',  ( -0.000000000000000000, -0.000000000000000000, 1.000000000000000000 ) ) ;
#4240 = CARTESIAN_POINT ( 'NONE',  ( 3.500000000000000000, 0.000000000000000000, -24.00000000000000000 ) ) ;
#4241 = AXIS2_PLACEMENT_3D ( 'NONE', #6555, #11362, #6674 ) ;
#4242 = EDGE_LOOP ( 'NONE', ( #8095, #3055, #11025, #9750, #10920 ) ) ;
#4243 = MECHANICAL_DESIGN_GEOMETRIC_PRESENTATION_REPRESENTATION (  '', ( #8566 ), #11735 ) ;
#4244 = DIRECTION ( 'NONE',  ( 2.775557561562890858E-16, 0.000000000000000000, -1.000000000000000000 ) ) ;
#4245 = DIRECTION ( 'NONE',  ( -0.000000000000000000, 0.000000000000000000, -1.000000000000000000 ) ) ;
#4246 = EDGE_LOOP ( 'NONE', ( #879, #5892, #7525 ) ) ;
#4247 = DIRECTION ( 'NONE',  ( 0.000000000000000000, -0.000000000000000000, -1.000000000000000000 ) ) ;
#4248 = ADVANCED_FACE ( 'NONE', ( #2771 ), #6540, .T. ) ;
#4249 = CIRCLE ( 'NONE', #3831, 1.399999999999980815 ) ;
#4250 = EDGE_LOOP ( 'NONE', ( #2513, #2215, #10366, #3568, #4958, #8061 ) ) ;
#4251 = ORIENTED_EDGE ( 'NONE', *, *, #3371, .F. ) ;
#4252 = CARTESIAN_POINT ( 'NONE',  ( 0.000000000000000000, 3.673940397442060361E-16, -3.000000000000000444 ) ) ;
#4253 = CIRCLE ( 'NONE', #9756, 10.00000000000000000 ) ;
#4254 = FILL_AREA_STYLE ('',( #11104 ) ) ;
#4255 = CARTESIAN_POINT ( 'NONE',  ( 0.1631781751318165108, -2.215190113420280937, -1.475759930090786654 ) ) ;
#4256 = EDGE_LOOP ( 'NONE', ( #1241, #4387, #10811, #10819 ) ) ;
#4257 = CARTESIAN_POINT ( 'NONE',  ( 4.000000000000000000, 9.199999999999999289, -16.00000000000000000 ) ) ;
#4258 = ADVANCED_FACE ( 'NONE', ( #2032 ), #360, .T. ) ;
#4259 =( LENGTH_UNIT ( ) NAMED_UNIT ( * ) SI_UNIT ( .MILLI., .METRE. ) );
#4260 = AXIS2_PLACEMENT_3D ( 'NONE', #9918, #4377, #738 ) ;
#4261 = EDGE_LOOP ( 'NONE', ( #3084, #10020, #6561, #454 ) ) ;
#4262 = EDGE_LOOP ( 'NONE', ( #6324, #11147, #6016, #8496 ) ) ;
#4263 = CIRCLE ( 'NONE', #5652, 2.999999999999999112 ) ;
#4264 = AXIS2_PLACEMENT_3D ( 'NONE', #1839, #10342, #8545 ) ;
#4265 = ADVANCED_FACE ( 'NONE', ( #971 ), #10654, .T. ) ;
#4266 = ITEM_DEFINED_TRANSFORMATION ( 'NONE', 'NONE', #4551,  #8058 ) ;
#4267 = ADVANCED_FACE ( 'NONE', ( #9533 ), #1081, .T. ) ;
#4268 = DIRECTION ( 'NONE',  ( 1.000000000000000000, -0.000000000000000000, -0.000000000000000000 ) ) ;
#4269 = CARTESIAN_POINT ( 'NONE',  ( 4.250000000000000000, 0.000000000000000000, 0.000000000000000000 ) ) ;
#4270 = EDGE_LOOP ( 'NONE', ( #3156, #3802 ) ) ;
#4271 = CIRCLE ( 'NONE', #6636, 4.000000000000000000 ) ;
#4272 = AXIS2_PLACEMENT_3D ( 'NONE', #2713, #9312, #6479 ) ;
#4273 = VECTOR ( 'NONE', #9676, 1000.000000000000000 ) ;
#4274 = CARTESIAN_POINT ( 'NONE',  ( 0.5560518688116538044, -0.5176555429708572520, -0.7092725651034377243 ) ) ;
#4275 = VECTOR ( 'NONE', #9158, 1000.000000000000000 ) ;
#4276 = DIRECTION ( 'NONE',  ( -0.000000000000000000, 2.168404344971008868E-15, 1.000000000000000000 ) ) ;
#4277 = VERTEX_POINT ( 'NONE', #3040 ) ;
#4278 = CARTESIAN_POINT ( 'NONE',  ( 0.6592570625839772047, 1.928778834210482351, 1.192706214622512997E-15 ) ) ;
#4279 = VECTOR ( 'NONE', #8845, 1000.000000000000000 ) ;
#4280 = ORIENTED_EDGE ( 'NONE', *, *, #9924, .F. ) ;
#4281 = PLANE ( 'NONE',  #450 ) ;
#4282 = EDGE_CURVE ( 'NONE', #3160, #3379, #1711, .T. ) ;
#4283 = CARTESIAN_POINT ( 'NONE',  ( -15.90914770952257484, -0.3502617553154639962, 1033.600000000006958 ) ) ;
#4284 = EDGE_CURVE ( 'NONE', #9636, #10339, #8586, .T. ) ;
#4285 = VECTOR ( 'NONE', #2676, 1000.000000000000000 ) ;
#4286 = FACE_BOUND ( 'NONE', #4993, .T. ) ;
#4287 = VECTOR ( 'NONE', #49, 999.9999999999998863 ) ;
#4288 = VERTEX_POINT ( 'NONE', #11451 ) ;
#4289 = CARTESIAN_POINT ( 'NONE',  ( -0.7263287850284133595, -0.2227272727272733011, -0.7092725651034398338 ) ) ;
#4290 = ORIENTED_EDGE ( 'NONE', *, *, #7257, .F. ) ;
#4291 = CARTESIAN_POINT ( 'NONE',  ( 3.500000000000000000, 2.500000000000000000, -18.00000000000000355 ) ) ;
#4292 = ORIENTED_EDGE ( 'NONE', *, *, #462, .T. ) ;
#4293 = CARTESIAN_POINT ( 'NONE',  ( 0.8000000000000000444, 6.700000000000000178, -0.8000000000000000444 ) ) ;
#4294 = CONICAL_SURFACE ( 'NONE', #11789, 1.000000000000000000, 1.047197551196604515 ) ;
#4295 = PRODUCT_RELATED_PRODUCT_CATEGORY ( 'part', '', ( #8420 ) ) ;
#4296 = ORIENTED_EDGE ( 'NONE', *, *, #6908, .F. ) ;
#4297 = ORIENTED_EDGE ( 'NONE', *, *, #4599, .F. ) ;
#4298 = DIRECTION ( 'NONE',  ( -0.000000000000000000, -0.000000000000000000, 1.000000000000000000 ) ) ;
#4299 = VERTEX_POINT ( 'NONE', #253 ) ;
#4300 = DIRECTION ( 'NONE',  ( 1.000000000000000000, 0.000000000000000000, 0.000000000000000000 ) ) ;
#4301 = LINE ( 'NONE', #650, #5472 ) ;
#4302 = FILL_AREA_STYLE_COLOUR ( '', #3561 ) ;
#4303 = VECTOR ( 'NONE', #7391, 1000.000000000000000 ) ;
#4304 = CARTESIAN_POINT ( 'NONE',  ( 1.672282218993687231, 1.343908487461472401, -1.520662200187639090 ) ) ;
#4305 = EDGE_LOOP ( 'NONE', ( #9080, #11858, #4576, #5802, #1528, #9840 ) ) ;
#4306 = ORIENTED_EDGE ( 'NONE', *, *, #8630, .F. ) ;
#4307 = DIRECTION ( 'NONE',  ( 0.000000000000000000, 0.000000000000000000, -1.000000000000000000 ) ) ;
#4308 = FACE_OUTER_BOUND ( 'NONE', #238, .T. ) ;
#4309 = CARTESIAN_POINT ( 'NONE',  ( -21.50000000000000000, 0.000000000000000000, 0.000000000000000000 ) ) ;
#4310 = DIRECTION ( 'NONE',  ( 0.000000000000000000, 1.000000000000000000, 0.000000000000000000 ) ) ;
#4311 = EDGE_CURVE ( 'NONE', #12099, #7586, #6830, .T. ) ;
#4312 = CARTESIAN_POINT ( 'NONE',  ( -0.6302730391908566432, 1.999084177282596809E-13, -0.7870467931649092197 ) ) ;
#4313 = EDGE_CURVE ( 'NONE', #7719, #6969, #2537, .T. ) ;
#4314 = FACE_OUTER_BOUND ( 'NONE', #1580, .T. ) ;
#4315 = APPLICATION_CONTEXT ( 'automotive_design' ) ;
#4316 = CARTESIAN_POINT ( 'NONE',  ( 0.6592570625839772047, 1.928778834210482351, -1.600000000000001421 ) ) ;
#4317 = CARTESIAN_POINT ( 'NONE',  ( 5.500000000000000888, 0.000000000000000000, -21.00000000000000000 ) ) ;
#4318 = VECTOR ( 'NONE', #7157, 1000.000000000000000 ) ;
#4319 = ORIENTED_EDGE ( 'NONE', *, *, #9772, .F. ) ;
#4320 = CARTESIAN_POINT ( 'NONE',  ( 0.000000000000000000, 5.058392604970359998E-16, -2.530481160836854482 ) ) ;
#4321 = CIRCLE ( 'NONE', #8649, 2.499999999999998668 ) ;
#4322 = PLANE ( 'NONE',  #6911 ) ;
#4323 = CARTESIAN_POINT ( 'NONE',  ( 3.499999999999998668, 0.8999999999999998002, -22.15470053837915998 ) ) ;
#4324 = ORIENTED_EDGE ( 'NONE', *, *, #3629, .T. ) ;
#4325 = CARTESIAN_POINT ( 'NONE',  ( 0.000000000000000000, 0.000000000000000000, -1.600000000000000089 ) ) ;
#4326 = EDGE_CURVE ( 'NONE', #9552, #4173, #9976, .T. ) ;
#4327 = CIRCLE ( 'NONE', #378, 1.000000000000000000 ) ;
#4328 = VERTEX_POINT ( 'NONE', #3406 ) ;
#4329 = ORIENTED_EDGE ( 'NONE', *, *, #4512, .F. ) ;
#4330 = CARTESIAN_POINT ( 'NONE',  ( -0.5000000000000000000, 9.199999999999999289, -18.50000000000000355 ) ) ;
#4331 = DIRECTION ( 'NONE',  ( 1.000000000000000000, -0.000000000000000000, -0.000000000000000000 ) ) ;
#4332 = CARTESIAN_POINT ( 'NONE',  ( -2.000000000000000000, -1.154700538379254349, -0.1786327949540832127 ) ) ;
#4333 = EDGE_CURVE ( 'NONE', #3317, #2116, #6072, .T. ) ;
#4334 = ORIENTED_EDGE ( 'NONE', *, *, #10102, .T. ) ;
#4335 = CARTESIAN_POINT ( 'NONE',  ( -2.000000000000000000, -1.154700538379254349, -1.421367205045916737 ) ) ;
#4336 = PRESENTATION_LAYER_ASSIGNMENT (  '', '', ( #4142 ) ) ;
#4337 = CARTESIAN_POINT ( 'NONE',  ( -3.000000000000000000, 0.000000000000000000, -1.000000000000000000 ) ) ;
#4338 = LINE ( 'NONE', #6815, #11532 ) ;
#4339 = EDGE_CURVE ( 'NONE', #3160, #5063, #7835, .T. ) ;
#4340 = ORIENTED_EDGE ( 'NONE', *, *, #12091, .T. ) ;
#4341 = CARTESIAN_POINT ( 'NONE',  ( -2.000000000000000000, -1.154700538379254349, -1.421367205045916737 ) ) ;
#4342 = PRODUCT_DEFINITION_CONTEXT ( 'detailed design', #6271, 'design' ) ;
#4343 = ORIENTED_EDGE ( 'NONE', *, *, #3263, .F. ) ;
#4344 = DIRECTION ( 'NONE',  ( -0.000000000000000000, 0.000000000000000000, -1.000000000000000000 ) ) ;
#4345 = DIRECTION ( 'NONE',  ( 0.000000000000000000, 1.000000000000000000, 0.000000000000000000 ) ) ;
#4346 = AXIS2_PLACEMENT_3D ( 'NONE', #3233, #8770, #4162 ) ;
#4347 = LINE ( 'NONE', #1624, #3697 ) ;
#4348 = CARTESIAN_POINT ( 'NONE',  ( -2.000000000000001776, -0.7999999999999864997, -2.999999999999891642 ) ) ;
#4349 = CARTESIAN_POINT ( 'NONE',  ( -2.000000000000000000, -1.154700538379254349, -0.1786327949540832127 ) ) ;
#4350 = ORIENTED_EDGE ( 'NONE', *, *, #7233, .T. ) ;
#4351 = CARTESIAN_POINT ( 'NONE',  ( -2.000000000000000000, 0.9000000000000003553, -5.309401076758394566 ) ) ;
#4352 = ORIENTED_EDGE ( 'NONE', *, *, #10751, .F. ) ;
#4353 = EDGE_CURVE ( 'NONE', #10831, #3461, #6238, .T. ) ;
#4354 = EDGE_CURVE ( 'NONE', #7718, #5378, #1913, .T. ) ;
#4355 = CONICAL_SURFACE ( 'NONE', #11256, 1.000000000000000000, 1.047197551196604515 ) ;
#4356 = VERTEX_POINT ( 'NONE', #4323 ) ;
#4357 = AXIS2_PLACEMENT_3D ( 'NONE', #5152, #5276, #9034 ) ;
#4358 = DIRECTION ( 'NONE',  ( 1.000000000000000000, 0.000000000000000000, 0.000000000000000000 ) ) ;
#4359 = VERTEX_POINT ( 'NONE', #5363 ) ;
#4360 = DIRECTION ( 'NONE',  ( -0.8660254037844383745, 0.000000000000000000, -0.5000000000000004441 ) ) ;
#4361 = DIRECTION ( 'NONE',  ( -1.000000000000000000, 0.000000000000000000, 0.000000000000000000 ) ) ;
#4362 = CYLINDRICAL_SURFACE ( 'NONE', #9977, 10.00000000000000000 ) ;
#4363 = ORIENTED_EDGE ( 'NONE', *, *, #6462, .T. ) ;
#4364 = VERTEX_POINT ( 'NONE', #615 ) ;
#4365 = DIRECTION ( 'NONE',  ( 0.000000000000000000, 1.000000000000000000, 0.000000000000000000 ) ) ;
#4366 = CARTESIAN_POINT ( 'NONE',  ( 0.000000000000000000, 0.000000000000000000, 0.000000000000000000 ) ) ;
#4367 = DIRECTION ( 'NONE',  ( 0.000000000000000000, 0.000000000000000000, 1.000000000000000000 ) ) ;
#4368 = DIRECTION ( 'NONE',  ( 0.000000000000000000, 0.000000000000000000, 1.000000000000000000 ) ) ;
#4369 = CARTESIAN_POINT ( 'NONE',  ( -0.6302730391922507502, 0.04368000243685821182, -0.7870467931636644376 ) ) ;
#4370 = CARTESIAN_POINT ( 'NONE',  ( 0.000000000000000000, 4.898598887637106556E-16, -1.599999999999999867 ) ) ;
#4371 = DIRECTION ( 'NONE',  ( 1.000000000000000000, 0.000000000000000000, 0.000000000000000000 ) ) ;
#4372 = FILL_AREA_STYLE ('',( #2458 ) ) ;
#4373 = CARTESIAN_POINT ( 'NONE',  ( 2.000000000000000000, 1.154700538379254349, -1.421367205045916737 ) ) ;
#4374 = EDGE_CURVE ( 'NONE', #10705, #4638, #9887, .T. ) ;
#4375 = VERTEX_POINT ( 'NONE', #8189 ) ;
#4376 = EDGE_CURVE ( 'NONE', #12109, #6169, #1944, .T. ) ;
#4377 = DIRECTION ( 'NONE',  ( -0.000000000000000000, 0.000000000000000000, -1.000000000000000000 ) ) ;
#4378 = CARTESIAN_POINT ( 'NONE',  ( 3.499999999999998668, 0.8999999999999995781, -22.15470053837915998 ) ) ;
#4379 = B_SPLINE_CURVE_WITH_KNOTS ( 'NONE', 3,
 ( #10467, #2868, #2012, #9466, #1017, #1954 ),
 .UNSPECIFIED., .F., .F.,
 ( 4, 2, 4 ),
 ( 0.002060137505873420490, 0.002644210467598552897, 0.003228283429323685304 ),
 .UNSPECIFIED. ) ;
#4380 = CARTESIAN_POINT ( 'NONE',  ( -4.987329993433320396E-15, -2.309401076758504701, -1.421367205045916737 ) ) ;
#4381 = ORIENTED_EDGE ( 'NONE', *, *, #10294, .T. ) ;
#4382 = FACE_OUTER_BOUND ( 'NONE', #3454, .T. ) ;
#4384 = LINE ( 'NONE', #9923, #6992 ) ;
#4383 =( REPRESENTATION_RELATIONSHIP ('NONE','NONE', #912, #1231 ) REPRESENTATION_RELATIONSHIP_WITH_TRANSFORMATION ( #11286 )SHAPE_REPRESENTATION_RELATIONSHIP( ) );
#4385 = PRODUCT_DEFINITION_SHAPE ( 'NONE', 'NONE',  #11238 ) ;
#4386 = VERTEX_POINT ( 'NONE', #9919 ) ;
#4387 = ORIENTED_EDGE ( 'NONE', *, *, #10237, .F. ) ;
#4388 = DIRECTION ( 'NONE',  ( 0.000000000000000000, 0.000000000000000000, -1.000000000000000000 ) ) ;
#4389 = CARTESIAN_POINT ( 'NONE',  ( 0.000000000000000000, 23.00000000000000000, 0.000000000000000000 ) ) ;
#4390 = CARTESIAN_POINT ( 'NONE',  ( 3.499999999999999556, 17.00000000000000000, -8.732195743157015855 ) ) ;
#4391 = VERTEX_POINT ( 'NONE', #8999 ) ;
#4392 = ADVANCED_FACE ( 'NONE', ( #2533 ), #10910, .T. ) ;
#4393 = B_SPLINE_CURVE_WITH_KNOTS ( 'NONE', 3,
 ( #10569, #5013, #322, #7677, #8766, #6747 ),
 .UNSPECIFIED., .F., .F.,
 ( 4, 2, 4 ),
 ( 0.003228283429323684436, 0.003812703409393311971, 0.004397123389462939506 ),
 .UNSPECIFIED. ) ;
#4394 = CARTESIAN_POINT ( 'NONE',  ( 0.000000000000000000, 2.309401076758504701, -1.421367205045916737 ) ) ;
#4395 = FILL_AREA_STYLE_COLOUR ( '', #11728 ) ;
#4396 = EDGE_CURVE ( 'NONE', #503, #11888, #7144, .T. ) ;
#4397 = VERTEX_POINT ( 'NONE', #554 ) ;
#4398 = CARTESIAN_POINT ( 'NONE',  ( 0.000000000000000000, 0.000000000000000000, 0.000000000000000000 ) ) ;
#4399 = EDGE_LOOP ( 'NONE', ( #1865, #235 ) ) ;
#4400 = DIRECTION ( 'NONE',  ( 0.000000000000000000, -1.000000000000000000, 6.123233995736766036E-17 ) ) ;
#4401 = DIRECTION ( 'NONE',  ( -1.000000000000000000, -0.000000000000000000, -0.000000000000000000 ) ) ;
#4402 = CARTESIAN_POINT ( 'NONE',  ( -2.000000000000003997, 2.500000000000000000, -5.309401076758396343 ) ) ;
#4403 = VERTEX_POINT ( 'NONE', #10914 ) ;
#4404 = ORIENTED_EDGE ( 'NONE', *, *, #371, .F. ) ;
#4405 = EDGE_CURVE ( 'NONE', #3132, #6110, #10105, .T. ) ;
#4406 = CARTESIAN_POINT ( 'NONE',  ( 2.000000000000000000, 1.154700538379254349, -0.1786327949540832127 ) ) ;
#4407 = ORIENTED_EDGE ( 'NONE', *, *, #8116, .T. ) ;
#4408 = LINE ( 'NONE', #2316, #2307 ) ;
#4409 = ORIENTED_EDGE ( 'NONE', *, *, #7924, .T. ) ;
#4410 = DIRECTION ( 'NONE',  ( 0.000000000000000000, 0.000000000000000000, 1.000000000000000000 ) ) ;
#4411 = CIRCLE ( 'NONE', #3632, 2.500000000000002220 ) ;
#4412 = EDGE_CURVE ( 'NONE', #8211, #6679, #8129, .T. ) ;
#4413 = EDGE_LOOP ( 'NONE', ( #3706, #7150, #2555, #7468, #160 ) ) ;
#4414 = FACE_BOUND ( 'NONE', #8578, .T. ) ;
#4415 = ORIENTED_EDGE ( 'NONE', *, *, #5127, .T. ) ;
#4416 = STYLED_ITEM ( 'NONE', ( #5108 ), #4735 ) ;
#4417 = FACE_OUTER_BOUND ( 'NONE', #9262, .T. ) ;
#4418 = DIRECTION ( 'NONE',  ( 0.000000000000000000, 0.000000000000000000, 1.000000000000000000 ) ) ;
#4419 =( NAMED_UNIT ( * ) PLANE_ANGLE_UNIT ( ) SI_UNIT ( $, .RADIAN. ) );
#4420 = PLANE ( 'NONE',  #725 ) ;
#4421 = ORIENTED_EDGE ( 'NONE', *, *, #1973, .F. ) ;
#4422 = ORIENTED_EDGE ( 'NONE', *, *, #10126, .F. ) ;
#4423 = ADVANCED_FACE ( 'NONE', ( #11911 ), #8720, .T. ) ;
#4424 = CARTESIAN_POINT ( 'NONE',  ( 1.000000000000000444, -1.732050807568876971, -1.600000000000000089 ) ) ;
#4425 = EDGE_CURVE ( 'NONE', #311, #9313, #6344, .T. ) ;
#4426 = DIRECTION ( 'NONE',  ( -1.000000000000000000, 0.000000000000000000, 0.000000000000000000 ) ) ;
#4427 = CARTESIAN_POINT ( 'NONE',  ( 0.3961041568211383646, -0.5105416457795518559, -0.7780255052810357563 ) ) ;
#4428 = DIRECTION ( 'NONE',  ( -0.000000000000000000, 1.224649721909276639E-16, -1.000000000000000000 ) ) ;
#4429 = CARTESIAN_POINT ( 'NONE',  ( -3.000000000000000000, 1.224646799147353207E-16, 1.000000000000000000 ) ) ;
#4430 = VECTOR ( 'NONE', #1781, 1000.000000000000000 ) ;
#4431 = CARTESIAN_POINT ( 'NONE',  ( 1.000000000000001998, 1.732050807568876083, -1.600000000000000089 ) ) ;
#4432 = CARTESIAN_POINT ( 'NONE',  ( 2.000000000000000000, 0.000000000000000000, 0.000000000000000000 ) ) ;
#4433 = AXIS2_PLACEMENT_3D ( 'NONE', #124, #6784, #7657 ) ;
#4434 = DIRECTION ( 'NONE',  ( -0.000000000000000000, -0.000000000000000000, -1.000000000000000000 ) ) ;
#4435 = ORIENTED_EDGE ( 'NONE', *, *, #6984, .F. ) ;
#4436 = CIRCLE ( 'NONE', #4636, 2.500000000000002220 ) ;
#4437 = DIRECTION ( 'NONE',  ( 0.000000000000000000, -0.000000000000000000, 1.000000000000000000 ) ) ;
#4438 = CARTESIAN_POINT ( 'NONE',  ( -2.000000000000000000, -0.7745510564695443634, -1.521052330702031608 ) ) ;
#4440 = ORIENTED_EDGE ( 'NONE', *, *, #103, .T. ) ;
#4439 = CARTESIAN_POINT ( 'NONE',  ( -1.672282218993688341, -1.343908487461473733, -1.520662200187637758 ) ) ;
#4441 = CARTESIAN_POINT ( 'NONE',  ( 0.7263287850284176894, -0.2227272727272730235, -0.7092725651034373913 ) ) ;
#4442 = AXIS2_PLACEMENT_3D ( 'NONE', #11178, #1482, #2538 ) ;
#4443 = CYLINDRICAL_SURFACE ( 'NONE', #2858, 5.500000000000000000 ) ;
#4444 = VERTEX_POINT ( 'NONE', #739 ) ;
#4445 = EDGE_CURVE ( 'NONE', #1307, #9878, #4507, .T. ) ;
#4446 = VERTEX_POINT ( 'NONE', #2653 ) ;
#4447 = EDGE_CURVE ( 'NONE', #477, #2421, #6406, .T. ) ;
#4448 = CARTESIAN_POINT ( 'NONE',  ( 3.499999999999996003, 2.500000000000000000, -1.845299461620641512 ) ) ;
#4449 = FACE_OUTER_BOUND ( 'NONE', #8636, .T. ) ;
#4450 = B_SPLINE_CURVE_WITH_KNOTS ( 'NONE', 3,
 ( #2001, #7673, #10507, #2053, #1126, #1187 ),
 .UNSPECIFIED., .F., .F.,
 ( 4, 2, 4 ),
 ( 0.001168606431211099582, 0.001750609284260043214, 0.002332612137308987497 ),
 .UNSPECIFIED. ) ;
#4451 = CIRCLE ( 'NONE', #8177, 0.9999999999999997780 ) ;
#4452 = CARTESIAN_POINT ( 'NONE',  ( 5.499999999999998224, 0.8999999999999995781, -19.89999999999990976 ) ) ;
#4453 = DIRECTION ( 'NONE',  ( -1.000000000000000000, 0.000000000000000000, -0.000000000000000000 ) ) ;
#4454 = ORIENTED_EDGE ( 'NONE', *, *, #9176, .F. ) ;
#4455 = DIRECTION ( 'NONE',  ( 1.000000000000000000, -0.000000000000000000, -0.000000000000000000 ) ) ;
#4456 = CARTESIAN_POINT ( 'NONE',  ( -2.000000000000000000, -1.154700538379254349, -0.1786327949540832127 ) ) ;
#4457 = AXIS2_PLACEMENT_3D ( 'NONE', #1668, #2606, #2662 ) ;
#4458 = EDGE_CURVE ( 'NONE', #8014, #3230, #1452, .T. ) ;
#4459 = ORIENTED_EDGE ( 'NONE', *, *, #5763, .F. ) ;
#4460 = PLANE ( 'NONE',  #11781 ) ;
#4461 = ADVANCED_FACE ( 'NONE', ( #9429 ), #4983, .T. ) ;
#4462 = VECTOR ( 'NONE', #3890, 1000.000000000000000 ) ;
#4463 = ORIENTED_EDGE ( 'NONE', *, *, #10843, .F. ) ;
#4464 = CARTESIAN_POINT ( 'NONE',  ( 0.000000000000000000, 0.000000000000000000, 0.000000000000000000 ) ) ;
#4465 =( NAMED_UNIT ( * ) PLANE_ANGLE_UNIT ( ) SI_UNIT ( $, .RADIAN. ) );
#4466 = DIRECTION ( 'NONE',  ( 0.000000000000000000, 0.000000000000000000, 1.000000000000000000 ) ) ;
#4467 = ORIENTED_EDGE ( 'NONE', *, *, #10255, .T. ) ;
#4468 = LINE ( 'NONE', #12009, #8833 ) ;
#4469 = AXIS2_PLACEMENT_3D ( 'NONE', #1282, #5050, #4247 ) ;
#4470 = DIRECTION ( 'NONE',  ( -1.000000000000000000, -0.000000000000000000, -0.000000000000000000 ) ) ;
#4471 = ORIENTED_EDGE ( 'NONE', *, *, #9512, .F. ) ;
#4472 = ORIENTED_EDGE ( 'NONE', *, *, #1063, .T. ) ;
#4473 = AXIS2_PLACEMENT_3D ( 'NONE', #1511, #7169, #2499 ) ;
#4474 = EDGE_LOOP ( 'NONE', ( #9945, #2478, #9775, #11061, #6611 ) ) ;
#4475 = FACE_OUTER_BOUND ( 'NONE', #7414, .T. ) ;
#4476 = EDGE_CURVE ( 'NONE', #1748, #2088, #3028, .T. ) ;
#4477 = VERTEX_POINT ( 'NONE', #6595 ) ;
#4478 = VECTOR ( 'NONE', #7913, 1000.000000000000000 ) ;
#4479 = AXIS2_PLACEMENT_3D ( 'NONE', #11162, #7300, #10344 ) ;
#4480 = DIRECTION ( 'NONE',  ( -0.000000000000000000, 0.000000000000000000, -1.000000000000000000 ) ) ;
#4481 = AXIS2_PLACEMENT_3D ( 'NONE', #10950, #9956, #8056 ) ;
#4482 = PLANE ( 'NONE',  #2312 ) ;
#4483 =( LENGTH_UNIT ( ) NAMED_UNIT ( * ) SI_UNIT ( .MILLI., .METRE. ) );
#4484 = DIRECTION ( 'NONE',  ( 0.000000000000000000, 1.000000000000000000, 0.000000000000000000 ) ) ;
#4485 = VECTOR ( 'NONE', #7376, 1000.000000000000000 ) ;
#4486 = EDGE_LOOP ( 'NONE', ( #7684, #11180, #10058, #1157 ) ) ;
#4487 = ORIENTED_EDGE ( 'NONE', *, *, #9947, .T. ) ;
#4488 = VECTOR ( 'NONE', #5078, 1000.000000000000000 ) ;
#4489 = CARTESIAN_POINT ( 'NONE',  ( -4.987329993433320396E-15, -2.309401076758504701, -0.1786327949540832127 ) ) ;
#4490 = EDGE_CURVE ( 'NONE', #2500, #5782, #1793, .T. ) ;
#4491 = CARTESIAN_POINT ( 'NONE',  ( 1.000000000000000000, 0.000000000000000000, 0.000000000000000000 ) ) ;
#4492 = CIRCLE ( 'NONE', #11387, 1.999999999999999556 ) ;
#4493 =( LENGTH_UNIT ( ) NAMED_UNIT ( * ) SI_UNIT ( .MILLI., .METRE. ) );
#4494 = CARTESIAN_POINT ( 'NONE',  ( 2.099999999999999645, -4.001000000000000334, -0.4999999999999991673 ) ) ;
#4495 = AXIS2_PLACEMENT_3D ( 'NONE', #9096, #11945, #3310 ) ;
#4496 = FACE_OUTER_BOUND ( 'NONE', #7181, .T. ) ;
#4497 = EDGE_CURVE ( 'NONE', #1307, #4446, #3818, .T. ) ;
#4498 = AXIS2_PLACEMENT_3D ( 'NONE', #10627, #1004, #10560 ) ;
#4499 = LINE ( 'NONE', #12035, #4079 ) ;
#4500 = DIRECTION ( 'NONE',  ( -0.000000000000000000, 0.000000000000000000, 1.000000000000000000 ) ) ;
#4501 = SHAPE_REPRESENTATION_RELATIONSHIP ( 'NONE' , 'NONE' ,  #2177, #4018 ) ;
#4502 = CIRCLE ( 'NONE', #8029, 1.999999999999999556 ) ;
#4503 = CARTESIAN_POINT ( 'NONE',  ( 1.999999999999999556, 0.7788341705667920500, -1.520151717152269377 ) ) ;
#4504 = VERTEX_POINT ( 'NONE', #8314 ) ;
#4505 = DIRECTION ( 'NONE',  ( 0.000000000000000000, 0.000000000000000000, -1.000000000000000000 ) ) ;
#4506 =( NAMED_UNIT ( * ) PLANE_ANGLE_UNIT ( ) SI_UNIT ( $, .RADIAN. ) );
#4507 = LINE ( 'NONE', #12044, #8137 ) ;
#4508 = ORIENTED_EDGE ( 'NONE', *, *, #7361, .F. ) ;
#4509 = CARTESIAN_POINT ( 'NONE',  ( 3.499999999999999556, 2.500000000000000000, -19.84529946162065528 ) ) ;
#4510 = VECTOR ( 'NONE', #3443, 1000.000000000000000 ) ;
#4511 = DIRECTION ( 'NONE',  ( -1.000000000000000000, -0.000000000000000000, -0.000000000000000000 ) ) ;
#4512 = EDGE_CURVE ( 'NONE', #9313, #9898, #6661, .T. ) ;
#4513 = EDGE_CURVE ( 'NONE', #8806, #2925, #2441, .T. ) ;
#4514 = ORIENTED_EDGE ( 'NONE', *, *, #3503, .F. ) ;
#4515 = ORIENTED_EDGE ( 'NONE', *, *, #4019, .F. ) ;
#4516 = LINE ( 'NONE', #5505, #2950 ) ;
#4517 = VECTOR ( 'NONE', #3978, 1000.000000000000227 ) ;
#4518 = CARTESIAN_POINT ( 'NONE',  ( 0.000000000000000000, 0.000000000000000000, -10.50000000000000000 ) ) ;
#4519 = B_SPLINE_CURVE_WITH_KNOTS ( 'NONE', 3,
 ( #9906, #1589, #11839, #11898, #1642, #4489 ),
 .UNSPECIFIED., .F., .F.,
 ( 4, 2, 4 ),
 ( 0.001168606431211098931, 0.001750609284260044515, 0.002332612137308990100 ),
 .UNSPECIFIED. ) ;
#4520 = VECTOR ( 'NONE', #5707, 1000.000000000000000 ) ;
#4521 = CARTESIAN_POINT ( 'NONE',  ( 0.000000000000000000, 0.000000000000000000, -1.600000000000000089 ) ) ;
#4522 = ORIENTED_EDGE ( 'NONE', *, *, #8434, .T. ) ;
#4523 = PRODUCT_RELATED_PRODUCT_CATEGORY ( 'part', '', ( #9506 ) ) ;
#4524 = CARTESIAN_POINT ( 'NONE',  ( -2.000000000000000000, -1.154700538379254349, -1.421367205045916737 ) ) ;
#4525 = DIRECTION ( 'NONE',  ( -0.000000000000000000, 1.224649721909276639E-16, -1.000000000000000000 ) ) ;
#4526 = DIRECTION ( 'NONE',  ( 0.000000000000000000, 0.000000000000000000, 1.000000000000000000 ) ) ;
#4527 = EDGE_LOOP ( 'NONE', ( #595, #5996, #10690, #8299, #10078, #254 ) ) ;
#4528 = CARTESIAN_POINT ( 'NONE',  ( 0.000000000000000000, 12.50000000000000000, -8.000000000000000000 ) ) ;
#4529 = ORIENTED_EDGE ( 'NONE', *, *, #7531, .T. ) ;
#4530 = ORIENTED_EDGE ( 'NONE', *, *, #6603, .F. ) ;
#4531 = DIRECTION ( 'NONE',  ( -1.000000000000000000, 0.000000000000000000, 6.982962677686266711E-15 ) ) ;
#4532 = CARTESIAN_POINT ( 'NONE',  ( 3.581183789785735176E-16, 2.309401076758504701, -1.600000000000000089 ) ) ;
#4533 = CARTESIAN_POINT ( 'NONE',  ( 2.500000000000000000, 9.199999999999999289, -21.00000000000000355 ) ) ;
#4534 = ORIENTED_EDGE ( 'NONE', *, *, #3968, .T. ) ;
#4535 = CARTESIAN_POINT ( 'NONE',  ( 2.000000000000000000, 0.000000000000000000, 0.000000000000000000 ) ) ;
#4536 = EDGE_CURVE ( 'NONE', #1641, #7141, #6544, .T. ) ;
#4537 = EDGE_CURVE ( 'NONE', #11937, #10851, #12111, .T. ) ;
#4538 = DIRECTION ( 'NONE',  ( 0.000000000000000000, 1.000000000000000000, 0.000000000000000000 ) ) ;
#4539 = VERTEX_POINT ( 'NONE', #12162 ) ;
#4540 = ORIENTED_EDGE ( 'NONE', *, *, #6889, .T. ) ;
#4541 = DIRECTION ( 'NONE',  ( 1.000000000000000000, 0.000000000000000000, 0.000000000000000000 ) ) ;
#4542 = FACE_OUTER_BOUND ( 'NONE', #9465, .T. ) ;
#4543 = CIRCLE ( 'NONE', #9084, 1.999999999999999556 ) ;
#4544 = DIRECTION ( 'NONE',  ( 0.000000000000000000, 0.000000000000000000, -1.000000000000000000 ) ) ;
#4545 = CARTESIAN_POINT ( 'NONE',  ( 5.500000000000000888, 0.000000000000000000, -18.00000000000000355 ) ) ;
#4546 = ORIENTED_EDGE ( 'NONE', *, *, #10865, .F. ) ;
#4547 = LINE ( 'NONE', #5346, #10003 ) ;
#4548 = APPLICATION_CONTEXT ( 'automotive_design' ) ;
#4549 = EDGE_CURVE ( 'NONE', #1960, #8908, #4793, .T. ) ;
#4550 = DIRECTION ( 'NONE',  ( 1.000000000000000000, -0.000000000000000000, -0.000000000000000000 ) ) ;
#4551 = AXIS2_PLACEMENT_3D ( 'NONE', #11689, #7861, #5267 ) ;
#4552 = DIRECTION ( 'NONE',  ( 0.000000000000000000, 0.000000000000000000, -1.000000000000000000 ) ) ;
#4553 = CARTESIAN_POINT ( 'NONE',  ( -2.000000000000000000, 1.154700538379251240, -0.1786327949540822413 ) ) ;
#4554 = DIRECTION ( 'NONE',  ( -0.8191520442889902442, 1.003171929053522651E-16, 0.5735764363510482688 ) ) ;
#4555 = B_SPLINE_CURVE_WITH_KNOTS ( 'NONE', 3,
 ( #5962, #6019, #9777, #456, #1332, #1264 ),
 .UNSPECIFIED., .F., .F.,
 ( 4, 2, 4 ),
 ( 0.001168606431211104352, 0.001750609284260045383, 0.002332612137308986630 ),
 .UNSPECIFIED. ) ;
#4556 = DIRECTION ( 'NONE',  ( -0.000000000000000000, 0.000000000000000000, -1.000000000000000000 ) ) ;
#4557 = DIRECTION ( 'NONE',  ( 0.000000000000000000, 0.000000000000000000, -1.000000000000000000 ) ) ;
#4558 = EDGE_CURVE ( 'NONE', #5932, #11577, #1844, .T. ) ;
#4559 =( NAMED_UNIT ( * ) PLANE_ANGLE_UNIT ( ) SI_UNIT ( $, .RADIAN. ) );
#4560 = PRODUCT_DEFINITION_FORMATION_WITH_SPECIFIED_SOURCE ( 'ANY', '', #3507, .NOT_KNOWN. ) ;
#4561 = PLANE ( 'NONE',  #915 ) ;
#4562 = VERTEX_POINT ( 'NONE', #4679 ) ;
#4563 = EDGE_CURVE ( 'NONE', #2221, #7655, #8437, .T. ) ;
#4564 = CARTESIAN_POINT ( 'NONE',  ( 1.000000000000000000, 0.000000000000000000, -3.000000000000000444 ) ) ;
#4565 = DIRECTION ( 'NONE',  ( 0.000000000000000000, 0.000000000000000000, -1.000000000000000000 ) ) ;
#4567 = ORIENTED_EDGE ( 'NONE', *, *, #9980, .T. ) ;
#4566 = CARTESIAN_POINT ( 'NONE',  ( -0.3277177810063121588, 2.120193127676282430, -0.07933779981236163681 ) ) ;
#4568 = CARTESIAN_POINT ( 'NONE',  ( 0.000000000000000000, 0.000000000000000000, -0.1540456584061371259 ) ) ;
#4569 = VECTOR ( 'NONE', #6437, 1000.000000000000000 ) ;
#4570 = FACE_OUTER_BOUND ( 'NONE', #654, .T. ) ;
#4571 = ORIENTED_EDGE ( 'NONE', *, *, #6272, .F. ) ;
#4572 = ORIENTED_EDGE ( 'NONE', *, *, #424, .T. ) ;
#4573 = CARTESIAN_POINT ( 'NONE',  ( 5.500000000000000888, 0.000000000000000000, -21.00000000000000000 ) ) ;
#4574 = CARTESIAN_POINT ( 'NONE',  ( 0.000000000000000000, 0.000000000000000000, 0.000000000000000000 ) ) ;
#4575 = DIRECTION ( 'NONE',  ( 0.000000000000000000, 0.000000000000000000, 1.000000000000000000 ) ) ;
#4576 = ORIENTED_EDGE ( 'NONE', *, *, #5024, .T. ) ;
#4577 = EDGE_CURVE ( 'NONE', #8602, #3160, #455, .T. ) ;
#4578 = ADVANCED_FACE ( 'NONE', ( #7573, #4794 ), #980, .T. ) ;
#4579 = ORIENTED_EDGE ( 'NONE', *, *, #6568, .T. ) ;
#4580 = CARTESIAN_POINT ( 'NONE',  ( -2.000000000000000000, 0.8999999999999995781, -20.99999999999990763 ) ) ;
#4581 = CARTESIAN_POINT ( 'NONE',  ( -2.000000000000000000, 2.500000000000000000, -6.000000000000000000 ) ) ;
#4582 = ORIENTED_EDGE ( 'NONE', *, *, #3389, .F. ) ;
#4583 = ORIENTED_EDGE ( 'NONE', *, *, #7489, .F. ) ;
#4584 = DIRECTION ( 'NONE',  ( -0.4999999999999987788, 0.000000000000000000, 0.8660254037844393737 ) ) ;
#4585 = VERTEX_POINT ( 'NONE', #10422 ) ;
#4586 = DIRECTION ( 'NONE',  ( 1.000000000000000000, 0.000000000000000000, 0.000000000000000000 ) ) ;
#4587 = PRODUCT_DEFINITION_SHAPE ( 'NONE', 'NONE',  #12220 ) ;
#4588 = CARTESIAN_POINT ( 'NONE',  ( 0.04123106663163618457, -0.8750777604359802897, -0.6399626214424704029 ) ) ;
#4589 =( LENGTH_UNIT ( ) NAMED_UNIT ( * ) SI_UNIT ( .MILLI., .METRE. ) );
#4590 = ORIENTED_EDGE ( 'NONE', *, *, #8037, .F. ) ;
#4591 = CARTESIAN_POINT ( 'NONE',  ( 0.000000000000000000, 0.000000000000000000, 0.000000000000000000 ) ) ;
#4592 = ORIENTED_EDGE ( 'NONE', *, *, #12036, .F. ) ;
#4593 = CARTESIAN_POINT ( 'NONE',  ( -2.000000000000000000, 0.000000000000000000, 0.000000000000000000 ) ) ;
#4594 = ORIENTED_EDGE ( 'NONE', *, *, #1463, .F. ) ;
#4595 = EDGE_LOOP ( 'NONE', ( #5381, #11694, #9335, #7464, #108, #586, #8941, #5094 ) ) ;
#4596 = DIRECTION ( 'NONE',  ( 0.000000000000000000, 0.000000000000000000, -1.000000000000000000 ) ) ;
#4597 = CIRCLE ( 'NONE', #648, 0.7740000000000000213 ) ;
#4598 = DIRECTION ( 'NONE',  ( 0.000000000000000000, 0.000000000000000000, 1.000000000000000000 ) ) ;
#4599 = EDGE_CURVE ( 'NONE', #7719, #4222, #1351, .T. ) ;
#4600 = EDGE_CURVE ( 'NONE', #640, #11384, #10482, .T. ) ;
#4601 = DIRECTION ( 'NONE',  ( -1.000000000000000000, 0.000000000000000000, 0.000000000000000000 ) ) ;
#4602 = LINE ( 'NONE', #7440, #9203 ) ;
#4603 = VERTEX_POINT ( 'NONE', #5791 ) ;
#4604 = ORIENTED_EDGE ( 'NONE', *, *, #1029, .T. ) ;
#4605 = CYLINDRICAL_SURFACE ( 'NONE', #556, 10.00000000000000000 ) ;
#4606 = B_SPLINE_CURVE_WITH_KNOTS ( 'NONE', 3,
 ( #11868, #9998, #7102, #10872, #1377, #10997 ),
 .UNSPECIFIED., .F., .F.,
 ( 4, 2, 4 ),
 ( 3.086168651045376597E-07, 0.0001317793995238435330, 0.0002632501821825824714 ),
 .UNSPECIFIED. ) ;
#4607 = CARTESIAN_POINT ( 'NONE',  ( 1.086261710843702231E-16, 0.7740000000000005764, -4.000000000000000000 ) ) ;
#4608 = CARTESIAN_POINT ( 'NONE',  ( -0.1702769162167621364, 0.7403828156981309139, -500000.0000000000582 ) ) ;
#4609 = DIRECTION ( 'NONE',  ( 0.8660254037844384856, 0.5000000000000002220, 0.000000000000000000 ) ) ;
#4610 = ORIENTED_EDGE ( 'NONE', *, *, #2817, .T. ) ;
#4611 = DIRECTION ( 'NONE',  ( 0.8660254037844382635, 0.000000000000000000, 0.5000000000000008882 ) ) ;
#4612 = CARTESIAN_POINT ( 'NONE',  ( 1.000000000000000444, 1.224646799147353947E-16, 0.000000000000000000 ) ) ;
#4613 = EDGE_CURVE ( 'NONE', #11469, #9857, #5494, .T. ) ;
#4614 = CARTESIAN_POINT ( 'NONE',  ( -0.7063323362395498295, 0.4078011644652422829, -0.1291166393111907729 ) ) ;
#4615 = CONICAL_SURFACE ( 'NONE', #461, 2.000000000000000000, 1.047197551196595855 ) ;
#4616 = DIRECTION ( 'NONE',  ( 0.8660254037844385966, 0.000000000000000000, 0.5000000000000002220 ) ) ;
#4617 = ITEM_DEFINED_TRANSFORMATION ( 'NONE', 'NONE', #11456,  #8058 ) ;
#4618 = EDGE_CURVE ( 'NONE', #5614, #5924, #9927, .T. ) ;
#4619 = CIRCLE ( 'NONE', #5201, 1.099999999999996758 ) ;
#4620 = DIRECTION ( 'NONE',  ( 0.000000000000000000, 0.000000000000000000, -1.000000000000000000 ) ) ;
#4621 = CARTESIAN_POINT ( 'NONE',  ( 0.000000000000000000, 0.000000000000000000, -0.3000000000000172529 ) ) ;
#4622 = DIRECTION ( 'NONE',  ( 1.000000000000000000, 0.000000000000000000, 0.000000000000000000 ) ) ;
#4623 = EDGE_LOOP ( 'NONE', ( #1416, #11279 ) ) ;
#4624 = DIRECTION ( 'NONE',  ( -0.000000000000000000, 0.000000000000000000, 1.000000000000000000 ) ) ;
#4625 = CARTESIAN_POINT ( 'NONE',  ( 4.099999999999999645, 2.821690854684141936, -0.8999999999999992450 ) ) ;
#4626 = ORIENTED_EDGE ( 'NONE', *, *, #1539, .T. ) ;
#4627 = EDGE_CURVE ( 'NONE', #10179, #11810, #68, .T. ) ;
#4628 = FILL_AREA_STYLE ('',( #7399 ) ) ;
#4629 = CARTESIAN_POINT ( 'NONE',  ( 3.581183789785735176E-16, 2.309401076758504701, -1.600000000000000089 ) ) ;
#4630 = CARTESIAN_POINT ( 'NONE',  ( 1.000000000000000000, 0.000000000000000000, 0.000000000000000000 ) ) ;
#4631 = ORIENTED_EDGE ( 'NONE', *, *, #7305, .T. ) ;
#4632 = DIRECTION ( 'NONE',  ( 1.000000000000000000, 0.000000000000000000, 0.000000000000000000 ) ) ;
#4633 = CYLINDRICAL_SURFACE ( 'NONE', #9922, 2.999999999999999112 ) ;
#4634 = LINE ( 'NONE', #8387, #779 ) ;
#4635 = DIRECTION ( 'NONE',  ( -0.000000000000000000, -0.000000000000000000, -1.000000000000000000 ) ) ;
#4636 = AXIS2_PLACEMENT_3D ( 'NONE', #2181, #7730, #8762 ) ;
#4637 = ORIENTED_EDGE ( 'NONE', *, *, #6120, .F. ) ;
#4638 = VERTEX_POINT ( 'NONE', #7881 ) ;
#4639 = EDGE_CURVE ( 'NONE', #11471, #1828, #1216, .T. ) ;
#4640 = AXIS2_PLACEMENT_3D ( 'NONE', #9488, #3821, #1034 ) ;
#4641 = CARTESIAN_POINT ( 'NONE',  ( -0.9999999999999997780, 1.224646799147352961E-16, 0.000000000000000000 ) ) ;
#4642 = APPLICATION_PROTOCOL_DEFINITION ( 'draft international standard', 'automotive_design', 1998, #8232 ) ;
#4643 = DIRECTION ( 'NONE',  ( -1.000000000000000000, 0.000000000000000000, 0.000000000000000000 ) ) ;
#4644 = CARTESIAN_POINT ( 'NONE',  ( 0.000000000000000000, 0.000000000000000000, 10.00000000000000000 ) ) ;
#4645 = ORIENTED_EDGE ( 'NONE', *, *, #2547, .F. ) ;
#4646 = DIRECTION ( 'NONE',  ( 0.000000000000000000, 0.000000000000000000, 1.000000000000000000 ) ) ;
#4647 = CARTESIAN_POINT ( 'NONE',  ( 2.000000000000000000, 0.000000000000000000, -1.600000000000000089 ) ) ;
#4648 = AXIS2_PLACEMENT_3D ( 'NONE', #4240, #2155, #354 ) ;
#4649 = MECHANICAL_DESIGN_GEOMETRIC_PRESENTATION_REPRESENTATION (  '', ( #9768 ), #9370 ) ;
#4650 = ORIENTED_EDGE ( 'NONE', *, *, #5680, .F. ) ;
#4651 = VERTEX_POINT ( 'NONE', #3135 ) ;
#4652 = DIRECTION ( 'NONE',  ( 0.000000000000000000, 0.000000000000000000, -1.000000000000000000 ) ) ;
#4653 = ADVANCED_FACE ( 'NONE', ( #1273 ), #11656, .T. ) ;
#4654 = EDGE_CURVE ( 'NONE', #11462, #6850, #261, .T. ) ;
#4655 = DIRECTION ( 'NONE',  ( 1.000000000000000000, 0.000000000000000000, 0.000000000000000000 ) ) ;
#4656 = CARTESIAN_POINT ( 'NONE',  ( 1.224646799147353207E-16, 1.000000000000000444, -3.069518839163146939 ) ) ;
#4657 = VECTOR ( 'NONE', #8684, 1000.000000000000000 ) ;
#4658 = CARTESIAN_POINT ( 'NONE',  ( 5.500000000000001776, 2.500000000000000000, -18.69059892324140293 ) ) ;
#4659 = EDGE_LOOP ( 'NONE', ( #1943, #11308, #10693, #9087 ) ) ;
#4660 = AXIS2_PLACEMENT_3D ( 'NONE', #8179, #4245, #3449 ) ;
#4661 = ORIENTED_EDGE ( 'NONE', *, *, #4333, .T. ) ;
#4662 = CARTESIAN_POINT ( 'NONE',  ( -8.000000000000000000, 17.00000000000000000, -4.732195743157014078 ) ) ;
#4663 = VECTOR ( 'NONE', #9037, 1000.000000000000000 ) ;
#4664 = CARTESIAN_POINT ( 'NONE',  ( 5.500000000000002665, 0.8999999999999995781, -23.30940107675840878 ) ) ;
#4665 = CARTESIAN_POINT ( 'NONE',  ( 1.500000000000000000, 0.000000000000000000, 0.000000000000000000 ) ) ;
#4666 = FACE_OUTER_BOUND ( 'NONE', #8147, .T. ) ;
#4667 = CIRCLE ( 'NONE', #5468, 1.000000000000000000 ) ;
#4668 = VECTOR ( 'NONE', #5653, 1000.000000000000000 ) ;
#4669 = ORIENTED_EDGE ( 'NONE', *, *, #8140, .T. ) ;
#4670 = CIRCLE ( 'NONE', #9557, 1.999999999999999556 ) ;
#4671 = DIRECTION ( 'NONE',  ( 1.000000000000000000, -0.000000000000000000, -0.000000000000000000 ) ) ;
#4672 = DIRECTION ( 'NONE',  ( -0.000000000000000000, 1.224649721909276639E-16, -1.000000000000000000 ) ) ;
#4673 = DIRECTION ( 'NONE',  ( 0.000000000000000000, -0.000000000000000000, 1.000000000000000000 ) ) ;
#4674 = CARTESIAN_POINT ( 'NONE',  ( 0.000000000000000000, 0.000000000000000000, 0.000000000000000000 ) ) ;
#4675 = AXIS2_PLACEMENT_3D ( 'NONE', #10761, #8711, #3048 ) ;
#4676 = DIRECTION ( 'NONE',  ( 0.000000000000000000, 1.000000000000000000, 0.000000000000000000 ) ) ;
#4677 = ADVANCED_FACE ( 'NONE', ( #282 ), #7008, .T. ) ;
#4678 = EDGE_CURVE ( 'NONE', #10834, #19, #2336, .T. ) ;
#4679 = CARTESIAN_POINT ( 'NONE',  ( 0.000000000000000000, 3.061616997868383141E-16, 2.500000000000000000 ) ) ;
#4681 = ORIENTED_EDGE ( 'NONE', *, *, #7985, .F. ) ;
#4680 = DIRECTION ( 'NONE',  ( 0.000000000000000000, 1.000000000000000000, 0.000000000000000000 ) ) ;
#4682 = CARTESIAN_POINT ( 'NONE',  ( -2.000000000000000000, -1.154700538379252794, -1.600000000000000089 ) ) ;
#4683 = B_SPLINE_CURVE_WITH_KNOTS ( 'NONE', 3,
 ( #151, #1318, #1197, #3990 ),
 .UNSPECIFIED., .F., .F.,
 ( 4, 4 ),
 ( 2.380749485065259830E-07, 0.001168606431211103485 ),
 .UNSPECIFIED. ) ;
#4684 = DIRECTION ( 'NONE',  ( 1.000000000000000000, -0.000000000000000000, -0.000000000000000000 ) ) ;
#4685 = PRODUCT ( 'SeguraIma', 'SeguraIma', '', ( #11500 ) ) ;
#4686 = ORIENTED_EDGE ( 'NONE', *, *, #8489, .T. ) ;
#4687 = AXIS2_PLACEMENT_3D ( 'NONE', #11373, #1994, #3096 ) ;
#4688 = SURFACE_SIDE_STYLE ('',( #5621 ) ) ;
#4689 = DIRECTION ( 'NONE',  ( 1.000000000000000000, -0.000000000000000000, -0.000000000000000000 ) ) ;
#4690 = CARTESIAN_POINT ( 'NONE',  ( -1.000000000000000000, 9.629649721936179265E-32, -3.469518839163146406 ) ) ;
#4691 = ORIENTED_EDGE ( 'NONE', *, *, #10588, .F. ) ;
#4692 = AXIS2_PLACEMENT_3D ( 'NONE', #985, #4235, #6948 ) ;
#4693 = ADVANCED_FACE ( 'NONE', ( #9539 ), #8675, .T. ) ;
#4694 = DIRECTION ( 'NONE',  ( 0.000000000000000000, 0.000000000000000000, -1.000000000000000000 ) ) ;
#4695 = ORIENTED_EDGE ( 'NONE', *, *, #8244, .T. ) ;
#4696 = CARTESIAN_POINT ( 'NONE',  ( 5.500000000000000888, 2.500000000000000000, -3.000000000000000000 ) ) ;
#4697 =( LENGTH_UNIT ( ) NAMED_UNIT ( * ) SI_UNIT ( .MILLI., .METRE. ) );
#4698 = CLOSED_SHELL ( 'NONE', ( #730, #5006, #3924, #5567, #2965, #600, #3362, #4265, #8209, #9427, #9609, #3669, #7703, #2616, #8317, #5963, #11281, #3164, #2191, #9754, #10601, #3112, #4026, #2615, #9771, #6823, #1370, #8206, #6402, #8463, #658, #7306, #16, #6196, #9802, #3219, #5569, #7923, #9115, #1342, #3198 ) ) ;
#4699 = ORIENTED_EDGE ( 'NONE', *, *, #1092, .T. ) ;
#4700 = ORIENTED_EDGE ( 'NONE', *, *, #7495, .T. ) ;
#4701 = ORIENTED_EDGE ( 'NONE', *, *, #808, .T. ) ;
#4702 = CIRCLE ( 'NONE', #2942, 0.5000000000000000000 ) ;
#4703 = EDGE_CURVE ( 'NONE', #4477, #12142, #6194, .T. ) ;
#4704 = APPLICATION_PROTOCOL_DEFINITION ( 'draft international standard', 'automotive_design', 1998, #1394 ) ;
#4705 = CARTESIAN_POINT ( 'NONE',  ( 2.500000000000000000, 9.199999999999999289, -18.50000000000000355 ) ) ;
#4706 = FACE_OUTER_BOUND ( 'NONE', #2055, .T. ) ;
#4707 = VERTEX_POINT ( 'NONE', #11529 ) ;
#4708 = CIRCLE ( 'NONE', #11613, 1.000000000000000000 ) ;
#4709 = DIRECTION ( 'NONE',  ( -0.8660254037844380415, 0.5000000000000009992, 0.000000000000000000 ) ) ;
#4710 = EDGE_LOOP ( 'NONE', ( #4661, #5306, #6782 ) ) ;
#4711 = EDGE_CURVE ( 'NONE', #1483, #6914, #4619, .T. ) ;
#4712 = LINE ( 'NONE', #8700, #6461 ) ;
#4713 = COLOUR_RGB ( '',1.000000000000000000, 0.8705882352941176627, 0.5294117647058823595 ) ;
#4714 = CARTESIAN_POINT ( 'NONE',  ( 4.099999999999999645, 0.000000000000000000, -0.3999999999999968026 ) ) ;
#4715 = VERTEX_POINT ( 'NONE', #5853 ) ;
#4716 = DIRECTION ( 'NONE',  ( -1.000000000000000000, 0.000000000000000000, 0.000000000000000000 ) ) ;
#4717 = CONICAL_SURFACE ( 'NONE', #8848, 2.000000000000000000, 1.047197551196595855 ) ;
#4718 = FACE_OUTER_BOUND ( 'NONE', #6413, .T. ) ;
#4719 = UNCERTAINTY_MEASURE_WITH_UNIT (LENGTH_MEASURE( 1.000000000000000082E-05 ), #1787, 'distance_accuracy_value', 'NONE');
#4720 = DIRECTION ( 'NONE',  ( -0.000000000000000000, -1.000000000000000000, -0.000000000000000000 ) ) ;
#4721 = FILL_AREA_STYLE ('',( #1140 ) ) ;
#4722 = PRESENTATION_LAYER_ASSIGNMENT (  '', '', ( #3147 ) ) ;
#4723 = FACE_OUTER_BOUND ( 'NONE', #12006, .T. ) ;
#4724 = VERTEX_POINT ( 'NONE', #228 ) ;
#4725 = CYLINDRICAL_SURFACE ( 'NONE', #7456, 2.999999999999999112 ) ;
#4726 = EDGE_CURVE ( 'NONE', #3651, #3752, #11809, .T. ) ;
#4727 = ADVANCED_FACE ( 'NONE', ( #2210 ), #11520, .T. ) ;
#4728 = FACE_OUTER_BOUND ( 'NONE', #807, .T. ) ;
#4729 = CYLINDRICAL_SURFACE ( 'NONE', #9869, 0.5000000000000000000 ) ;
#4730 = CARTESIAN_POINT ( 'NONE',  ( 0.000000000000000000, 4.898598887637106556E-16, -2.000000000000000000 ) ) ;
#4731 =( GEOMETRIC_REPRESENTATION_CONTEXT ( 3 ) GLOBAL_UNCERTAINTY_ASSIGNED_CONTEXT ( ( #7048 ) ) GLOBAL_UNIT_ASSIGNED_CONTEXT ( ( #5774, #9521, #957 ) ) REPRESENTATION_CONTEXT ( 'NONE', 'WORKASPACE' ) );
#4732 = ORIENTED_EDGE ( 'NONE', *, *, #7838, .F. ) ;
#4733 = DIRECTION ( 'NONE',  ( -1.000000000000000000, -0.000000000000000000, -0.000000000000000000 ) ) ;
#4734 = PLANE ( 'NONE',  #6829 ) ;
#4735 = MANIFOLD_SOLID_BREP ( 'Ressalto-extrus\X2\00e3\X0\o1', #6079 ) ;
#4736 = DIRECTION ( 'NONE',  ( 0.000000000000000000, 0.000000000000000000, -1.000000000000000000 ) ) ;
#4737 =( NAMED_UNIT ( * ) SI_UNIT ( $, .STERADIAN. ) SOLID_ANGLE_UNIT ( ) );
#4738 = DIRECTION ( 'NONE',  ( 0.000000000000000000, 0.000000000000000000, -1.000000000000000000 ) ) ;
#4739 = CONTEXT_DEPENDENT_SHAPE_REPRESENTATION ( #10048, #244 ) ;
#4740 = MECHANICAL_DESIGN_GEOMETRIC_PRESENTATION_REPRESENTATION (  '', ( #7281 ), #11246 ) ;
#4741 = CARTESIAN_POINT ( 'NONE',  ( 2.000000000000000000, 11.70000000000000107, -0.7999999999999994893 ) ) ;
#4742 = CARTESIAN_POINT ( 'NONE',  ( -1.000000000000001776, -1.732050807568876527, 0.000000000000000000 ) ) ;
#4743 = CARTESIAN_POINT ( 'NONE',  ( 0.000000000000000000, 0.000000000000000000, 0.000000000000000000 ) ) ;
#4744 = DIRECTION ( 'NONE',  ( -0.000000000000000000, 0.000000000000000000, -1.000000000000000000 ) ) ;
#4745 = FACE_OUTER_BOUND ( 'NONE', #7711, .T. ) ;
#4746 = PRODUCT_DEFINITION_FORMATION_WITH_SPECIFIED_SOURCE ( 'ANY', '', #10983, .NOT_KNOWN. ) ;
#4747 = VERTEX_POINT ( 'NONE', #6212 ) ;
#4748 = AXIS2_PLACEMENT_3D ( 'NONE', #9412, #1779, #4552 ) ;
#4749 = SURFACE_SIDE_STYLE ('',( #7523 ) ) ;
#4750 = ADVANCED_FACE ( 'NONE', ( #6273 ), #5970, .F. ) ;
#4751 = EDGE_CURVE ( 'NONE', #8587, #8685, #9725, .T. ) ;
#4752 = DIRECTION ( 'NONE',  ( -1.000000000000000000, 0.000000000000000000, 0.000000000000000000 ) ) ;
#4753 = MANIFOLD_SOLID_BREP ( 'EndChamfer', #2141 ) ;
#4754 = VERTEX_POINT ( 'NONE', #11093 ) ;
#4755 = PRESENTATION_LAYER_ASSIGNMENT (  '', '', ( #1008 ) ) ;
#4756 = CARTESIAN_POINT ( 'NONE',  ( 0.3277177810063108265, -2.120193127676285982, -1.520662200187636870 ) ) ;
#4757 = ORIENTED_EDGE ( 'NONE', *, *, #1227, .F. ) ;
#4758 = CARTESIAN_POINT ( 'NONE',  ( 3.500000000000000000, 0.000000000000000000, -6.000000000000000000 ) ) ;
#4759 = FILL_AREA_STYLE ('',( #9377 ) ) ;
#4760 = EDGE_LOOP ( 'NONE', ( #5204, #2553, #6982, #5218, #6135 ) ) ;
#4761 = ORIENTED_EDGE ( 'NONE', *, *, #12214, .T. ) ;
#4762 = VERTEX_POINT ( 'NONE', #9105 ) ;
#4763 = EDGE_CURVE ( 'NONE', #6969, #6634, #8987, .T. ) ;
#4764 = DIRECTION ( 'NONE',  ( 0.000000000000000000, 1.000000000000000000, 0.000000000000000000 ) ) ;
#4765 = PRODUCT_CONTEXT ( 'NONE', #1056, 'mechanical' ) ;
#4766 = CARTESIAN_POINT ( 'NONE',  ( 0.1418526558449300090, -0.8097220972847199993, -0.6722170412650981808 ) ) ;
#4767 = ORIENTED_EDGE ( 'NONE', *, *, #8310, .F. ) ;
#4768 = CARTESIAN_POINT ( 'NONE',  ( -4.987329993433320396E-15, -2.309401076758504701, -1.421367205045916737 ) ) ;
#4769 = DIRECTION ( 'NONE',  ( -1.000000000000000000, 0.000000000000000000, 0.000000000000000000 ) ) ;
#4770 = ADVANCED_FACE ( 'NONE', ( #4308 ), #723, .T. ) ;
#4771 = DIRECTION ( 'NONE',  ( 0.000000000000000000, 1.000000000000000000, 0.000000000000000000 ) ) ;
#4772 = VERTEX_POINT ( 'NONE', #11775 ) ;
#4773 = FACE_OUTER_BOUND ( 'NONE', #6510, .T. ) ;
#4774 = FACE_OUTER_BOUND ( 'NONE', #3268, .T. ) ;
#4775 = CARTESIAN_POINT ( 'NONE',  ( -1.000000000000000000, 0.000000000000000000, -2.500000000000000000 ) ) ;
#4776 = ADVANCED_FACE ( 'NONE', ( #11030 ), #280, .T. ) ;
#4777 = FACE_OUTER_BOUND ( 'NONE', #3374, .T. ) ;
#4778 = ORIENTED_EDGE ( 'NONE', *, *, #10453, .F. ) ;
#4779 = CARTESIAN_POINT ( 'NONE',  ( 2.000000000000000000, -0.9668978507697956193, -1.475581171168852679 ) ) ;
#4780 = ORIENTED_EDGE ( 'NONE', *, *, #9399, .T. ) ;
#4781 = EDGE_CURVE ( 'NONE', #286, #9044, #7961, .T. ) ;
#4782 = DIRECTION ( 'NONE',  ( -0.000000000000000000, -1.000000000000000000, -0.000000000000000000 ) ) ;
#4783 = ORIENTED_EDGE ( 'NONE', *, *, #8776, .T. ) ;
#4784 = DIRECTION ( 'NONE',  ( 0.000000000000000000, -1.224649721909276639E-16, 1.000000000000000000 ) ) ;
#4785 = ORIENTED_EDGE ( 'NONE', *, *, #5087, .T. ) ;
#4786 = CARTESIAN_POINT ( 'NONE',  ( -0.5000000000000000000, 9.199999999999999289, -18.50000000000000355 ) ) ;
#4787 = PRESENTATION_STYLE_ASSIGNMENT (( #5546 ) ) ;
#4788 = EDGE_CURVE ( 'NONE', #12215, #588, #6780, .T. ) ;
#4789 =( NAMED_UNIT ( * ) PLANE_ANGLE_UNIT ( ) SI_UNIT ( $, .RADIAN. ) );
#4790 = ADVANCED_FACE ( 'NONE', ( #2701 ), #11333, .F. ) ;
#4791 = DIRECTION ( 'NONE',  ( 0.000000000000000000, 0.000000000000000000, -1.000000000000000000 ) ) ;
#4792 = ORIENTED_EDGE ( 'NONE', *, *, #11067, .F. ) ;
#4793 = CIRCLE ( 'NONE', #6375, 2.499999999999998668 ) ;
#4794 = FACE_OUTER_BOUND ( 'NONE', #9529, .T. ) ;
#4795 = DIRECTION ( 'NONE',  ( -0.5000000000000008882, -0.8660254037844382635, 0.000000000000000000 ) ) ;
#4796 = FACE_OUTER_BOUND ( 'NONE', #7715, .T. ) ;
#4797 = CIRCLE ( 'NONE', #6965, 3.500000000000000000 ) ;
#4798 = ORIENTED_EDGE ( 'NONE', *, *, #2035, .T. ) ;
#4799 = DIRECTION ( 'NONE',  ( -0.000000000000000000, 1.224649721909276639E-16, -1.000000000000000000 ) ) ;
#4800 = EDGE_CURVE ( 'NONE', #11063, #10551, #8538, .T. ) ;
#4801 = FILL_AREA_STYLE_COLOUR ( '', #4713 ) ;
#4802 = UNCERTAINTY_MEASURE_WITH_UNIT (LENGTH_MEASURE( 1.000000000000000082E-05 ), #4697, 'distance_accuracy_value', 'NONE');
#4803 = DIRECTION ( 'NONE',  ( 0.8191520442889902442, 0.000000000000000000, 0.5735764363510482688 ) ) ;
#4804 = EDGE_LOOP ( 'NONE', ( #11420, #4415, #4567, #7171 ) ) ;
#4805 = LINE ( 'NONE', #8567, #5821 ) ;
#4806 = ORIENTED_EDGE ( 'NONE', *, *, #9227, .T. ) ;
#4807 = EDGE_CURVE ( 'NONE', #1962, #8908, #10231, .T. ) ;
#4808 = ADVANCED_FACE ( 'NONE', ( #10859 ), #6591, .T. ) ;
#4809 = VERTEX_POINT ( 'NONE', #7557 ) ;
#4810 = EDGE_LOOP ( 'NONE', ( #12083, #4062, #10884, #9978, #11671, #61 ) ) ;
#4811 = CARTESIAN_POINT ( 'NONE',  ( 1.000000000000000000, 0.000000000000000000, -3.000000000000000444 ) ) ;
#4812 = APPLICATION_PROTOCOL_DEFINITION ( 'draft international standard', 'automotive_design', 1998, #4315 ) ;
#4813 = CIRCLE ( 'NONE', #5420, 5.500000000000000000 ) ;
#4814 = DIRECTION ( 'NONE',  ( 0.000000000000000000, 0.000000000000000000, 1.000000000000000000 ) ) ;
#4815 = DIRECTION ( 'NONE',  ( 1.000000000000000000, -0.000000000000000000, -0.000000000000000000 ) ) ;
#4816 = EDGE_LOOP ( 'NONE', ( #8457, #9795, #2939 ) ) ;
#4817 = EDGE_LOOP ( 'NONE', ( #8868, #8476 ) ) ;
#4818 = CARTESIAN_POINT ( 'NONE',  ( 0.000000000000000000, 0.000000000000000000, -1.600000000000000089 ) ) ;
#4819 = VECTOR ( 'NONE', #7451, 1000.000000000000114 ) ;
#4820 = ADVANCED_FACE ( 'NONE', ( #1020, #6582 ), #1780, .T. ) ;
#4821 = DIRECTION ( 'NONE',  ( 0.000000000000000000, -1.000000000000000000, 0.000000000000000000 ) ) ;
#4822 = EDGE_CURVE ( 'NONE', #5967, #1941, #1259, .T. ) ;
#4823 = EDGE_LOOP ( 'NONE', ( #5832, #9066, #7480, #9405 ) ) ;
#4824 = B_SPLINE_CURVE_WITH_KNOTS ( 'NONE', 3,
 ( #2401, #12094, #2460, #4503, #3453, #4373 ),
 .UNSPECIFIED., .F., .F.,
 ( 4, 2, 4 ),
 ( 0.003228283429323685304, 0.003812703409393314574, 0.004397123389462943843 ),
 .UNSPECIFIED. ) ;
#4825 = DIRECTION ( 'NONE',  ( 1.000000000000000000, 0.000000000000000000, 0.000000000000000000 ) ) ;
#4826 = CARTESIAN_POINT ( 'NONE',  ( -0.5909752386375995981, 0.5281053183114123861, -0.6896354667339628097 ) ) ;
#4827 = UNCERTAINTY_MEASURE_WITH_UNIT (LENGTH_MEASURE( 1.000000000000000082E-05 ), #9041, 'distance_accuracy_value', 'NONE');
#4828 = EDGE_LOOP ( 'NONE', ( #5794, #8580, #11756, #11955 ) ) ;
#4829 = DIRECTION ( 'NONE',  ( 1.000000000000000000, 0.000000000000000000, 0.000000000000000000 ) ) ;
#4830 = FACE_OUTER_BOUND ( 'NONE', #6235, .T. ) ;
#4831 = VECTOR ( 'NONE', #7912, 1000.000000000000000 ) ;
#4832 = DIRECTION ( 'NONE',  ( -1.000000000000000000, -0.000000000000000000, -0.000000000000000000 ) ) ;
#4833 = ORIENTED_EDGE ( 'NONE', *, *, #5052, .F. ) ;
#4834 = FACE_OUTER_BOUND ( 'NONE', #3253, .T. ) ;
#4835 = VECTOR ( 'NONE', #8120, 1000.000000000000000 ) ;
#4836 = AXIS2_PLACEMENT_3D ( 'NONE', #10514, #7736, #3046 ) ;
#4837 = VERTEX_POINT ( 'NONE', #790 ) ;
#4838 = ADVANCED_FACE ( 'NONE', ( #10406 ), #5541, .F. ) ;
#4839 = AXIS2_PLACEMENT_3D ( 'NONE', #2760, #6528, #10283 ) ;
#4840 = FILL_AREA_STYLE_COLOUR ( '', #6783 ) ;
#4841 = ORIENTED_EDGE ( 'NONE', *, *, #4549, .T. ) ;
#4842 = DIRECTION ( 'NONE',  ( -1.000000000000000000, 0.000000000000000000, 0.000000000000000000 ) ) ;
#4843 = VERTEX_POINT ( 'NONE', #4553 ) ;
#4844 = AXIS2_PLACEMENT_3D ( 'NONE', #2280, #363, #4135 ) ;
#4845 = CARTESIAN_POINT ( 'NONE',  ( 14.81370849898476116, 17.00000000000000000, -8.732195743157015855 ) ) ;
#4846 = CARTESIAN_POINT ( 'NONE',  ( 1.950000000000000400, 7.500000000000000888, -2.116139535669824934 ) ) ;
#4847 = SURFACE_STYLE_FILL_AREA ( #38 ) ;
#4848 = FACE_OUTER_BOUND ( 'NONE', #11055, .T. ) ;
#4849 = ADVANCED_FACE ( 'NONE', ( #2761 ), #9301, .F. ) ;
#4850 = CIRCLE ( 'NONE', #8001, 2.999999999999999112 ) ;
#4851 = VERTEX_POINT ( 'NONE', #7505 ) ;
#4852 = AXIS2_PLACEMENT_3D ( 'NONE', #9058, #9253, #8127 ) ;
#4853 = AXIS2_PLACEMENT_3D ( 'NONE', #4000, #9604, #1338 ) ;
#4854 = AXIS2_PLACEMENT_3D ( 'NONE', #1536, #2400, #9913 ) ;
#4855 = EDGE_CURVE ( 'NONE', #7232, #335, #12124, .T. ) ;
#4856 = DIRECTION ( 'NONE',  ( 0.8660254037844382635, -0.000000000000000000, -0.5000000000000006661 ) ) ;
#4857 = CARTESIAN_POINT ( 'NONE',  ( 4.099999999999999645, 2.971690854684141847, 0.9000000000000006883 ) ) ;
#4858 = CYLINDRICAL_SURFACE ( 'NONE', #8376, 1.099999999999996758 ) ;
#4859 = VECTOR ( 'NONE', #2747, 1000.000000000000000 ) ;
#4860 = VERTEX_POINT ( 'NONE', #9349 ) ;
#4861 = CARTESIAN_POINT ( 'NONE',  ( -4.000000000000001776, 0.8999999999999995781, -19.84529946162065173 ) ) ;
#4862 = SURFACE_STYLE_USAGE ( .BOTH. , #4688 ) ;
#4863 = CIRCLE ( 'NONE', #3086, 1.399999999999980815 ) ;
#4864 = DIRECTION ( 'NONE',  ( 1.000000000000000000, 0.000000000000000000, 0.000000000000000000 ) ) ;
#4865 =( GEOMETRIC_REPRESENTATION_CONTEXT ( 3 ) GLOBAL_UNCERTAINTY_ASSIGNED_CONTEXT ( ( #113 ) ) GLOBAL_UNIT_ASSIGNED_CONTEXT ( ( #10143, #11212, #5473 ) ) REPRESENTATION_CONTEXT ( 'NONE', 'WORKASPACE' ) );
#4866 = ORIENTED_EDGE ( 'NONE', *, *, #10509, .T. ) ;
#4867 = VECTOR ( 'NONE', #5379, 1000.000000000000000 ) ;
#4868 = AXIS2_PLACEMENT_3D ( 'NONE', #7297, #8288, #15 ) ;
#4869 = FACE_OUTER_BOUND ( 'NONE', #5176, .T. ) ;
#4870 = VERTEX_POINT ( 'NONE', #3868 ) ;
#4871 = EDGE_CURVE ( 'NONE', #3610, #3230, #8304, .T. ) ;
#4872 = CARTESIAN_POINT ( 'NONE',  ( 0.000000000000000000, 0.000000000000000000, -0.1291166393111913002 ) ) ;
#4873 = EDGE_LOOP ( 'NONE', ( #3163, #7333, #12019, #443, #4290, #7159 ) ) ;
#4874 = EDGE_CURVE ( 'NONE', #12001, #2925, #2873, .T. ) ;
#4875 = AXIS2_PLACEMENT_3D ( 'NONE', #4705, #8460, #10315 ) ;
#4876 = DIRECTION ( 'NONE',  ( -1.000000000000000000, 0.000000000000000000, 0.000000000000000000 ) ) ;
#4877 = ORIENTED_EDGE ( 'NONE', *, *, #6569, .F. ) ;
#4878 = ORIENTED_EDGE ( 'NONE', *, *, #317, .F. ) ;
#4879 = AXIS2_PLACEMENT_3D ( 'NONE', #221, #3056, #11470 ) ;
#4880 = AXIS2_PLACEMENT_3D ( 'NONE', #8260, #1659, #9118 ) ;
#4881 = CARTESIAN_POINT ( 'NONE',  ( 11.50000000000000000, 7.500000000000000888, -11.61613953566982538 ) ) ;
#4882 = PRODUCT_CONTEXT ( 'NONE', #4315, 'mechanical' ) ;
#4883 = AXIS2_PLACEMENT_3D ( 'NONE', #8794, #5036, #1215 ) ;
#4884 = DIRECTION ( 'NONE',  ( 0.000000000000000000, 0.000000000000000000, 1.000000000000000000 ) ) ;
#4885 = FACE_OUTER_BOUND ( 'NONE', #10925, .T. ) ;
#4886 = ORIENTED_EDGE ( 'NONE', *, *, #1046, .F. ) ;
#4887 = AXIS2_PLACEMENT_3D ( 'NONE', #5059, #4075, #3208 ) ;
#4888 = ORIENTED_EDGE ( 'NONE', *, *, #12160, .T. ) ;
#4889 = ADVANCED_BREP_SHAPE_REPRESENTATION ( '', ( #5357, #8058 ), #6893 ) ;
#4890 = FACE_OUTER_BOUND ( 'NONE', #4250, .T. ) ;
#4891 = DIRECTION ( 'NONE',  ( 0.000000000000000000, 0.000000000000000000, -1.000000000000000000 ) ) ;
#4892 = CARTESIAN_POINT ( 'NONE',  ( -1.000000000000000444, 0.000000000000000000, 0.000000000000000000 ) ) ;
#4893 = VECTOR ( 'NONE', #6172, 999.9999999999998863 ) ;
#4894 = ORIENTED_EDGE ( 'NONE', *, *, #6970, .F. ) ;
#4895 = CARTESIAN_POINT ( 'NONE',  ( 0.000000000000000000, 0.000000000000000000, 1.000000000000000000 ) ) ;
#4896 = LINE ( 'NONE', #2184, #6138 ) ;
#4897 = ORIENTED_EDGE ( 'NONE', *, *, #5076, .F. ) ;
#4898 = CARTESIAN_POINT ( 'NONE',  ( 0.000000000000000000, 0.8999999999999995781, -22.15470053837916353 ) ) ;
#4899 = CARTESIAN_POINT ( 'NONE',  ( 0.2768074057575407032, 0.5680519185244691238, -0.7869771035352067790 ) ) ;
#4900 = DIRECTION ( 'NONE',  ( -1.000000000000000000, 0.000000000000000000, 0.000000000000000000 ) ) ;
#4901 = ADVANCED_FACE ( 'NONE', ( #7450 ), #6530, .F. ) ;
#4902 = ORIENTED_EDGE ( 'NONE', *, *, #6248, .F. ) ;
#4903 = EDGE_CURVE ( 'NONE', #11135, #9878, #6197, .T. ) ;
#4904 = CIRCLE ( 'NONE', #9632, 1.999999999999999556 ) ;
#4905 = CARTESIAN_POINT ( 'NONE',  ( 5.500000000000000888, 0.000000000000000000, 0.000000000000000000 ) ) ;
#4906 = AXIS2_PLACEMENT_3D ( 'NONE', #4573, #8323, #110 ) ;
#4907 = FACE_OUTER_BOUND ( 'NONE', #10362, .T. ) ;
#4908 = EDGE_LOOP ( 'NONE', ( #11726, #9811, #5850, #4540 ) ) ;
#4909 = VECTOR ( 'NONE', #823, 1000.000000000000000 ) ;
#4910 = ORIENTED_EDGE ( 'NONE', *, *, #7030, .T. ) ;
#4911 = CARTESIAN_POINT ( 'NONE',  ( 0.7595334864143800102, 0.2540635224984618135, -0.6846777638157155454 ) ) ;
#4912 = ORIENTED_EDGE ( 'NONE', *, *, #6534, .F. ) ;
#4913 =( GEOMETRIC_REPRESENTATION_CONTEXT ( 3 ) GLOBAL_UNCERTAINTY_ASSIGNED_CONTEXT ( ( #9020 ) ) GLOBAL_UNIT_ASSIGNED_CONTEXT ( ( #6887, #8671, #4737 ) ) REPRESENTATION_CONTEXT ( 'NONE', 'WORKASPACE' ) );
#4914 = CARTESIAN_POINT ( 'NONE',  ( 0.000000000000000000, 2.500000000000000000, -24.00000000000000000 ) ) ;
#4915 = CARTESIAN_POINT ( 'NONE',  ( 2.099999999999999645, -2.821690854684141936, 0.4999999999999991673 ) ) ;
#4916 = CARTESIAN_POINT ( 'NONE',  ( 5.499999999999998224, -0.7999999999999864997, -20.99999999999990763 ) ) ;
#4917 = CONTEXT_DEPENDENT_SHAPE_REPRESENTATION ( #2255, #7321 ) ;
#4918 = VERTEX_POINT ( 'NONE', #11278 ) ;
#4919 = EDGE_CURVE ( 'NONE', #10940, #1604, #4223, .T. ) ;
#4920 = DIRECTION ( 'NONE',  ( -0.000000000000000000, 1.000000000000000000, 0.000000000000000000 ) ) ;
#4921 = PLANE ( 'NONE',  #2455 ) ;
#4922 = ADVANCED_FACE ( 'NONE', ( #2818 ), #474, .T. ) ;
#4923 = DIRECTION ( 'NONE',  ( 0.000000000000000000, -0.8660254037844420383, 0.4999999999999939493 ) ) ;
#4924 = CARTESIAN_POINT ( 'NONE',  ( 0.000000000000000000, 0.000000000000000000, 0.000000000000000000 ) ) ;
#4925 = DIRECTION ( 'NONE',  ( 0.000000000000000000, 0.000000000000000000, 1.000000000000000000 ) ) ;
#4926 =( GEOMETRIC_REPRESENTATION_CONTEXT ( 3 ) GLOBAL_UNCERTAINTY_ASSIGNED_CONTEXT ( ( #9760 ) ) GLOBAL_UNIT_ASSIGNED_CONTEXT ( ( #4483, #10144, #8236 ) ) REPRESENTATION_CONTEXT ( 'NONE', 'WORKASPACE' ) );
#4927 = CARTESIAN_POINT ( 'NONE',  ( 2.099999999999999645, -4.001000000000000334, 0.4999999999999991673 ) ) ;
#4928 = ADVANCED_FACE ( 'NONE', ( #8948 ), #11519, .F. ) ;
#4929 = MANIFOLD_SOLID_BREP ( 'Ressalto-extrus\X2\00e3\X0\o1', #7460 ) ;
#4930 = VERTEX_POINT ( 'NONE', #3358 ) ;
#4931 = APPLICATION_CONTEXT ( 'automotive_design' ) ;
#4932 = FACE_OUTER_BOUND ( 'NONE', #9242, .T. ) ;
#4933 = ORIENTED_EDGE ( 'NONE', *, *, #2652, .T. ) ;
#4934 = FILL_AREA_STYLE_COLOUR ( '', #8763 ) ;
#4935 = VERTEX_POINT ( 'NONE', #9015 ) ;
#4936 = ORIENTED_EDGE ( 'NONE', *, *, #4919, .T. ) ;
#4937 = B_SPLINE_CURVE_WITH_KNOTS ( 'NONE', 3,
 ( #7631, #9246, #1900, #8428, #2766, #3876 ),
 .UNSPECIFIED., .F., .F.,
 ( 4, 2, 4 ),
 ( 0.002060137505873420923, 0.002644210467598553330, 0.003228283429323685737 ),
 .UNSPECIFIED. ) ;
#4938 = DIRECTION ( 'NONE',  ( -0.000000000000000000, -0.000000000000000000, 1.000000000000000000 ) ) ;
#4939 = ADVANCED_FACE ( 'NONE', ( #4963 ), #2069, .F. ) ;
#4940 = EDGE_CURVE ( 'NONE', #10082, #10679, #4338, .T. ) ;
#4941 = DIRECTION ( 'NONE',  ( 0.000000000000000000, 0.000000000000000000, 1.000000000000000000 ) ) ;
#4942 = CARTESIAN_POINT ( 'NONE',  ( 2.000000000000000000, 9.199999999999999289, -18.50000000000000355 ) ) ;
#4943 = ORIENTED_EDGE ( 'NONE', *, *, #7729, .F. ) ;
#4944 = CONICAL_SURFACE ( 'NONE', #3770, 0.7799999999999996936, 0.9599310885968785900 ) ;
#4945 = ORIENTED_EDGE ( 'NONE', *, *, #8115, .F. ) ;
#4946 = DIRECTION ( 'NONE',  ( 0.000000000000000000, 0.000000000000000000, 1.000000000000000000 ) ) ;
#4947 = PLANE ( 'NONE',  #9628 ) ;
#4948 = DIRECTION ( 'NONE',  ( -0.000000000000000000, -0.000000000000000000, -1.000000000000000000 ) ) ;
#4949 = ORIENTED_EDGE ( 'NONE', *, *, #2892, .T. ) ;
#4950 = VECTOR ( 'NONE', #10881, 1000.000000000000000 ) ;
#4951 = CYLINDRICAL_SURFACE ( 'NONE', #10592, 0.1749999999999999056 ) ;
#4952 = CARTESIAN_POINT ( 'NONE',  ( 3.599999999999999201, 2.821690854684141936, -0.8999999999999992450 ) ) ;
#4953 = PRODUCT_DEFINITION_CONTEXT ( 'detailed design', #1622, 'design' ) ;
#4954 = DIRECTION ( 'NONE',  ( 0.000000000000000000, 0.000000000000000000, -1.000000000000000000 ) ) ;
#4955 = DIRECTION ( 'NONE',  ( 0.000000000000000000, 0.000000000000000000, -1.000000000000000000 ) ) ;
#4956 = SHAPE_REPRESENTATION_RELATIONSHIP ( 'NONE' , 'NONE' ,  #5093, #9608 ) ;
#4957 = DIRECTION ( 'NONE',  ( -1.000000000000000000, 0.000000000000000000, 0.000000000000000000 ) ) ;
#4958 = ORIENTED_EDGE ( 'NONE', *, *, #10273, .F. ) ;
#4959 = CARTESIAN_POINT ( 'NONE',  ( 1.339247740005896636, 1.536186033554500785, -0.01710519872702162547 ) ) ;
#4960 = CARTESIAN_POINT ( 'NONE',  ( 0.000000000000000000, -2.971690854684141847, -0.9000000000000006883 ) ) ;
#4961 = ORIENTED_EDGE ( 'NONE', *, *, #4627, .F. ) ;
#4962 = B_SPLINE_CURVE_WITH_KNOTS ( 'NONE', 3,
 ( #6424, #9999, #630, #2611, #11191, #4456 ),
 .UNSPECIFIED., .F., .F.,
 ( 4, 2, 4 ),
 ( 0.001168606431211104352, 0.001750609284260045383, 0.002332612137308986630 ),
 .UNSPECIFIED. ) ;
#4963 = FACE_OUTER_BOUND ( 'NONE', #10652, .T. ) ;
#4964 = EDGE_CURVE ( 'NONE', #2408, #519, #7771, .T. ) ;
#4965 = EDGE_LOOP ( 'NONE', ( #10304, #6302, #4204, #3644 ) ) ;
#4966 = CARTESIAN_POINT ( 'NONE',  ( 0.7812177826603308173, 0.3001387394294851019, -0.6636427796626199749 ) ) ;
#4967 = EDGE_CURVE ( 'NONE', #5595, #3042, #10647, .T. ) ;
#4968 = ORIENTED_EDGE ( 'NONE', *, *, #10806, .F. ) ;
#4969 = CARTESIAN_POINT ( 'NONE',  ( 0.8000000000000000444, 12.50000000000000000, -8.000000000000000000 ) ) ;
#4970 = CARTESIAN_POINT ( 'NONE',  ( 0.000000000000000000, 1.000000000000000444, -2.530481160836854482 ) ) ;
#4971 = DIRECTION ( 'NONE',  ( -1.000000000000000000, 0.000000000000000000, 0.000000000000000000 ) ) ;
#4972 = ORIENTED_EDGE ( 'NONE', *, *, #71, .F. ) ;
#4973 = DIRECTION ( 'NONE',  ( -1.000000000000000000, 0.000000000000000000, 0.000000000000000000 ) ) ;
#4974 = CARTESIAN_POINT ( 'NONE',  ( 0.000000000000000000, 0.000000000000000000, 0.000000000000000000 ) ) ;
#4975 = CARTESIAN_POINT ( 'NONE',  ( 0.3271719972790544384, 2.120508236058134433, -0.06957546252590364466 ) ) ;
#4976 = CARTESIAN_POINT ( 'NONE',  ( -2.000000000000000000, 0.000000000000000000, 0.000000000000000000 ) ) ;
#4977 = PLANE ( 'NONE',  #7592 ) ;
#4978 = EDGE_CURVE ( 'NONE', #1436, #12202, #5779, .T. ) ;
#4979 = CARTESIAN_POINT ( 'NONE',  ( 0.000000000000000000, 2.971690854684141847, 0.9000000000000006883 ) ) ;
#4980 = FACE_OUTER_BOUND ( 'NONE', #549, .T. ) ;
#4981 = CIRCLE ( 'NONE', #256, 1.099999999999996758 ) ;
#4982 = PLANE ( 'NONE',  #1303 ) ;
#4983 = CONICAL_SURFACE ( 'NONE', #2236, 2.000000000000000000, 1.047197551196595855 ) ;
#4984 = ORIENTED_EDGE ( 'NONE', *, *, #3984, .T. ) ;
#4985 = FACE_OUTER_BOUND ( 'NONE', #2634, .T. ) ;
#4986 = ORIENTED_EDGE ( 'NONE', *, *, #4447, .F. ) ;
#4987 = DIRECTION ( 'NONE',  ( 0.000000000000000000, 0.000000000000000000, -1.000000000000000000 ) ) ;
#4988 = ORIENTED_EDGE ( 'NONE', *, *, #1899, .T. ) ;
#4989 = LINE ( 'NONE', #11611, #8936 ) ;
#4990 = SURFACE_STYLE_USAGE ( .BOTH. , #4141 ) ;
#4991 = EDGE_CURVE ( 'NONE', #8970, #2016, #8663, .T. ) ;
#4992 = FACE_BOUND ( 'NONE', #5053, .T. ) ;
#4993 = EDGE_LOOP ( 'NONE', ( #637, #10212 ) ) ;
#4994 = ORIENTED_EDGE ( 'NONE', *, *, #3881, .T. ) ;
#4995 = DIRECTION ( 'NONE',  ( 0.000000000000000000, 0.000000000000000000, 1.000000000000000000 ) ) ;
#4996 = CONTEXT_DEPENDENT_SHAPE_REPRESENTATION ( #11492, #2340 ) ;
#4997 = VECTOR ( 'NONE', #3273, 1000.000000000000000 ) ;
#4998 = CARTESIAN_POINT ( 'NONE',  ( 0.000000000000000000, 0.000000000000000000, -0.1540456584061371259 ) ) ;
#4999 = DIRECTION ( 'NONE',  ( -0.000000000000000000, -0.000000000000000000, 1.000000000000000000 ) ) ;
#5000 = EDGE_CURVE ( 'NONE', #4403, #5782, #1481, .T. ) ;
#5001 = EDGE_LOOP ( 'NONE', ( #11787, #7936 ) ) ;
#5002 =( REPRESENTATION_RELATIONSHIP ('NONE','NONE', #912, #5419 ) REPRESENTATION_RELATIONSHIP_WITH_TRANSFORMATION ( #6590 )SHAPE_REPRESENTATION_RELATIONSHIP( ) );
#5003 = ORIENTED_EDGE ( 'NONE', *, *, #1947, .T. ) ;
#5004 = CYLINDRICAL_SURFACE ( 'NONE', #11397, 1.099999999999998535 ) ;
#5005 = CARTESIAN_POINT ( 'NONE',  ( 3.581183789785735176E-16, 2.309401076758504701, -1.600000000000000089 ) ) ;
#5006 = ADVANCED_FACE ( 'NONE', ( #7801 ), #6179, .F. ) ;
#5007 = CARTESIAN_POINT ( 'NONE',  ( 3.699999999999999289, -4.001000000000000334, 0.4999999999999991673 ) ) ;
#5008 = CARTESIAN_POINT ( 'NONE',  ( -0.9365230391922001463, 0.000000000000000000, -500000.0000000000582 ) ) ;
#5009 = CONICAL_SURFACE ( 'NONE', #9541, 2.000000000000000000, 1.047197551196596299 ) ;
#5010 = ORIENTED_EDGE ( 'NONE', *, *, #9176, .T. ) ;
#5011 = LINE ( 'NONE', #7915, #9603 ) ;
#5012 = AXIS2_PLACEMENT_3D ( 'NONE', #4046, #10583, #5839 ) ;
#5013 = CARTESIAN_POINT ( 'NONE',  ( -2.000000000000000000, 0.1952413320394005836, 7.623296525288699970E-18 ) ) ;
#5014 = ORIENTED_EDGE ( 'NONE', *, *, #6378, .T. ) ;
#5015 = DIRECTION ( 'NONE',  ( -0.000000000000000000, 1.000000000000000000, 1.734723475976807094E-16 ) ) ;
#5016 = CARTESIAN_POINT ( 'NONE',  ( 0.7812177826501164324, -0.3500000000112572507, -0.6513934606267701710 ) ) ;
#5017 = SURFACE_SIDE_STYLE ('',( #10759 ) ) ;
#5018 = DIRECTION ( 'NONE',  ( -0.000000000000000000, -0.000000000000000000, 1.000000000000000000 ) ) ;
#5019 = DIRECTION ( 'NONE',  ( -1.126735949052869914E-15, 0.000000000000000000, -1.000000000000000000 ) ) ;
#5020 = CARTESIAN_POINT ( 'NONE',  ( 0.000000000000000000, 0.000000000000000000, -1.600000000000000089 ) ) ;
#5021 = CONICAL_SURFACE ( 'NONE', #11540, 2.200000000000002398, 0.7853981633974482790 ) ;
#5022 = VERTEX_POINT ( 'NONE', #10522 ) ;
#5023 = EDGE_CURVE ( 'NONE', #12127, #1872, #6703, .T. ) ;
#5024 = EDGE_CURVE ( 'NONE', #4724, #9017, #8146, .T. ) ;
#5025 = ORIENTED_EDGE ( 'NONE', *, *, #6966, .T. ) ;
#5026 = LINE ( 'NONE', #9714, #10989 ) ;
#5027 = CARTESIAN_POINT ( 'NONE',  ( -4.987329993433320396E-15, -2.309401076758504701, -0.1786327949540832127 ) ) ;
#5028 = EDGE_LOOP ( 'NONE', ( #7746, #6816, #2122, #8233 ) ) ;
#5029 = CARTESIAN_POINT ( 'NONE',  ( -2.000000000000000000, 0.2999999999999825584, -22.09999999999990550 ) ) ;
#5030 = CARTESIAN_POINT ( 'NONE',  ( 4.099999999999999645, 2.821690854684141936, 0.9000000000000006883 ) ) ;
#5031 =( NAMED_UNIT ( * ) PLANE_ANGLE_UNIT ( ) SI_UNIT ( $, .RADIAN. ) );
#5032 = CIRCLE ( 'NONE', #9167, 0.8156023289304831225 ) ;
#5033 = CARTESIAN_POINT ( 'NONE',  ( 3.500000000000000000, 0.000000000000000000, 0.000000000000000000 ) ) ;
#5034 = VERTEX_POINT ( 'NONE', #4581 ) ;
#5035 = DIRECTION ( 'NONE',  ( 0.000000000000000000, 0.000000000000000000, -1.000000000000000000 ) ) ;
#5036 = DIRECTION ( 'NONE',  ( -1.000000000000000000, 0.000000000000000000, 0.000000000000000000 ) ) ;
#5037 = AXIS2_PLACEMENT_3D ( 'NONE', #4320, #8010, #1475 ) ;
#5038 = SURFACE_STYLE_FILL_AREA ( #6029 ) ;
#5039 = CARTESIAN_POINT ( 'NONE',  ( 0.9526279441628809908, 0.5499999999999998224, -0.2999999999999834466 ) ) ;
#5040 = CARTESIAN_POINT ( 'NONE',  ( 4.000000000000000000, 9.199999999999999289, -21.00000000000000355 ) ) ;
#5041 = AXIS2_PLACEMENT_3D ( 'NONE', #3512, #3327, #727 ) ;
#5042 = AXIS2_PLACEMENT_3D ( 'NONE', #7680, #4102, #6006 ) ;
#5043 = CARTESIAN_POINT ( 'NONE',  ( 0.1631781751318166773, -2.215190113420280049, -0.1242400699092133382 ) ) ;
#5044 = ORIENTED_EDGE ( 'NONE', *, *, #2575, .T. ) ;
#5045 = DIRECTION ( 'NONE',  ( -0.000000000000000000, -1.000000000000000000, 0.000000000000000000 ) ) ;
#5046 = AXIS2_PLACEMENT_3D ( 'NONE', #3604, #762, #2671 ) ;
#5047 = CARTESIAN_POINT ( 'NONE',  ( 1.224646799147353454E-16, -0.9999999999999997780, -3.730481160836854215 ) ) ;
#5048 = FILL_AREA_STYLE ('',( #4801 ) ) ;
#5049 = EDGE_LOOP ( 'NONE', ( #9951, #2602 ) ) ;
#5050 = DIRECTION ( 'NONE',  ( 0.000000000000000000, -1.000000000000000000, 0.000000000000000000 ) ) ;
#5051 = VECTOR ( 'NONE', #7893, 1000.000000000000000 ) ;
#5052 = EDGE_CURVE ( 'NONE', #12127, #10701, #5321, .T. ) ;
#5053 = EDGE_LOOP ( 'NONE', ( #2867, #10723 ) ) ;
#5054 = CONICAL_SURFACE ( 'NONE', #1907, 2.000000000000000000, 1.047197551196596299 ) ;
#5055 = EDGE_CURVE ( 'NONE', #1225, #4935, #12114, .T. ) ;
#5056 = PLANE ( 'NONE',  #1692 ) ;
#5057 = ORIENTED_EDGE ( 'NONE', *, *, #10505, .T. ) ;
#5058 = AXIS2_PLACEMENT_3D ( 'NONE', #5212, #7303, #589 ) ;
#5059 = CARTESIAN_POINT ( 'NONE',  ( 0.000000000000000000, 0.000000000000000000, 0.000000000000000000 ) ) ;
#5060 = VERTEX_POINT ( 'NONE', #2551 ) ;
#5061 = ORIENTED_EDGE ( 'NONE', *, *, #2220, .F. ) ;
#5062 = CIRCLE ( 'NONE', #8007, 1.999999999999999556 ) ;
#5063 = VERTEX_POINT ( 'NONE', #825 ) ;
#5064 = CIRCLE ( 'NONE', #6645, 4.000000000000000000 ) ;
#5065 = CIRCLE ( 'NONE', #11978, 2.999999999999999112 ) ;
#5066 = CARTESIAN_POINT ( 'NONE',  ( 3.500000000000000000, 9.199999999999999289, -18.50000000000000355 ) ) ;
#5067 = DIRECTION ( 'NONE',  ( -0.000000000000000000, -1.000000000000000000, -0.000000000000000000 ) ) ;
#5068 = VERTEX_POINT ( 'NONE', #1808 ) ;
#5069 = ADVANCED_FACE ( 'NONE', ( #11059 ), #3420, .F. ) ;
#5070 = VECTOR ( 'NONE', #4832, 1000.000000000000000 ) ;
#5071 = ORIENTED_EDGE ( 'NONE', *, *, #799, .F. ) ;
#5072 = DIRECTION ( 'NONE',  ( -1.000000000000000000, -0.000000000000000000, -0.000000000000000000 ) ) ;
#5073 = AXIS2_PLACEMENT_3D ( 'NONE', #9701, #5138, #11816 ) ;
#5074 = DIRECTION ( 'NONE',  ( 1.000000000000000000, 0.000000000000000000, 0.000000000000000000 ) ) ;
#5075 = CONICAL_SURFACE ( 'NONE', #11195, 0.7740000000000000213, 1.047197551196601628 ) ;
#5076 = EDGE_CURVE ( 'NONE', #5458, #6169, #3843, .T. ) ;
#5077 = ORIENTED_EDGE ( 'NONE', *, *, #5170, .T. ) ;
#5078 = DIRECTION ( 'NONE',  ( 0.000000000000000000, -1.000000000000000000, 0.000000000000000000 ) ) ;
#5079 = CIRCLE ( 'NONE', #5277, 1.500000000000001332 ) ;
#5080 = FACE_OUTER_BOUND ( 'NONE', #2981, .T. ) ;
#5081 = UNCERTAINTY_MEASURE_WITH_UNIT (LENGTH_MEASURE( 1.000000000000000082E-05 ), #1771, 'distance_accuracy_value', 'NONE');
#5082 = LINE ( 'NONE', #11687, #3475 ) ;
#5083 = CYLINDRICAL_SURFACE ( 'NONE', #867, 3.999999999999996447 ) ;
#5084 = FILL_AREA_STYLE_COLOUR ( '', #1985 ) ;
#5085 = CARTESIAN_POINT ( 'NONE',  ( 8.500000000000000000, 0.000000000000000000, -3.000000000000000000 ) ) ;
#5086 = VERTEX_POINT ( 'NONE', #5572 ) ;
#5087 = EDGE_CURVE ( 'NONE', #10911, #9735, #4962, .T. ) ;
#5088 = CARTESIAN_POINT ( 'NONE',  ( 0.7063323362395715899, 0.4078011644652539958, -0.1291166393111736477 ) ) ;
#5089 = VERTEX_POINT ( 'NONE', #5377 ) ;
#5090 = CARTESIAN_POINT ( 'NONE',  ( 0.000000000000000000, 0.000000000000000000, -1.600000000000000089 ) ) ;
#5091 = VECTOR ( 'NONE', #9669, 999.9999999999998863 ) ;
#5092 = ORIENTED_EDGE ( 'NONE', *, *, #2788, .T. ) ;
#5093 = SHAPE_REPRESENTATION ( 'hex nut style 1 gradeab_iso_ISO - 4032 - M2 - D - N', ( #8058 ), #7880 ) ;
#5094 = ORIENTED_EDGE ( 'NONE', *, *, #6150, .F. ) ;
#5095 = FACE_BOUND ( 'NONE', #9711, .T. ) ;
#5096 = EDGE_LOOP ( 'NONE', ( #7049, #8764, #8939, #5397 ) ) ;
#5097 = LINE ( 'NONE', #2327, #8255 ) ;
#5098 = MANIFOLD_SOLID_BREP ( 'Filete2', #162 ) ;
#5099 = FACE_OUTER_BOUND ( 'NONE', #560, .T. ) ;
#5100 = UNCERTAINTY_MEASURE_WITH_UNIT (LENGTH_MEASURE( 1.000000000000000082E-05 ), #6587, 'distance_accuracy_value', 'NONE');
#5101 = CARTESIAN_POINT ( 'NONE',  ( 1.500000000000000000, 9.199999999999999289, -21.00000000000000000 ) ) ;
#5102 = B_SPLINE_CURVE_WITH_KNOTS ( 'NONE', 3,
 ( #5112, #8863, #9856, #230, #5043, #6770 ),
 .UNSPECIFIED., .F., .F.,
 ( 4, 2, 4 ),
 ( 0.001168606431211098931, 0.001750609284260044515, 0.002332612137308990100 ),
 .UNSPECIFIED. ) ;
#5103 = ORIENTED_EDGE ( 'NONE', *, *, #5205, .F. ) ;
#5104 = ADVANCED_FACE ( 'NONE', ( #11869 ), #3540, .F. ) ;
#5105 = ADVANCED_FACE ( 'NONE', ( #2668 ), #10121, .T. ) ;
#5106 = CARTESIAN_POINT ( 'NONE',  ( -1.000000000000000888, 1.732050807568876749, -1.600000000000000089 ) ) ;
#5107 = VECTOR ( 'NONE', #8455, 1000.000000000000000 ) ;
#5108 = PRESENTATION_STYLE_ASSIGNMENT (( #9788 ) ) ;
#5109 = CARTESIAN_POINT ( 'NONE',  ( 0.8000000000000000444, 0.000000000000000000, 0.000000000000000000 ) ) ;
#5110 = CARTESIAN_POINT ( 'NONE',  ( -1.672828002720945673, 1.343593379079621064, -1.530424537474096791 ) ) ;
#5111 = PRESENTATION_LAYER_ASSIGNMENT (  '', '', ( #3541 ) ) ;
#5112 = CARTESIAN_POINT ( 'NONE',  ( 1.000000000000000444, -1.732050807568876971, 0.000000000000000000 ) ) ;
#5113 = ORIENTED_EDGE ( 'NONE', *, *, #7161, .T. ) ;
#5114 = CARTESIAN_POINT ( 'NONE',  ( -2.000000000000000000, 0.000000000000000000, -21.00000000000000000 ) ) ;
#5115 = DIRECTION ( 'NONE',  ( 0.000000000000000000, 0.000000000000000000, 1.000000000000000000 ) ) ;
#5116 = CIRCLE ( 'NONE', #10822, 1.400000000000015898 ) ;
#5117 = ORIENTED_EDGE ( 'NONE', *, *, #1838, .T. ) ;
#5118 = FACE_BOUND ( 'NONE', #10649, .T. ) ;
#5119 = EDGE_LOOP ( 'NONE', ( #6024, #3299, #11719, #5574 ) ) ;
#5120 = DIRECTION ( 'NONE',  ( 0.000000000000000000, 0.000000000000000000, -1.000000000000000000 ) ) ;
#5121 = B_SPLINE_CURVE_WITH_KNOTS ( 'NONE', 3,
 ( #10379, #2850, #6614, #9451, #7421, #4588, #999, #4766, #10204, #8515 ),
 .UNSPECIFIED., .F., .F.,
 ( 4, 2, 2, 2, 4 ),
 ( -0.0002458240484173964042, -0.0001229754419029329142, -1.268353884694242185E-07, 0.0001227217711259940658, 0.0002455703776404575558 ),
 .UNSPECIFIED. ) ;
#5122 = DIRECTION ( 'NONE',  ( 1.000000000000000000, 0.000000000000000000, 0.000000000000000000 ) ) ;
#5123 = EDGE_LOOP ( 'NONE', ( #1516, #518 ) ) ;
#5124 = CARTESIAN_POINT ( 'NONE',  ( 1.000000000000000444, 1.224646799147353947E-16, 0.000000000000000000 ) ) ;
#5125 = CARTESIAN_POINT ( 'NONE',  ( -1.000000000000000444, 0.000000000000000000, 0.000000000000000000 ) ) ;
#5126 = ORIENTED_EDGE ( 'NONE', *, *, #2748, .F. ) ;
#5127 = EDGE_CURVE ( 'NONE', #519, #125, #8276, .T. ) ;
#5128 = ORIENTED_EDGE ( 'NONE', *, *, #11504, .F. ) ;
#5129 = EDGE_CURVE ( 'NONE', #8454, #143, #7183, .T. ) ;
#5130 = CARTESIAN_POINT ( 'NONE',  ( 3.499999999999999556, 2.500000000000000000, -19.84529946162065528 ) ) ;
#5131 = CARTESIAN_POINT ( 'NONE',  ( 0.9526279441628795475, 0.5499999999999983791, -1.600000000000000089 ) ) ;
#5132 = ORIENTED_EDGE ( 'NONE', *, *, #575, .F. ) ;
#5133 = AXIS2_PLACEMENT_3D ( 'NONE', #2618, #10128, #11934 ) ;
#5134 = EDGE_LOOP ( 'NONE', ( #6644, #7973, #6469, #4324 ) ) ;
#5135 = FACE_OUTER_BOUND ( 'NONE', #7284, .T. ) ;
#5136 = FACE_OUTER_BOUND ( 'NONE', #765, .T. ) ;
#5137 = ORIENTED_EDGE ( 'NONE', *, *, #2412, .T. ) ;
#5138 = DIRECTION ( 'NONE',  ( -0.000000000000000000, 1.224649721909276639E-16, -1.000000000000000000 ) ) ;
#5139 = EDGE_CURVE ( 'NONE', #7119, #5442, #9272, .T. ) ;
#5140 = CARTESIAN_POINT ( 'NONE',  ( -1.339247740005897747, -1.536186033554502339, -1.582894801272977325 ) ) ;
#5141 = VECTOR ( 'NONE', #10993, 1000.000000000000000 ) ;
#5142 = VERTEX_POINT ( 'NONE', #2844 ) ;
#5143 =( GEOMETRIC_REPRESENTATION_CONTEXT ( 3 ) GLOBAL_UNCERTAINTY_ASSIGNED_CONTEXT ( ( #1402 ) ) GLOBAL_UNIT_ASSIGNED_CONTEXT ( ( #5497, #11853, #3405 ) ) REPRESENTATION_CONTEXT ( 'NONE', 'WORKASPACE' ) );
#5144 = DIRECTION ( 'NONE',  ( -1.000000000000000000, -0.000000000000000000, -0.000000000000000000 ) ) ;
#5145 = FACE_OUTER_BOUND ( 'NONE', #2959, .T. ) ;
#5146 = CARTESIAN_POINT ( 'NONE',  ( 2.000000000000000000, -0.9668978507697956193, -0.1244188288311465357 ) ) ;
#5147 = ORIENTED_EDGE ( 'NONE', *, *, #10268, .T. ) ;
#5148 = EDGE_CURVE ( 'NONE', #3359, #9252, #9153, .T. ) ;
#5149 = CARTESIAN_POINT ( 'NONE',  ( -1.340742937416024905, 1.535322780927271813, 8.545038780570239278E-16 ) ) ;
#5151 = ORIENTED_EDGE ( 'NONE', *, *, #8336, .F. ) ;
#5150 = CIRCLE ( 'NONE', #9875, 1.099999999999996758 ) ;
#5152 = CARTESIAN_POINT ( 'NONE',  ( -2.000000000000000000, -1.154700538379252794, -1.600000000000000089 ) ) ;
#5153 = AXIS2_PLACEMENT_3D ( 'NONE', #5704, #10316, #9279 ) ;
#5154 = ORIENTED_EDGE ( 'NONE', *, *, #10643, .F. ) ;
#5155 = VERTEX_POINT ( 'NONE', #10497 ) ;
#5156 = CARTESIAN_POINT ( 'NONE',  ( 0.000000000000000000, 0.000000000000000000, -1.600000000000000089 ) ) ;
#5157 = ADVANCED_FACE ( 'NONE', ( #1863 ), #2103, .T. ) ;
#5158 = VERTEX_POINT ( 'NONE', #2791 ) ;
#5159 = LINE ( 'NONE', #6885, #6319 ) ;
#5160 = DIRECTION ( 'NONE',  ( 0.000000000000000000, 0.000000000000000000, 1.000000000000000000 ) ) ;
#5161 = SURFACE_STYLE_FILL_AREA ( #2329 ) ;
#5162 = CARTESIAN_POINT ( 'NONE',  ( -0.1631781751318187312, 2.215190113420277385, -1.475759930090788874 ) ) ;
#5163 = B_SPLINE_CURVE_WITH_KNOTS ( 'NONE', 3,
 ( #4431, #6472, #8985, #10035, #6216, #7189 ),
 .UNSPECIFIED., .F., .F.,
 ( 4, 2, 4 ),
 ( 0.001168606431211103485, 0.001750609284260044515, 0.002332612137308985329 ),
 .UNSPECIFIED. ) ;
#5164 = ORIENTED_EDGE ( 'NONE', *, *, #883, .T. ) ;
#5165 = CARTESIAN_POINT ( 'NONE',  ( 4.099999999999999645, 2.971690854684141847, -0.8999999999999992450 ) ) ;
#5166 = DIRECTION ( 'NONE',  ( 0.000000000000000000, 0.000000000000000000, -1.000000000000000000 ) ) ;
#5167 = CARTESIAN_POINT ( 'NONE',  ( 0.000000000000000000, 0.000000000000000000, -1.600000000000000089 ) ) ;
#5168 = FACE_OUTER_BOUND ( 'NONE', #5588, .T. ) ;
#5169 = EDGE_CURVE ( 'NONE', #10448, #10559, #8570, .T. ) ;
#5170 = EDGE_CURVE ( 'NONE', #8038, #9161, #8952, .T. ) ;
#5171 = EDGE_LOOP ( 'NONE', ( #4897, #1040, #5889 ) ) ;
#5172 = CARTESIAN_POINT ( 'NONE',  ( 0.000000000000000000, 0.000000000000000000, -3.300000000000018030 ) ) ;
#5173 =( REPRESENTATION_RELATIONSHIP ('NONE','NONE', #912, #10216 ) REPRESENTATION_RELATIONSHIP_WITH_TRANSFORMATION ( #1178 )SHAPE_REPRESENTATION_RELATIONSHIP( ) );
#5174 = CARTESIAN_POINT ( 'NONE',  ( 2.000000000000000000, 0.1952413320394014717, -1.143494478793305150E-17 ) ) ;
#5175 =( NAMED_UNIT ( * ) SI_UNIT ( $, .STERADIAN. ) SOLID_ANGLE_UNIT ( ) );
#5176 = EDGE_LOOP ( 'NONE', ( #6771, #2284, #4467, #5511, #2403 ) ) ;
#5177 = CARTESIAN_POINT ( 'NONE',  ( 1.169735307079673214, 1.634054082335443692, 1.229256564702802973E-15 ) ) ;
#5178 = MANIFOLD_SOLID_BREP ( 'Corte-extrus\X2\00e3\X0\o1', #9028 ) ;
#5179 = ORIENTED_EDGE ( 'NONE', *, *, #574, .T. ) ;
#5180 = DIRECTION ( 'NONE',  ( 0.000000000000000000, 0.000000000000000000, -1.000000000000000000 ) ) ;
#5181 = CARTESIAN_POINT ( 'NONE',  ( 3.499999999999999556, 17.00000000000000000, -8.732195743157015855 ) ) ;
#5182 = CARTESIAN_POINT ( 'NONE',  ( -4.000000000000002665, 0.8999999999999995781, -22.15470053837915643 ) ) ;
#5183 = ORIENTED_EDGE ( 'NONE', *, *, #4964, .T. ) ;
#5184 = DIRECTION ( 'NONE',  ( -0.000000000000000000, 1.224649721909276639E-16, -1.000000000000000000 ) ) ;
#5185 = CARTESIAN_POINT ( 'NONE',  ( 0.1420668001776681788, 0.8093834734528496666, -0.6723905438247465005 ) ) ;
#5186 = EDGE_CURVE ( 'NONE', #5378, #7086, #7577, .T. ) ;
#5187 = EDGE_CURVE ( 'NONE', #1301, #3122, #5693, .T. ) ;
#5188 = ORIENTED_EDGE ( 'NONE', *, *, #5139, .T. ) ;
#5189 = ORIENTED_EDGE ( 'NONE', *, *, #462, .F. ) ;
#5190 = DIRECTION ( 'NONE',  ( 0.000000000000000000, 0.000000000000000000, -1.000000000000000000 ) ) ;
#5191 = CARTESIAN_POINT ( 'NONE',  ( 0.000000000000000000, 0.000000000000000000, -4.000000000000000000 ) ) ;
#5192 = ORIENTED_EDGE ( 'NONE', *, *, #7838, .T. ) ;
#5193 = DIRECTION ( 'NONE',  ( 0.000000000000000000, 0.000000000000000000, 1.000000000000000000 ) ) ;
#5194 = CARTESIAN_POINT ( 'NONE',  ( 5.500000000000000000, 0.8999999999999995781, -18.69059892324140293 ) ) ;
#5195 = ORIENTED_EDGE ( 'NONE', *, *, #1912, .T. ) ;
#5196 = DIRECTION ( 'NONE',  ( -0.000000000000000000, -0.000000000000000000, -1.000000000000000000 ) ) ;
#5197 = AXIS2_PLACEMENT_3D ( 'NONE', #10173, #742, #809 ) ;
#5198 = ORIENTED_EDGE ( 'NONE', *, *, #2414, .F. ) ;
#5199 = CARTESIAN_POINT ( 'NONE',  ( -21.50000000000000000, 0.000000000000000000, -0.5000000000000000000 ) ) ;
#5200 =( LENGTH_UNIT ( ) NAMED_UNIT ( * ) SI_UNIT ( .MILLI., .METRE. ) );
#5201 = AXIS2_PLACEMENT_3D ( 'NONE', #172, #11595, #10714 ) ;
#5202 = CYLINDRICAL_SURFACE ( 'NONE', #11580, 2.500000000000002220 ) ;
#5203 = CARTESIAN_POINT ( 'NONE',  ( -0.7719790473889592830, -0.2816553873451900780, -0.6723917171629492096 ) ) ;
#5204 = ORIENTED_EDGE ( 'NONE', *, *, #9322, .F. ) ;
#5205 = EDGE_CURVE ( 'NONE', #3593, #2016, #4813, .T. ) ;
#5206 = ADVANCED_FACE ( 'NONE', ( #8506 ), #2972, .T. ) ;
#5207 = DIRECTION ( 'NONE',  ( 0.000000000000000000, 0.000000000000000000, -1.000000000000000000 ) ) ;
#5208 = ORIENTED_EDGE ( 'NONE', *, *, #1972, .T. ) ;
#5209 = FACE_BOUND ( 'NONE', #8768, .T. ) ;
#5210 = VERTEX_POINT ( 'NONE', #3026 ) ;
#5211 = ORIENTED_EDGE ( 'NONE', *, *, #6421, .F. ) ;
#5212 = CARTESIAN_POINT ( 'NONE',  ( -2.000000000000000888, 0.9000000000000003553, -0.6905989232413876078 ) ) ;
#5213 = ORIENTED_EDGE ( 'NONE', *, *, #3607, .T. ) ;
#5214 = CYLINDRICAL_SURFACE ( 'NONE', #10025, 1.099999999999998757 ) ;
#5215 = LINE ( 'NONE', #2577, #7819 ) ;
#5216 = UNCERTAINTY_MEASURE_WITH_UNIT (LENGTH_MEASURE( 1.000000000000000082E-05 ), #5386, 'distance_accuracy_value', 'NONE');
#5217 = DIRECTION ( 'NONE',  ( 0.000000000000000000, 1.000000000000000000, 0.000000000000000000 ) ) ;
#5218 = ORIENTED_EDGE ( 'NONE', *, *, #5256, .F. ) ;
#5219 = ORIENTED_EDGE ( 'NONE', *, *, #445, .F. ) ;
#5220 = FACE_OUTER_BOUND ( 'NONE', #8591, .T. ) ;
#5221 = CIRCLE ( 'NONE', #9364, 3.000000000000000000 ) ;
#5222 = EDGE_CURVE ( 'NONE', #90, #4288, #5221, .T. ) ;
#5223 = CIRCLE ( 'NONE', #11538, 4.000000000000001776 ) ;
#5224 = CARTESIAN_POINT ( 'NONE',  ( 2.000000000000000000, 0.1952413320394011109, -1.600000000000000089 ) ) ;
#5225 = CYLINDRICAL_SURFACE ( 'NONE', #3648, 1.000000000000000444 ) ;
#5226 = CARTESIAN_POINT ( 'NONE',  ( 3.699999999999999289, 2.971690854684141847, -0.4999999999999991673 ) ) ;
#5227 = PLANE ( 'NONE',  #3864 ) ;
#5228 = CIRCLE ( 'NONE', #3061, 5.500000000000000000 ) ;
#5229 = DIRECTION ( 'NONE',  ( -0.000000000000000000, -1.000000000000000000, -0.000000000000000000 ) ) ;
#5230 = EDGE_CURVE ( 'NONE', #5034, #11895, #3465, .T. ) ;
#5231 = CARTESIAN_POINT ( 'NONE',  ( -1.000000000000000000, 9.629649721936179265E-32, -2.130481160836854126 ) ) ;
#5232 = SHAPE_REPRESENTATION_RELATIONSHIP ( 'NONE' , 'NONE' ,  #11056, #8859 ) ;
#5233 = ORIENTED_EDGE ( 'NONE', *, *, #7469, .T. ) ;
#5234 = CARTESIAN_POINT ( 'NONE',  ( 0.000000000000000000, 2.309401076758504701, -1.600000000000000089 ) ) ;
#5235 = VECTOR ( 'NONE', #11329, 1000.000000000000000 ) ;
#5236 = ORIENTED_EDGE ( 'NONE', *, *, #7087, .T. ) ;
#5237 = EDGE_CURVE ( 'NONE', #3525, #8666, #5032, .T. ) ;
#5238 = CARTESIAN_POINT ( 'NONE',  ( 4.099999999999999645, 0.000000000000000000, 0.3999999999999968026 ) ) ;
#5239 = VECTOR ( 'NONE', #5144, 1000.000000000000000 ) ;
#5240 = CARTESIAN_POINT ( 'NONE',  ( -2.000000000000000000, -1.154700538379254349, -1.421367205045916737 ) ) ;
#5241 = EDGE_LOOP ( 'NONE', ( #9565, #6967, #4149, #7744 ) ) ;
#5242 = DIRECTION ( 'NONE',  ( 0.000000000000000000, 0.000000000000000000, -1.000000000000000000 ) ) ;
#5244 = FACE_OUTER_BOUND ( 'NONE', #459, .T. ) ;
#5243 = APPLICATION_CONTEXT ( 'automotive_design' ) ;
#5245 = CONICAL_SURFACE ( 'NONE', #711, 1.000000000000000000, 1.047197551196604515 ) ;
#5246 = ORIENTED_EDGE ( 'NONE', *, *, #5324, .F. ) ;
#5247 = VERTEX_POINT ( 'NONE', #8635 ) ;
#5248 = PLANE ( 'NONE',  #6485 ) ;
#5249 = VECTOR ( 'NONE', #3330, 1000.000000000000000 ) ;
#5250 = VECTOR ( 'NONE', #7363, 1000.000000000000114 ) ;
#5251 = CARTESIAN_POINT ( 'NONE',  ( 1.500000000000000000, 9.199999999999999289, -18.50000000000000355 ) ) ;
#5252 = DIRECTION ( 'NONE',  ( 0.000000000000000000, -1.000000000000000000, 0.000000000000000000 ) ) ;
#5253 = AXIS2_PLACEMENT_3D ( 'NONE', #178, #7706, #6366 ) ;
#5254 = ORIENTED_EDGE ( 'NONE', *, *, #371, .T. ) ;
#5255 = EDGE_CURVE ( 'NONE', #3953, #5247, #1888, .T. ) ;
#5256 = EDGE_CURVE ( 'NONE', #3525, #8170, #9741, .T. ) ;
#5257 = CARTESIAN_POINT ( 'NONE',  ( -0.5000000000000000000, 9.199999999999999289, -17.00000000000000000 ) ) ;
#5258 = VECTOR ( 'NONE', #3877, 1000.000000000000000 ) ;
#5259 = FACE_OUTER_BOUND ( 'NONE', #4035, .T. ) ;
#5260 = AXIS2_PLACEMENT_3D ( 'NONE', #12207, #956, #8349 ) ;
#5261 = CARTESIAN_POINT ( 'NONE',  ( 0.8000000000000000444, -0.8000000000000000444, -6.499999999999999112 ) ) ;
#5262 = ORIENTED_EDGE ( 'NONE', *, *, #865, .T. ) ;
#5263 = LINE ( 'NONE', #8894, #3703 ) ;
#5264 = AXIS2_PLACEMENT_3D ( 'NONE', #7831, #7897, #3150 ) ;
#5265 = ORIENTED_EDGE ( 'NONE', *, *, #8730, .T. ) ;
#5266 = CARTESIAN_POINT ( 'NONE',  ( -2.000000000000000000, 1.084202172485504434E-16, -22.39999999999988844 ) ) ;
#5267 = DIRECTION ( 'NONE',  ( 1.000000000000000000, 0.000000000000000000, 0.000000000000000000 ) ) ;
#5268 = AXIS2_PLACEMENT_3D ( 'NONE', #11878, #3426, #7165 ) ;
#5269 = DIRECTION ( 'NONE',  ( 0.000000000000000000, 0.000000000000000000, -1.000000000000000000 ) ) ;
#5270 = DIRECTION ( 'NONE',  ( 0.000000000000000000, -0.000000000000000000, 1.000000000000000000 ) ) ;
#5271 = AXIS2_PLACEMENT_3D ( 'NONE', #7918, #8269, #3231 ) ;
#5272 = CARTESIAN_POINT ( 'NONE',  ( 0.000000000000000000, 0.8999999999999995781, -19.84529946162065883 ) ) ;
#5273 = ORIENTED_EDGE ( 'NONE', *, *, #8694, .T. ) ;
#5274 = DIRECTION ( 'NONE',  ( -1.000000000000000000, 0.000000000000000000, 0.000000000000000000 ) ) ;
#5275 = VERTEX_POINT ( 'NONE', #7029 ) ;
#5276 = DIRECTION ( 'NONE',  ( -0.5000000000000008882, -0.8660254037844382635, 0.000000000000000000 ) ) ;
#5277 = AXIS2_PLACEMENT_3D ( 'NONE', #5251, #9128, #10743 ) ;
#5278 = ORIENTED_EDGE ( 'NONE', *, *, #4284, .F. ) ;
#5279 = DIRECTION ( 'NONE',  ( -1.000000000000000000, 0.000000000000000000, 0.000000000000000000 ) ) ;
#5280 = ORIENTED_EDGE ( 'NONE', *, *, #3414, .T. ) ;
#5281 = DIRECTION ( 'NONE',  ( -0.7071067811865474617, -0.000000000000000000, -0.7071067811865474617 ) ) ;
#5282 = EDGE_CURVE ( 'NONE', #7783, #10004, #4015, .T. ) ;
#5283 = ADVANCED_FACE ( 'NONE', ( #4078 ), #7766, .T. ) ;
#5284 = PLANE ( 'NONE',  #737 ) ;
#5285 = AXIS2_PLACEMENT_3D ( 'NONE', #656, #9296, #12143 ) ;
#5286 = DIRECTION ( 'NONE',  ( -0.000000000000000000, -0.000000000000000000, -1.000000000000000000 ) ) ;
#5287 = ORIENTED_EDGE ( 'NONE', *, *, #9052, .F. ) ;
#5288 = ORIENTED_EDGE ( 'NONE', *, *, #1527, .F. ) ;
#5289 = DIRECTION ( 'NONE',  ( 0.000000000000000000, 1.000000000000000000, 0.000000000000000000 ) ) ;
#5290 = CIRCLE ( 'NONE', #9019, 1.000000000000000000 ) ;
#5291 = CIRCLE ( 'NONE', #3323, 4.000000000000000000 ) ;
#5292 = CARTESIAN_POINT ( 'NONE',  ( 0.000000000000000000, 0.000000000000000000, 0.000000000000000000 ) ) ;
#5293 = B_SPLINE_CURVE_WITH_KNOTS ( 'NONE', 3,
 ( #11745, #11001, #632, #8951, #5323, #9081 ),
 .UNSPECIFIED., .F., .F.,
 ( 4, 2, 4 ),
 ( 0.003228283429323684436, 0.003812703409393313706, 0.004397123389462942976 ),
 .UNSPECIFIED. ) ;
#5294 = DIRECTION ( 'NONE',  ( -1.000000000000000000, -0.000000000000000000, -0.000000000000000000 ) ) ;
#5295 = CIRCLE ( 'NONE', #3337, 1.399999999999981037 ) ;
#5296 = CARTESIAN_POINT ( 'NONE',  ( 0.000000000000000000, 0.000000000000000000, -0.1540456584061371259 ) ) ;
#5297 = ADVANCED_FACE ( 'NONE', ( #11612 ), #5021, .F. ) ;
#5298 = DIRECTION ( 'NONE',  ( 0.000000000000000000, 1.000000000000000000, 0.000000000000000000 ) ) ;
#5299 = FACE_BOUND ( 'NONE', #2763, .T. ) ;
#5300 = AXIS2_PLACEMENT_3D ( 'NONE', #11247, #12113, #7407 ) ;
#5301 = ORIENTED_EDGE ( 'NONE', *, *, #9519, .F. ) ;
#5302 = DIRECTION ( 'NONE',  ( 0.000000000000000000, 0.000000000000000000, -1.000000000000000000 ) ) ;
#5303 = EDGE_CURVE ( 'NONE', #8462, #5060, #4196, .T. ) ;
#5304 = SURFACE_SIDE_STYLE ('',( #1657 ) ) ;
#5305 = CARTESIAN_POINT ( 'NONE',  ( 5.499999999999997335, 0.8999999999999989120, -5.309401076758394566 ) ) ;
#5306 = ORIENTED_EDGE ( 'NONE', *, *, #5663, .T. ) ;
#5307 = CARTESIAN_POINT ( 'NONE',  ( 1.500000000000000000, 9.199999999999999289, -20.00000000000000355 ) ) ;
#5308 = DIRECTION ( 'NONE',  ( -1.000000000000000000, 0.000000000000000000, 0.000000000000000000 ) ) ;
#5309 = CIRCLE ( 'NONE', #11029, 3.999999999999996447 ) ;
#5310 = PLANE ( 'NONE',  #6263 ) ;
#5311 = ORIENTED_EDGE ( 'NONE', *, *, #11918, .F. ) ;
#5313 = VERTEX_POINT ( 'NONE', #10613 ) ;
#5312 = VECTOR ( 'NONE', #11702, 1000.000000000000000 ) ;
#5314 = EDGE_CURVE ( 'NONE', #7117, #10701, #2227, .T. ) ;
#5315 = CARTESIAN_POINT ( 'NONE',  ( 2.000000000000000000, 0.000000000000000000, 0.000000000000000000 ) ) ;
#5316 =( GEOMETRIC_REPRESENTATION_CONTEXT ( 3 ) GLOBAL_UNCERTAINTY_ASSIGNED_CONTEXT ( ( #8895 ) ) GLOBAL_UNIT_ASSIGNED_CONTEXT ( ( #11409, #4789, #96 ) ) REPRESENTATION_CONTEXT ( 'NONE', 'WORKASPACE' ) );
#5317 = PLANE ( 'NONE',  #350 ) ;
#5318 = CARTESIAN_POINT ( 'NONE',  ( 1.672828002720946117, -1.343593379079623285, -1.530424537474095681 ) ) ;
#5319 = EDGE_LOOP ( 'NONE', ( #127, #12064 ) ) ;
#5320 = CARTESIAN_POINT ( 'NONE',  ( 0.000000000000000000, 0.000000000000000000, 0.000000000000000000 ) ) ;
#5321 = LINE ( 'NONE', #8329, #8162 ) ;
#5322 = EDGE_LOOP ( 'NONE', ( #8050, #2933, #11358, #10858 ) ) ;
#5323 = CARTESIAN_POINT ( 'NONE',  ( -2.000000000000000000, 0.9679918988505324950, -1.475265346691885471 ) ) ;
#5324 = EDGE_CURVE ( 'NONE', #1941, #8361, #1174, .T. ) ;
#5325 = EDGE_CURVE ( 'NONE', #8462, #3090, #11931, .T. ) ;
#5326 = VERTEX_POINT ( 'NONE', #1232 ) ;
#5327 = FACE_BOUND ( 'NONE', #1550, .T. ) ;
#5328 = PRODUCT_DEFINITION_FORMATION_WITH_SPECIFIED_SOURCE ( 'ANY', '', #12193, .NOT_KNOWN. ) ;
#5329 = CARTESIAN_POINT ( 'NONE',  ( -2.000000000000000000, -1.154700538379254349, -1.421367205045916737 ) ) ;
#5330 = CARTESIAN_POINT ( 'NONE',  ( -4.987329993433320396E-15, -2.309401076758504701, -0.1786327949540832127 ) ) ;
#5331 = ORIENTED_EDGE ( 'NONE', *, *, #10182, .T. ) ;
#5332 = EDGE_LOOP ( 'NONE', ( #2946, #10408 ) ) ;
#5333 = FACE_OUTER_BOUND ( 'NONE', #5866, .T. ) ;
#5334 = ORIENTED_EDGE ( 'NONE', *, *, #4084, .T. ) ;
#5335 = CARTESIAN_POINT ( 'NONE',  ( -2.000000000000000000, 0.2999999999999825584, -20.99999999999990763 ) ) ;
#5336 = VERTEX_POINT ( 'NONE', #8880 ) ;
#5337 = CARTESIAN_POINT ( 'NONE',  ( -0.6400838274320557186, -0.08743474090243252839, -0.7781214260140821848 ) ) ;
#5338 = ORIENTED_EDGE ( 'NONE', *, *, #4678, .F. ) ;
#5339 = DIRECTION ( 'NONE',  ( -0.5000000000000001110, 0.000000000000000000, 0.8660254037844384856 ) ) ;
#5340 = PLANE ( 'NONE',  #1561 ) ;
#5341 = CARTESIAN_POINT ( 'NONE',  ( 3.500000000000000000, 0.000000000000000000, 0.000000000000000000 ) ) ;
#5342 = SHAPE_REPRESENTATION_RELATIONSHIP ( 'NONE' , 'NONE' ,  #7608, #2402 ) ;
#5343 = DIRECTION ( 'NONE',  ( -1.000000000000000000, 0.000000000000000000, 0.000000000000000000 ) ) ;
#5344 = EDGE_LOOP ( 'NONE', ( #2440, #8540, #2655, #4101 ) ) ;
#5345 = EDGE_LOOP ( 'NONE', ( #4352, #6936, #2308, #5195, #5882, #3746 ) ) ;
#5346 = CARTESIAN_POINT ( 'NONE',  ( -1.000000000000000444, 1.224646799147353947E-16, -1.199999999999999956 ) ) ;
#5347 = CIRCLE ( 'NONE', #6919, 2.500000000000000000 ) ;
#5348 = EDGE_CURVE ( 'NONE', #286, #9228, #3343, .T. ) ;
#5349 = EDGE_CURVE ( 'NONE', #3190, #11642, #6115, .T. ) ;
#5350 = DIRECTION ( 'NONE',  ( -0.000000000000000000, -1.000000000000000000, 0.000000000000000000 ) ) ;
#5351 = DIRECTION ( 'NONE',  ( -0.000000000000000000, -0.000000000000000000, -1.000000000000000000 ) ) ;
#5352 = FACE_OUTER_BOUND ( 'NONE', #3583, .T. ) ;
#5353 = CARTESIAN_POINT ( 'NONE',  ( 0.000000000000000000, 4.738805170303855086E-16, -3.069518839163146939 ) ) ;
#5354 = CARTESIAN_POINT ( 'NONE',  ( 5.500000000000001776, -0.8000000000000211386, -5.199999999999893596 ) ) ;
#5355 = SURFACE_STYLE_USAGE ( .BOTH. , #1470 ) ;
#5356 = FACE_OUTER_BOUND ( 'NONE', #8750, .T. ) ;
#5357 = MANIFOLD_SOLID_BREP ( 'EndChamfer', #8044 ) ;
#5358 = VERTEX_POINT ( 'NONE', #1365 ) ;
#5359 = DIRECTION ( 'NONE',  ( 0.000000000000000000, 0.000000000000000000, 1.000000000000000000 ) ) ;
#5360 = EDGE_CURVE ( 'NONE', #3285, #8266, #10677, .T. ) ;
#5361 = CARTESIAN_POINT ( 'NONE',  ( 4.099999999999999645, 0.000000000000000000, 0.000000000000000000 ) ) ;
#5362 = EDGE_CURVE ( 'NONE', #9743, #3610, #1430, .T. ) ;
#5363 = CARTESIAN_POINT ( 'NONE',  ( 1.224646799147353454E-16, -0.9999999999999997780, -2.530481160836854482 ) ) ;
#5365 = VERTEX_POINT ( 'NONE', #5367 ) ;
#5364 = FACE_OUTER_BOUND ( 'NONE', #7660, .T. ) ;
#5366 = LINE ( 'NONE', #6288, #4022 ) ;
#5367 = CARTESIAN_POINT ( 'NONE',  ( 0.8000000000000000444, 0.000000000000000000, -6.500000000000000888 ) ) ;
#5368 = ORIENTED_EDGE ( 'NONE', *, *, #4313, .T. ) ;
#5369 = VERTEX_POINT ( 'NONE', #10109 ) ;
#5370 = CARTESIAN_POINT ( 'NONE',  ( -2.000000000000000000, 1.154700538379251240, -0.1786327949540822413 ) ) ;
#5371 = CARTESIAN_POINT ( 'NONE',  ( 0.000000000000000000, 0.000000000000000000, 0.000000000000000000 ) ) ;
#5372 = DIRECTION ( 'NONE',  ( 0.000000000000000000, 0.000000000000000000, -1.000000000000000000 ) ) ;
#5373 = CARTESIAN_POINT ( 'NONE',  ( -1.999999999999999556, -0.3889866277140360817, -0.01677217554083886356 ) ) ;
#5374 = ORIENTED_EDGE ( 'NONE', *, *, #7951, .F. ) ;
#5375 = EDGE_CURVE ( 'NONE', #9767, #3651, #1084, .T. ) ;
#5376 = LINE ( 'NONE', #4, #12018 ) ;
#5377 = CARTESIAN_POINT ( 'NONE',  ( 1.000000000000001998, 1.732050807568876083, -1.600000000000000089 ) ) ;
#5378 = VERTEX_POINT ( 'NONE', #12101 ) ;
#5379 = DIRECTION ( 'NONE',  ( -0.000000000000000000, 0.000000000000000000, 1.000000000000000000 ) ) ;
#5380 = EDGE_CURVE ( 'NONE', #10834, #6096, #9063, .T. ) ;
#5381 = ORIENTED_EDGE ( 'NONE', *, *, #7204, .F. ) ;
#5382 = CARTESIAN_POINT ( 'NONE',  ( -2.000000000000000000, 0.000000000000000000, -1.600000000000000089 ) ) ;
#5383 = DIRECTION ( 'NONE',  ( 0.000000000000000000, -0.09636862058460229918, -0.9953457132909254712 ) ) ;
#5384 = CIRCLE ( 'NONE', #8133, 0.8156023289305088797 ) ;
#5385 = CARTESIAN_POINT ( 'NONE',  ( -0.4787371468088112425, 0.5021775808706712141, -0.7493711149401139915 ) ) ;
#5386 =( LENGTH_UNIT ( ) NAMED_UNIT ( * ) SI_UNIT ( .MILLI., .METRE. ) );
#5387 = ORIENTED_EDGE ( 'NONE', *, *, #12118, .F. ) ;
#5388 = PLANE ( 'NONE',  #7466 ) ;
#5389 = ORIENTED_EDGE ( 'NONE', *, *, #4041, .F. ) ;
#5390 = EDGE_CURVE ( 'NONE', #11944, #3840, #2468, .T. ) ;
#5391 = CYLINDRICAL_SURFACE ( 'NONE', #9407, 1.949999999999999734 ) ;
#5392 = VERTEX_POINT ( 'NONE', #9121 ) ;
#5393 = CARTESIAN_POINT ( 'NONE',  ( -8.000000000000000000, 17.00000000000000000, -8.732195743157015855 ) ) ;
#5394 = CONICAL_SURFACE ( 'NONE', #3032, 2.000000000000000000, 1.047197551196596299 ) ;
#5395 = ORIENTED_EDGE ( 'NONE', *, *, #2213, .F. ) ;
#5396 = CARTESIAN_POINT ( 'NONE',  ( 3.500000000000000000, 0.000000000000000000, 0.000000000000000000 ) ) ;
#5397 = ORIENTED_EDGE ( 'NONE', *, *, #7115, .T. ) ;
#5398 = AXIS2_PLACEMENT_3D ( 'NONE', #351, #4181, #7820 ) ;
#5399 = DIRECTION ( 'NONE',  ( -1.000000000000000000, -0.000000000000000000, -0.000000000000000000 ) ) ;
#5400 = DIRECTION ( 'NONE',  ( -1.000000000000000000, 0.000000000000000000, 0.000000000000000000 ) ) ;
#5401 = SURFACE_SIDE_STYLE ('',( #3676 ) ) ;
#5402 = CARTESIAN_POINT ( 'NONE',  ( 1.836821824868180020, 1.248911501717478334, -0.1242400699092101324 ) ) ;
#5403 = ORIENTED_EDGE ( 'NONE', *, *, #3737, .T. ) ;
#5404 = ORIENTED_EDGE ( 'NONE', *, *, #11216, .F. ) ;
#5405 = PLANE ( 'NONE',  #11799 ) ;
#5406 = AXIS2_PLACEMENT_3D ( 'NONE', #3951, #4744, #7701 ) ;
#5407 = EDGE_CURVE ( 'NONE', #8849, #3368, #2601, .T. ) ;
#5408 = EDGE_CURVE ( 'NONE', #11491, #90, #8132, .T. ) ;
#5409 = LINE ( 'NONE', #2700, #7791 ) ;
#5410 = AXIS2_PLACEMENT_3D ( 'NONE', #33, #8422, #10338 ) ;
#5411 = DIRECTION ( 'NONE',  ( -0.000000000000000000, -0.000000000000000000, 1.000000000000000000 ) ) ;
#5412 = FACE_OUTER_BOUND ( 'NONE', #9523, .T. ) ;
#5413 =( NAMED_UNIT ( * ) PLANE_ANGLE_UNIT ( ) SI_UNIT ( $, .RADIAN. ) );
#5414 = DIRECTION ( 'NONE',  ( 0.000000000000000000, 0.000000000000000000, 1.000000000000000000 ) ) ;
#5415 = CONICAL_SURFACE ( 'NONE', #1670, 2.000000000000000000, 1.047197551196595855 ) ;
#5416 = FACE_OUTER_BOUND ( 'NONE', #7958, .T. ) ;
#5417 = PLANE ( 'NONE',  #5655 ) ;
#5418 = SHAPE_REPRESENTATION_RELATIONSHIP ( 'NONE' , 'NONE' ,  #6746, #3869 ) ;
#5419 = SHAPE_REPRESENTATION ( 'Pneu', ( #8058 ), #3356 ) ;
#5420 = AXIS2_PLACEMENT_3D ( 'NONE', #3903, #10310, #7716 ) ;
#5421 = PRODUCT_RELATED_PRODUCT_CATEGORY ( 'part', '', ( #10983 ) ) ;
#5422 = DIRECTION ( 'NONE',  ( 0.000000000000000000, -0.7071067811865482389, -0.7071067811865469066 ) ) ;
#5423 = B_SPLINE_CURVE_WITH_KNOTS ( 'NONE', 3,
 ( #3044, #2991, #10692, #1135 ),
 .UNSPECIFIED., .F., .F.,
 ( 4, 4 ),
 ( 2.380749485065259830E-07, 0.001168606431211103485 ),
 .UNSPECIFIED. ) ;
#5424 = ORIENTED_EDGE ( 'NONE', *, *, #11480, .T. ) ;
#5425 = DIRECTION ( 'NONE',  ( 0.000000000000000000, 1.000000000000000000, 0.000000000000000000 ) ) ;
#5426 =( LENGTH_UNIT ( ) NAMED_UNIT ( * ) SI_UNIT ( .MILLI., .METRE. ) );
#5427 = DIRECTION ( 'NONE',  ( -0.000000000000000000, -0.000000000000000000, 1.000000000000000000 ) ) ;
#5429 = ORIENTED_EDGE ( 'NONE', *, *, #390, .T. ) ;
#5428 = LINE ( 'NONE', #740, #6471 ) ;
#5430 = AXIS2_PLACEMENT_3D ( 'NONE', #7475, #2786, #5690 ) ;
#5431 = DIRECTION ( 'NONE',  ( 0.000000000000000000, 0.000000000000000000, 1.000000000000000000 ) ) ;
#5432 = AXIS2_PLACEMENT_3D ( 'NONE', #4325, #810, #1548 ) ;
#5433 = CARTESIAN_POINT ( 'NONE',  ( 0.000000000000000000, 0.000000000000000000, -0.3000000000000035416 ) ) ;
#5434 = ORIENTED_EDGE ( 'NONE', *, *, #3354, .F. ) ;
#5435 = ORIENTED_EDGE ( 'NONE', *, *, #7565, .T. ) ;
#5436 = CARTESIAN_POINT ( 'NONE',  ( -2.000000000000000000, 1.154700538379254349, -1.421367205045916737 ) ) ;
#5437 = EDGE_CURVE ( 'NONE', #2290, #10945, #4052, .T. ) ;
#5438 = CARTESIAN_POINT ( 'NONE',  ( 3.500000000000000000, 23.00000000000000000, 0.000000000000000000 ) ) ;
#5439 = ADVANCED_FACE ( 'NONE', ( #5244 ), #3261, .T. ) ;
#5440 = VECTOR ( 'NONE', #3446, 1000.000000000000000 ) ;
#5441 = PLANE ( 'NONE',  #952 ) ;
#5442 = VERTEX_POINT ( 'NONE', #12048 ) ;
#5443 = CIRCLE ( 'NONE', #7203, 3.499999999999997780 ) ;
#5444 = CARTESIAN_POINT ( 'NONE',  ( -1.339247740005897747, -1.536186033554502339, -1.582894801272977325 ) ) ;
#5445 = CARTESIAN_POINT ( 'NONE',  ( 0.000000000000000000, 0.000000000000000000, 2.000000000000000000 ) ) ;
#5446 = VERTEX_POINT ( 'NONE', #9187 ) ;
#5447 = VECTOR ( 'NONE', #5422, 999.9999999999998863 ) ;
#5448 = ORIENTED_EDGE ( 'NONE', *, *, #2839, .F. ) ;
#5449 = CARTESIAN_POINT ( 'NONE',  ( -1.340742937416024017, 1.535322780927272257, -1.600000000000000977 ) ) ;
#5450 = ORIENTED_EDGE ( 'NONE', *, *, #11879, .F. ) ;
#5451 = CONICAL_SURFACE ( 'NONE', #516, 2.000000000000000000, 1.047197551196596299 ) ;
#5452 = EDGE_CURVE ( 'NONE', #7922, #4935, #4384, .T. ) ;
#5453 = DIRECTION ( 'NONE',  ( -0.000000000000000000, -0.000000000000000000, 1.000000000000000000 ) ) ;
#5454 = CIRCLE ( 'NONE', #11560, 3.500000000000000000 ) ;
#5455 = DIRECTION ( 'NONE',  ( -2.341709852259712149E-16, -0.3970882535385170109, 0.9177804306596052397 ) ) ;
#5456 = CARTESIAN_POINT ( 'NONE',  ( 2.000000000000000000, 9.199999999999999289, -21.00000000000000355 ) ) ;
#5457 = FILL_AREA_STYLE ('',( #8516 ) ) ;
#5458 = VERTEX_POINT ( 'NONE', #8080 ) ;
#5459 = CARTESIAN_POINT ( 'NONE',  ( 0.000000000000000000, 0.000000000000000000, 0.000000000000000000 ) ) ;
#5460 = AXIS2_PLACEMENT_3D ( 'NONE', #2645, #4371, #8988 ) ;
#5461 = CARTESIAN_POINT ( 'NONE',  ( -1.000000000000000000, 3.061616997868383141E-16, 2.500000000000000000 ) ) ;
#5462 = ADVANCED_FACE ( 'NONE', ( #4570 ), #11151, .T. ) ;
#5463 = EDGE_LOOP ( 'NONE', ( #8887, #7295, #8822, #8664, #10817 ) ) ;
#5464 = CONICAL_SURFACE ( 'NONE', #1716, 1.000000000000000000, 1.047197551196604515 ) ;
#5465 = CONICAL_SURFACE ( 'NONE', #532, 0.7740000000000000213, 1.047197551196601628 ) ;
#5466 = VERTEX_POINT ( 'NONE', #2719 ) ;
#5467 = CARTESIAN_POINT ( 'NONE',  ( 0.9000000000000000222, 0.000000000000000000, 0.5000000000000000000 ) ) ;
#5468 = AXIS2_PLACEMENT_3D ( 'NONE', #9417, #970, #10475 ) ;
#5469 = ORIENTED_EDGE ( 'NONE', *, *, #2208, .T. ) ;
#5470 = AXIS2_PLACEMENT_3D ( 'NONE', #8772, #11461, #8841 ) ;
#5471 = PLANE ( 'NONE',  #2940 ) ;
#5472 = VECTOR ( 'NONE', #1523, 1000.000000000000000 ) ;
#5473 =( NAMED_UNIT ( * ) SI_UNIT ( $, .STERADIAN. ) SOLID_ANGLE_UNIT ( ) );
#5474 = ADVANCED_FACE ( 'NONE', ( #3409 ), #5822, .T. ) ;
#5475 = CARTESIAN_POINT ( 'NONE',  ( 2.500000000000000000, 9.199999999999999289, -18.50000000000000355 ) ) ;
#5476 = ORIENTED_EDGE ( 'NONE', *, *, #5360, .F. ) ;
#5477 = ORIENTED_EDGE ( 'NONE', *, *, #10092, .F. ) ;
#5478 = AXIS2_PLACEMENT_3D ( 'NONE', #482, #237, #4987 ) ;
#5479 = DIRECTION ( 'NONE',  ( 0.000000000000000000, 1.000000000000000000, 0.000000000000000000 ) ) ;
#5480 = DIRECTION ( 'NONE',  ( -0.000000000000000000, -0.000000000000000000, -1.000000000000000000 ) ) ;
#5481 = PRODUCT_DEFINITION_SHAPE ( 'NONE', 'NONE',  #8123 ) ;
#5482 = VECTOR ( 'NONE', #8383, 1000.000000000000000 ) ;
#5483 = CARTESIAN_POINT ( 'NONE',  ( -1.340742937416024017, 1.535322780927272257, -1.600000000000000977 ) ) ;
#5484 = DIRECTION ( 'NONE',  ( 0.000000000000000000, 0.000000000000000000, 1.000000000000000000 ) ) ;
#5485 = CARTESIAN_POINT ( 'NONE',  ( -16.00000000000000000, 0.000000000000000000, 0.000000000000000000 ) ) ;
#5486 = ORIENTED_EDGE ( 'NONE', *, *, #2575, .F. ) ;
#5487 = LINE ( 'NONE', #7186, #11742 ) ;
#5488 = CARTESIAN_POINT ( 'NONE',  ( -2.000000000000000000, 1.154700538379251240, -1.600000000000000089 ) ) ;
#5489 = FILL_AREA_STYLE_COLOUR ( '', #916 ) ;
#5490 = ADVANCED_FACE ( 'NONE', ( #8319 ), #4443, .T. ) ;
#5491 = EDGE_CURVE ( 'NONE', #9654, #9735, #7147, .T. ) ;
#5492 = AXIS2_PLACEMENT_3D ( 'NONE', #10334, #7621, #898 ) ;
#5493 = DIRECTION ( 'NONE',  ( -1.000000000000000000, 0.000000000000000000, 0.000000000000000000 ) ) ;
#5494 = B_SPLINE_CURVE_WITH_KNOTS ( 'NONE', 3,
 ( #8732, #10785, #1087, #2152 ),
 .UNSPECIFIED., .F., .F.,
 ( 4, 4 ),
 ( 2.380749485120318031E-07, 0.001168606431211104352 ),
 .UNSPECIFIED. ) ;
#5495 = ORIENTED_EDGE ( 'NONE', *, *, #9260, .F. ) ;
#5496 = CARTESIAN_POINT ( 'NONE',  ( 1.549999999999999378, 17.00000000000000000, -4.732195743157014078 ) ) ;
#5497 =( LENGTH_UNIT ( ) NAMED_UNIT ( * ) SI_UNIT ( .MILLI., .METRE. ) );
#5498 = DIRECTION ( 'NONE',  ( -1.000000000000000000, -1.776356839400250465E-15, 0.000000000000000000 ) ) ;
#5499 = ORIENTED_EDGE ( 'NONE', *, *, #10505, .F. ) ;
#5500 = PLANE ( 'NONE',  #11121 ) ;
#5501 = VECTOR ( 'NONE', #787, 1000.000000000000000 ) ;
#5502 = DIRECTION ( 'NONE',  ( -0.000000000000000000, -1.000000000000000000, -0.000000000000000000 ) ) ;
#5503 = ORIENTED_EDGE ( 'NONE', *, *, #8477, .T. ) ;
#5504 = ORIENTED_EDGE ( 'NONE', *, *, #5989, .F. ) ;
#5505 = CARTESIAN_POINT ( 'NONE',  ( -3.129822080702421140E-16, -2.309401076758506477, -1.600000000000000089 ) ) ;
#5506 = VECTOR ( 'NONE', #5072, 1000.000000000000000 ) ;
#5507 = CARTESIAN_POINT ( 'NONE',  ( -0.3277177810063121588, 2.120193127676282430, -1.520662200187637758 ) ) ;
#5508 = VECTOR ( 'NONE', #4646, 1000.000000000000000 ) ;
#5509 = DIRECTION ( 'NONE',  ( 1.000000000000000000, 0.000000000000000000, 0.000000000000000000 ) ) ;
#5510 = VERTEX_POINT ( 'NONE', #11984 ) ;
#5511 = ORIENTED_EDGE ( 'NONE', *, *, #9503, .T. ) ;
#5512 = CIRCLE ( 'NONE', #9637, 1.099999999999998757 ) ;
#5513 = EDGE_CURVE ( 'NONE', #11253, #9657, #1662, .T. ) ;
#5514 = LINE ( 'NONE', #9271, #4909 ) ;
#5515 = ADVANCED_FACE ( 'NONE', ( #743 ), #7395, .F. ) ;
#5516 = CARTESIAN_POINT ( 'NONE',  ( 0.000000000000000000, 5.058392604970359998E-16, -2.130481160836854126 ) ) ;
#5517 =( GEOMETRIC_REPRESENTATION_CONTEXT ( 3 ) GLOBAL_UNCERTAINTY_ASSIGNED_CONTEXT ( ( #258 ) ) GLOBAL_UNIT_ASSIGNED_CONTEXT ( ( #7578, #2961, #6720 ) ) REPRESENTATION_CONTEXT ( 'NONE', 'WORKASPACE' ) );
#5518 = VERTEX_POINT ( 'NONE', #10175 ) ;
#5519 = ORIENTED_EDGE ( 'NONE', *, *, #9342, .F. ) ;
#5520 = CARTESIAN_POINT ( 'NONE',  ( -1.000000000000000888, 1.732050807568876749, 0.000000000000000000 ) ) ;
#5521 = ORIENTED_EDGE ( 'NONE', *, *, #219, .T. ) ;
#5522 = DIRECTION ( 'NONE',  ( 0.000000000000000000, 0.000000000000000000, 1.000000000000000000 ) ) ;
#5523 = DIRECTION ( 'NONE',  ( 0.000000000000000000, -0.1573652956354999743, -0.9875404618189330685 ) ) ;
#5524 = DIRECTION ( 'NONE',  ( 0.000000000000000000, 0.000000000000000000, 1.000000000000000000 ) ) ;
#5525 = VERTEX_POINT ( 'NONE', #5679 ) ;
#5526 = DIRECTION ( 'NONE',  ( 0.000000000000000000, 1.000000000000000000, 0.000000000000000000 ) ) ;
#5527 = ORIENTED_EDGE ( 'NONE', *, *, #11097, .T. ) ;
#5528 = CARTESIAN_POINT ( 'NONE',  ( 0.000000000000000000, 2.971690854684141847, -0.8999999999999992450 ) ) ;
#5529 = ORIENTED_EDGE ( 'NONE', *, *, #5362, .F. ) ;
#5530 = EDGE_CURVE ( 'NONE', #4225, #9767, #2673, .T. ) ;
#5531 = VERTEX_POINT ( 'NONE', #866 ) ;
#5532 = FACE_OUTER_BOUND ( 'NONE', #2136, .T. ) ;
#5533 = FACE_OUTER_BOUND ( 'NONE', #590, .T. ) ;
#5534 = LINE ( 'NONE', #5719, #8798 ) ;
#5535 = CARTESIAN_POINT ( 'NONE',  ( 0.000000000000000000, 0.000000000000000000, -1.600000000000000089 ) ) ;
#5536 = EDGE_LOOP ( 'NONE', ( #10825, #1952, #5700, #6146, #5434, #991, #10187, #10313, #6499, #5387 ) ) ;
#5537 = CARTESIAN_POINT ( 'NONE',  ( 2.000000000000000000, 0.000000000000000000, -1.600000000000000089 ) ) ;
#5538 = CARTESIAN_POINT ( 'NONE',  ( 0.000000000000000000, 0.000000000000000000, -1.600000000000000089 ) ) ;
#5539 = AXIS2_PLACEMENT_3D ( 'NONE', #10006, #11068, #8151 ) ;
#5540 = EDGE_CURVE ( 'NONE', #425, #11079, #5228, .T. ) ;
#5541 = CYLINDRICAL_SURFACE ( 'NONE', #5410, 1.099999999999998757 ) ;
#5542 = CARTESIAN_POINT ( 'NONE',  ( -3.129822080702421140E-16, -2.309401076758506477, -1.600000000000000089 ) ) ;
#5543 = VERTEX_POINT ( 'NONE', #1091 ) ;
#5544 = CARTESIAN_POINT ( 'NONE',  ( -2.000000000000000444, 0.8999999999999998002, -18.69059892324140293 ) ) ;
#5545 = DIRECTION ( 'NONE',  ( -0.000000000000000000, 1.224649721909276639E-16, -1.000000000000000000 ) ) ;
#5546 = SURFACE_STYLE_USAGE ( .BOTH. , #3631 ) ;
#5547 =( LENGTH_UNIT ( ) NAMED_UNIT ( * ) SI_UNIT ( .MILLI., .METRE. ) );
#5548 = CARTESIAN_POINT ( 'NONE',  ( 2.000000000000000000, 0.000000000000000000, 0.000000000000000000 ) ) ;
#5549 = CARTESIAN_POINT ( 'NONE',  ( 0.8000000000000000444, 6.700000000000000178, -0.8000000000000000444 ) ) ;
#5550 = CONTEXT_DEPENDENT_SHAPE_REPRESENTATION ( #12122, #1237 ) ;
#5551 = CARTESIAN_POINT ( 'NONE',  ( 2.000000000000000000, 0.000000000000000000, 0.000000000000000000 ) ) ;
#5552 = DIRECTION ( 'NONE',  ( -0.000000000000000000, 0.000000000000000000, -1.000000000000000000 ) ) ;
#5553 = ADVANCED_FACE ( 'NONE', ( #4745 ), #4858, .F. ) ;
#5554 = CARTESIAN_POINT ( 'NONE',  ( 2.000000000000000000, 0.3931374000439457617, -0.01723613881363322137 ) ) ;
#5555 = ORIENTED_EDGE ( 'NONE', *, *, #3549, .T. ) ;
#5556 = EDGE_CURVE ( 'NONE', #7977, #8978, #9432, .T. ) ;
#5557 = FACE_BOUND ( 'NONE', #2529, .T. ) ;
#5558 = PRESENTATION_LAYER_ASSIGNMENT (  '', '', ( #10871 ) ) ;
#5559 = DIRECTION ( 'NONE',  ( -1.000000000000000000, 0.000000000000000000, 0.000000000000000000 ) ) ;
#5560 = DIRECTION ( 'NONE',  ( 0.000000000000000000, 0.000000000000000000, 1.000000000000000000 ) ) ;
#5561 = ORIENTED_EDGE ( 'NONE', *, *, #3607, .F. ) ;
#5562 = CARTESIAN_POINT ( 'NONE',  ( 1.000000000000000000, 9.199999999999999289, -18.50000000000000355 ) ) ;
#5563 = AXIS2_PLACEMENT_3D ( 'NONE', #7585, #6494, #183 ) ;
#5564 = VECTOR ( 'NONE', #7277, 1000.000000000000000 ) ;
#5565 = CARTESIAN_POINT ( 'NONE',  ( 0.000000000000000000, 0.7740000000000005764, -3.200000000000000178 ) ) ;
#5566 = ORIENTED_EDGE ( 'NONE', *, *, #7427, .T. ) ;
#5567 = ADVANCED_FACE ( 'NONE', ( #2029 ), #12167, .T. ) ;
#5568 = CARTESIAN_POINT ( 'NONE',  ( 1.000000000000000000, 1.224646799147355426E-16, -1.469518839163146406 ) ) ;
#5569 = ADVANCED_FACE ( 'NONE', ( #10425 ), #10246, .F. ) ;
#5570 = SHAPE_REPRESENTATION ( 'Pinhao', ( #8058 ), #5517 ) ;
#5571 = CARTESIAN_POINT ( 'NONE',  ( 0.000000000000000000, 5.058392604970359998E-16, -2.530481160836854482 ) ) ;
#5572 = CARTESIAN_POINT ( 'NONE',  ( 2.500000000000000000, 9.199999999999999289, -20.00000000000000355 ) ) ;
#5573 = ORIENTED_EDGE ( 'NONE', *, *, #3565, .F. ) ;
#5574 = ORIENTED_EDGE ( 'NONE', *, *, #7587, .F. ) ;
#5575 = DIRECTION ( 'NONE',  ( 0.000000000000000000, 1.000000000000000000, 0.000000000000000000 ) ) ;
#5576 = EDGE_LOOP ( 'NONE', ( #679, #7896, #6558, #11273, #11542 ) ) ;
#5577 = APPLICATION_CONTEXT ( 'automotive_design' ) ;
#5578 = DIRECTION ( 'NONE',  ( 0.000000000000000000, 0.000000000000000000, 1.000000000000000000 ) ) ;
#5579 =( LENGTH_UNIT ( ) NAMED_UNIT ( * ) SI_UNIT ( .MILLI., .METRE. ) );
#5580 = PRODUCT ( 'MancalEsquerdo', 'MancalEsquerdo', '', ( #10740 ) ) ;
#5581 = LINE ( 'NONE', #65, #8018 ) ;
#5582 = PRODUCT_DEFINITION ( 'UNKNOWN', '', #10648, #2992 ) ;
#5583 = FACE_OUTER_BOUND ( 'NONE', #7180, .T. ) ;
#5584 = EDGE_LOOP ( 'NONE', ( #4381, #11527, #362 ) ) ;
#5585 = DIRECTION ( 'NONE',  ( 1.000000000000000000, 0.000000000000000000, 0.000000000000000000 ) ) ;
#5586 = DIRECTION ( 'NONE',  ( -1.000000000000000000, 0.000000000000000000, 0.000000000000000000 ) ) ;
#5587 = PLANE ( 'NONE',  #3723 ) ;
#5588 = EDGE_LOOP ( 'NONE', ( #4888, #3217, #11614, #1438 ) ) ;
#5589 = CARTESIAN_POINT ( 'NONE',  ( 0.000000000000000000, 5.058392604970359998E-16, -1.730481160836854215 ) ) ;
#5590 = DIRECTION ( 'NONE',  ( 0.000000000000000000, 0.000000000000000000, -1.000000000000000000 ) ) ;
#5591 = DIRECTION ( 'NONE',  ( -0.7423286577013630261, -0.4285836503510562778, -0.5150380749100555988 ) ) ;
#5592 = PRESENTATION_STYLE_ASSIGNMENT (( #10276 ) ) ;
#5593 = DIRECTION ( 'NONE',  ( -0.000000000000000000, -0.000000000000000000, 1.000000000000000000 ) ) ;
#5594 = ADVANCED_FACE ( 'NONE', ( #4796 ), #7402, .T. ) ;
#5595 = VERTEX_POINT ( 'NONE', #8555 ) ;
#5596 = ADVANCED_FACE ( 'NONE', ( #9365 ), #10353, .T. ) ;
#5597 = ORIENTED_EDGE ( 'NONE', *, *, #7131, .T. ) ;
#5598 = CARTESIAN_POINT ( 'NONE',  ( 0.6062177826491110810, -0.3500000000000007550, -500000.0000000000582 ) ) ;
#5599 = CARTESIAN_POINT ( 'NONE',  ( 2.000000000000000000, 0.3931374000439457617, -0.01723613881363322137 ) ) ;
#5600 = CARTESIAN_POINT ( 'NONE',  ( -1.169735307079674547, -1.634054082335445690, -1.276902167985857268E-16 ) ) ;
#5601 = CARTESIAN_POINT ( 'NONE',  ( 0.000000000000000000, 0.000000000000000000, 0.000000000000000000 ) ) ;
#5602 = DIRECTION ( 'NONE',  ( 1.000000000000000000, 0.000000000000000000, 0.000000000000000000 ) ) ;
#5603 = ORIENTED_EDGE ( 'NONE', *, *, #6550, .F. ) ;
#5604 = LINE ( 'NONE', #1894, #11575 ) ;
#5605 = FACE_OUTER_BOUND ( 'NONE', #1368, .T. ) ;
#5606 = FACE_OUTER_BOUND ( 'NONE', #9863, .T. ) ;
#5607 = LINE ( 'NONE', #10478, #9567 ) ;
#5608 = ITEM_DEFINED_TRANSFORMATION ( 'NONE', 'NONE', #5922,  #8058 ) ;
#5609 = EDGE_CURVE ( 'NONE', #11944, #3434, #7575, .T. ) ;
#5610 = DIRECTION ( 'NONE',  ( -0.000000000000000000, 0.000000000000000000, 1.000000000000000000 ) ) ;
#5611 = CARTESIAN_POINT ( 'NONE',  ( 3.500000000000000000, 23.00000000000000000, -24.00000000000000000 ) ) ;
#5612 = VECTOR ( 'NONE', #6468, 1000.000000000000000 ) ;
#5613 = CARTESIAN_POINT ( 'NONE',  ( -3.001000000000000334, 1.224646799147353207E-16, 1.000000000000000000 ) ) ;
#5614 = VERTEX_POINT ( 'NONE', #1797 ) ;
#5615 = DIRECTION ( 'NONE',  ( 0.000000000000000000, -0.8660254037844420383, 0.4999999999999939493 ) ) ;
#5616 = EDGE_CURVE ( 'NONE', #6130, #8849, #11352, .T. ) ;
#5617 = DIRECTION ( 'NONE',  ( 0.000000000000000000, 0.000000000000000000, -1.000000000000000000 ) ) ;
#5618 = CARTESIAN_POINT ( 'NONE',  ( -1.000000000000001776, -1.732050807568876527, 0.000000000000000000 ) ) ;
#5619 = ORIENTED_EDGE ( 'NONE', *, *, #7944, .F. ) ;
#5620 = PRESENTATION_LAYER_ASSIGNMENT (  '', '', ( #4033 ) ) ;
#5621 = SURFACE_STYLE_FILL_AREA ( #1851 ) ;
#5622 = DIRECTION ( 'NONE',  ( -0.000000000000000000, 1.224649721909276639E-16, -1.000000000000000000 ) ) ;
#5623 = EDGE_CURVE ( 'NONE', #9161, #8038, #11952, .T. ) ;
#5624 = DIRECTION ( 'NONE',  ( -0.4999999999999988898, 0.000000000000000000, 0.8660254037844392627 ) ) ;
#5625 = EDGE_LOOP ( 'NONE', ( #8910, #3209, #7023 ) ) ;
#5626 = DIRECTION ( 'NONE',  ( -0.5000000000000009992, 0.000000000000000000, -0.8660254037844380415 ) ) ;
#5627 = VECTOR ( 'NONE', #7103, 1000.000000000000000 ) ;
#5628 = DIRECTION ( 'NONE',  ( -1.000000000000000000, -0.000000000000000000, -0.000000000000000000 ) ) ;
#5629 = EDGE_LOOP ( 'NONE', ( #272, #2348, #9273, #10582 ) ) ;
#5630 = CARTESIAN_POINT ( 'NONE',  ( 1.836821824868180020, 1.248911501717478334, -1.475759930090789540 ) ) ;
#5631 = DIRECTION ( 'NONE',  ( -0.8660254037844393737, 0.000000000000000000, -0.4999999999999985567 ) ) ;
#5632 = ORIENTED_EDGE ( 'NONE', *, *, #10571, .T. ) ;
#5633 = ORIENTED_EDGE ( 'NONE', *, *, #10550, .F. ) ;
#5634 = FACE_OUTER_BOUND ( 'NONE', #277, .T. ) ;
#5635 = EDGE_CURVE ( 'NONE', #8690, #1327, #6663, .T. ) ;
#5636 = APPLICATION_PROTOCOL_DEFINITION ( 'draft international standard', 'automotive_design', 1998, #7928 ) ;
#5637 = EDGE_CURVE ( 'NONE', #335, #9843, #1493, .T. ) ;
#5638 = DIRECTION ( 'NONE',  ( 1.000000000000000000, -0.000000000000000000, -0.000000000000000000 ) ) ;
#5639 = CARTESIAN_POINT ( 'NONE',  ( 0.7812177826501164324, -0.3500000000112572507, -0.6513934606267701710 ) ) ;
#5640 = ORIENTED_EDGE ( 'NONE', *, *, #4311, .T. ) ;
#5641 = DIRECTION ( 'NONE',  ( 0.5000000000000009992, 0.8660254037844380415, -0.000000000000000000 ) ) ;
#5642 = DIRECTION ( 'NONE',  ( -0.8191520442889902442, 1.003171929053522651E-16, 0.5735764363510482688 ) ) ;
#5643 = AXIS2_PLACEMENT_3D ( 'NONE', #6157, #7254, #2521 ) ;
#5644 = CIRCLE ( 'NONE', #5042, 5.500000000000000000 ) ;
#5645 = ORIENTED_EDGE ( 'NONE', *, *, #1798, .F. ) ;
#5646 = ORIENTED_EDGE ( 'NONE', *, *, #2078, .T. ) ;
#5647 = CARTESIAN_POINT ( 'NONE',  ( 2.000000000000000000, 0.1952413320394011109, -1.600000000000000089 ) ) ;
#5648 =( REPRESENTATION_RELATIONSHIP ('NONE','NONE', #912, #1231 ) REPRESENTATION_RELATIONSHIP_WITH_TRANSFORMATION ( #11163 )SHAPE_REPRESENTATION_RELATIONSHIP( ) );
#5649 = AXIS2_PLACEMENT_3D ( 'NONE', #552, #7830, #366 ) ;
#5650 = DIRECTION ( 'NONE',  ( -0.000000000000000000, -0.000000000000000000, -1.000000000000000000 ) ) ;
#5651 = LINE ( 'NONE', #4656, #2706 ) ;
#5652 = AXIS2_PLACEMENT_3D ( 'NONE', #4317, #10966, #6218 ) ;
#5653 = DIRECTION ( 'NONE',  ( 0.000000000000000000, 1.000000000000000000, 0.000000000000000000 ) ) ;
#5654 = EDGE_LOOP ( 'NONE', ( #8074, #6571 ) ) ;
#5655 = AXIS2_PLACEMENT_3D ( 'NONE', #8003, #12037, #546 ) ;
#5656 = ORIENTED_EDGE ( 'NONE', *, *, #6132, .T. ) ;
#5657 = FACE_OUTER_BOUND ( 'NONE', #3973, .T. ) ;
#5658 = AXIS2_PLACEMENT_3D ( 'NONE', #2650, #3635, #3403 ) ;
#5659 = FACE_BOUND ( 'NONE', #8017, .T. ) ;
#5660 = DIRECTION ( 'NONE',  ( 0.000000000000000000, 0.8660254037844407060, -0.4999999999999963918 ) ) ;
#5661 = DIRECTION ( 'NONE',  ( -0.000000000000000000, 1.000000000000000000, 0.000000000000000000 ) ) ;
#5662 = CIRCLE ( 'NONE', #9785, 1.999999999999999556 ) ;
#5663 = EDGE_CURVE ( 'NONE', #2116, #4754, #6430, .T. ) ;
#5664 = VERTEX_POINT ( 'NONE', #176 ) ;
#5665 = DIRECTION ( 'NONE',  ( 0.000000000000000000, -0.000000000000000000, 1.000000000000000000 ) ) ;
#5666 = ADVANCED_FACE ( 'NONE', ( #7521 ), #7702, .F. ) ;
#5667 = CARTESIAN_POINT ( 'NONE',  ( 0.000000000000000000, 5.058392604970359998E-16, -2.530481160836854482 ) ) ;
#5668 = DIRECTION ( 'NONE',  ( 1.000000000000000000, 0.000000000000000000, 0.000000000000000000 ) ) ;
#5669 =( NAMED_UNIT ( * ) SI_UNIT ( $, .STERADIAN. ) SOLID_ANGLE_UNIT ( ) );
#5670 = CARTESIAN_POINT ( 'NONE',  ( -1.000000000000001776, -1.732050807568876527, -1.600000000000000089 ) ) ;
#5671 = ITEM_DEFINED_TRANSFORMATION ( 'NONE', 'NONE', #11845,  #8058 ) ;
#5672 = SURFACE_STYLE_USAGE ( .BOTH. , #11287 ) ;
#5673 = AXIS2_PLACEMENT_3D ( 'NONE', #273, #11648, #3998 ) ;
#5674 = AXIS2_PLACEMENT_3D ( 'NONE', #4215, #1501, #10880 ) ;
#5675 = PLANE ( 'NONE',  #7026 ) ;
#5676 = VECTOR ( 'NONE', #4032, 1000.000000000000000 ) ;
#5677 = CARTESIAN_POINT ( 'NONE',  ( 2.000000000000000000, 0.7788341705667923831, -0.07984828284773053120 ) ) ;
#5678 = DIRECTION ( 'NONE',  ( -0.000000000000000000, 1.224649721909276639E-16, -1.000000000000000000 ) ) ;
#5679 = CARTESIAN_POINT ( 'NONE',  ( 3.599999999999999201, 2.971690854684141847, -0.8999999999999992450 ) ) ;
#5680 = EDGE_CURVE ( 'NONE', #7957, #1872, #11295, .T. ) ;
#5681 = EDGE_LOOP ( 'NONE', ( #4233, #9524 ) ) ;
#5682 = UNCERTAINTY_MEASURE_WITH_UNIT (LENGTH_MEASURE( 1.000000000000000082E-05 ), #6275, 'distance_accuracy_value', 'NONE');
#5683 = CARTESIAN_POINT ( 'NONE',  ( 0.5560518688116534713, 0.5176555429708578071, -500000.0000000000582 ) ) ;
#5684 = CIRCLE ( 'NONE', #11793, 3.500000000000000000 ) ;
#5685 = DIRECTION ( 'NONE',  ( 1.000000000000000000, 0.000000000000000000, 0.000000000000000000 ) ) ;
#5686 = ADVANCED_FACE ( 'NONE', ( #11597 ), #4977, .T. ) ;
#5687 = ORIENTED_EDGE ( 'NONE', *, *, #3567, .T. ) ;
#5688 = CARTESIAN_POINT ( 'NONE',  ( 0.000000000000000000, 23.00000000000000000, 0.000000000000000000 ) ) ;
#5689 = AXIS2_PLACEMENT_3D ( 'NONE', #7072, #7992, #11357 ) ;
#5690 = DIRECTION ( 'NONE',  ( 0.000000000000000000, 0.000000000000000000, -1.000000000000000000 ) ) ;
#5691 = ORIENTED_EDGE ( 'NONE', *, *, #5735, .T. ) ;
#5692 = LINE ( 'NONE', #10716, #10434 ) ;
#5693 = LINE ( 'NONE', #5, #3255 ) ;
#5694 = ADVANCED_FACE ( 'NONE', ( #2273 ), #6954, .T. ) ;
#5695 = AXIS2_PLACEMENT_3D ( 'NONE', #9513, #2237, #9458 ) ;
#5696 = ORIENTED_EDGE ( 'NONE', *, *, #9207, .T. ) ;
#5698 = ORIENTED_EDGE ( 'NONE', *, *, #8869, .F. ) ;
#5697 = VECTOR ( 'NONE', #1414, 1000.000000000000000 ) ;
#5699 = AXIS2_PLACEMENT_3D ( 'NONE', #7231, #10824, #10074 ) ;
#5700 = ORIENTED_EDGE ( 'NONE', *, *, #2497, .T. ) ;
#5701 = PLANE ( 'NONE',  #2399 ) ;
#5702 = APPLICATION_PROTOCOL_DEFINITION ( 'draft international standard', 'automotive_design', 1998, #1056 ) ;
#5703 = CARTESIAN_POINT ( 'NONE',  ( 5.500000000000001776, 0.000000000000000000, -1.599999999999910605 ) ) ;
#5704 = CARTESIAN_POINT ( 'NONE',  ( 3.000000000000000000, 0.000000000000000000, 0.000000000000000000 ) ) ;
#5705 = ORIENTED_EDGE ( 'NONE', *, *, #6028, .F. ) ;
#5706 = CIRCLE ( 'NONE', #2743, 3.000000000000000000 ) ;
#5707 = DIRECTION ( 'NONE',  ( 0.000000000000000000, 0.000000000000000000, 1.000000000000000000 ) ) ;
#5708 = VERTEX_POINT ( 'NONE', #285 ) ;
#5709 = FACE_OUTER_BOUND ( 'NONE', #8261, .T. ) ;
#5710 = CONICAL_SURFACE ( 'NONE', #7239, 0.7799999999999996936, 0.9599310885968785900 ) ;
#5711 = VECTOR ( 'NONE', #7336, 1000.000000000000114 ) ;
#5712 = ORIENTED_EDGE ( 'NONE', *, *, #2725, .T. ) ;
#5713 = EDGE_CURVE ( 'NONE', #9657, #4328, #7013, .T. ) ;
#5714 = ADVANCED_FACE ( 'NONE', ( #409 ), #10665, .T. ) ;
#5715 = ORIENTED_EDGE ( 'NONE', *, *, #7637, .F. ) ;
#5716 = LINE ( 'NONE', #8293, #11371 ) ;
#5717 = MECHANICAL_DESIGN_GEOMETRIC_PRESENTATION_REPRESENTATION (  '', ( #2558 ), #5744 ) ;
#5718 = LINE ( 'NONE', #3797, #1102 ) ;
#5719 = CARTESIAN_POINT ( 'NONE',  ( 0.7799999999999996936, 0.000000000000000000, -0.1540456584061371259 ) ) ;
#5720 = COLOUR_RGB ( '',0.6509803921568627638, 0.6196078431372549211, 0.5882352941176470784 ) ;
#5721 = CARTESIAN_POINT ( 'NONE',  ( 0.000000000000000000, 2.388061258337338643E-16, -1.949999999999999734 ) ) ;
#5722 = ORIENTED_EDGE ( 'NONE', *, *, #1838, .F. ) ;
#5723 = LINE ( 'NONE', #8533, #7853 ) ;
#5724 = ORIENTED_EDGE ( 'NONE', *, *, #7986, .F. ) ;
#5725 = CARTESIAN_POINT ( 'NONE',  ( 1.500000000000000000, 9.199999999999999289, -18.50000000000000355 ) ) ;
#5726 = DIRECTION ( 'NONE',  ( -1.000000000000000000, -0.000000000000000000, -0.000000000000000000 ) ) ;
#5727 = ORIENTED_EDGE ( 'NONE', *, *, #5000, .T. ) ;
#5728 = DIRECTION ( 'NONE',  ( 0.000000000000000000, 1.000000000000000000, 0.000000000000000000 ) ) ;
#5729 = ORIENTED_EDGE ( 'NONE', *, *, #294, .T. ) ;
#5730 = CARTESIAN_POINT ( 'NONE',  ( 0.000000000000000000, 0.000000000000000000, 0.000000000000000000 ) ) ;
#5731 = LINE ( 'NONE', #7696, #8788 ) ;
#5732 = DIRECTION ( 'NONE',  ( 0.7071067811865500152, -0.000000000000000000, 0.7071067811865451302 ) ) ;
#5733 = ORIENTED_EDGE ( 'NONE', *, *, #12119, .T. ) ;
#5734 = PRODUCT_DEFINITION_FORMATION_WITH_SPECIFIED_SOURCE ( 'ANY', '', #4685, .NOT_KNOWN. ) ;
#5735 = EDGE_CURVE ( 'NONE', #3519, #6087, #9791, .T. ) ;
#5736 = ADVANCED_FACE ( 'NONE', ( #5168 ), #5973, .F. ) ;
#5737 = CARTESIAN_POINT ( 'NONE',  ( -0.3271719972790578246, -2.120508236058134877, -0.06957546252590419977 ) ) ;
#5738 = CARTESIAN_POINT ( 'NONE',  ( 2.000000000000000000, -1.154700538379255015, -1.421367205045916737 ) ) ;
#5739 = CARTESIAN_POINT ( 'NONE',  ( -4.987329993433320396E-15, -2.309401076758504701, -0.1786327949540832127 ) ) ;
#5740 = CARTESIAN_POINT ( 'NONE',  ( 7.500000000000003553, 0.8999999999999989120, -1.845299461620643289 ) ) ;
#5741 = VERTEX_POINT ( 'NONE', #1410 ) ;
#5742 = VECTOR ( 'NONE', #10682, 1000.000000000000114 ) ;
#5743 = B_SPLINE_CURVE_WITH_KNOTS ( 'NONE', 3,
 ( #9056, #6400, #8309, #548 ),
 .UNSPECIFIED., .F., .F.,
 ( 4, 4 ),
 ( 2.380749485065259830E-07, 0.001168606431211103485 ),
 .UNSPECIFIED. ) ;
#5744 =( GEOMETRIC_REPRESENTATION_CONTEXT ( 3 ) GLOBAL_UNCERTAINTY_ASSIGNED_CONTEXT ( ( #5682 ) ) GLOBAL_UNIT_ASSIGNED_CONTEXT ( ( #6275, #5413, #613 ) ) REPRESENTATION_CONTEXT ( 'NONE', 'WORKASPACE' ) );
#5745 =( NAMED_UNIT ( * ) SI_UNIT ( $, .STERADIAN. ) SOLID_ANGLE_UNIT ( ) );
#5746 = CARTESIAN_POINT ( 'NONE',  ( 0.7799999999999996936, 0.000000000000000000, -0.1540456584061371259 ) ) ;
#5747 = ADVANCED_FACE ( 'NONE', ( #467 ), #9556, .T. ) ;
#5748 = ORIENTED_EDGE ( 'NONE', *, *, #2919, .T. ) ;
#5749 = ADVANCED_FACE ( 'NONE', ( #6897 ), #9730, .F. ) ;
#5750 = AXIS2_PLACEMENT_3D ( 'NONE', #4390, #6123, #7154 ) ;
#5751 = DIRECTION ( 'NONE',  ( -1.000000000000000000, 2.664535259100375697E-15, 0.000000000000000000 ) ) ;
#5752 = ORIENTED_EDGE ( 'NONE', *, *, #11918, .T. ) ;
#5753 = CARTESIAN_POINT ( 'NONE',  ( -2.000000000000000000, 1.154700538379254349, -1.421367205045916737 ) ) ;
#5754 = SURFACE_STYLE_USAGE ( .BOTH. , #12187 ) ;
#5755 = ORIENTED_EDGE ( 'NONE', *, *, #11721, .T. ) ;
#5756 = EDGE_LOOP ( 'NONE', ( #949, #3997, #8195, #1419, #7980 ) ) ;
#5757 = ORIENTED_EDGE ( 'NONE', *, *, #8384, .F. ) ;
#5758 = DIRECTION ( 'NONE',  ( 1.000000000000000000, -0.000000000000000000, -0.000000000000000000 ) ) ;
#5759 = APPLICATION_PROTOCOL_DEFINITION ( 'draft international standard', 'automotive_design', 1998, #6271 ) ;
#5760 = CYLINDRICAL_SURFACE ( 'NONE', #2527, 3.000000000000000444 ) ;
#5761 = DIRECTION ( 'NONE',  ( 0.8660254037844381525, -0.5000000000000007772, 0.000000000000000000 ) ) ;
#5762 = ORIENTED_EDGE ( 'NONE', *, *, #7389, .F. ) ;
#5763 = EDGE_CURVE ( 'NONE', #1688, #7224, #4451, .T. ) ;
#5764 = CIRCLE ( 'NONE', #2807, 1.999999999999999556 ) ;
#5765 = CARTESIAN_POINT ( 'NONE',  ( 7.500000000000003553, 2.500000000000000000, -1.845299461620643289 ) ) ;
#5766 = DIRECTION ( 'NONE',  ( 1.000000000000000000, 0.000000000000000000, 0.000000000000000000 ) ) ;
#5767 = EDGE_CURVE ( 'NONE', #3519, #4359, #1346, .T. ) ;
#5768 = VERTEX_POINT ( 'NONE', #3015 ) ;
#5769 = B_SPLINE_CURVE_WITH_KNOTS ( 'NONE', 3,
 ( #10171, #1728, #5140, #4439, #6345, #10977 ),
 .UNSPECIFIED., .F., .F.,
 ( 4, 2, 4 ),
 ( 0.001168606431211104352, 0.001750609284260045383, 0.002332612137308986630 ),
 .UNSPECIFIED. ) ;
#5770 = CARTESIAN_POINT ( 'NONE',  ( -2.000000000000001776, -0.7999999999999847233, -4.099999999999888622 ) ) ;
#5771 = CARTESIAN_POINT ( 'NONE',  ( 4.099999999999999645, 2.821690854684141936, -0.3999999999999987454 ) ) ;
#5772 = DIRECTION ( 'NONE',  ( 0.000000000000000000, 0.000000000000000000, 1.000000000000000000 ) ) ;
#5773 = CARTESIAN_POINT ( 'NONE',  ( 4.000000000000000000, 9.199999999999999289, -18.50000000000000355 ) ) ;
#5774 =( LENGTH_UNIT ( ) NAMED_UNIT ( * ) SI_UNIT ( .MILLI., .METRE. ) );
#5775 = CARTESIAN_POINT ( 'NONE',  ( -2.000000000000000000, 0.000000000000000000, -3.000000000000000000 ) ) ;
#5776 = EDGE_LOOP ( 'NONE', ( #1822, #874, #3007, #11770 ) ) ;
#5777 = EDGE_CURVE ( 'NONE', #2304, #10530, #4253, .T. ) ;
#5778 = CARTESIAN_POINT ( 'NONE',  ( 2.000000000000000000, -1.154700538379255015, -0.1786327949540832127 ) ) ;
#5779 = LINE ( 'NONE', #1148, #8754 ) ;
#5780 = ORIENTED_EDGE ( 'NONE', *, *, #6534, .T. ) ;
#5781 = PLANE ( 'NONE',  #1927 ) ;
#5782 = VERTEX_POINT ( 'NONE', #5917 ) ;
#5783 = CARTESIAN_POINT ( 'NONE',  ( 0.000000000000000000, 2.500000000000000000, -24.00000000000000000 ) ) ;
#5784 = DIRECTION ( 'NONE',  ( 0.000000000000000000, 0.000000000000000000, -1.000000000000000000 ) ) ;
#5785 = CARTESIAN_POINT ( 'NONE',  ( -2.000000000000000000, 0.000000000000000000, -1.600000000000000089 ) ) ;
#5786 = DIRECTION ( 'NONE',  ( 1.000000000000000000, 0.000000000000000000, 0.000000000000000000 ) ) ;
#5787 = EDGE_LOOP ( 'NONE', ( #12141, #5424 ) ) ;
#5788 = EDGE_CURVE ( 'NONE', #2418, #1631, #5102, .T. ) ;
#5789 = ADVANCED_FACE ( 'NONE', ( #10537 ), #7753, .T. ) ;
#5790 = AXIS2_PLACEMENT_3D ( 'NONE', #2556, #504, #8839 ) ;
#5791 = CARTESIAN_POINT ( 'NONE',  ( -2.000000000000001332, -1.084202172485504434E-16, -1.599999999999877520 ) ) ;
#5792 = CARTESIAN_POINT ( 'NONE',  ( 14.05000000000000071, 0.000000000000000000, 1.000000000000000000 ) ) ;
#5793 = CARTESIAN_POINT ( 'NONE',  ( -0.3271719972790577136, -2.120508236058134877, -1.530424537474095903 ) ) ;
#5794 = ORIENTED_EDGE ( 'NONE', *, *, #6178, .T. ) ;
#5795 = CARTESIAN_POINT ( 'NONE',  ( 1.340742937416024905, -1.535322780927274700, -2.470117744885353961E-16 ) ) ;
#5796 =( GEOMETRIC_REPRESENTATION_CONTEXT ( 3 ) GLOBAL_UNCERTAINTY_ASSIGNED_CONTEXT ( ( #984 ) ) GLOBAL_UNIT_ASSIGNED_CONTEXT ( ( #2449, #601, #10958 ) ) REPRESENTATION_CONTEXT ( 'NONE', 'WORKASPACE' ) );
#5797 = VERTEX_POINT ( 'NONE', #4127 ) ;
#5798 = FACE_OUTER_BOUND ( 'NONE', #12041, .T. ) ;
#5799 = ORIENTED_EDGE ( 'NONE', *, *, #9925, .T. ) ;
#5800 =( REPRESENTATION_RELATIONSHIP ('NONE','NONE', #912, #6746 ) REPRESENTATION_RELATIONSHIP_WITH_TRANSFORMATION ( #1371 )SHAPE_REPRESENTATION_RELATIONSHIP( ) );
#5801 = CARTESIAN_POINT ( 'NONE',  ( 0.8302646929203286730, -1.830047532802312249, -1.600000000000000089 ) ) ;
#5802 = ORIENTED_EDGE ( 'NONE', *, *, #3811, .T. ) ;
#5803 = VECTOR ( 'NONE', #1959, 1000.000000000000000 ) ;
#5804 = CARTESIAN_POINT ( 'NONE',  ( 0.000000000000000000, 0.000000000000000000, -0.1291166393111907729 ) ) ;
#5805 = VERTEX_POINT ( 'NONE', #7884 ) ;
#5806 = EDGE_CURVE ( 'NONE', #11633, #7392, #3070, .T. ) ;
#5807 = EDGE_LOOP ( 'NONE', ( #7237, #2378, #9497, #3063 ) ) ;
#5808 = EDGE_CURVE ( 'NONE', #4391, #4809, #9171, .T. ) ;
#5809 = CARTESIAN_POINT ( 'NONE',  ( -1.672828002720945673, 1.343593379079621064, -1.530424537474096791 ) ) ;
#5810 = DIRECTION ( 'NONE',  ( 1.000000000000000000, 0.000000000000000000, 0.000000000000000000 ) ) ;
#5811 = AXIS2_PLACEMENT_3D ( 'NONE', #5516, #7342, #6240 ) ;
#5812 = CARTESIAN_POINT ( 'NONE',  ( 1.500000000000000000, 3.061616997868383141E-16, -2.500000000000000000 ) ) ;
#5813 = DIRECTION ( 'NONE',  ( -0.000000000000000000, -0.000000000000000000, -1.000000000000000000 ) ) ;
#5814 = EDGE_LOOP ( 'NONE', ( #3939, #1234, #5815, #5619 ) ) ;
#5815 = ORIENTED_EDGE ( 'NONE', *, *, #6695, .T. ) ;
#5816 = B_SPLINE_CURVE_WITH_KNOTS ( 'NONE', 3,
 ( #4116, #165, #3009, #274 ),
 .UNSPECIFIED., .F., .F.,
 ( 4, 4 ),
 ( 2.380749485076419225E-07, 0.001168606431211098931 ),
 .UNSPECIFIED. ) ;
#5817 = FACE_OUTER_BOUND ( 'NONE', #7878, .T. ) ;
#5818 = CONICAL_SURFACE ( 'NONE', #1486, 1.000000000000000000, 1.047197551196604515 ) ;
#5819 = DIRECTION ( 'NONE',  ( 0.000000000000000000, 1.000000000000000000, 0.000000000000000000 ) ) ;
#5820 = FACE_OUTER_BOUND ( 'NONE', #9744, .T. ) ;
#5821 = VECTOR ( 'NONE', #120, 1000.000000000000000 ) ;
#5822 = CONICAL_SURFACE ( 'NONE', #492, 2.000000000000000000, 1.047197551196596299 ) ;
#5823 = ORIENTED_EDGE ( 'NONE', *, *, #9135, .T. ) ;
#5824 = DIRECTION ( 'NONE',  ( 0.000000000000000000, 0.000000000000000000, 1.000000000000000000 ) ) ;
#5825 = EDGE_CURVE ( 'NONE', #11428, #9990, #6279, .T. ) ;
#5826 = CARTESIAN_POINT ( 'NONE',  ( 5.499999999999998224, -0.7999999999999847233, -22.09999999999990550 ) ) ;
#5827 = UNCERTAINTY_MEASURE_WITH_UNIT (LENGTH_MEASURE( 1.000000000000000082E-05 ), #4037, 'distance_accuracy_value', 'NONE');
#5828 = ORIENTED_EDGE ( 'NONE', *, *, #7542, .T. ) ;
#5829 = CARTESIAN_POINT ( 'NONE',  ( 0.000000000000000000, 0.000000000000000000, 0.000000000000000000 ) ) ;
#5830 = DIRECTION ( 'NONE',  ( 0.000000000000000000, 0.000000000000000000, 1.000000000000000000 ) ) ;
#5831 = CYLINDRICAL_SURFACE ( 'NONE', #8411, 3.000000000000000000 ) ;
#5832 = ORIENTED_EDGE ( 'NONE', *, *, #10568, .F. ) ;
#5833 = CARTESIAN_POINT ( 'NONE',  ( 0.000000000000000000, 0.000000000000000000, 10.00000000000000000 ) ) ;
#5834 = CIRCLE ( 'NONE', #4060, 1.099999999999998535 ) ;
#5835 = ADVANCED_FACE ( 'NONE', ( #5352 ), #10096, .F. ) ;
#5836 = AXIS2_PLACEMENT_3D ( 'NONE', #1310, #2242, #1249 ) ;
#5837 = ORIENTED_EDGE ( 'NONE', *, *, #5808, .T. ) ;
#5838 = AXIS2_PLACEMENT_3D ( 'NONE', #11303, #7526, #1919 ) ;
#5839 = DIRECTION ( 'NONE',  ( 0.8660254037844383745, 0.5000000000000005551, 0.000000000000000000 ) ) ;
#5840 = ORIENTED_EDGE ( 'NONE', *, *, #9052, .T. ) ;
#5841 = DIRECTION ( 'NONE',  ( 0.7423286577013628040, -0.4285836503510561113, -0.5150380749100561539 ) ) ;
#5842 = EDGE_CURVE ( 'NONE', #2565, #3462, #2893, .T. ) ;
#5843 = EDGE_LOOP ( 'NONE', ( #10492, #5273, #4785, #12211, #7560, #184 ) ) ;
#5844 = CIRCLE ( 'NONE', #7011, 2.499999999999998668 ) ;
#5845 = DIRECTION ( 'NONE',  ( 4.440892098500625176E-16, 0.000000000000000000, 1.000000000000000000 ) ) ;
#5846 = VECTOR ( 'NONE', #2203, 1000.000000000000000 ) ;
#5847 = DIRECTION ( 'NONE',  ( -0.000000000000000000, -1.000000000000000000, -0.000000000000000000 ) ) ;
#5848 = CARTESIAN_POINT ( 'NONE',  ( 2.099999999999999645, -2.971690854684141847, 0.4999999999999991673 ) ) ;
#5849 = AXIS2_PLACEMENT_3D ( 'NONE', #4924, #3954, #1095 ) ;
#5850 = ORIENTED_EDGE ( 'NONE', *, *, #4807, .T. ) ;
#5851 = VECTOR ( 'NONE', #7360, 1000.000000000000114 ) ;
#5852 = CONICAL_SURFACE ( 'NONE', #1914, 2.200000000000000622, 0.7853981633974473908 ) ;
#5853 = CARTESIAN_POINT ( 'NONE',  ( -1.999999999999999556, 0.000000000000000000, -24.00000000000000000 ) ) ;
#5854 = CARTESIAN_POINT ( 'NONE',  ( 0.000000000000000000, -0.9999999999999995559, -1.869518839163146984 ) ) ;
#5855 = CARTESIAN_POINT ( 'NONE',  ( -2.000000000000000000, -1.154700538379252794, -1.600000000000000089 ) ) ;
#5856 = ADVANCED_FACE ( 'NONE', ( #2397 ), #794, .T. ) ;
#5857 = ADVANCED_FACE ( 'NONE', ( #11965 ), #9108, .T. ) ;
#5858 = EDGE_LOOP ( 'NONE', ( #10465, #6739, #7849, #6180 ) ) ;
#5859 = PLANE ( 'NONE',  #11177 ) ;
#5860 = LINE ( 'NONE', #8805, #5697 ) ;
#5861 =( NAMED_UNIT ( * ) PLANE_ANGLE_UNIT ( ) SI_UNIT ( $, .RADIAN. ) );
#5862 = CARTESIAN_POINT ( 'NONE',  ( 1.339247740005896636, 1.536186033554500785, -0.01710519872702162547 ) ) ;
#5863 = VECTOR ( 'NONE', #10431, 1000.000000000000000 ) ;
#5864 = VERTEX_POINT ( 'NONE', #11902 ) ;
#5865 = VECTOR ( 'NONE', #3734, 1000.000000000000000 ) ;
#5866 = EDGE_LOOP ( 'NONE', ( #2413, #7108, #5988, #10141, #9433 ) ) ;
#5867 = CARTESIAN_POINT ( 'NONE',  ( -0.1792658718212315205, -0.7024802669117059528, -0.7302567319458304063 ) ) ;
#5868 = ORIENTED_EDGE ( 'NONE', *, *, #5977, .T. ) ;
#5869 = AXIS2_PLACEMENT_3D ( 'NONE', #10992, #2416, #5190 ) ;
#5870 = PRESENTATION_STYLE_ASSIGNMENT (( #5754 ) ) ;
#5871 = EDGE_LOOP ( 'NONE', ( #7999, #2251, #1075 ) ) ;
#5872 = EDGE_LOOP ( 'NONE', ( #5014, #10521 ) ) ;
#5873 = CONICAL_SURFACE ( 'NONE', #6066, 1.099999999999997202, 1.029744258676652091 ) ;
#5874 = FACE_OUTER_BOUND ( 'NONE', #9469, .T. ) ;
#5875 = PRODUCT_CONTEXT ( 'NONE', #10756, 'mechanical' ) ;
#5876 = CIRCLE ( 'NONE', #6672, 1.999999999999999556 ) ;
#5877 = DIRECTION ( 'NONE',  ( -0.8660254037844380415, 0.000000000000000000, 0.5000000000000009992 ) ) ;
#5878 = DIRECTION ( 'NONE',  ( 1.000000000000000000, 0.000000000000000000, -0.000000000000000000 ) ) ;
#5879 = VERTEX_POINT ( 'NONE', #663 ) ;
#5880 = APPLICATION_CONTEXT ( 'automotive_design' ) ;
#5881 = CIRCLE ( 'NONE', #7459, 4.000000000000000000 ) ;
#5882 = ORIENTED_EDGE ( 'NONE', *, *, #4353, .F. ) ;
#5883 = ADVANCED_FACE ( 'NONE', ( #4496 ), #2283, .T. ) ;
#5884 = ADVANCED_FACE ( 'NONE', ( #1466, #10902 ), #5227, .F. ) ;
#5885 = CARTESIAN_POINT ( 'NONE',  ( -16.00000000000000000, 0.000000000000000000, 0.000000000000000000 ) ) ;
#5886 = DIRECTION ( 'NONE',  ( -0.5000000000000004441, 0.8660254037844383745, 0.000000000000000000 ) ) ;
#5887 = CARTESIAN_POINT ( 'NONE',  ( 1.000000000000000000, 1.224646799147354933E-16, -3.730481160836854215 ) ) ;
#5888 = CIRCLE ( 'NONE', #2352, 2.500000000000002220 ) ;
#5889 = ORIENTED_EDGE ( 'NONE', *, *, #11732, .F. ) ;
#5890 = PLANE ( 'NONE',  #7035 ) ;
#5891 = CARTESIAN_POINT ( 'NONE',  ( 5.500000000000000000, 0.8999999999999995781, -18.69059892324140293 ) ) ;
#5892 = ORIENTED_EDGE ( 'NONE', *, *, #2987, .T. ) ;
#5893 = CARTESIAN_POINT ( 'NONE',  ( 0.7812177826602691999, -0.3002328626189142979, -0.6636196566015178933 ) ) ;
#5894 =( LENGTH_UNIT ( ) NAMED_UNIT ( * ) SI_UNIT ( .MILLI., .METRE. ) );
#5895 = AXIS2_PLACEMENT_3D ( 'NONE', #5320, #2550, #12061 ) ;
#5896 = DIRECTION ( 'NONE',  ( -1.000000000000000000, 0.000000000000000000, 0.000000000000000000 ) ) ;
#5897 = AXIS2_PLACEMENT_3D ( 'NONE', #3562, #7304, #5590 ) ;
#5898 = ORIENTED_EDGE ( 'NONE', *, *, #9227, .F. ) ;
#5899 = FACE_OUTER_BOUND ( 'NONE', #1629, .T. ) ;
#5900 = EDGE_CURVE ( 'NONE', #5442, #5275, #12034, .T. ) ;
#5901 = CARTESIAN_POINT ( 'NONE',  ( 2.099999999999999645, 2.821690854684141936, -0.4999999999999991673 ) ) ;
#5902 = AXIS2_PLACEMENT_3D ( 'NONE', #4696, #756, #9376 ) ;
#5903 = CARTESIAN_POINT ( 'NONE',  ( 0.000000000000000000, 0.000000000000000000, -1.600000000000000089 ) ) ;
#5904 = ORIENTED_EDGE ( 'NONE', *, *, #9568, .F. ) ;
#5905 = DIRECTION ( 'NONE',  ( 0.000000000000000000, 0.000000000000000000, -1.000000000000000000 ) ) ;
#5906 = EDGE_LOOP ( 'NONE', ( #3558, #4866, #7545, #7597, #1015 ) ) ;
#5907 = DIRECTION ( 'NONE',  ( -0.7071067811865500152, -0.000000000000000000, 0.7071067811865451302 ) ) ;
#5908 = CARTESIAN_POINT ( 'NONE',  ( 0.9526279441628799916, 0.5499999999999986011, -0.2999999999999842792 ) ) ;
#5909 = CARTESIAN_POINT ( 'NONE',  ( 3.500000000000000000, 23.00000000000000000, -24.00000000000000000 ) ) ;
#5910 = ORIENTED_EDGE ( 'NONE', *, *, #1417, .F. ) ;
#5911 = DIRECTION ( 'NONE',  ( -1.000000000000000000, -0.000000000000000000, -0.000000000000000000 ) ) ;
#5912 = DIRECTION ( 'NONE',  ( -1.000000000000000000, 0.000000000000000000, 0.000000000000000000 ) ) ;
#5913 = EDGE_CURVE ( 'NONE', #3542, #8896, #3394, .T. ) ;
#5914 = STYLED_ITEM ( 'NONE', ( #11835 ), #4889 ) ;
#5915 = DIRECTION ( 'NONE',  ( -1.000000000000000000, 0.000000000000000000, -0.000000000000000000 ) ) ;
#5916 = LINE ( 'NONE', #5971, #2083 ) ;
#5917 = CARTESIAN_POINT ( 'NONE',  ( -0.5000000000000000000, 9.199999999999999289, -16.00000000000000355 ) ) ;
#5918 = ORIENTED_EDGE ( 'NONE', *, *, #2788, .F. ) ;
#5919 = CARTESIAN_POINT ( 'NONE',  ( 0.000000000000000000, 0.000000000000000000, -8.000000000000000000 ) ) ;
#5920 = EDGE_CURVE ( 'NONE', #6161, #6394, #7195, .T. ) ;
#5921 = PLANE ( 'NONE',  #11489 ) ;
#5922 = AXIS2_PLACEMENT_3D ( 'NONE', #1753, #5523, #4586 ) ;
#5923 = DIRECTION ( 'NONE',  ( -1.000000000000000000, -8.881784197001252323E-16, 0.000000000000000000 ) ) ;
#5924 = VERTEX_POINT ( 'NONE', #7137 ) ;
#5925 = EDGE_CURVE ( 'NONE', #2570, #5326, #10962, .T. ) ;
#5926 = CARTESIAN_POINT ( 'NONE',  ( -1.000000000000000000, 3.061616997868383141E-16, 2.500000000000000000 ) ) ;
#5927 = DIRECTION ( 'NONE',  ( 1.000000000000000000, 0.000000000000000000, 0.000000000000000000 ) ) ;
#5928 = ORIENTED_EDGE ( 'NONE', *, *, #175, .F. ) ;
#5929 = PRESENTATION_LAYER_ASSIGNMENT (  '', '', ( #2566 ) ) ;
#5930 = AXIS2_PLACEMENT_3D ( 'NONE', #10103, #7197, #10856 ) ;
#5931 = FILL_AREA_STYLE ('',( #4934 ) ) ;
#5932 = VERTEX_POINT ( 'NONE', #4429 ) ;
#5933 = VERTEX_POINT ( 'NONE', #6395 ) ;
#5934 = DIRECTION ( 'NONE',  ( 0.8660254037844383745, 0.5000000000000005551, 0.000000000000000000 ) ) ;
#5935 = DIRECTION ( 'NONE',  ( 0.000000000000000000, 1.000000000000000000, 0.000000000000000000 ) ) ;
#5936 = DIRECTION ( 'NONE',  ( 1.000000000000000000, 0.000000000000000000, 0.000000000000000000 ) ) ;
#5937 = ORIENTED_EDGE ( 'NONE', *, *, #6251, .F. ) ;
#5938 = VECTOR ( 'NONE', #8339, 1000.000000000000000 ) ;
#5939 = EDGE_CURVE ( 'NONE', #4772, #5068, #5487, .T. ) ;
#5940 = EDGE_CURVE ( 'NONE', #4446, #10386, #10034, .T. ) ;
#5941 = VERTEX_POINT ( 'NONE', #904 ) ;
#5942 = LINE ( 'NONE', #8648, #8214 ) ;
#5943 = CARTESIAN_POINT ( 'NONE',  ( 3.000000000000000000, 0.000000000000000000, -3.000000000000000444 ) ) ;
#5944 = DIRECTION ( 'NONE',  ( -0.000000000000000000, 1.224649721909276639E-16, -1.000000000000000000 ) ) ;
#5945 = AXIS2_PLACEMENT_3D ( 'NONE', #6806, #3858, #11460 ) ;
#5946 = EDGE_LOOP ( 'NONE', ( #1989, #7687, #4631, #8517 ) ) ;
#5947 = CARTESIAN_POINT ( 'NONE',  ( 0.000000000000000000, 2.309401076758504701, -1.421367205045916737 ) ) ;
#5948 = CARTESIAN_POINT ( 'NONE',  ( -1.000000000000000888, 1.732050807568876749, 0.000000000000000000 ) ) ;
#5949 = UNCERTAINTY_MEASURE_WITH_UNIT (LENGTH_MEASURE( 1.000000000000000082E-05 ), #11662, 'distance_accuracy_value', 'NONE');
#5950 = ORIENTED_EDGE ( 'NONE', *, *, #1819, .F. ) ;
#5951 = LINE ( 'NONE', #9704, #9004 ) ;
#5952 = CARTESIAN_POINT ( 'NONE',  ( 0.000000000000000000, 2.821690854684141936, -0.8999999999999992450 ) ) ;
#5953 = DIRECTION ( 'NONE',  ( 1.000000000000000000, 0.000000000000000000, 0.000000000000000000 ) ) ;
#5954 = DIRECTION ( 'NONE',  ( 0.000000000000000000, 0.000000000000000000, -1.000000000000000000 ) ) ;
#5955 = CARTESIAN_POINT ( 'NONE',  ( 2.000000000000000000, 0.9679918988505321620, -0.1247346533081146042 ) ) ;
#5956 = LINE ( 'NONE', #3763, #10779 ) ;
#5957 = DIRECTION ( 'NONE',  ( -0.000000000000000000, -0.000000000000000000, 1.000000000000000000 ) ) ;
#5958 = ORIENTED_EDGE ( 'NONE', *, *, #8434, .F. ) ;
#5959 = ORIENTED_EDGE ( 'NONE', *, *, #9593, .T. ) ;
#5960 = FACE_OUTER_BOUND ( 'NONE', #11259, .T. ) ;
#5961 = ORIENTED_EDGE ( 'NONE', *, *, #9712, .F. ) ;
#5962 = CARTESIAN_POINT ( 'NONE',  ( -1.000000000000001776, -1.732050807568876527, 0.000000000000000000 ) ) ;
#5963 = ADVANCED_FACE ( 'NONE', ( #91 ), #10288, .F. ) ;
#5964 = EDGE_CURVE ( 'NONE', #9208, #4851, #6533, .T. ) ;
#5965 = CARTESIAN_POINT ( 'NONE',  ( 0.000000000000000000, 4.898587196589412829E-16, -4.000000000000000000 ) ) ;
#5966 = LINE ( 'NONE', #5033, #2507 ) ;
#5967 = VERTEX_POINT ( 'NONE', #11403 ) ;
#5968 = CARTESIAN_POINT ( 'NONE',  ( 3.499999999999999556, 0.8999999999999998002, -19.84529946162065528 ) ) ;
#5969 = CARTESIAN_POINT ( 'NONE',  ( -0.5560518688116493635, 0.5176555429708574740, -500000.0000000000582 ) ) ;
#5970 = PLANE ( 'NONE',  #7758 ) ;
#5971 = CARTESIAN_POINT ( 'NONE',  ( -4.000000000000003553, 0.9000000000000003553, -4.154700538379143993 ) ) ;
#5972 = LINE ( 'NONE', #6729, #1569 ) ;
#5973 = PLANE ( 'NONE',  #705 ) ;
#5974 = PRODUCT_DEFINITION_SHAPE ( 'NONE', 'NONE',  #12242 ) ;
#5975 = EDGE_LOOP ( 'NONE', ( #8893, #8968, #3532, #5910 ) ) ;
#5976 = DIRECTION ( 'NONE',  ( -1.000000000000000000, -0.000000000000000000, -0.000000000000000000 ) ) ;
#5977 = EDGE_CURVE ( 'NONE', #11063, #2565, #3871, .T. ) ;
#5978 = DIRECTION ( 'NONE',  ( 0.000000000000000000, 1.000000000000000000, 0.000000000000000000 ) ) ;
#5979 = VERTEX_POINT ( 'NONE', #34 ) ;
#5980 = CARTESIAN_POINT ( 'NONE',  ( -2.000000000000000000, -1.154700538379254349, -1.421367205045916737 ) ) ;
#5981 = ORIENTED_EDGE ( 'NONE', *, *, #7760, .T. ) ;
#5982 = FACE_OUTER_BOUND ( 'NONE', #8950, .T. ) ;
#5983 = EDGE_CURVE ( 'NONE', #987, #7519, #3810, .T. ) ;
#5984 = CARTESIAN_POINT ( 'NONE',  ( 5.499999999999997335, 0.8999999999999989120, -5.309401076758394566 ) ) ;
#5985 = ORIENTED_EDGE ( 'NONE', *, *, #1502, .F. ) ;
#5986 = PRESENTATION_STYLE_ASSIGNMENT (( #4990 ) ) ;
#5987 = ORIENTED_EDGE ( 'NONE', *, *, #1553, .T. ) ;
#5988 = ORIENTED_EDGE ( 'NONE', *, *, #5940, .T. ) ;
#5989 = EDGE_CURVE ( 'NONE', #51, #4299, #8362, .T. ) ;
#5990 = APPLICATION_PROTOCOL_DEFINITION ( 'draft international standard', 'automotive_design', 1998, #6195 ) ;
#5991 = VECTOR ( 'NONE', #9540, 1000.000000000000000 ) ;
#5992 = CARTESIAN_POINT ( 'NONE',  ( 8.673617379884035472E-16, 0.9000000000000003553, -4.154700538379142216 ) ) ;
#5993 = DIRECTION ( 'NONE',  ( 1.000000000000000000, 0.000000000000000000, 0.000000000000000000 ) ) ;
#5994 = ORIENTED_EDGE ( 'NONE', *, *, #7816, .T. ) ;
#5995 = AXIS2_PLACEMENT_3D ( 'NONE', #4366, #5166, #8117 ) ;
#5996 = ORIENTED_EDGE ( 'NONE', *, *, #2638, .T. ) ;
#5997 = CYLINDRICAL_SURFACE ( 'NONE', #3928, 1.000000000000000000 ) ;
#5998 = CARTESIAN_POINT ( 'NONE',  ( 0.000000000000000000, 0.000000000000000000, -1.199999999999999956 ) ) ;
#5999 = ORIENTED_EDGE ( 'NONE', *, *, #3192, .F. ) ;
#6000 = DIRECTION ( 'NONE',  ( 0.000000000000000000, 0.000000000000000000, -1.000000000000000000 ) ) ;
#6001 = EDGE_CURVE ( 'NONE', #10869, #7348, #5604, .T. ) ;
#6002 = ADVANCED_FACE ( 'NONE', ( #9474 ), #5464, .T. ) ;
#6003 = VECTOR ( 'NONE', #5631, 1000.000000000000114 ) ;
#6004 = DIRECTION ( 'NONE',  ( 0.000000000000000000, 0.000000000000000000, 1.000000000000000000 ) ) ;
#6005 = ORIENTED_EDGE ( 'NONE', *, *, #1912, .F. ) ;
#6006 = DIRECTION ( 'NONE',  ( 0.000000000000000000, 0.000000000000000000, 1.000000000000000000 ) ) ;
#6007 = CARTESIAN_POINT ( 'NONE',  ( 0.000000000000000000, 0.000000000000000000, 0.000000000000000000 ) ) ;
#6008 = LINE ( 'NONE', #5085, #137 ) ;
#6009 = AXIS2_PLACEMENT_3D ( 'NONE', #2054, #5602, #3688 ) ;
#6010 = CARTESIAN_POINT ( 'NONE',  ( 2.000000000000000000, -0.3889866277140359152, -0.01677217554083863804 ) ) ;
#6011 = ORIENTED_EDGE ( 'NONE', *, *, #2767, .F. ) ;
#6012 = DIRECTION ( 'NONE',  ( -0.000000000000000000, 1.224649721909276639E-16, -1.000000000000000000 ) ) ;
#6013 = VECTOR ( 'NONE', #3833, 1000.000000000000000 ) ;
#6014 = VECTOR ( 'NONE', #11543, 1000.000000000000000 ) ;
#6015 = EDGE_LOOP ( 'NONE', ( #11706, #27, #9920 ) ) ;
#6016 = ORIENTED_EDGE ( 'NONE', *, *, #7664, .F. ) ;
#6017 = DIRECTION ( 'NONE',  ( 0.000000000000000000, 0.000000000000000000, 1.000000000000000000 ) ) ;
#6018 = ORIENTED_EDGE ( 'NONE', *, *, #1799, .F. ) ;
#6019 = CARTESIAN_POINT ( 'NONE',  ( -1.169735307079674547, -1.634054082335445690, -1.276902167985857268E-16 ) ) ;
#6020 = CARTESIAN_POINT ( 'NONE',  ( -2.000000000000000000, -0.7745510564695443634, -1.521052330702031608 ) ) ;
#6021 =( NAMED_UNIT ( * ) SI_UNIT ( $, .STERADIAN. ) SOLID_ANGLE_UNIT ( ) );
#6022 = VECTOR ( 'NONE', #7646, 1000.000000000000000 ) ;
#6023 = CYLINDRICAL_SURFACE ( 'NONE', #4853, 0.1749999999999998501 ) ;
#6024 = ORIENTED_EDGE ( 'NONE', *, *, #8064, .T. ) ;
#6025 = LINE ( 'NONE', #5165, #7845 ) ;
#6026 = AXIS2_PLACEMENT_3D ( 'NONE', #11152, #6581, #10335 ) ;
#6027 = EDGE_CURVE ( 'NONE', #9119, #12049, #1022, .T. ) ;
#6028 = EDGE_CURVE ( 'NONE', #5089, #4391, #8997, .T. ) ;
#6029 = FILL_AREA_STYLE ('',( #9726 ) ) ;
#6030 = DIRECTION ( 'NONE',  ( -0.000000000000000000, 1.224649721909276639E-16, -1.000000000000000000 ) ) ;
#6031 = CARTESIAN_POINT ( 'NONE',  ( -5.000000000000000000, 0.000000000000000000, -18.00000000000000355 ) ) ;
#6032 = CIRCLE ( 'NONE', #11754, 1.000000000000000000 ) ;
#6033 = DIRECTION ( 'NONE',  ( 1.000000000000000000, 0.000000000000000000, 0.000000000000000000 ) ) ;
#6034 = PLANE ( 'NONE',  #3684 ) ;
#6035 =( REPRESENTATION_RELATIONSHIP ('NONE','NONE', #912, #5570 ) REPRESENTATION_RELATIONSHIP_WITH_TRANSFORMATION ( #7843 )SHAPE_REPRESENTATION_RELATIONSHIP( ) );
#6036 = FACE_OUTER_BOUND ( 'NONE', #8568, .T. ) ;
#6037 = EDGE_LOOP ( 'NONE', ( #4049, #7384 ) ) ;
#6038 = CARTESIAN_POINT ( 'NONE',  ( -17.94999999999999929, 0.000000000000000000, 0.000000000000000000 ) ) ;
#6039 = AXIS2_PLACEMENT_3D ( 'NONE', #11536, #798, #11972 ) ;
#6040 = ORIENTED_EDGE ( 'NONE', *, *, #12010, .T. ) ;
#6041 = MECHANICAL_DESIGN_GEOMETRIC_PRESENTATION_REPRESENTATION (  '', ( #3289 ), #10184 ) ;
#6042 = DIRECTION ( 'NONE',  ( -0.7071067811865451302, -0.000000000000000000, -0.7071067811865500152 ) ) ;
#6043 = EDGE_LOOP ( 'NONE', ( #3846, #611, #9446, #9631, #11309 ) ) ;
#6044 = ADVANCED_FACE ( 'NONE', ( #12152 ), #10269, .F. ) ;
#6045 = VECTOR ( 'NONE', #1878, 1000.000000000000114 ) ;
#6046 = AXIS2_PLACEMENT_3D ( 'NONE', #5335, #1444, #5207 ) ;
#6047 = CARTESIAN_POINT ( 'NONE',  ( -0.8302646929203290060, 1.830047532802309806, 9.328656192427350549E-16 ) ) ;
#6048 = ORIENTED_EDGE ( 'NONE', *, *, #6028, .T. ) ;
#6049 = DIRECTION ( 'NONE',  ( 0.000000000000000000, -1.000000000000000000, 0.000000000000000000 ) ) ;
#6050 = DIRECTION ( 'NONE',  ( -1.000000000000000000, 0.000000000000000000, 0.000000000000000000 ) ) ;
#6051 = ADVANCED_FACE ( 'NONE', ( #2875 ), #9416, .T. ) ;
#6052 = ORIENTED_EDGE ( 'NONE', *, *, #10453, .T. ) ;
#6053 = CONICAL_SURFACE ( 'NONE', #7818, 2.000000000000000000, 1.047197551196596299 ) ;
#6054 = ORIENTED_EDGE ( 'NONE', *, *, #12042, .F. ) ;
#6055 = AXIS2_PLACEMENT_3D ( 'NONE', #527, #10024, #11021 ) ;
#6056 = EDGE_CURVE ( 'NONE', #7367, #1283, #3692, .T. ) ;
#6057 = CONTEXT_DEPENDENT_SHAPE_REPRESENTATION ( #6827, #1833 ) ;
#6058 = LINE ( 'NONE', #10923, #1734 ) ;
#6059 = DIRECTION ( 'NONE',  ( -1.000000000000000000, -0.000000000000000000, -0.000000000000000000 ) ) ;
#6060 = ORIENTED_EDGE ( 'NONE', *, *, #8508, .F. ) ;
#6061 = VECTOR ( 'NONE', #7496, 1000.000000000000000 ) ;
#6062 = ORIENTED_EDGE ( 'NONE', *, *, #7495, .F. ) ;
#6063 = EDGE_CURVE ( 'NONE', #1260, #572, #8484, .T. ) ;
#6064 = LINE ( 'NONE', #9820, #5506 ) ;
#6065 = VECTOR ( 'NONE', #3378, 1000.000000000000000 ) ;
#6066 = AXIS2_PLACEMENT_3D ( 'NONE', #12157, #4620, #11230 ) ;
#6067 = ORIENTED_EDGE ( 'NONE', *, *, #937, .F. ) ;
#6068 = FACE_OUTER_BOUND ( 'NONE', #7854, .T. ) ;
#6069 = VECTOR ( 'NONE', #3773, 1000.000000000000000 ) ;
#6070 = PRODUCT_DEFINITION_CONTEXT ( 'detailed design', #1394, 'design' ) ;
#6071 = ADVANCED_FACE ( 'NONE', ( #2020, #2764 ), #5781, .F. ) ;
#6072 = B_SPLINE_CURVE_WITH_KNOTS ( 'NONE', 3,
 ( #6222, #8077, #10170, #3457, #4255, #4380 ),
 .UNSPECIFIED., .F., .F.,
 ( 4, 2, 4 ),
 ( 0.001168606431211099148, 0.001750609284260044515, 0.002332612137308990100 ),
 .UNSPECIFIED. ) ;
#6073 = ORIENTED_EDGE ( 'NONE', *, *, #3092, .F. ) ;
#6074 = CARTESIAN_POINT ( 'NONE',  ( -0.6607522599941049180, 1.927915581583253601, -1.582894801272977992 ) ) ;
#6075 = DIRECTION ( 'NONE',  ( -0.000000000000000000, -1.000000000000000000, -0.000000000000000000 ) ) ;
#6076 = DIRECTION ( 'NONE',  ( -1.000000000000000000, -2.581436526009137720E-16, -5.185894806381762886E-17 ) ) ;
#6077 = DIRECTION ( 'NONE',  ( 1.000000000000000000, 0.000000000000000000, 0.000000000000000000 ) ) ;
#6078 = ORIENTED_EDGE ( 'NONE', *, *, #7544, .F. ) ;
#6079 = CLOSED_SHELL ( 'NONE', ( #12161, #3126, #1182, #8450, #3432, #6082 ) ) ;
#6080 = CARTESIAN_POINT ( 'NONE',  ( 1.836821824868180020, 1.248911501717478334, -0.1242400699092101324 ) ) ;
#6081 = ORIENTED_EDGE ( 'NONE', *, *, #7149, .F. ) ;
#6082 = ADVANCED_FACE ( 'NONE', ( #11158 ), #1076, .F. ) ;
#6083 = FACE_OUTER_BOUND ( 'NONE', #3615, .T. ) ;
#6084 = EDGE_CURVE ( 'NONE', #1353, #5510, #1783, .T. ) ;
#6085 = PRODUCT_DEFINITION_SHAPE ( 'NONE', 'NONE',  #12236 ) ;
#6086 = VECTOR ( 'NONE', #751, 1000.000000000000000 ) ;
#6087 = VERTEX_POINT ( 'NONE', #6817 ) ;
#6088 = DIRECTION ( 'NONE',  ( 0.000000000000000000, 0.000000000000000000, 1.000000000000000000 ) ) ;
#6089 = ORIENTED_EDGE ( 'NONE', *, *, #6586, .T. ) ;
#6090 = ORIENTED_EDGE ( 'NONE', *, *, #11422, .F. ) ;
#6091 = DIRECTION ( 'NONE',  ( -0.000000000000000000, 1.000000000000000000, 0.000000000000000000 ) ) ;
#6092 = EDGE_LOOP ( 'NONE', ( #10953, #5469, #7802, #3690 ) ) ;
#6093 = DIRECTION ( 'NONE',  ( -0.000000000000000000, 0.000000000000000000, -1.000000000000000000 ) ) ;
#6094 = AXIS2_PLACEMENT_3D ( 'NONE', #4040, #4107, #8773 ) ;
#6095 = CARTESIAN_POINT ( 'NONE',  ( 1.836821824868180020, 1.248911501717478334, -1.475759930090789540 ) ) ;
#6096 = VERTEX_POINT ( 'NONE', #7745 ) ;
#6097 = CARTESIAN_POINT ( 'NONE',  ( 0.000000000000000000, 17.00000000000000000, -8.732195743157015855 ) ) ;
#6098 = EDGE_CURVE ( 'NONE', #10585, #8864, #11646, .T. ) ;
#6099 = AXIS2_PLACEMENT_3D ( 'NONE', #7995, #6334, #4368 ) ;
#6100 = CARTESIAN_POINT ( 'NONE',  ( 3.000000000000000000, 4.898587196589412829E-16, -4.000000000000000000 ) ) ;
#6101 =( NAMED_UNIT ( * ) PLANE_ANGLE_UNIT ( ) SI_UNIT ( $, .RADIAN. ) );
#6102 = CARTESIAN_POINT ( 'NONE',  ( 4.250000000000000000, 0.000000000000000000, 0.000000000000000000 ) ) ;
#6103 = ORIENTED_EDGE ( 'NONE', *, *, #6984, .T. ) ;
#6104 = CARTESIAN_POINT ( 'NONE',  ( -2.000000000000000000, 0.7788341705667923831, -1.520151717152269599 ) ) ;
#6105 = DIRECTION ( 'NONE',  ( 1.000000000000000000, 0.000000000000000000, -0.000000000000000000 ) ) ;
#6106 = DIRECTION ( 'NONE',  ( -1.000000000000000000, 0.000000000000000000, 0.000000000000000000 ) ) ;
#6107 = VERTEX_POINT ( 'NONE', #6882 ) ;
#6108 = FACE_OUTER_BOUND ( 'NONE', #7066, .T. ) ;
#6109 = ADVANCED_FACE ( 'NONE', ( #1261 ), #6760, .T. ) ;
#6110 = VERTEX_POINT ( 'NONE', #3243 ) ;
#6111 = LINE ( 'NONE', #9682, #9177 ) ;
#6112 = CARTESIAN_POINT ( 'NONE',  ( -0.4783426259903523770, -0.5021555460428437367, -0.7495474879056738260 ) ) ;
#6113 = ORIENTED_EDGE ( 'NONE', *, *, #10219, .F. ) ;
#6114 = DIRECTION ( 'NONE',  ( -1.000000000000000000, -0.000000000000000000, -0.000000000000000000 ) ) ;
#6115 = LINE ( 'NONE', #3153, #8173 ) ;
#6116 = DIRECTION ( 'NONE',  ( 0.000000000000000000, 0.000000000000000000, -1.000000000000000000 ) ) ;
#6117 = STYLED_ITEM ( 'NONE', ( #5592 ), #2402 ) ;
#6118 = ORIENTED_EDGE ( 'NONE', *, *, #3509, .F. ) ;
#6119 = ORIENTED_EDGE ( 'NONE', *, *, #3605, .T. ) ;
#6120 = EDGE_CURVE ( 'NONE', #1855, #1604, #3504, .T. ) ;
#6121 = EDGE_CURVE ( 'NONE', #3090, #8046, #10770, .T. ) ;
#6122 = DIRECTION ( 'NONE',  ( 0.000000000000000000, 1.000000000000000000, 0.000000000000000000 ) ) ;
#6123 = DIRECTION ( 'NONE',  ( -1.000000000000000000, 0.000000000000000000, 0.000000000000000000 ) ) ;
#6124 = VERTEX_POINT ( 'NONE', #4048 ) ;
#6125 = AXIS2_PLACEMENT_3D ( 'NONE', #10260, #5455, #8281 ) ;
#6126 = DIRECTION ( 'NONE',  ( 0.000000000000000000, -1.000000000000000000, 0.000000000000000000 ) ) ;
#6127 = VERTEX_POINT ( 'NONE', #3185 ) ;
#6128 = DIRECTION ( 'NONE',  ( 1.000000000000000000, 0.000000000000000000, 0.000000000000000000 ) ) ;
#6129 = CARTESIAN_POINT ( 'NONE',  ( 2.000000000000000000, -1.154700538379255015, -1.421367205045916737 ) ) ;
#6130 = VERTEX_POINT ( 'NONE', #10524 ) ;
#6131 = MECHANICAL_DESIGN_GEOMETRIC_PRESENTATION_REPRESENTATION (  '', ( #3388 ), #6719 ) ;
#6132 = EDGE_CURVE ( 'NONE', #2038, #11200, #693, .T. ) ;
#6133 = DIRECTION ( 'NONE',  ( 0.000000000000000000, 0.000000000000000000, 1.000000000000000000 ) ) ;
#6134 = CARTESIAN_POINT ( 'NONE',  ( -0.5560518688116493635, 0.5176555429708574740, -0.7092725651034395007 ) ) ;
#6135 = ORIENTED_EDGE ( 'NONE', *, *, #7556, .F. ) ;
#6136 = DIRECTION ( 'NONE',  ( 0.000000000000000000, 0.8660254037844407060, -0.4999999999999963918 ) ) ;
#6137 = ORIENTED_EDGE ( 'NONE', *, *, #9849, .T. ) ;
#6138 = VECTOR ( 'NONE', #8654, 1000.000000000000000 ) ;
#6139 = DIRECTION ( 'NONE',  ( 0.000000000000000000, 0.000000000000000000, -1.000000000000000000 ) ) ;
#6141 = ORIENTED_EDGE ( 'NONE', *, *, #10673, .F. ) ;
#6140 = VECTOR ( 'NONE', #8944, 1000.000000000000000 ) ;
#6142 = EDGE_CURVE ( 'NONE', #7423, #1426, #5026, .T. ) ;
#6143 = LINE ( 'NONE', #7059, #610 ) ;
#6144 = AXIS2_PLACEMENT_3D ( 'NONE', #1683, #3609, #9388 ) ;
#6145 = ORIENTED_EDGE ( 'NONE', *, *, #8824, .T. ) ;
#6146 = ORIENTED_EDGE ( 'NONE', *, *, #11052, .T. ) ;
#6147 = FACE_BOUND ( 'NONE', #11444, .T. ) ;
#6148 = CARTESIAN_POINT ( 'NONE',  ( 1.000000000000000000, 1.224646799147354933E-16, -2.269518839163146673 ) ) ;
#6149 = DIRECTION ( 'NONE',  ( -0.000000000000000000, 1.224649721909276639E-16, -1.000000000000000000 ) ) ;
#6150 = EDGE_CURVE ( 'NONE', #3122, #4918, #8784, .T. ) ;
#6151 = CARTESIAN_POINT ( 'NONE',  ( 1.339247740005896636, 1.536186033554500785, -1.582894801272978658 ) ) ;
#6152 = ORIENTED_EDGE ( 'NONE', *, *, #6439, .T. ) ;
#6153 = ORIENTED_EDGE ( 'NONE', *, *, #1354, .F. ) ;
#6154 = DIRECTION ( 'NONE',  ( -1.000000000000000000, -0.000000000000000000, -0.000000000000000000 ) ) ;
#6155 = DIRECTION ( 'NONE',  ( 1.000000000000000000, 0.000000000000000000, 0.000000000000000000 ) ) ;
#6156 = DIRECTION ( 'NONE',  ( 0.000000000000000000, 0.000000000000000000, -1.000000000000000000 ) ) ;
#6157 = CARTESIAN_POINT ( 'NONE',  ( 0.000000000000000000, 0.000000000000000000, 0.000000000000000000 ) ) ;
#6158 = DIRECTION ( 'NONE',  ( -1.000000000000000000, -0.000000000000000000, -0.000000000000000000 ) ) ;
#6159 = CARTESIAN_POINT ( 'NONE',  ( 0.000000000000000000, -0.9999999999999995559, -1.469518839163146628 ) ) ;
#6160 = EDGE_CURVE ( 'NONE', #7205, #1107, #5065, .T. ) ;
#6161 = VERTEX_POINT ( 'NONE', #7692 ) ;
#6162 = ADVANCED_FACE ( 'NONE', ( #11700 ), #10704, .F. ) ;
#6163 = DIRECTION ( 'NONE',  ( 0.000000000000000000, 0.000000000000000000, -1.000000000000000000 ) ) ;
#6164 = ORIENTED_EDGE ( 'NONE', *, *, #4654, .F. ) ;
#6165 = ORIENTED_EDGE ( 'NONE', *, *, #11672, .F. ) ;
#6166 = PLANE ( 'NONE',  #11947 ) ;
#6167 = SURFACE_STYLE_USAGE ( .BOTH. , #8128 ) ;
#6168 = CARTESIAN_POINT ( 'NONE',  ( -2.000000000000000000, 0.000000000000000000, -1.600000000000000089 ) ) ;
#6169 = VERTEX_POINT ( 'NONE', #3125 ) ;
#6170 = ORIENTED_EDGE ( 'NONE', *, *, #1479, .T. ) ;
#6171 = VERTEX_POINT ( 'NONE', #8717 ) ;
#6172 = DIRECTION ( 'NONE',  ( 0.000000000000000000, -0.7071067811865482389, -0.7071067811865469066 ) ) ;
#6173 = CARTESIAN_POINT ( 'NONE',  ( -2.000000000000001776, -1.084202172485504434E-16, -4.399999999999905320 ) ) ;
#6174 = FACE_OUTER_BOUND ( 'NONE', #701, .T. ) ;
#6175 = EDGE_LOOP ( 'NONE', ( #9838, #6283, #6918 ) ) ;
#6176 = ADVANCED_FACE ( 'NONE', ( #9598, #8665 ), #2199, .T. ) ;
#6177 = DIRECTION ( 'NONE',  ( 0.000000000000000000, -1.000000000000000000, -0.000000000000000000 ) ) ;
#6178 = EDGE_CURVE ( 'NONE', #3190, #9666, #3313, .T. ) ;
#6179 = CYLINDRICAL_SURFACE ( 'NONE', #6981, 1.550000000000000044 ) ;
#6180 = ORIENTED_EDGE ( 'NONE', *, *, #8359, .F. ) ;
#6181 = LINE ( 'NONE', #2305, #8223 ) ;
#6182 = CONICAL_SURFACE ( 'NONE', #11709, 0.7799999999999996936, 0.9599310885968785900 ) ;
#6183 = EDGE_LOOP ( 'NONE', ( #2897, #4454 ) ) ;
#6184 = CARTESIAN_POINT ( 'NONE',  ( -0.4682615195960990739, 0.8110527431698566492, 0.000000000000000000 ) ) ;
#6185 =( NAMED_UNIT ( * ) PLANE_ANGLE_UNIT ( ) SI_UNIT ( $, .RADIAN. ) );
#6186 = PLANE ( 'NONE',  #7827 ) ;
#6187 = DIRECTION ( 'NONE',  ( -0.8660254037844383745, 0.000000000000000000, 0.5000000000000003331 ) ) ;
#6188 = ORIENTED_EDGE ( 'NONE', *, *, #976, .F. ) ;
#6189 = CARTESIAN_POINT ( 'NONE',  ( -17.30000000000000071, 0.000000000000000000, 0.000000000000000000 ) ) ;
#6190 = ORIENTED_EDGE ( 'NONE', *, *, #1392, .T. ) ;
#6191 = CARTESIAN_POINT ( 'NONE',  ( 1.086261710843702231E-16, -0.7739999999999994662, -2.400000000000000355 ) ) ;
#6192 = ORIENTED_EDGE ( 'NONE', *, *, #9425, .T. ) ;
#6193 = CARTESIAN_POINT ( 'NONE',  ( 0.000000000000000000, 0.000000000000000000, -0.1540456584061371259 ) ) ;
#6194 = B_SPLINE_CURVE_WITH_KNOTS ( 'NONE', 3,
 ( #6768, #4975, #3950, #2084 ),
 .UNSPECIFIED., .F., .F.,
 ( 4, 4 ),
 ( 2.380749485065221449E-07, 0.001168606431211103485 ),
 .UNSPECIFIED. ) ;
#6195 = APPLICATION_CONTEXT ( 'automotive_design' ) ;
#6196 = ADVANCED_FACE ( 'NONE', ( #8608 ), #271, .F. ) ;
#6197 = CIRCLE ( 'NONE', #3241, 1.000000000000000000 ) ;
#6198 = EDGE_LOOP ( 'NONE', ( #12197, #4579, #369, #8143, #4076, #11990 ) ) ;
#6199 = CARTESIAN_POINT ( 'NONE',  ( 1.672282218993687231, 1.343908487461472401, -0.07933779981236054046 ) ) ;
#6200 = ORIENTED_EDGE ( 'NONE', *, *, #843, .T. ) ;
#6201 = CYLINDRICAL_SURFACE ( 'NONE', #9630, 1.000000000000000444 ) ;
#6202 = DIRECTION ( 'NONE',  ( -0.000000000000000000, 1.000000000000000000, 0.000000000000000000 ) ) ;
#6203 = SHAPE_REPRESENTATION_RELATIONSHIP ( 'NONE' , 'NONE' ,  #10605, #4889 ) ;
#6204 = CIRCLE ( 'NONE', #2462, 1.000000000000000000 ) ;
#6205 = DIRECTION ( 'NONE',  ( -0.000000000000000000, 1.224649721909276639E-16, -1.000000000000000000 ) ) ;
#6206 = ADVANCED_FACE ( 'NONE', ( #5960 ), #339, .T. ) ;
#6207 = ORIENTED_EDGE ( 'NONE', *, *, #12011, .T. ) ;
#6208 = ORIENTED_EDGE ( 'NONE', *, *, #9425, .F. ) ;
#6209 = CARTESIAN_POINT ( 'NONE',  ( 3.500000000000000000, 0.000000000000000000, 0.000000000000000000 ) ) ;
#6210 = AXIS2_PLACEMENT_3D ( 'NONE', #11365, #6609, #58 ) ;
#6211 = ADVANCED_FACE ( 'NONE', ( #5095, #8850 ), #7930, .F. ) ;
#6212 = CARTESIAN_POINT ( 'NONE',  ( 3.699999999999999289, 2.821690854684140159, -0.4999999999999991673 ) ) ;
#6213 = CARTESIAN_POINT ( 'NONE',  ( -0.6302730391908566432, 1.999084177282596809E-13, -0.7870467931649092197 ) ) ;
#6214 = CARTESIAN_POINT ( 'NONE',  ( 2.099999999999999645, -2.821690854684141936, -0.4999999999999992784 ) ) ;
#6215 = CARTESIAN_POINT ( 'NONE',  ( -0.6607522599941049180, 1.927915581583253601, -1.582894801272977992 ) ) ;
#6216 = CARTESIAN_POINT ( 'NONE',  ( 1.836821824868180020, 1.248911501717478334, -1.475759930090789540 ) ) ;
#6217 = CARTESIAN_POINT ( 'NONE',  ( 0.3271719972790543829, 2.120508236058134433, -1.530424537474096347 ) ) ;
#6218 = DIRECTION ( 'NONE',  ( 0.000000000000000000, 0.000000000000000000, 1.000000000000000000 ) ) ;
#6219 = ORIENTED_EDGE ( 'NONE', *, *, #8892, .F. ) ;
#6220 = CARTESIAN_POINT ( 'NONE',  ( 11.50000000000000000, 7.500000000000000000, -6.116139535669825378 ) ) ;
#6221 = ADVANCED_FACE ( 'NONE', ( #1397, #6147, #4414 ), #4227, .F. ) ;
#6222 = CARTESIAN_POINT ( 'NONE',  ( 1.000000000000000444, -1.732050807568876971, -1.600000000000000089 ) ) ;
#6223 = ORIENTED_EDGE ( 'NONE', *, *, #1248, .T. ) ;
#6224 = EDGE_CURVE ( 'NONE', #10267, #297, #2913, .T. ) ;
#6225 = CARTESIAN_POINT ( 'NONE',  ( 2.000000000000000000, -1.154700538379253905, -1.600000000000000089 ) ) ;
#6226 = CARTESIAN_POINT ( 'NONE',  ( 4.099999999999999645, -2.971690854684141847, -0.9000000000000006883 ) ) ;
#6227 = VECTOR ( 'NONE', #568, 1000.000000000000000 ) ;
#6228 = FACE_OUTER_BOUND ( 'NONE', #5319, .T. ) ;
#6229 = VERTEX_POINT ( 'NONE', #520 ) ;
#6230 = ORIENTED_EDGE ( 'NONE', *, *, #5255, .T. ) ;
#6231 = DIRECTION ( 'NONE',  ( -1.000000000000000000, -0.000000000000000000, -0.000000000000000000 ) ) ;
#6232 = AXIS2_PLACEMENT_3D ( 'NONE', #6038, #9798, #9736 ) ;
#6233 = CARTESIAN_POINT ( 'NONE',  ( -1.999999999999999556, 1.084202172485504434E-16, -19.59999999999992681 ) ) ;
#6234 = CARTESIAN_POINT ( 'NONE',  ( 0.000000000000000000, 2.309401076758504701, -1.421367205045916737 ) ) ;
#6235 = EDGE_LOOP ( 'NONE', ( #2734, #5868, #786, #5752, #6560, #1268, #9263, #7490, #421, #10072 ) ) ;
#6236 = AXIS2_PLACEMENT_3D ( 'NONE', #11019, #3435, #2438 ) ;
#6237 = AXIS2_PLACEMENT_3D ( 'NONE', #6707, #5545, #3874 ) ;
#6238 = CIRCLE ( 'NONE', #328, 1.000000000000000000 ) ;
#6239 = DIRECTION ( 'NONE',  ( 0.000000000000000000, 0.000000000000000000, -1.000000000000000000 ) ) ;
#6240 = DIRECTION ( 'NONE',  ( 0.000000000000000000, 1.000000000000000000, 0.000000000000000000 ) ) ;
#6241 = ORIENTED_EDGE ( 'NONE', *, *, #5222, .F. ) ;
#6242 = CARTESIAN_POINT ( 'NONE',  ( 3.699999999999999289, -2.971690854684141847, 0.4999999999999991673 ) ) ;
#6243 = EDGE_LOOP ( 'NONE', ( #83, #1846, #7970, #6704, #4945 ) ) ;
#6244 = DIRECTION ( 'NONE',  ( 0.000000000000000000, 1.000000000000000000, 0.000000000000000000 ) ) ;
#6245 = PRODUCT_DEFINITION_SHAPE ( 'NONE', 'NONE',  #3769 ) ;
#6246 = AXIS2_PLACEMENT_3D ( 'NONE', #3235, #1141, #11636 ) ;
#6247 = CARTESIAN_POINT ( 'NONE',  ( -1.836821824868181352, -1.248911501717480554, -1.475759930090788652 ) ) ;
#6248 = EDGE_CURVE ( 'NONE', #5458, #4225, #7640, .T. ) ;
#6249 = DIRECTION ( 'NONE',  ( 0.000000000000000000, 0.000000000000000000, 1.000000000000000000 ) ) ;
#6250 = ORIENTED_EDGE ( 'NONE', *, *, #7666, .F. ) ;
#6251 = EDGE_CURVE ( 'NONE', #1563, #3423, #3560, .T. ) ;
#6252 = ORIENTED_EDGE ( 'NONE', *, *, #11376, .F. ) ;
#6253 = DIRECTION ( 'NONE',  ( 0.000000000000000000, 0.000000000000000000, -1.000000000000000000 ) ) ;
#6254 = EDGE_LOOP ( 'NONE', ( #7824, #2275, #1321, #8834, #3557, #522 ) ) ;
#6255 = CARTESIAN_POINT ( 'NONE',  ( 4.250000000000000000, 0.000000000000000000, 0.000000000000000000 ) ) ;
#6256 = ORIENTED_EDGE ( 'NONE', *, *, #181, .T. ) ;
#6257 = CARTESIAN_POINT ( 'NONE',  ( 2.500000000000000000, 9.199999999999999289, -16.00000000000000000 ) ) ;
#6258 = VERTEX_POINT ( 'NONE', #7981 ) ;
#6259 = CARTESIAN_POINT ( 'NONE',  ( 1.836821824868180020, 1.248911501717478334, -0.1242400699092101324 ) ) ;
#6260 = ORIENTED_EDGE ( 'NONE', *, *, #9849, .F. ) ;
#6261 = CARTESIAN_POINT ( 'NONE',  ( 0.9000000000000000222, 0.000000000000000000, 1.949999999999999734 ) ) ;
#6262 = CARTESIAN_POINT ( 'NONE',  ( 0.8000000000000000444, 11.70000000000000107, -7.200000000000000178 ) ) ;
#6263 = AXIS2_PLACEMENT_3D ( 'NONE', #9189, #5560, #9261 ) ;
#6264 = CARTESIAN_POINT ( 'NONE',  ( -2.000000000000000000, 1.154700538379251240, -0.1786327949540822413 ) ) ;
#6265 = ORIENTED_EDGE ( 'NONE', *, *, #696, .T. ) ;
#6266 = ADVANCED_FACE ( 'NONE', ( #646 ), #7122, .F. ) ;
#6267 = ORIENTED_EDGE ( 'NONE', *, *, #4967, .T. ) ;
#6268 = DIRECTION ( 'NONE',  ( 0.000000000000000000, 0.000000000000000000, 1.000000000000000000 ) ) ;
#6269 = DIRECTION ( 'NONE',  ( -0.7071067811865487940, 8.659560562354948882E-17, 0.7071067811865463515 ) ) ;
#6270 = CIRCLE ( 'NONE', #3319, 10.50000000000000000 ) ;
#6271 = APPLICATION_CONTEXT ( 'automotive_design' ) ;
#6272 = EDGE_CURVE ( 'NONE', #8685, #8587, #2306, .T. ) ;
#6273 = FACE_OUTER_BOUND ( 'NONE', #2685, .T. ) ;
#6274 = DIRECTION ( 'NONE',  ( -0.8660254037844381525, 0.5000000000000007772, 0.000000000000000000 ) ) ;
#6275 =( LENGTH_UNIT ( ) NAMED_UNIT ( * ) SI_UNIT ( .MILLI., .METRE. ) );
#6276 = DIRECTION ( 'NONE',  ( 0.000000000000000000, 1.000000000000000000, 2.168404344971008868E-16 ) ) ;
#6277 = VECTOR ( 'NONE', #1667, 1000.000000000000000 ) ;
#6278 = CARTESIAN_POINT ( 'NONE',  ( 1.000000000000000000, 9.199999999999999289, -18.50000000000000355 ) ) ;
#6279 = B_SPLINE_CURVE_WITH_KNOTS ( 'NONE', 3,
 ( #9243, #6336, #6215, #7315, #604, #1534 ),
 .UNSPECIFIED., .F., .F.,
 ( 4, 2, 4 ),
 ( 0.001168606431211100015, 0.001750609284260043648, 0.002332612137308987497 ),
 .UNSPECIFIED. ) ;
#6280 = CARTESIAN_POINT ( 'NONE',  ( 7.500000000000000000, 0.8999999999999986899, -1.845299461620641068 ) ) ;
#6281 = PLANE ( 'NONE',  #3873 ) ;
#6282 = EDGE_CURVE ( 'NONE', #5518, #11629, #11179, .T. ) ;
#6283 = ORIENTED_EDGE ( 'NONE', *, *, #11827, .F. ) ;
#6284 = DIRECTION ( 'NONE',  ( -1.000000000000000000, 0.000000000000000000, 0.000000000000000000 ) ) ;
#6285 = STYLED_ITEM ( 'NONE', ( #8498 ), #190 ) ;
#6286 = CARTESIAN_POINT ( 'NONE',  ( 0.000000000000000000, 0.000000000000000000, -1.600000000000000089 ) ) ;
#6287 = EDGE_LOOP ( 'NONE', ( #3155, #1911 ) ) ;
#6288 = CARTESIAN_POINT ( 'NONE',  ( 7.500000000000000000, 0.8999999999999986899, -4.154700538379145769 ) ) ;
#6289 = EDGE_CURVE ( 'NONE', #7765, #5392, #11887, .T. ) ;
#6290 = DIRECTION ( 'NONE',  ( 1.000000000000000000, -0.000000000000000000, -0.000000000000000000 ) ) ;
#6291 = ORIENTED_EDGE ( 'NONE', *, *, #575, .T. ) ;
#6292 = ORIENTED_EDGE ( 'NONE', *, *, #9244, .T. ) ;
#6293 = DIRECTION ( 'NONE',  ( -1.000000000000000000, 0.000000000000000000, 0.000000000000000000 ) ) ;
#6294 = FACE_BOUND ( 'NONE', #691, .T. ) ;
#6295 = EDGE_CURVE ( 'NONE', #7586, #12202, #6446, .T. ) ;
#6296 = DIRECTION ( 'NONE',  ( 0.000000000000000000, 0.000000000000000000, -1.000000000000000000 ) ) ;
#6297 = CARTESIAN_POINT ( 'NONE',  ( 3.500000000000000000, 9.199999999999999289, -14.50000000000000533 ) ) ;
#6298 = VERTEX_POINT ( 'NONE', #10889 ) ;
#6299 = B_SPLINE_CURVE_WITH_KNOTS ( 'NONE', 3,
 ( #6134, #9026, #5385, #2488, #6310, #10007, #1387, #11935, #507, #9085 ),
 .UNSPECIFIED., .F., .F.,
 ( 4, 2, 2, 2, 4 ),
 ( 2.343975232994142577E-07, 0.0001314336292885001883, 0.0002626328610537009985, 0.0003938320928189017545, 0.0005250313245841025647 ),
 .UNSPECIFIED. ) ;
#6300 = FACE_OUTER_BOUND ( 'NONE', #4242, .T. ) ;
#6301 = SURFACE_STYLE_USAGE ( .BOTH. , #1745 ) ;
#6302 = ORIENTED_EDGE ( 'NONE', *, *, #5380, .T. ) ;
#6303 = DIRECTION ( 'NONE',  ( 0.000000000000000000, 0.000000000000000000, -1.000000000000000000 ) ) ;
#6304 = ORIENTED_EDGE ( 'NONE', *, *, #10783, .T. ) ;
#6305 = CARTESIAN_POINT ( 'NONE',  ( 0.000000000000000000, -0.8000000000000000444, -1.500000000000000000 ) ) ;
#6306 = EDGE_CURVE ( 'NONE', #19, #995, #7065, .T. ) ;
#6307 = DIRECTION ( 'NONE',  ( -6.982962677686266711E-15, 0.000000000000000000, -1.000000000000000000 ) ) ;
#6308 = ADVANCED_FACE ( 'NONE', ( #4475 ), #1451, .T. ) ;
#6309 = AXIS2_PLACEMENT_3D ( 'NONE', #7351, #1568, #9214 ) ;
#6310 = CARTESIAN_POINT ( 'NONE',  ( -0.3535437582668252698, 0.5237481732016157077, -0.7869770969977789576 ) ) ;
#6311 = CARTESIAN_POINT ( 'NONE',  ( 3.581183789785735176E-16, 2.309401076758504701, -1.600000000000000089 ) ) ;
#6312 = ORIENTED_EDGE ( 'NONE', *, *, #561, .T. ) ;
#6313 = VERTEX_POINT ( 'NONE', #9952 ) ;
#6314 = DIRECTION ( 'NONE',  ( -1.000000000000000000, 0.000000000000000000, 0.000000000000000000 ) ) ;
#6315 = ORIENTED_EDGE ( 'NONE', *, *, #10375, .F. ) ;
#6316 = LINE ( 'NONE', #8158, #2710 ) ;
#6317 = VERTEX_POINT ( 'NONE', #10833 ) ;
#6318 = CYLINDRICAL_SURFACE ( 'NONE', #2187, 5.500000000000000000 ) ;
#6319 = VECTOR ( 'NONE', #8853, 1000.000000000000114 ) ;
#6320 = PRODUCT_RELATED_PRODUCT_CATEGORY ( 'part', '', ( #2920 ) ) ;
#6321 = ORIENTED_EDGE ( 'NONE', *, *, #8759, .T. ) ;
#6322 = CIRCLE ( 'NONE', #9289, 0.7740000000000000213 ) ;
#6323 = DIRECTION ( 'NONE',  ( -1.000000000000000000, 0.000000000000000000, 0.000000000000000000 ) ) ;
#6324 = ORIENTED_EDGE ( 'NONE', *, *, #7775, .F. ) ;
#6325 = CARTESIAN_POINT ( 'NONE',  ( -0.7063323362395491634, 0.4078011644652420054, -0.1291166393111913002 ) ) ;
#6326 = DIRECTION ( 'NONE',  ( 0.000000000000000000, 0.000000000000000000, 1.000000000000000000 ) ) ;
#6327 =( NAMED_UNIT ( * ) PLANE_ANGLE_UNIT ( ) SI_UNIT ( $, .RADIAN. ) );
#6328 = FACE_OUTER_BOUND ( 'NONE', #10840, .T. ) ;
#6329 = EDGE_LOOP ( 'NONE', ( #5762, #7858, #6457, #803, #11855 ) ) ;
#6330 = VERTEX_POINT ( 'NONE', #1517 ) ;
#6331 = LINE ( 'NONE', #9165, #5501 ) ;
#6332 = VECTOR ( 'NONE', #5911, 1000.000000000000000 ) ;
#6333 = CARTESIAN_POINT ( 'NONE',  ( 3.000000000000000000, 0.000000000000000000, 0.000000000000000000 ) ) ;
#6334 = DIRECTION ( 'NONE',  ( 0.000000000000000000, 1.000000000000000000, -0.000000000000000000 ) ) ;
#6335 = EDGE_CURVE ( 'NONE', #3725, #7765, #10018, .T. ) ;
#6336 = CARTESIAN_POINT ( 'NONE',  ( -0.8302646929203288950, 1.830047532802310029, -1.600000000000000755 ) ) ;
#6337 = EDGE_CURVE ( 'NONE', #8157, #7485, #2504, .T. ) ;
#6338 = DIRECTION ( 'NONE',  ( -0.000000000000000000, -0.000000000000000000, 1.000000000000000000 ) ) ;
#6339 = DIRECTION ( 'NONE',  ( -1.000000000000000000, -0.000000000000000000, -0.000000000000000000 ) ) ;
#6340 = DIRECTION ( 'NONE',  ( 1.000000000000000000, 0.000000000000000000, -0.000000000000000000 ) ) ;
#6341 = ORIENTED_EDGE ( 'NONE', *, *, #8669, .T. ) ;
#6342 = DIRECTION ( 'NONE',  ( -0.8660254037844381525, 0.5000000000000007772, 0.000000000000000000 ) ) ;
#6343 = DIRECTION ( 'NONE',  ( 0.000000000000000000, 0.000000000000000000, -1.000000000000000000 ) ) ;
#6344 = LINE ( 'NONE', #1658, #8342 ) ;
#6346 = EDGE_LOOP ( 'NONE', ( #7269, #6230 ) ) ;
#6345 = CARTESIAN_POINT ( 'NONE',  ( -1.836821824868181352, -1.248911501717480554, -1.475759930090788652 ) ) ;
#6347 = DIRECTION ( 'NONE',  ( 0.000000000000000000, -1.000000000000000000, -1.734723475976807094E-16 ) ) ;
#6348 = DIRECTION ( 'NONE',  ( 0.000000000000000000, 0.000000000000000000, -1.000000000000000000 ) ) ;
#6349 = EDGE_CURVE ( 'NONE', #9208, #10934, #5454, .T. ) ;
#6350 = DIRECTION ( 'NONE',  ( 0.000000000000000000, 0.000000000000000000, 1.000000000000000000 ) ) ;
#6351 = PRODUCT ( 'hex nut style 1 gradeab_iso_ISO - 4032 - M2 - D - N', 'hex nut style 1 gradeab_iso_ISO - 4032 - M2 - D - N', '', ( #1051 ) ) ;
#6352 = ORIENTED_EDGE ( 'NONE', *, *, #5187, .F. ) ;
#6353 = EDGE_LOOP ( 'NONE', ( #10317, #1654, #7890, #3045 ) ) ;
#6354 = CARTESIAN_POINT ( 'NONE',  ( 0.000000000000000000, 0.000000000000000000, 998.8342469583508318 ) ) ;
#6355 = LINE ( 'NONE', #7400, #2877 ) ;
#6356 = CARTESIAN_POINT ( 'NONE',  ( 3.500000000000000000, 9.199999999999999289, -18.50000000000000355 ) ) ;
#6357 = FACE_BOUND ( 'NONE', #529, .T. ) ;
#6358 = ADVANCED_FACE ( 'NONE', ( #710 ), #8231, .T. ) ;
#6359 = ORIENTED_EDGE ( 'NONE', *, *, #9535, .F. ) ;
#6360 = DIRECTION ( 'NONE',  ( -0.000000000000000000, -0.000000000000000000, -1.000000000000000000 ) ) ;
#6361 = CARTESIAN_POINT ( 'NONE',  ( 5.499999999999998224, 0.000000000000000000, -20.99999999999990763 ) ) ;
#6362 =( NAMED_UNIT ( * ) SI_UNIT ( $, .STERADIAN. ) SOLID_ANGLE_UNIT ( ) );
#6363 = EDGE_CURVE ( 'NONE', #3905, #510, #6450, .T. ) ;
#6364 = ORIENTED_EDGE ( 'NONE', *, *, #11332, .F. ) ;
#6365 = ORIENTED_EDGE ( 'NONE', *, *, #6733, .T. ) ;
#6366 = DIRECTION ( 'NONE',  ( 0.000000000000000000, 0.000000000000000000, 1.000000000000000000 ) ) ;
#6367 = ORIENTED_EDGE ( 'NONE', *, *, #6335, .F. ) ;
#6368 = DIRECTION ( 'NONE',  ( 1.000000000000000000, -0.000000000000000000, -0.000000000000000000 ) ) ;
#6369 = CARTESIAN_POINT ( 'NONE',  ( 8.840852290477398512, -9.550261755315428758, 1052.100000000006958 ) ) ;
#6370 = CARTESIAN_POINT ( 'NONE',  ( -0.5560518688116493635, 0.5176555429708574740, -0.7092725651034395007 ) ) ;
#6371 = FACE_OUTER_BOUND ( 'NONE', #1627, .T. ) ;
#6373 = EDGE_LOOP ( 'NONE', ( #11647, #247 ) ) ;
#6372 = B_SPLINE_CURVE_WITH_KNOTS ( 'NONE', 3,
 ( #4647, #3556, #10210, #2854, #10135, #11205 ),
 .UNSPECIFIED., .F., .F.,
 ( 4, 2, 4 ),
 ( 0.003228283429323685304, 0.003812703409393314574, 0.004397123389462943843 ),
 .UNSPECIFIED. ) ;
#6374 = CARTESIAN_POINT ( 'NONE',  ( -0.5560518688116490305, -0.5176555429708573630, -0.7092725651034397227 ) ) ;
#6375 = AXIS2_PLACEMENT_3D ( 'NONE', #3704, #917, #12098 ) ;
#6376 = CARTESIAN_POINT ( 'NONE',  ( -1.999999999999999556, 0.9000000000000005773, -0.6905989232413867196 ) ) ;
#6377 = ORIENTED_EDGE ( 'NONE', *, *, #11603, .F. ) ;
#6378 = EDGE_CURVE ( 'NONE', #2221, #1150, #922, .T. ) ;
#6379 = EDGE_CURVE ( 'NONE', #3379, #11462, #8989, .T. ) ;
#6380 = VECTOR ( 'NONE', #6360, 1000.000000000000000 ) ;
#6381 = ORIENTED_EDGE ( 'NONE', *, *, #1674, .T. ) ;
#6382 = CARTESIAN_POINT ( 'NONE',  ( 0.000000000000000000, 0.000000000000000000, 0.000000000000000000 ) ) ;
#6383 = EDGE_LOOP ( 'NONE', ( #7741, #4001, #11815, #719 ) ) ;
#6384 = VECTOR ( 'NONE', #4856, 1000.000000000000114 ) ;
#6385 = CARTESIAN_POINT ( 'NONE',  ( 1.000000000000001998, 1.732050807568876083, 0.000000000000000000 ) ) ;
#6386 = FILL_AREA_STYLE ('',( #12139 ) ) ;
#6387 = CARTESIAN_POINT ( 'NONE',  ( 2.000000000000000000, 0.000000000000000000, 0.000000000000000000 ) ) ;
#6388 = ORIENTED_EDGE ( 'NONE', *, *, #9571, .T. ) ;
#6389 = CARTESIAN_POINT ( 'NONE',  ( 1.500000000000000000, 0.000000000000000000, 0.000000000000000000 ) ) ;
#6390 = AXIS2_PLACEMENT_3D ( 'NONE', #6596, #2775, #2085 ) ;
#6391 = CYLINDRICAL_SURFACE ( 'NONE', #4839, 2.499999999999998668 ) ;
#6392 = DIRECTION ( 'NONE',  ( 0.000000000000000000, 0.000000000000000000, 1.000000000000000000 ) ) ;
#6393 = CARTESIAN_POINT ( 'NONE',  ( 0.000000000000000000, 0.000000000000000000, 0.000000000000000000 ) ) ;
#6394 = VERTEX_POINT ( 'NONE', #1765 ) ;
#6395 = CARTESIAN_POINT ( 'NONE',  ( -17.30000000000000071, 1.898202538678397459E-16, -1.550000000000000044 ) ) ;
#6396 = CIRCLE ( 'NONE', #1266, 5.500000000000000000 ) ;
#6397 = DIRECTION ( 'NONE',  ( 0.000000000000000000, 0.000000000000000000, -1.000000000000000000 ) ) ;
#6398 = LINE ( 'NONE', #6159, #9968 ) ;
#6399 = AXIS2_PLACEMENT_3D ( 'NONE', #9205, #758, #4526 ) ;
#6400 = CARTESIAN_POINT ( 'NONE',  ( 0.3271719972790543829, 2.120508236058134433, -1.530424537474096347 ) ) ;
#6401 = CONTEXT_DEPENDENT_SHAPE_REPRESENTATION ( #8318, #10903 ) ;
#6402 = ADVANCED_FACE ( 'NONE', ( #2931 ), #9339, .F. ) ;
#6403 = EDGE_LOOP ( 'NONE', ( #8331, #10293, #4695, #8203, #11539, #11571 ) ) ;
#6404 = EDGE_CURVE ( 'NONE', #1641, #9313, #3739, .T. ) ;
#6405 = DIRECTION ( 'NONE',  ( 0.000000000000000000, 1.000000000000000000, -2.168404344971008868E-15 ) ) ;
#6406 = LINE ( 'NONE', #861, #9718 ) ;
#6408 = ORIENTED_EDGE ( 'NONE', *, *, #2892, .F. ) ;
#6407 = DIRECTION ( 'NONE',  ( 0.000000000000000000, 1.000000000000000000, 0.000000000000000000 ) ) ;
#6409 = CARTESIAN_POINT ( 'NONE',  ( 0.000000000000000000, 0.000000000000000000, 0.000000000000000000 ) ) ;
#6410 = VECTOR ( 'NONE', #11729, 1000.000000000000000 ) ;
#6411 = DIRECTION ( 'NONE',  ( 1.000000000000000000, 0.000000000000000000, 0.000000000000000000 ) ) ;
#6412 = ORIENTED_EDGE ( 'NONE', *, *, #6160, .T. ) ;
#6413 = EDGE_LOOP ( 'NONE', ( #1045, #8043, #10608, #967, #12133, #4045 ) ) ;
#6414 = FACE_OUTER_BOUND ( 'NONE', #10731, .T. ) ;
#6415 = LINE ( 'NONE', #7209, #10553 ) ;
#6416 = VECTOR ( 'NONE', #7559, 1000.000000000000114 ) ;
#6417 = PLANE ( 'NONE',  #11400 ) ;
#6418 = EDGE_LOOP ( 'NONE', ( #8907, #9988, #4334, #8967 ) ) ;
#6419 = ADVANCED_FACE ( 'NONE', ( #5532 ), #1104, .F. ) ;
#6420 = ORIENTED_EDGE ( 'NONE', *, *, #7038, .F. ) ;
#6421 = EDGE_CURVE ( 'NONE', #3359, #5518, #7606, .T. ) ;
#6422 = AXIS2_PLACEMENT_3D ( 'NONE', #4491, #12030, #9409 ) ;
#6423 = CARTESIAN_POINT ( 'NONE',  ( 2.000000000000000000, 1.154700538379254349, -1.421367205045916737 ) ) ;
#6424 = CARTESIAN_POINT ( 'NONE',  ( -1.000000000000001776, -1.732050807568876527, 0.000000000000000000 ) ) ;
#6425 = ORIENTED_EDGE ( 'NONE', *, *, #11865, .F. ) ;
#6426 = VECTOR ( 'NONE', #7514, 1000.000000000000000 ) ;
#6427 = VERTEX_POINT ( 'NONE', #5467 ) ;
#6428 = CIRCLE ( 'NONE', #512, 2.999999999999999112 ) ;
#6429 = DIRECTION ( 'NONE',  ( -1.000000000000000000, 0.000000000000000000, 0.000000000000000000 ) ) ;
#6430 = B_SPLINE_CURVE_WITH_KNOTS ( 'NONE', 3,
 ( #3767, #5793, #2776, #3952 ),
 .UNSPECIFIED., .F., .F.,
 ( 4, 4 ),
 ( 2.380749485120318031E-07, 0.001168606431211104352 ),
 .UNSPECIFIED. ) ;
#6431 = VECTOR ( 'NONE', #11600, 1000.000000000000000 ) ;
#6432 =( REPRESENTATION_RELATIONSHIP ('NONE','NONE', #912, #11056 ) REPRESENTATION_RELATIONSHIP_WITH_TRANSFORMATION ( #5671 )SHAPE_REPRESENTATION_RELATIONSHIP( ) );
#6433 = FACE_OUTER_BOUND ( 'NONE', #1375, .T. ) ;
#6434 = VECTOR ( 'NONE', #9290, 1000.000000000000000 ) ;
#6435 = DIRECTION ( 'NONE',  ( -6.982962677686266711E-15, 0.000000000000000000, -1.000000000000000000 ) ) ;
#6436 = CARTESIAN_POINT ( 'NONE',  ( -17.30000000000000071, 6.123233995736766036E-17, 0.5000000000000000000 ) ) ;
#6437 = DIRECTION ( 'NONE',  ( 0.000000000000000000, -1.000000000000000000, 0.000000000000000000 ) ) ;
#6438 = ORIENTED_EDGE ( 'NONE', *, *, #11125, .F. ) ;
#6439 = EDGE_CURVE ( 'NONE', #1519, #5446, #3854, .T. ) ;
#6440 = DIRECTION ( 'NONE',  ( 0.000000000000000000, 0.000000000000000000, -1.000000000000000000 ) ) ;
#6441 = AXIS2_PLACEMENT_3D ( 'NONE', #5296, #6338, #9172 ) ;
#6442 = AXIS2_PLACEMENT_3D ( 'NONE', #11954, #8415, #895 ) ;
#6443 = VECTOR ( 'NONE', #9477, 1000.000000000000000 ) ;
#6444 = CARTESIAN_POINT ( 'NONE',  ( -0.1702769162167621364, 0.7403828156981309139, -0.7092725651034388346 ) ) ;
#6445 = ORIENTED_EDGE ( 'NONE', *, *, #8810, .F. ) ;
#6446 = B_SPLINE_CURVE_WITH_KNOTS ( 'NONE', 3,
 ( #8164, #3494, #11761, #6199, #6259, #10946 ),
 .UNSPECIFIED., .F., .F.,
 ( 4, 2, 4 ),
 ( 0.001168606431211103485, 0.001750609284260044515, 0.002332612137308985329 ),
 .UNSPECIFIED. ) ;
#6447 = VECTOR ( 'NONE', #1199, 1000.000000000000000 ) ;
#6448 = ADVANCED_FACE ( 'NONE', ( #2860 ), #9188, .T. ) ;
#6449 = ORIENTED_EDGE ( 'NONE', *, *, #7263, .F. ) ;
#6450 = LINE ( 'NONE', #10215, #10176 ) ;
#6451 = CIRCLE ( 'NONE', #5674, 1.000000000000000000 ) ;
#6452 = DIRECTION ( 'NONE',  ( -1.000000000000000000, 0.000000000000000000, 0.000000000000000000 ) ) ;
#6453 = AXIS2_PLACEMENT_3D ( 'NONE', #6520, #4601, #9463 ) ;
#6454 = DIRECTION ( 'NONE',  ( -1.000000000000000000, -0.000000000000000000, -0.000000000000000000 ) ) ;
#6455 = FACE_OUTER_BOUND ( 'NONE', #4246, .T. ) ;
#6456 = AXIS2_PLACEMENT_3D ( 'NONE', #10473, #4733, #3628 ) ;
#6457 = ORIENTED_EDGE ( 'NONE', *, *, #7405, .T. ) ;
#6458 = ORIENTED_EDGE ( 'NONE', *, *, #432, .F. ) ;
#6459 = ADVANCED_FACE ( 'NONE', ( #8347 ), #2697, .T. ) ;
#6460 = VECTOR ( 'NONE', #1437, 1000.000000000000000 ) ;
#6461 = VECTOR ( 'NONE', #4946, 1000.000000000000000 ) ;
#6462 = EDGE_CURVE ( 'NONE', #987, #10009, #11210, .T. ) ;
#6463 = CARTESIAN_POINT ( 'NONE',  ( -1.672282218993687675, -1.343908487461474177, -0.07933779981236170620 ) ) ;
#6464 = CIRCLE ( 'NONE', #9594, 11.00000000000000000 ) ;
#6465 = LINE ( 'NONE', #722, #310 ) ;
#6466 = PRODUCT_DEFINITION_SHAPE ( 'NONE', 'NONE',  #12219 ) ;
#6467 = CARTESIAN_POINT ( 'NONE',  ( 1.723518695392517009E-16, 0.000000000000000000, -1.165753041649121524 ) ) ;
#6468 = DIRECTION ( 'NONE',  ( 0.000000000000000000, 1.000000000000000000, 0.000000000000000000 ) ) ;
#6469 = ORIENTED_EDGE ( 'NONE', *, *, #5556, .T. ) ;
#6470 = DIRECTION ( 'NONE',  ( -1.000000000000000000, -0.000000000000000000, -0.000000000000000000 ) ) ;
#6471 = VECTOR ( 'NONE', #12045, 1000.000000000000000 ) ;
#6472 = CARTESIAN_POINT ( 'NONE',  ( 1.169735307079673214, 1.634054082335443692, -1.600000000000000977 ) ) ;
#6473 = CARTESIAN_POINT ( 'NONE',  ( -2.000000000000001776, 0.000000000000000000, -2.999999999999891642 ) ) ;
#6474 = CONTEXT_DEPENDENT_SHAPE_REPRESENTATION ( #989, #8714 ) ;
#6475 = EDGE_CURVE ( 'NONE', #9819, #10333, #6625, .T. ) ;
#6476 = EDGE_CURVE ( 'NONE', #6124, #8034, #11894, .T. ) ;
#6477 = AXIS2_PLACEMENT_3D ( 'NONE', #9865, #10733, #6963 ) ;
#6478 = FACE_OUTER_BOUND ( 'NONE', #1679, .T. ) ;
#6479 = DIRECTION ( 'NONE',  ( 0.000000000000000000, 0.000000000000000000, -1.000000000000000000 ) ) ;
#6480 = ORIENTED_EDGE ( 'NONE', *, *, #6476, .T. ) ;
#6481 = CARTESIAN_POINT ( 'NONE',  ( 4.099999999999999645, 0.000000000000000000, 0.3999999999999968026 ) ) ;
#6483 = ORIENTED_EDGE ( 'NONE', *, *, #11454, .T. ) ;
#6482 = CARTESIAN_POINT ( 'NONE',  ( 0.000000000000000000, 2.309401076758504701, -0.1786327949540832127 ) ) ;
#6484 = DIRECTION ( 'NONE',  ( -0.000000000000000000, -0.000000000000000000, 1.000000000000000000 ) ) ;
#6485 = AXIS2_PLACEMENT_3D ( 'NONE', #2541, #11919, #11991 ) ;
#6486 = CARTESIAN_POINT ( 'NONE',  ( 0.000000000000000000, 0.000000000000000000, 0.000000000000000000 ) ) ;
#6487 = ORIENTED_EDGE ( 'NONE', *, *, #4703, .T. ) ;
#6488 = PRODUCT_RELATED_PRODUCT_CATEGORY ( 'part', '', ( #10299 ) ) ;
#6489 = CARTESIAN_POINT ( 'NONE',  ( -2.000000000000000000, 1.154700538379254349, -1.421367205045916737 ) ) ;
#6490 = CARTESIAN_POINT ( 'NONE',  ( 0.000000000000000000, 4.898598887637106556E-16, -1.599999999999999867 ) ) ;
#6491 = DIRECTION ( 'NONE',  ( -1.000000000000000000, 0.000000000000000000, 0.000000000000000000 ) ) ;
#6492 = ORIENTED_EDGE ( 'NONE', *, *, #10812, .T. ) ;
#6493 = STYLED_ITEM ( 'NONE', ( #6952 ), #480 ) ;
#6494 = DIRECTION ( 'NONE',  ( -0.000000000000000000, 1.224649721909276639E-16, -1.000000000000000000 ) ) ;
#6495 = CARTESIAN_POINT ( 'NONE',  ( -1.000000000000000444, 0.000000000000000000, 0.000000000000000000 ) ) ;
#6496 = CARTESIAN_POINT ( 'NONE',  ( 0.000000000000000000, 4.738805170303855086E-16, -1.469518839163146406 ) ) ;
#6497 = CARTESIAN_POINT ( 'NONE',  ( 2.000000000000000000, 9.199999999999999289, -18.50000000000000355 ) ) ;
#6498 =( GEOMETRIC_REPRESENTATION_CONTEXT ( 3 ) GLOBAL_UNCERTAINTY_ASSIGNED_CONTEXT ( ( #4719 ) ) GLOBAL_UNIT_ASSIGNED_CONTEXT ( ( #1787, #10161, #5669 ) ) REPRESENTATION_CONTEXT ( 'NONE', 'WORKASPACE' ) );
#6499 = ORIENTED_EDGE ( 'NONE', *, *, #10929, .F. ) ;
#6500 = EDGE_CURVE ( 'NONE', #2421, #4715, #5716, .T. ) ;
#6501 = EDGE_LOOP ( 'NONE', ( #7000, #953, #3401, #7558 ) ) ;
#6502 = CARTESIAN_POINT ( 'NONE',  ( 2.099999999999999645, -4.001000000000000334, 0.4999999999999991673 ) ) ;
#6503 = EDGE_CURVE ( 'NONE', #2073, #10051, #3880, .T. ) ;
#6504 = ORIENTED_EDGE ( 'NONE', *, *, #9823, .T. ) ;
#6505 = DIRECTION ( 'NONE',  ( 1.000000000000000000, 0.000000000000000000, 0.000000000000000000 ) ) ;
#6506 = FACE_OUTER_BOUND ( 'NONE', #2617, .T. ) ;
#6507 = VERTEX_POINT ( 'NONE', #954 ) ;
#6508 = CARTESIAN_POINT ( 'NONE',  ( -2.000000000000000000, 1.154700538379251240, -1.600000000000000089 ) ) ;
#6509 = PRESENTATION_LAYER_ASSIGNMENT (  '', '', ( #11832 ) ) ;
#6510 = EDGE_LOOP ( 'NONE', ( #2239, #7539 ) ) ;
#6511 = CYLINDRICAL_SURFACE ( 'NONE', #4868, 1.000000000000000000 ) ;
#6512 = EDGE_LOOP ( 'NONE', ( #3765, #4681, #1036, #6341 ) ) ;
#6513 = ORIENTED_EDGE ( 'NONE', *, *, #7014, .T. ) ;
#6514 = CARTESIAN_POINT ( 'NONE',  ( 1.999999999999999556, 0.9679918988505321620, -1.475265346691885027 ) ) ;
#6515 = APPLICATION_CONTEXT ( 'automotive_design' ) ;
#6516 = EDGE_CURVE ( 'NONE', #9629, #1018, #4271, .T. ) ;
#6517 = COLOUR_RGB ( '',1.000000000000000000, 0.9490196078431372140, 0.9098039215686274384 ) ;
#6518 = DIRECTION ( 'NONE',  ( -0.000000000000000000, -0.000000000000000000, 1.000000000000000000 ) ) ;
#6519 = B_SPLINE_CURVE_WITH_KNOTS ( 'NONE', 3,
 ( #12128, #3664, #11202, #3533, #10054, #5370 ),
 .UNSPECIFIED., .F., .F.,
 ( 4, 2, 4 ),
 ( 0.003228283429323684436, 0.003812703409393311971, 0.004397123389462939506 ),
 .UNSPECIFIED. ) ;
#6520 = CARTESIAN_POINT ( 'NONE',  ( -17.94999999999999929, 0.000000000000000000, 0.000000000000000000 ) ) ;
#6521 = SURFACE_SIDE_STYLE ('',( #2755 ) ) ;
#6522 = DIRECTION ( 'NONE',  ( 0.000000000000000000, -0.000000000000000000, 1.000000000000000000 ) ) ;
#6523 = ORIENTED_EDGE ( 'NONE', *, *, #3292, .T. ) ;
#6524 = ORIENTED_EDGE ( 'NONE', *, *, #6289, .T. ) ;
#6525 = DIRECTION ( 'NONE',  ( 0.000000000000000000, 0.000000000000000000, -1.000000000000000000 ) ) ;
#6526 = DIRECTION ( 'NONE',  ( -0.000000000000000000, 1.224649721909276639E-16, -1.000000000000000000 ) ) ;
#6527 = ADVANCED_FACE ( 'NONE', ( #4773, #77 ), #1062, .T. ) ;
#6528 = DIRECTION ( 'NONE',  ( -1.000000000000000000, -0.000000000000000000, -0.000000000000000000 ) ) ;
#6529 = VECTOR ( 'NONE', #6857, 1000.000000000000114 ) ;
#6530 = CYLINDRICAL_SURFACE ( 'NONE', #1665, 1.099999999999996758 ) ;
#6531 = CARTESIAN_POINT ( 'NONE',  ( 2.000000000000000000, -1.154700538379253905, -1.600000000000000089 ) ) ;
#6532 = ORIENTED_EDGE ( 'NONE', *, *, #1383, .F. ) ;
#6533 = LINE ( 'NONE', #11280, #7988 ) ;
#6534 = EDGE_CURVE ( 'NONE', #412, #1977, #1309, .T. ) ;
#6535 = LINE ( 'NONE', #7695, #1108 ) ;
#6536 = CARTESIAN_POINT ( 'NONE',  ( 14.05000000000000071, 0.000000000000000000, 0.000000000000000000 ) ) ;
#6537 =( LENGTH_UNIT ( ) NAMED_UNIT ( * ) SI_UNIT ( .MILLI., .METRE. ) );
#6538 = CARTESIAN_POINT ( 'NONE',  ( 0.000000000000000000, 0.000000000000000000, 0.000000000000000000 ) ) ;
#6539 = COLOUR_RGB ( '',0.7921568627450980005, 0.8196078431372548767, 0.9333333333333333481 ) ;
#6540 = CYLINDRICAL_SURFACE ( 'NONE', #1939, 11.00000000000000000 ) ;
#6541 = DIRECTION ( 'NONE',  ( -0.8660254037844380415, 0.5000000000000008882, 0.000000000000000000 ) ) ;
#6542 = CARTESIAN_POINT ( 'NONE',  ( 4.250000000000000000, 0.000000000000000000, 0.000000000000000000 ) ) ;
#6543 = EDGE_LOOP ( 'NONE', ( #2200, #5632, #1339, #5645 ) ) ;
#6544 = LINE ( 'NONE', #1032, #10113 ) ;
#6545 = ORIENTED_EDGE ( 'NONE', *, *, #614, .T. ) ;
#6546 = DIRECTION ( 'NONE',  ( 0.000000000000000000, 1.000000000000000000, 0.000000000000000000 ) ) ;
#6547 = MECHANICAL_DESIGN_GEOMETRIC_PRESENTATION_REPRESENTATION (  '', ( #10871 ), #10667 ) ;
#6548 = CARTESIAN_POINT ( 'NONE',  ( -2.000000000000000000, -0.8000000000000194733, -20.99999999999990763 ) ) ;
#6549 = ADVANCED_FACE ( 'NONE', ( #7784 ), #7418, .T. ) ;
#6550 = EDGE_CURVE ( 'NONE', #5924, #11130, #8589, .T. ) ;
#6551 = EDGE_LOOP ( 'NONE', ( #770, #10670, #8509 ) ) ;
#6552 =( NAMED_UNIT ( * ) PLANE_ANGLE_UNIT ( ) SI_UNIT ( $, .RADIAN. ) );
#6553 = CARTESIAN_POINT ( 'NONE',  ( 0.000000000000000000, 1.224646799147353207E-16, -1.000000000000000000 ) ) ;
#6554 = EDGE_LOOP ( 'NONE', ( #6078, #8385, #11264, #2705 ) ) ;
#6555 = CARTESIAN_POINT ( 'NONE',  ( 0.000000000000000000, 0.000000000000000000, -0.3000000000000035416 ) ) ;
#6556 = ORIENTED_EDGE ( 'NONE', *, *, #5407, .T. ) ;
#6557 = DIRECTION ( 'NONE',  ( 0.000000000000000000, 0.000000000000000000, 1.000000000000000000 ) ) ;
#6558 = ORIENTED_EDGE ( 'NONE', *, *, #373, .T. ) ;
#6559 = VERTEX_POINT ( 'NONE', #2056 ) ;
#6560 = ORIENTED_EDGE ( 'NONE', *, *, #8228, .F. ) ;
#6561 = ORIENTED_EDGE ( 'NONE', *, *, #73, .F. ) ;
#6562 = DIRECTION ( 'NONE',  ( 1.000000000000000000, -0.000000000000000000, -0.000000000000000000 ) ) ;
#6563 = PRODUCT_DEFINITION_SHAPE ( 'NONE', 'NONE',  #5582 ) ;
#6564 = DIRECTION ( 'NONE',  ( -0.000000000000000000, -0.000000000000000000, -1.000000000000000000 ) ) ;
#6565 = CARTESIAN_POINT ( 'NONE',  ( 0.7513332849188855134, -0.4622055825720804978, -0.6366296085007027150 ) ) ;
#6566 = EDGE_LOOP ( 'NONE', ( #6052, #372, #5780, #5918 ) ) ;
#6567 = FACE_OUTER_BOUND ( 'NONE', #8078, .T. ) ;
#6568 = EDGE_CURVE ( 'NONE', #6127, #3725, #3170, .T. ) ;
#6569 = EDGE_CURVE ( 'NONE', #1490, #7485, #531, .T. ) ;
#6570 = CARTESIAN_POINT ( 'NONE',  ( 5.499999999999998224, -0.7999999999999847233, -20.99999999999990763 ) ) ;
#6571 = ORIENTED_EDGE ( 'NONE', *, *, #6604, .T. ) ;
#6572 = VERTEX_POINT ( 'NONE', #4895 ) ;
#6573 = CARTESIAN_POINT ( 'NONE',  ( 0.000000000000000000, 0.000000000000000000, 0.000000000000000000 ) ) ;
#6574 = LINE ( 'NONE', #5771, #5250 ) ;
#6575 = LINE ( 'NONE', #2809, #139 ) ;
#6576 = LINE ( 'NONE', #2810, #9989 ) ;
#6577 = ORIENTED_EDGE ( 'NONE', *, *, #5187, .T. ) ;
#6578 = ORIENTED_EDGE ( 'NONE', *, *, #9568, .T. ) ;
#6579 = CARTESIAN_POINT ( 'NONE',  ( 2.000000000000000000, 0.000000000000000000, 0.000000000000000000 ) ) ;
#6580 = EDGE_CURVE ( 'NONE', #4918, #1763, #10632, .T. ) ;
#6581 = DIRECTION ( 'NONE',  ( 1.000000000000000000, 0.000000000000000000, 0.000000000000000000 ) ) ;
#6582 = FACE_OUTER_BOUND ( 'NONE', #2678, .T. ) ;
#6583 = ORIENTED_EDGE ( 'NONE', *, *, #8681, .F. ) ;
#6584 = DIRECTION ( 'NONE',  ( -1.000000000000000000, 0.000000000000000000, 0.000000000000000000 ) ) ;
#6585 = CARTESIAN_POINT ( 'NONE',  ( 0.000000000000000000, 0.000000000000000000, -0.1291166393111913002 ) ) ;
#6586 = EDGE_CURVE ( 'NONE', #5392, #7783, #1246, .T. ) ;
#6587 =( LENGTH_UNIT ( ) NAMED_UNIT ( * ) SI_UNIT ( .MILLI., .METRE. ) );
#6588 = CIRCLE ( 'NONE', #2833, 0.1749999999999997946 ) ;
#6589 = FACE_OUTER_BOUND ( 'NONE', #1794, .T. ) ;
#6590 = ITEM_DEFINED_TRANSFORMATION ( 'NONE', 'NONE', #6125,  #8058 ) ;
#6591 = CONICAL_SURFACE ( 'NONE', #10724, 2.000000000000000000, 1.047197551196596299 ) ;
#6592 = EDGE_CURVE ( 'NONE', #7659, #6087, #3897, .T. ) ;
#6593 = FACE_BOUND ( 'NONE', #10354, .T. ) ;
#6594 = VERTEX_POINT ( 'NONE', #1190 ) ;
#6595 = CARTESIAN_POINT ( 'NONE',  ( 0.000000000000000000, 2.309401076758504701, -0.1786327949540832127 ) ) ;
#6596 = CARTESIAN_POINT ( 'NONE',  ( 0.000000000000000000, 4.898598887637106556E-16, -2.400000000000000355 ) ) ;
#6597 = DIRECTION ( 'NONE',  ( 0.000000000000000000, 0.000000000000000000, 1.000000000000000000 ) ) ;
#6598 = ORIENTED_EDGE ( 'NONE', *, *, #1302, .T. ) ;
#6599 = ADVANCED_FACE ( 'NONE', ( #2240, #10456 ), #5890, .F. ) ;
#6600 = DIRECTION ( 'NONE',  ( -0.000000000000000000, 1.224649721909276639E-16, -1.000000000000000000 ) ) ;
#6601 = CARTESIAN_POINT ( 'NONE',  ( 2.000000000000000000, 9.199999999999999289, -18.50000000000000355 ) ) ;
#6602 = EDGE_LOOP ( 'NONE', ( #9531, #5961, #3780 ) ) ;
#6603 = EDGE_CURVE ( 'NONE', #10585, #1118, #5011, .T. ) ;
#6604 = EDGE_CURVE ( 'NONE', #7485, #1490, #11588, .T. ) ;
#6605 = AXIS2_PLACEMENT_3D ( 'NONE', #2169, #2287, #6050 ) ;
#6606 = LINE ( 'NONE', #9441, #11150 ) ;
#6607 = ORIENTED_EDGE ( 'NONE', *, *, #6306, .F. ) ;
#6608 = DIRECTION ( 'NONE',  ( 0.000000000000000000, -1.000000000000000000, -0.000000000000000000 ) ) ;
#6609 = DIRECTION ( 'NONE',  ( -0.000000000000000000, 0.000000000000000000, 1.000000000000000000 ) ) ;
#6610 = ORIENTED_EDGE ( 'NONE', *, *, #8064, .F. ) ;
#6611 = ORIENTED_EDGE ( 'NONE', *, *, #8957, .T. ) ;
#6612 = AXIS2_PLACEMENT_3D ( 'NONE', #10484, #1976, #5559 ) ;
#6613 = APPLICATION_PROTOCOL_DEFINITION ( 'draft international standard', 'automotive_design', 1998, #3286 ) ;
#6614 = CARTESIAN_POINT ( 'NONE',  ( -0.1420668001776634604, -0.8093834734528495556, -0.6723905438247471666 ) ) ;
#6615 = DIRECTION ( 'NONE',  ( -1.000000000000000000, 0.000000000000000000, 0.000000000000000000 ) ) ;
#6616 = VERTEX_POINT ( 'NONE', #3043 ) ;
#6617 = AXIS2_PLACEMENT_3D ( 'NONE', #1420, #8931, #11794 ) ;
#6618 = CARTESIAN_POINT ( 'NONE',  ( 3.500000000000000000, 9.199999999999999289, -18.50000000000000355 ) ) ;
#6619 = DIRECTION ( 'NONE',  ( -0.000000000000000000, 1.000000000000000000, 0.000000000000000000 ) ) ;
#6620 = VECTOR ( 'NONE', #4923, 1000.000000000000114 ) ;
#6621 = AXIS2_PLACEMENT_3D ( 'NONE', #4574, #1801, #10757 ) ;
#6622 = ORIENTED_EDGE ( 'NONE', *, *, #5256, .T. ) ;
#6623 = ORIENTED_EDGE ( 'NONE', *, *, #2604, .F. ) ;
#6624 = AXIS2_PLACEMENT_3D ( 'NONE', #1037, #9616, #6772 ) ;
#6625 = LINE ( 'NONE', #10272, #6045 ) ;
#6626 = CARTESIAN_POINT ( 'NONE',  ( 0.000000000000000000, 0.000000000000000000, -1.600000000000000089 ) ) ;
#6627 = EDGE_CURVE ( 'NONE', #11107, #8564, #9008, .T. ) ;
#6628 = ADVANCED_FACE ( 'NONE', ( #2183 ), #4951, .F. ) ;
#6629 = DIRECTION ( 'NONE',  ( -0.000000000000000000, -0.000000000000000000, 1.000000000000000000 ) ) ;
#6630 = FILL_AREA_STYLE_COLOUR ( '', #6517 ) ;
#6631 = VECTOR ( 'NONE', #3266, 1000.000000000000000 ) ;
#6632 = DIRECTION ( 'NONE',  ( -1.000000000000000000, 0.000000000000000000, 0.000000000000000000 ) ) ;
#6633 = CIRCLE ( 'NONE', #3487, 1.000000000000000000 ) ;
#6634 = VERTEX_POINT ( 'NONE', #3920 ) ;
#6635 = CARTESIAN_POINT ( 'NONE',  ( 2.000000000000000000, 1.154700538379250130, -1.600000000000000089 ) ) ;
#6636 = AXIS2_PLACEMENT_3D ( 'NONE', #8470, #3794, #9460 ) ;
#6637 = AXIS2_PLACEMENT_3D ( 'NONE', #8689, #1288, #11725 ) ;
#6638 = CARTESIAN_POINT ( 'NONE',  ( -1.339247740005897080, -1.536186033554502339, -0.01710519872702283631 ) ) ;
#6639 = ORIENTED_EDGE ( 'NONE', *, *, #2639, .F. ) ;
#6640 = CARTESIAN_POINT ( 'NONE',  ( 2.500000000000000000, 9.199999999999999289, -16.00000000000000000 ) ) ;
#6641 = CARTESIAN_POINT ( 'NONE',  ( -1.000000000000000888, 1.732050807568876749, -1.600000000000000089 ) ) ;
#6642 = AXIS2_PLACEMENT_3D ( 'NONE', #6278, #1596, #2586 ) ;
#6643 = AXIS2_PLACEMENT_3D ( 'NONE', #3131, #6888, #404 ) ;
#6644 = ORIENTED_EDGE ( 'NONE', *, *, #11359, .F. ) ;
#6645 = AXIS2_PLACEMENT_3D ( 'NONE', #2388, #4361, #5160 ) ;
#6646 = CARTESIAN_POINT ( 'NONE',  ( 2.500000000000000000, 9.199999999999999289, -21.00000000000000355 ) ) ;
#6647 = VERTEX_POINT ( 'NONE', #2990 ) ;
#6648 = CARTESIAN_POINT ( 'NONE',  ( 5.499999999999998224, 0.8999999999999998002, -23.30940107675841233 ) ) ;
#6649 = EDGE_CURVE ( 'NONE', #10615, #242, #255, .T. ) ;
#6650 = ADVANCED_FACE ( 'NONE', ( #9515 ), #1929, .T. ) ;
#6651 = LINE ( 'NONE', #10413, #6443 ) ;
#6652 = SURFACE_STYLE_USAGE ( .BOTH. , #166 ) ;
#6653 = AXIS2_PLACEMENT_3D ( 'NONE', #11554, #3976, #2117 ) ;
#6654 = CARTESIAN_POINT ( 'NONE',  ( 0.000000000000000000, 0.000000000000000000, 0.000000000000000000 ) ) ;
#6655 = VERTEX_POINT ( 'NONE', #5947 ) ;
#6656 = AXIS2_PLACEMENT_3D ( 'NONE', #1068, #6986, #4957 ) ;
#6657 = LINE ( 'NONE', #10291, #10796 ) ;
#6658 = PLANE ( 'NONE',  #9983 ) ;
#6659 = AXIS2_PLACEMENT_3D ( 'NONE', #8213, #5196, #3226 ) ;
#6660 = AXIS2_PLACEMENT_3D ( 'NONE', #1687, #6619, #12201 ) ;
#6661 = LINE ( 'NONE', #6481, #8530 ) ;
#6662 = LINE ( 'NONE', #5854, #7763 ) ;
#6663 = LINE ( 'NONE', #11419, #106 ) ;
#6664 = ORIENTED_EDGE ( 'NONE', *, *, #10036, .T. ) ;
#6665 = CIRCLE ( 'NONE', #2333, 3.000000000000000444 ) ;
#6666 = EDGE_CURVE ( 'NONE', #8779, #846, #10401, .T. ) ;
#6667 = CARTESIAN_POINT ( 'NONE',  ( 0.000000000000000000, 0.000000000000000000, 0.000000000000000000 ) ) ;
#6668 = LINE ( 'NONE', #1980, #5863 ) ;
#6669 = CIRCLE ( 'NONE', #1740, 0.1749999999999999056 ) ;
#6670 = ORIENTED_EDGE ( 'NONE', *, *, #10199, .T. ) ;
#6671 = LINE ( 'NONE', #5926, #911 ) ;
#6672 = AXIS2_PLACEMENT_3D ( 'NONE', #2150, #4056, #5912 ) ;
#6673 = ADVANCED_FACE ( 'NONE', ( #1620 ), #7222, .T. ) ;
#6674 = DIRECTION ( 'NONE',  ( -1.000000000000000000, 0.000000000000000000, 0.000000000000000000 ) ) ;
#6675 = ORIENTED_EDGE ( 'NONE', *, *, #194, .F. ) ;
#6676 = PLANE ( 'NONE',  #579 ) ;
#6677 = CARTESIAN_POINT ( 'NONE',  ( -1.000000000000000444, 0.000000000000000000, 0.000000000000000000 ) ) ;
#6678 = AXIS2_PLACEMENT_3D ( 'NONE', #3038, #6863, #10452 ) ;
#6679 = VERTEX_POINT ( 'NONE', #2370 ) ;
#6680 = ORIENTED_EDGE ( 'NONE', *, *, #11354, .T. ) ;
#6681 = EDGE_CURVE ( 'NONE', #2114, #2228, #1335, .T. ) ;
#6682 = ORIENTED_EDGE ( 'NONE', *, *, #2524, .F. ) ;
#6683 = CARTESIAN_POINT ( 'NONE',  ( 0.000000000000000000, 0.000000000000000000, -1.600000000000000089 ) ) ;
#6684 = SHAPE_DEFINITION_REPRESENTATION ( #9318, #7608 ) ;
#6685 = FACE_OUTER_BOUND ( 'NONE', #4256, .T. ) ;
#6686 = DIRECTION ( 'NONE',  ( -0.000000000000000000, -0.000000000000000000, 1.000000000000000000 ) ) ;
#6687 = ORIENTED_EDGE ( 'NONE', *, *, #7415, .F. ) ;
#6688 = ORIENTED_EDGE ( 'NONE', *, *, #977, .F. ) ;
#6689 = FACE_BOUND ( 'NONE', #8692, .T. ) ;
#6690 =( GEOMETRIC_REPRESENTATION_CONTEXT ( 3 ) GLOBAL_UNCERTAINTY_ASSIGNED_CONTEXT ( ( #4211 ) ) GLOBAL_UNIT_ASSIGNED_CONTEXT ( ( #12170, #1978, #2898 ) ) REPRESENTATION_CONTEXT ( 'NONE', 'WORKASPACE' ) );
#6691 = DIRECTION ( 'NONE',  ( 0.000000000000000000, 0.000000000000000000, 1.000000000000000000 ) ) ;
#6692 = VERTEX_POINT ( 'NONE', #3477 ) ;
#6693 = CARTESIAN_POINT ( 'NONE',  ( 1.550000000000000266, 0.000000000000000000, 0.000000000000000000 ) ) ;
#6694 = EDGE_CURVE ( 'NONE', #2030, #12127, #6181, .T. ) ;
#6695 = EDGE_CURVE ( 'NONE', #9657, #4504, #3302, .T. ) ;
#6696 = CARTESIAN_POINT ( 'NONE',  ( -2.168404344971008868E-15, 2.500000000000000000, -1.845299461620634407 ) ) ;
#6697 = ORIENTED_EDGE ( 'NONE', *, *, #2060, .T. ) ;
#6698 = CARTESIAN_POINT ( 'NONE',  ( 1.000000000000000000, 9.199999999999999289, -17.00000000000000000 ) ) ;
#6699 = DIRECTION ( 'NONE',  ( 0.000000000000000000, 0.000000000000000000, -1.000000000000000000 ) ) ;
#6700 = CARTESIAN_POINT ( 'NONE',  ( 0.000000000000000000, 1.000000000000000444, -3.730481160836854215 ) ) ;
#6701 = ORIENTED_EDGE ( 'NONE', *, *, #8644, .F. ) ;
#6702 = LINE ( 'NONE', #12212, #10424 ) ;
#6703 = LINE ( 'NONE', #218, #3052 ) ;
#6704 = ORIENTED_EDGE ( 'NONE', *, *, #9064, .F. ) ;
#6705 = CARTESIAN_POINT ( 'NONE',  ( 4.099999999999999645, 2.821690854684141936, 0.9000000000000006883 ) ) ;
#6706 = ORIENTED_EDGE ( 'NONE', *, *, #10273, .T. ) ;
#6707 = CARTESIAN_POINT ( 'NONE',  ( 0.000000000000000000, 5.058392604970359998E-16, -2.930481160836854393 ) ) ;
#6708 = CARTESIAN_POINT ( 'NONE',  ( 2.000000000000000000, -0.1951254011572754188, -1.600000000000000089 ) ) ;
#6709 = LINE ( 'NONE', #9480, #6426 ) ;
#6710 = EDGE_LOOP ( 'NONE', ( #2234, #5724, #8333, #7712, #5262 ) ) ;
#6711 = ADVANCED_FACE ( 'NONE', ( #7047 ), #6980, .F. ) ;
#6712 = EDGE_CURVE ( 'NONE', #995, #6096, #1496, .T. ) ;
#6713 = CARTESIAN_POINT ( 'NONE',  ( 1.000000000000000444, -1.732050807568876971, -1.600000000000000089 ) ) ;
#6714 = CARTESIAN_POINT ( 'NONE',  ( 0.000000000000000000, 0.000000000000000000, 0.000000000000000000 ) ) ;
#6715 = DIRECTION ( 'NONE',  ( 1.000000000000000000, 0.000000000000000000, 0.000000000000000000 ) ) ;
#6716 = CARTESIAN_POINT ( 'NONE',  ( 1.000000000000000444, -1.732050807568876971, 0.000000000000000000 ) ) ;
#6717 = ORIENTED_EDGE ( 'NONE', *, *, #11986, .T. ) ;
#6718 = DIRECTION ( 'NONE',  ( 0.000000000000000000, 0.000000000000000000, 1.000000000000000000 ) ) ;
#6719 =( GEOMETRIC_REPRESENTATION_CONTEXT ( 3 ) GLOBAL_UNCERTAINTY_ASSIGNED_CONTEXT ( ( #2963 ) ) GLOBAL_UNIT_ASSIGNED_CONTEXT ( ( #5426, #4506, #7503 ) ) REPRESENTATION_CONTEXT ( 'NONE', 'WORKASPACE' ) );
#6720 =( NAMED_UNIT ( * ) SI_UNIT ( $, .STERADIAN. ) SOLID_ANGLE_UNIT ( ) );
#6721 = B_SPLINE_CURVE_WITH_KNOTS ( 'NONE', 3,
 ( #4335, #8090, #11867, #4205, #11923, #6921 ),
 .UNSPECIFIED., .F., .F.,
 ( 4, 2, 4 ),
 ( 0.002060137505873420056, 0.002644210467598552029, 0.003228283429323684436 ),
 .UNSPECIFIED. ) ;
#6722 = CARTESIAN_POINT ( 'NONE',  ( 0.000000000000000000, 4.738805170303855086E-16, -1.869518839163146762 ) ) ;
#6723 = ORIENTED_EDGE ( 'NONE', *, *, #3629, .F. ) ;
#6724 = AXIS2_PLACEMENT_3D ( 'NONE', #4269, #3216, #3417 ) ;
#6725 = AXIS2_PLACEMENT_3D ( 'NONE', #2149, #11008, #5035 ) ;
#6726 = ADVANCED_FACE ( 'NONE', ( #6068 ), #4460, .F. ) ;
#6727 = DIRECTION ( 'NONE',  ( -1.000000000000000000, -0.000000000000000000, -0.000000000000000000 ) ) ;
#6728 = ORIENTED_EDGE ( 'NONE', *, *, #8776, .F. ) ;
#6729 = CARTESIAN_POINT ( 'NONE',  ( 3.500000000000000000, 0.000000000000000000, -24.00000000000000000 ) ) ;
#6730 = DIRECTION ( 'NONE',  ( 0.000000000000000000, 1.000000000000000000, -0.000000000000000000 ) ) ;
#6731 = ORIENTED_EDGE ( 'NONE', *, *, #3984, .F. ) ;
#6732 = EDGE_LOOP ( 'NONE', ( #3837, #9295, #2924, #7543 ) ) ;
#6733 = EDGE_CURVE ( 'NONE', #6757, #622, #5263, .T. ) ;
#6734 = CARTESIAN_POINT ( 'NONE',  ( 0.6062177826491110810, -0.3500000000000007550, 0.000000000000000000 ) ) ;
#6735 = DIRECTION ( 'NONE',  ( 0.000000000000000000, 0.000000000000000000, 1.000000000000000000 ) ) ;
#6736 = CARTESIAN_POINT ( 'NONE',  ( -4.987329993433320396E-15, -2.309401076758504701, -1.421367205045916737 ) ) ;
#6737 = CARTESIAN_POINT ( 'NONE',  ( 0.000000000000000000, 0.000000000000000000, 2.500000000000000000 ) ) ;
#6738 = ORIENTED_EDGE ( 'NONE', *, *, #3811, .F. ) ;
#6739 = ORIENTED_EDGE ( 'NONE', *, *, #7531, .F. ) ;
#6740 = EDGE_CURVE ( 'NONE', #7837, #5326, #9825, .T. ) ;
#6741 = CARTESIAN_POINT ( 'NONE',  ( 0.000000000000000000, 7.500000000000000000, -6.116139535669825378 ) ) ;
#6742 = DIRECTION ( 'NONE',  ( 1.000000000000000000, 0.000000000000000000, 0.000000000000000000 ) ) ;
#6743 = DIRECTION ( 'NONE',  ( -1.000000000000000000, -0.000000000000000000, -0.000000000000000000 ) ) ;
#6744 = VERTEX_POINT ( 'NONE', #1564 ) ;
#6745 = CARTESIAN_POINT ( 'NONE',  ( 0.000000000000000000, 0.000000000000000000, -1.600000000000000089 ) ) ;
#6746 = SHAPE_REPRESENTATION ( 'Rolamento', ( #8058 ), #8852 ) ;
#6747 = CARTESIAN_POINT ( 'NONE',  ( -2.000000000000000000, 1.154700538379251240, -0.1786327949540822413 ) ) ;
#6748 = EDGE_LOOP ( 'NONE', ( #10699, #2629, #5003, #11299 ) ) ;
#6749 = CARTESIAN_POINT ( 'NONE',  ( 2.000000000000000000, 1.154700538379250130, -1.600000000000000089 ) ) ;
#6750 = SURFACE_STYLE_USAGE ( .BOTH. , #8659 ) ;
#6751 = CARTESIAN_POINT ( 'NONE',  ( -1.000000000000000000, 0.000000000000000000, 0.000000000000000000 ) ) ;
#6752 = VERTEX_POINT ( 'NONE', #436 ) ;
#6753 = CARTESIAN_POINT ( 'NONE',  ( 5.499999999999997335, 2.500000000000000000, -5.309401076758394566 ) ) ;
#6754 = EDGE_CURVE ( 'NONE', #10100, #10427, #2334, .T. ) ;
#6755 = EDGE_CURVE ( 'NONE', #3348, #12215, #5293, .T. ) ;
#6756 = PRODUCT_DEFINITION_SHAPE ( 'NONE', 'NONE',  #12229 ) ;
#6757 = VERTEX_POINT ( 'NONE', #10818 ) ;
#6758 = DIRECTION ( 'NONE',  ( 0.000000000000000000, -1.000000000000000000, 2.168404344971008868E-15 ) ) ;
#6759 = ORIENTED_EDGE ( 'NONE', *, *, #9007, .T. ) ;
#6760 = CYLINDRICAL_SURFACE ( 'NONE', #8811, 2.999999999999999112 ) ;
#6761 = ORIENTED_EDGE ( 'NONE', *, *, #7775, .T. ) ;
#6762 = LINE ( 'NONE', #6648, #7216 ) ;
#6763 = DIRECTION ( 'NONE',  ( 1.000000000000000000, -0.000000000000000000, -0.000000000000000000 ) ) ;
#6764 = FILL_AREA_STYLE_COLOUR ( '', #11232 ) ;
#6765 = DIRECTION ( 'NONE',  ( -1.000000000000000000, 8.881784197001252323E-16, 0.000000000000000000 ) ) ;
#6766 = ORIENTED_EDGE ( 'NONE', *, *, #3263, .T. ) ;
#6767 = FILL_AREA_STYLE ('',( #3759 ) ) ;
#6768 = CARTESIAN_POINT ( 'NONE',  ( 0.000000000000000000, 2.309401076758504701, -0.1786327949540832127 ) ) ;
#6769 = DIRECTION ( 'NONE',  ( 0.000000000000000000, -1.000000000000000000, 0.000000000000000000 ) ) ;
#6770 = CARTESIAN_POINT ( 'NONE',  ( -4.987329993433320396E-15, -2.309401076758504701, -0.1786327949540832127 ) ) ;
#6771 = ORIENTED_EDGE ( 'NONE', *, *, #4822, .F. ) ;
#6772 = DIRECTION ( 'NONE',  ( 0.000000000000000000, 0.000000000000000000, 1.000000000000000000 ) ) ;
#6773 = DIRECTION ( 'NONE',  ( -1.000000000000000000, 0.000000000000000000, 0.000000000000000000 ) ) ;
#6774 = FILL_AREA_STYLE_COLOUR ( '', #3735 ) ;
#6775 = EDGE_CURVE ( 'NONE', #473, #9543, #11206, .T. ) ;
#6776 = EDGE_CURVE ( 'NONE', #10448, #10333, #1127, .T. ) ;
#6777 = ORIENTED_EDGE ( 'NONE', *, *, #1820, .T. ) ;
#6778 = CARTESIAN_POINT ( 'NONE',  ( 0.000000000000000000, 4.738805170303855086E-16, -1.869518839163146762 ) ) ;
#6779 = ORIENTED_EDGE ( 'NONE', *, *, #7132, .F. ) ;
#6780 = B_SPLINE_CURVE_WITH_KNOTS ( 'NONE', 3,
 ( #11155, #7373, #5483, #6641 ),
 .UNSPECIFIED., .F., .F.,
 ( 4, 4 ),
 ( 2.380749485086116428E-07, 0.001168606431211100015 ),
 .UNSPECIFIED. ) ;
#6781 = PLANE ( 'NONE',  #533 ) ;
#6782 = ORIENTED_EDGE ( 'NONE', *, *, #8915, .T. ) ;
#6783 = COLOUR_RGB ( '',0.8980392156862745390, 0.9176470588235293713, 0.9294117647058823817 ) ;
#6784 = DIRECTION ( 'NONE',  ( -1.000000000000000000, 0.000000000000000000, 0.000000000000000000 ) ) ;
#6785 = ORIENTED_EDGE ( 'NONE', *, *, #7816, .F. ) ;
#6786 = VERTEX_POINT ( 'NONE', #10932 ) ;
#6787 = EDGE_CURVE ( 'NONE', #11939, #3042, #9384, .T. ) ;
#6788 = DIRECTION ( 'NONE',  ( 1.000000000000000000, -0.000000000000000000, -0.000000000000000000 ) ) ;
#6789 = PRODUCT_CONTEXT ( 'NONE', #32, 'mechanical' ) ;
#6790 = COLOUR_RGB ( '',1.000000000000000000, 1.000000000000000000, 1.000000000000000000 ) ;
#6791 = FACE_OUTER_BOUND ( 'NONE', #2874, .T. ) ;
#6792 = CARTESIAN_POINT ( 'NONE',  ( 4.099999999999999645, -2.821690854684141936, -0.9000000000000006883 ) ) ;
#6793 = ORIENTED_EDGE ( 'NONE', *, *, #390, .F. ) ;
#6794 = EDGE_CURVE ( 'NONE', #2171, #8959, #9558, .T. ) ;
#6795 = ORIENTED_EDGE ( 'NONE', *, *, #9283, .F. ) ;
#6796 = FACE_OUTER_BOUND ( 'NONE', #10657, .T. ) ;
#6797 = LINE ( 'NONE', #11626, #9829 ) ;
#6798 = DIRECTION ( 'NONE',  ( 0.000000000000000000, 0.000000000000000000, 1.000000000000000000 ) ) ;
#6799 = ORIENTED_EDGE ( 'NONE', *, *, #103, .F. ) ;
#6800 = CARTESIAN_POINT ( 'NONE',  ( 0.000000000000000000, 4.738805170303855086E-16, -2.669518839163146584 ) ) ;
#6801 = DIRECTION ( 'NONE',  ( -1.000000000000000000, 0.000000000000000000, 0.000000000000000000 ) ) ;
#6802 = UNCERTAINTY_MEASURE_WITH_UNIT (LENGTH_MEASURE( 1.000000000000000082E-05 ), #5547, 'distance_accuracy_value', 'NONE');
#6803 = ORIENTED_EDGE ( 'NONE', *, *, #715, .F. ) ;
#6804 = DIRECTION ( 'NONE',  ( -0.8660254037844381525, 0.5000000000000007772, 0.000000000000000000 ) ) ;
#6805 = EDGE_CURVE ( 'NONE', #11185, #10307, #10063, .T. ) ;
#6806 = CARTESIAN_POINT ( 'NONE',  ( -2.000000000000002665, 0.8999999999999995781, -23.30940107675841233 ) ) ;
#6807 = SURFACE_STYLE_USAGE ( .BOTH. , #10463 ) ;
#6808 = CARTESIAN_POINT ( 'NONE',  ( 1.000000000000001998, 1.732050807568876083, 0.000000000000000000 ) ) ;
#6809 = ORIENTED_EDGE ( 'NONE', *, *, #10305, .T. ) ;
#6810 = LINE ( 'NONE', #4905, #11219 ) ;
#6811 = VECTOR ( 'NONE', #8734, 999.9999999999998863 ) ;
#6812 = AXIS2_PLACEMENT_3D ( 'NONE', #11392, #8657, #5772 ) ;
#6813 = ORIENTED_EDGE ( 'NONE', *, *, #6027, .T. ) ;
#6814 = AXIS2_PLACEMENT_3D ( 'NONE', #4621, #5552, #6342 ) ;
#6815 = CARTESIAN_POINT ( 'NONE',  ( 3.500000000000000000, 23.00000000000000000, -24.00000000000000000 ) ) ;
#6816 = ORIENTED_EDGE ( 'NONE', *, *, #7471, .F. ) ;
#6817 = CARTESIAN_POINT ( 'NONE',  ( 0.000000000000000000, -0.9999999999999993339, -2.269518839163146673 ) ) ;
#6818 = ORIENTED_EDGE ( 'NONE', *, *, #3822, .F. ) ;
#6819 = CONICAL_SURFACE ( 'NONE', #8584, 2.000000000000000000, 1.047197551196595855 ) ;
#6820 = LINE ( 'NONE', #11765, #5312 ) ;
#6821 = CIRCLE ( 'NONE', #9778, 0.3062499999999996891 ) ;
#6822 = CARTESIAN_POINT ( 'NONE',  ( -0.6592570625839798693, -1.928778834210483462, -4.615899523244127080E-17 ) ) ;
#6823 = ADVANCED_FACE ( 'NONE', ( #11128 ), #7345, .F. ) ;
#6824 = FACE_OUTER_BOUND ( 'NONE', #6732, .T. ) ;
#6825 = AXIS2_PLACEMENT_3D ( 'NONE', #5172, #7755, #8923 ) ;
#6826 = EDGE_LOOP ( 'NONE', ( #9101, #10046, #9717, #6847, #4691, #9581 ) ) ;
#6827 =( REPRESENTATION_RELATIONSHIP ('NONE','NONE', #912, #6746 ) REPRESENTATION_RELATIONSHIP_WITH_TRANSFORMATION ( #4266 )SHAPE_REPRESENTATION_RELATIONSHIP( ) );
#6828 = FACE_BOUND ( 'NONE', #12151, .T. ) ;
#6829 = AXIS2_PLACEMENT_3D ( 'NONE', #2821, #7454, #1897 ) ;
#6830 = CIRCLE ( 'NONE', #10384, 2.000000000000000000 ) ;
#6831 = AXIS2_PLACEMENT_3D ( 'NONE', #11285, #2823, #4971 ) ;
#6832 = AXIS2_PLACEMENT_3D ( 'NONE', #10837, #457, #8167 ) ;
#6833 = DIRECTION ( 'NONE',  ( -0.000000000000000000, 0.000000000000000000, -1.000000000000000000 ) ) ;
#6834 = FACE_OUTER_BOUND ( 'NONE', #3904, .T. ) ;
#6835 = DIRECTION ( 'NONE',  ( 0.000000000000000000, -1.000000000000000000, 0.000000000000000000 ) ) ;
#6836 = EDGE_LOOP ( 'NONE', ( #9554, #10122, #8054 ) ) ;
#6837 = DIRECTION ( 'NONE',  ( -1.000000000000000000, 0.000000000000000000, 0.000000000000000000 ) ) ;
#6838 = CARTESIAN_POINT ( 'NONE',  ( -17.94999999999999929, 0.000000000000000000, -3.500000000000000000 ) ) ;
#6839 = EDGE_CURVE ( 'NONE', #8564, #1459, #9209, .T. ) ;
#6840 = ADVANCED_FACE ( 'NONE', ( #2735 ), #10258, .F. ) ;
#6841 = AXIS2_PLACEMENT_3D ( 'NONE', #3929, #262, #211 ) ;
#6842 = CARTESIAN_POINT ( 'NONE',  ( -0.9526279441628797695, -0.5499999999999987121, -3.299999999999985167 ) ) ;
#6843 = CONICAL_SURFACE ( 'NONE', #2483, 0.7740000000000000213, 1.047197551196601628 ) ;
#6844 = EDGE_LOOP ( 'NONE', ( #4783, #10223, #11234, #2834, #7163, #10803 ) ) ;
#6845 = CARTESIAN_POINT ( 'NONE',  ( -1.340742937416024905, 1.535322780927271813, 8.545038780570239278E-16 ) ) ;
#6846 = DIRECTION ( 'NONE',  ( 0.000000000000000000, 0.000000000000000000, -1.000000000000000000 ) ) ;
#6847 = ORIENTED_EDGE ( 'NONE', *, *, #4618, .F. ) ;
#6848 = VECTOR ( 'NONE', #1053, 1000.000000000000000 ) ;
#6849 = DIRECTION ( 'NONE',  ( 0.000000000000000000, 0.000000000000000000, 1.000000000000000000 ) ) ;
#6850 = VERTEX_POINT ( 'NONE', #5520 ) ;
#6851 = VERTEX_POINT ( 'NONE', #109 ) ;
#6852 = AXIS2_PLACEMENT_3D ( 'NONE', #11290, #9422, #11168 ) ;
#6853 = LINE ( 'NONE', #1214, #10282 ) ;
#6854 = CONTEXT_DEPENDENT_SHAPE_REPRESENTATION ( #1158, #4587 ) ;
#6855 = AXIS2_PLACEMENT_3D ( 'NONE', #657, #597, #5479 ) ;
#6856 = CARTESIAN_POINT ( 'NONE',  ( 0.000000000000000000, -0.9999999999999993339, -3.869518839163146762 ) ) ;
#6857 = DIRECTION ( 'NONE',  ( -0.7071067811865474617, -0.000000000000000000, 0.7071067811865474617 ) ) ;
#6858 = ORIENTED_EDGE ( 'NONE', *, *, #10893, .F. ) ;
#6859 = ORIENTED_EDGE ( 'NONE', *, *, #4170, .F. ) ;
#6861 = CLOSED_SHELL ( 'NONE', ( #4790, #11546, #10454, #6599, #1209, #248 ) ) ;
#6860 = DIRECTION ( 'NONE',  ( 1.000000000000000000, 0.000000000000000000, 0.000000000000000000 ) ) ;
#6862 = EDGE_CURVE ( 'NONE', #851, #640, #11959, .T. ) ;
#6863 = DIRECTION ( 'NONE',  ( 1.000000000000000000, 0.000000000000000000, 0.000000000000000000 ) ) ;
#6864 = ADVANCED_FACE ( 'NONE', ( #11486 ), #5859, .F. ) ;
#6865 = LINE ( 'NONE', #5007, #4831 ) ;
#6866 = VERTEX_POINT ( 'NONE', #4528 ) ;
#6867 = DIRECTION ( 'NONE',  ( -0.000000000000000000, 1.224649721909276639E-16, -1.000000000000000000 ) ) ;
#6868 = DIRECTION ( 'NONE',  ( -0.000000000000000000, -0.000000000000000000, 1.000000000000000000 ) ) ;
#6869 = DIRECTION ( 'NONE',  ( -1.000000000000000000, 0.000000000000000000, 0.000000000000000000 ) ) ;
#6870 = CARTESIAN_POINT ( 'NONE',  ( 1.500000000000000000, 0.000000000000000000, 0.000000000000000000 ) ) ;
#6871 = CIRCLE ( 'NONE', #10019, 1.000000000000000000 ) ;
#6872 = DIRECTION ( 'NONE',  ( 0.000000000000000000, 0.000000000000000000, 1.000000000000000000 ) ) ;
#6873 = DIRECTION ( 'NONE',  ( -0.000000000000000000, -0.000000000000000000, 1.000000000000000000 ) ) ;
#6874 =( GEOMETRIC_REPRESENTATION_CONTEXT ( 3 ) GLOBAL_UNCERTAINTY_ASSIGNED_CONTEXT ( ( #1380 ) ) GLOBAL_UNIT_ASSIGNED_CONTEXT ( ( #2092, #5861, #5745 ) ) REPRESENTATION_CONTEXT ( 'NONE', 'WORKASPACE' ) );
#6875 = CARTESIAN_POINT ( 'NONE',  ( 0.000000000000000000, 6.123233995736766036E-17, -0.5000000000000000000 ) ) ;
#6876 = DIRECTION ( 'NONE',  ( -0.5000000000000008882, 0.000000000000000000, -0.8660254037844381525 ) ) ;
#6877 = VERTEX_POINT ( 'NONE', #12065 ) ;
#6878 = ADVANCED_FACE ( 'NONE', ( #10486 ), #4073, .T. ) ;
#6879 = CIRCLE ( 'NONE', #1767, 2.999999999999999112 ) ;
#6880 = DIRECTION ( 'NONE',  ( 0.8660254037844392627, 0.000000000000000000, -0.4999999999999987232 ) ) ;
#6881 = ORIENTED_EDGE ( 'NONE', *, *, #8824, .F. ) ;
#6882 = CARTESIAN_POINT ( 'NONE',  ( 1.086261710843702231E-16, -0.7739999999999994662, -3.200000000000000178 ) ) ;
#6883 = CARTESIAN_POINT ( 'NONE',  ( 3.000000000000000000, 0.000000000000000000, 0.5000000000000000000 ) ) ;
#6884 = VERTEX_POINT ( 'NONE', #9544 ) ;
#6885 = CARTESIAN_POINT ( 'NONE',  ( -2.000000000000001332, -0.7999999999999864997, -0.7999999999998910205 ) ) ;
#6886 = DIRECTION ( 'NONE',  ( 0.8660254037844381525, 0.000000000000000000, -0.5000000000000008882 ) ) ;
#6887 =( LENGTH_UNIT ( ) NAMED_UNIT ( * ) SI_UNIT ( .MILLI., .METRE. ) );
#6888 = DIRECTION ( 'NONE',  ( -0.000000000000000000, 0.000000000000000000, -1.000000000000000000 ) ) ;
#6889 = EDGE_CURVE ( 'NONE', #8908, #1960, #307, .T. ) ;
#6890 = ORIENTED_EDGE ( 'NONE', *, *, #8228, .T. ) ;
#6891 = DIRECTION ( 'NONE',  ( -0.000000000000000000, 1.224649721909276639E-16, -1.000000000000000000 ) ) ;
#6892 = CYLINDRICAL_SURFACE ( 'NONE', #4692, 10.00000000000000000 ) ;
#6893 =( GEOMETRIC_REPRESENTATION_CONTEXT ( 3 ) GLOBAL_UNCERTAINTY_ASSIGNED_CONTEXT ( ( #7786 ) ) GLOBAL_UNIT_ASSIGNED_CONTEXT ( ( #2880, #11340, #10414 ) ) REPRESENTATION_CONTEXT ( 'NONE', 'WORKASPACE' ) );
#6894 = EDGE_CURVE ( 'NONE', #10832, #8690, #1299, .T. ) ;
#6895 = CARTESIAN_POINT ( 'NONE',  ( -2.000000000000000000, 1.154700538379251240, -0.1786327949540822413 ) ) ;
#6896 = DIRECTION ( 'NONE',  ( 0.000000000000000000, 0.000000000000000000, -1.000000000000000000 ) ) ;
#6897 = FACE_OUTER_BOUND ( 'NONE', #2857, .T. ) ;
#6898 = CARTESIAN_POINT ( 'NONE',  ( 3.000000000000000000, 0.000000000000000000, 0.000000000000000000 ) ) ;
#6899 = CARTESIAN_POINT ( 'NONE',  ( -2.000000000000000000, 2.500000000000000000, -3.000000000000000000 ) ) ;
#6900 =( NAMED_UNIT ( * ) PLANE_ANGLE_UNIT ( ) SI_UNIT ( $, .RADIAN. ) );
#6901 = ORIENTED_EDGE ( 'NONE', *, *, #5635, .T. ) ;
#6902 = DIRECTION ( 'NONE',  ( -1.000000000000000000, 0.000000000000000000, 0.000000000000000000 ) ) ;
#6903 = EDGE_LOOP ( 'NONE', ( #6367, #2888, #5137, #5799 ) ) ;
#6904 = DIRECTION ( 'NONE',  ( -1.000000000000000000, 0.000000000000000000, 0.000000000000000000 ) ) ;
#6905 = EDGE_CURVE ( 'NONE', #4222, #6969, #2695, .T. ) ;
#6906 = DIRECTION ( 'NONE',  ( 0.000000000000000000, 1.000000000000000000, 0.000000000000000000 ) ) ;
#6907 = ORIENTED_EDGE ( 'NONE', *, *, #6421, .T. ) ;
#6908 = EDGE_CURVE ( 'NONE', #9459, #4225, #11639, .T. ) ;
#6909 = FACE_OUTER_BOUND ( 'NONE', #2670, .T. ) ;
#6910 = CONICAL_SURFACE ( 'NONE', #9277, 2.000000000000000000, 1.047197551196595855 ) ;
#6911 = AXIS2_PLACEMENT_3D ( 'NONE', #4378, #3338, #11979 ) ;
#6912 = DIRECTION ( 'NONE',  ( -1.000000000000000000, -0.000000000000000000, -0.000000000000000000 ) ) ;
#6913 = ORIENTED_EDGE ( 'NONE', *, *, #3875, .F. ) ;
#6914 = VERTEX_POINT ( 'NONE', #7286 ) ;
#6915 = CONTEXT_DEPENDENT_SHAPE_REPRESENTATION ( #5800, #355 ) ;
#6916 = DIRECTION ( 'NONE',  ( -1.000000000000000000, -0.000000000000000000, -0.000000000000000000 ) ) ;
#6917 = CARTESIAN_POINT ( 'NONE',  ( 3.000000000000000000, 0.000000000000000000, 0.000000000000000000 ) ) ;
#6918 = ORIENTED_EDGE ( 'NONE', *, *, #11587, .F. ) ;
#6919 = AXIS2_PLACEMENT_3D ( 'NONE', #10263, #1815, #2851 ) ;
#6920 = ORIENTED_EDGE ( 'NONE', *, *, #6289, .F. ) ;
#6921 = CARTESIAN_POINT ( 'NONE',  ( -2.000000000000000000, 0.000000000000000000, -1.600000000000000089 ) ) ;
#6922 = DIRECTION ( 'NONE',  ( -0.000000000000000000, 1.224649721909276639E-16, -1.000000000000000000 ) ) ;
#6923 = CARTESIAN_POINT ( 'NONE',  ( 1.950000000000000400, 7.500000000000000000, -6.116139535669825378 ) ) ;
#6924 = ORIENTED_EDGE ( 'NONE', *, *, #10439, .F. ) ;
#6925 = CARTESIAN_POINT ( 'NONE',  ( -1.999999999999999556, 2.500000000000000000, -0.6905989232413867196 ) ) ;
#6926 = DIRECTION ( 'NONE',  ( -0.000000000000000000, -0.000000000000000000, 1.000000000000000000 ) ) ;
#6927 = PRODUCT_DEFINITION_CONTEXT ( 'detailed design', #8781, 'design' ) ;
#6928 = ORIENTED_EDGE ( 'NONE', *, *, #8389, .T. ) ;
#6929 =( LENGTH_UNIT ( ) NAMED_UNIT ( * ) SI_UNIT ( .MILLI., .METRE. ) );
#6930 = CARTESIAN_POINT ( 'NONE',  ( 0.000000000000000000, 4.898598887637106556E-16, -1.599999999999999867 ) ) ;
#6931 = DIRECTION ( 'NONE',  ( 0.000000000000000000, 0.000000000000000000, 1.000000000000000000 ) ) ;
#6932 = CARTESIAN_POINT ( 'NONE',  ( 0.000000000000000000, 1.000000000000000222, -4.000000000000000000 ) ) ;
#6933 = ADVANCED_FACE ( 'NONE', ( #7649 ), #1103, .T. ) ;
#6934 = ADVANCED_FACE ( 'NONE', ( #11999 ), #8986, .T. ) ;
#6935 = CARTESIAN_POINT ( 'NONE',  ( 3.500000000000000000, 0.000000000000000000, 0.000000000000000000 ) ) ;
#6936 = ORIENTED_EDGE ( 'NONE', *, *, #10906, .T. ) ;
#6937 = CARTESIAN_POINT ( 'NONE',  ( 0.000000000000000000, 4.898598887637106556E-16, -2.799999999999999822 ) ) ;
#6938 = EDGE_LOOP ( 'NONE', ( #4198, #3237, #11446, #10259 ) ) ;
#6939 = ORIENTED_EDGE ( 'NONE', *, *, #1539, .F. ) ;
#6940 = DIRECTION ( 'NONE',  ( -1.000000000000000000, 0.000000000000000000, 0.000000000000000000 ) ) ;
#6941 = ORIENTED_EDGE ( 'NONE', *, *, #5127, .F. ) ;
#6942 = CARTESIAN_POINT ( 'NONE',  ( 4.099999999999999645, 2.821690854684141936, 0.3999999999999968026 ) ) ;
#6943 = CARTESIAN_POINT ( 'NONE',  ( -2.000000000000000000, 2.500000000000000000, -21.00000000000000000 ) ) ;
#6944 =( NAMED_UNIT ( * ) PLANE_ANGLE_UNIT ( ) SI_UNIT ( $, .RADIAN. ) );
#6945 = DIRECTION ( 'NONE',  ( 0.000000000000000000, 0.000000000000000000, -1.000000000000000000 ) ) ;
#6946 = ORIENTED_EDGE ( 'NONE', *, *, #5390, .T. ) ;
#6947 = EDGE_CURVE ( 'NONE', #1810, #11103, #7416, .T. ) ;
#6948 = DIRECTION ( 'NONE',  ( 0.000000000000000000, 0.000000000000000000, 1.000000000000000000 ) ) ;
#6949 = VECTOR ( 'NONE', #11635, 1000.000000000000000 ) ;
#6950 = CARTESIAN_POINT ( 'NONE',  ( -2.000000000000000000, 0.1952413320394005836, 7.623296525288699970E-18 ) ) ;
#6951 = CARTESIAN_POINT ( 'NONE',  ( 0.000000000000000000, 5.058392604970359998E-16, -2.130481160836854126 ) ) ;
#6952 = PRESENTATION_STYLE_ASSIGNMENT (( #9855 ) ) ;
#6953 = ADVANCED_FACE ( 'NONE', ( #10124 ), #1678, .F. ) ;
#6954 = PLANE ( 'NONE',  #906 ) ;
#6955 = CARTESIAN_POINT ( 'NONE',  ( 0.000000000000000000, 0.000000000000000000, -1.600000000000000089 ) ) ;
#6956 = DIRECTION ( 'NONE',  ( -0.000000000000000000, -1.000000000000000000, -0.000000000000000000 ) ) ;
#6957 = SURFACE_STYLE_FILL_AREA ( #4372 ) ;
#6958 = ORIENTED_EDGE ( 'NONE', *, *, #5148, .F. ) ;
#6959 = LINE ( 'NONE', #8871, #3677 ) ;
#6960 = EDGE_CURVE ( 'NONE', #5022, #7750, #8000, .T. ) ;
#6961 = ORIENTED_EDGE ( 'NONE', *, *, #9398, .F. ) ;
#6962 = CARTESIAN_POINT ( 'NONE',  ( 0.000000000000000000, 0.000000000000000000, -1.199999999999999956 ) ) ;
#6963 = DIRECTION ( 'NONE',  ( 1.000000000000000000, 0.000000000000000000, 0.000000000000000000 ) ) ;
#6964 = ORIENTED_EDGE ( 'NONE', *, *, #11801, .T. ) ;
#6965 = AXIS2_PLACEMENT_3D ( 'NONE', #2466, #3641, #7394 ) ;
#6966 = EDGE_CURVE ( 'NONE', #1519, #4860, #9185, .T. ) ;
#6967 = ORIENTED_EDGE ( 'NONE', *, *, #11067, .T. ) ;
#6968 = AXIS2_PLACEMENT_3D ( 'NONE', #3193, #3256, #5915 ) ;
#6969 = VERTEX_POINT ( 'NONE', #413 ) ;
#6970 = EDGE_CURVE ( 'NONE', #4707, #7141, #1468, .T. ) ;
#6971 = ADVANCED_FACE ( 'NONE', ( #11784 ), #5451, .T. ) ;
#6972 = CARTESIAN_POINT ( 'NONE',  ( 0.000000000000000000, 4.738805170303855086E-16, -1.469518839163146406 ) ) ;
#6973 = DIRECTION ( 'NONE',  ( -1.000000000000000000, -0.000000000000000000, -0.000000000000000000 ) ) ;
#6974 = EDGE_LOOP ( 'NONE', ( #7063, #5840, #583, #5071 ) ) ;
#6975 = EDGE_LOOP ( 'NONE', ( #12025, #1582, #3505, #3559, #3710, #6939 ) ) ;
#6976 = CARTESIAN_POINT ( 'NONE',  ( 0.000000000000000000, 4.738805170303855086E-16, -2.669518839163146584 ) ) ;
#6977 = DIRECTION ( 'NONE',  ( -1.000000000000000000, -0.000000000000000000, -0.000000000000000000 ) ) ;
#6978 = VECTOR ( 'NONE', #8981, 1000.000000000000000 ) ;
#6979 = ORIENTED_EDGE ( 'NONE', *, *, #2260, .F. ) ;
#6980 = PLANE ( 'NONE',  #7641 ) ;
#6981 = AXIS2_PLACEMENT_3D ( 'NONE', #2944, #11401, #3003 ) ;
#6982 = ORIENTED_EDGE ( 'NONE', *, *, #11707, .T. ) ;
#6983 = DIRECTION ( 'NONE',  ( -0.000000000000000000, 1.000000000000000000, 1.734723475976807094E-16 ) ) ;
#6984 = EDGE_CURVE ( 'NONE', #1742, #5369, #9792, .T. ) ;
#6985 = DIRECTION ( 'NONE',  ( 1.000000000000000000, -2.506064457886412990E-16, -2.216091994876317477E-16 ) ) ;
#6986 = DIRECTION ( 'NONE',  ( -0.000000000000000000, -0.000000000000000000, -1.000000000000000000 ) ) ;
#6987 = EDGE_LOOP ( 'NONE', ( #11701, #3204, #7359, #6578 ) ) ;
#6988 = AXIS2_PLACEMENT_3D ( 'NONE', #5542, #1188, #4609 ) ;
#6989 = DIRECTION ( 'NONE',  ( 1.000000000000000000, 0.000000000000000000, 0.000000000000000000 ) ) ;
#6990 = EDGE_LOOP ( 'NONE', ( #10496, #10918, #2568, #9288 ) ) ;
#6991 = DIRECTION ( 'NONE',  ( -1.000000000000000000, 0.000000000000000000, 0.000000000000000000 ) ) ;
#6992 = VECTOR ( 'NONE', #7271, 1000.000000000000000 ) ;
#6993 = ORIENTED_EDGE ( 'NONE', *, *, #4490, .F. ) ;
#6994 = CARTESIAN_POINT ( 'NONE',  ( -0.7263287850284133595, -0.2227272727272733011, -0.7092725651034398338 ) ) ;
#6995 = EDGE_CURVE ( 'NONE', #7679, #2907, #8679, .T. ) ;
#6996 = ORIENTED_EDGE ( 'NONE', *, *, #6379, .F. ) ;
#6997 = DIRECTION ( 'NONE',  ( 0.000000000000000000, 0.000000000000000000, -1.000000000000000000 ) ) ;
#6998 = EDGE_CURVE ( 'NONE', #8291, #1918, #7016, .T. ) ;
#6999 = AXIS2_PLACEMENT_3D ( 'NONE', #10564, #2121, #3105 ) ;
#7000 = ORIENTED_EDGE ( 'NONE', *, *, #10812, .F. ) ;
#7001 = DIRECTION ( 'NONE',  ( -0.7423286577013626930, 0.4285836503510562223, -0.5150380749100561539 ) ) ;
#7002 = DIRECTION ( 'NONE',  ( 0.000000000000000000, 0.000000000000000000, 1.000000000000000000 ) ) ;
#7003 = AXIS2_PLACEMENT_3D ( 'NONE', #9051, #2452, #7078 ) ;
#7004 = DIRECTION ( 'NONE',  ( -0.000000000000000000, -1.000000000000000000, -0.000000000000000000 ) ) ;
#7005 = ORIENTED_EDGE ( 'NONE', *, *, #11407, .F. ) ;
#7006 = DIRECTION ( 'NONE',  ( 1.000000000000000000, 0.000000000000000000, 0.000000000000000000 ) ) ;
#7007 = AXIS2_PLACEMENT_3D ( 'NONE', #7387, #670, #5359 ) ;
#7008 = PLANE ( 'NONE',  #8940 ) ;
#7009 = CARTESIAN_POINT ( 'NONE',  ( -2.000000000000000000, -1.154700538379254349, -0.1786327949540832127 ) ) ;
#7010 = LINE ( 'NONE', #9728, #2158 ) ;
#7011 = AXIS2_PLACEMENT_3D ( 'NONE', #10099, #2528, #1538 ) ;
#7012 = EDGE_CURVE ( 'NONE', #8083, #1774, #2343, .T. ) ;
#7013 = LINE ( 'NONE', #7822, #6811 ) ;
#7014 = EDGE_CURVE ( 'NONE', #1855, #2171, #1465, .T. ) ;
#7015 = CARTESIAN_POINT ( 'NONE',  ( 0.000000000000000000, 0.000000000000000000, 0.000000000000000000 ) ) ;
#7016 = CIRCLE ( 'NONE', #1703, 1.999999999999999556 ) ;
#7017 = CARTESIAN_POINT ( 'NONE',  ( 5.500000000000002665, 0.8999999999999995781, -23.30940107675840878 ) ) ;
#7018 = AXIS2_PLACEMENT_3D ( 'NONE', #6693, #3982, #5824 ) ;
#7019 = ORIENTED_EDGE ( 'NONE', *, *, #5767, .T. ) ;
#7020 = LINE ( 'NONE', #10794, #7996 ) ;
#7021 = AXIS2_PLACEMENT_3D ( 'NONE', #1025, #2202, #5784 ) ;
#7022 = AXIS2_PLACEMENT_3D ( 'NONE', #3011, #3189, #1403 ) ;
#7023 = ORIENTED_EDGE ( 'NONE', *, *, #3552, .F. ) ;
#7024 = VECTOR ( 'NONE', #11904, 1000.000000000000114 ) ;
#7025 = CARTESIAN_POINT ( 'NONE',  ( -1.672828002720946339, 1.343593379079620398, -0.06957546252590333935 ) ) ;
#7026 = AXIS2_PLACEMENT_3D ( 'NONE', #11291, #3702, #10700 ) ;
#7027 = CARTESIAN_POINT ( 'NONE',  ( 0.6592570625839772047, 1.928778834210482351, 1.192706214622512997E-15 ) ) ;
#7028 = ORIENTED_EDGE ( 'NONE', *, *, #11165, .T. ) ;
#7029 = CARTESIAN_POINT ( 'NONE',  ( -4.000000000000003553, 0.8999999999999998002, -22.15470053837915643 ) ) ;
#7030 = EDGE_CURVE ( 'NONE', #7392, #11610, #1350, .T. ) ;
#7031 = EDGE_LOOP ( 'NONE', ( #1021, #6200, #8107, #9362 ) ) ;
#7032 = CIRCLE ( 'NONE', #1328, 0.5000000000000000000 ) ;
#7033 = ORIENTED_EDGE ( 'NONE', *, *, #4333, .F. ) ;
#7034 = CIRCLE ( 'NONE', #6453, 1.550000000000000044 ) ;
#7035 = AXIS2_PLACEMENT_3D ( 'NONE', #10511, #7676, #1132 ) ;
#7036 = FACE_OUTER_BOUND ( 'NONE', #5119, .T. ) ;
#7037 = CARTESIAN_POINT ( 'NONE',  ( -2.000000000000001776, -0.7999999999999847233, -1.899999999999894884 ) ) ;
#7038 = EDGE_CURVE ( 'NONE', #7348, #4715, #4850, .T. ) ;
#7039 = ORIENTED_EDGE ( 'NONE', *, *, #5913, .F. ) ;
#7040 = VECTOR ( 'NONE', #2074, 1000.000000000000114 ) ;
#7041 = AXIS2_PLACEMENT_3D ( 'NONE', #7211, #1555, #6122 ) ;
#7042 = FACE_OUTER_BOUND ( 'NONE', #8184, .T. ) ;
#7043 = AXIS2_PLACEMENT_3D ( 'NONE', #10650, #4842, #6017 ) ;
#7044 = EDGE_CURVE ( 'NONE', #3538, #90, #1412, .T. ) ;
#7045 = AXIS2_PLACEMENT_3D ( 'NONE', #2826, #8551, #10642 ) ;
#7046 = ORIENTED_EDGE ( 'NONE', *, *, #5925, .F. ) ;
#7047 = FACE_OUTER_BOUND ( 'NONE', #8926, .T. ) ;
#7048 = UNCERTAINTY_MEASURE_WITH_UNIT (LENGTH_MEASURE( 1.000000000000000082E-05 ), #5774, 'distance_accuracy_value', 'NONE');
#7049 = ORIENTED_EDGE ( 'NONE', *, *, #9283, .T. ) ;
#7050 = DIRECTION ( 'NONE',  ( 0.000000000000000000, 0.000000000000000000, 1.000000000000000000 ) ) ;
#7051 = DIRECTION ( 'NONE',  ( 0.000000000000000000, 0.000000000000000000, 1.000000000000000000 ) ) ;
#7052 = DIRECTION ( 'NONE',  ( 1.000000000000000000, 0.000000000000000000, 0.000000000000000000 ) ) ;
#7053 = CIRCLE ( 'NONE', #364, 0.7740000000000000213 ) ;
#7054 = FACE_OUTER_BOUND ( 'NONE', #10324, .T. ) ;
#7055 = ORIENTED_EDGE ( 'NONE', *, *, #4068, .F. ) ;
#7056 = DIRECTION ( 'NONE',  ( -1.000000000000000000, -0.000000000000000000, -0.000000000000000000 ) ) ;
#7057 = AXIS2_PLACEMENT_3D ( 'NONE', #5459, #9220, #2564 ) ;
#7058 = ORIENTED_EDGE ( 'NONE', *, *, #10626, .T. ) ;
#7059 = CARTESIAN_POINT ( 'NONE',  ( 4.250000000000000000, 1.224646799147353256E-15, -10.00000000000000000 ) ) ;
#7060 =( REPRESENTATION_RELATIONSHIP ('NONE','NONE', #912, #11877 ) REPRESENTATION_RELATIONSHIP_WITH_TRANSFORMATION ( #11343 )SHAPE_REPRESENTATION_RELATIONSHIP( ) );
#7061 = ADVANCED_FACE ( 'NONE', ( #3197 ), #2277, .F. ) ;
#7062 = ADVANCED_FACE ( 'NONE', ( #8804 ), #6034, .F. ) ;
#7063 = ORIENTED_EDGE ( 'NONE', *, *, #3581, .F. ) ;
#7064 = ORIENTED_EDGE ( 'NONE', *, *, #4405, .F. ) ;
#7065 = LINE ( 'NONE', #9899, #7622 ) ;
#7066 = EDGE_LOOP ( 'NONE', ( #6670, #1422 ) ) ;
#7067 = DIRECTION ( 'NONE',  ( 2.253471898105733912E-15, 0.000000000000000000, -1.000000000000000000 ) ) ;
#7068 = DIRECTION ( 'NONE',  ( -0.000000000000000000, 1.224649721909276639E-16, -1.000000000000000000 ) ) ;
#7069 =( LENGTH_UNIT ( ) NAMED_UNIT ( * ) SI_UNIT ( .MILLI., .METRE. ) );
#7070 = VECTOR ( 'NONE', #11315, 1000.000000000000000 ) ;
#7071 = FACE_OUTER_BOUND ( 'NONE', #5814, .T. ) ;
#7072 = CARTESIAN_POINT ( 'NONE',  ( -2.000000000000001776, 0.3000000000000172529, -2.999999999999891642 ) ) ;
#7073 = VECTOR ( 'NONE', #4310, 1000.000000000000000 ) ;
#7074 = DIRECTION ( 'NONE',  ( -1.000000000000000000, 0.000000000000000000, -0.000000000000000000 ) ) ;
#7075 = CARTESIAN_POINT ( 'NONE',  ( 0.000000000000000000, 7.500000000000000000, -6.116139535669825378 ) ) ;
#7076 = CARTESIAN_POINT ( 'NONE',  ( 3.499999999999999556, 17.00000000000000000, -8.732195743157015855 ) ) ;
#7077 = AXIS2_PLACEMENT_3D ( 'NONE', #2473, #6231, #9991 ) ;
#7078 = DIRECTION ( 'NONE',  ( -1.000000000000000000, -8.881784197001252323E-16, 0.000000000000000000 ) ) ;
#7079 = DIRECTION ( 'NONE',  ( 0.000000000000000000, -1.000000000000000000, -0.000000000000000000 ) ) ;
#7080 = CARTESIAN_POINT ( 'NONE',  ( 1.000000000000001998, 1.732050807568876083, -1.600000000000000089 ) ) ;
#7081 = EDGE_LOOP ( 'NONE', ( #5755, #7129, #7581 ) ) ;
#7082 = CARTESIAN_POINT ( 'NONE',  ( 1.549999999999999378, 17.00000000000000000, -12.73219574315701763 ) ) ;
#7083 = COLOUR_RGB ( '',1.000000000000000000, 0.9490196078431372140, 0.9098039215686274384 ) ;
#7084 = EDGE_CURVE ( 'NONE', #8959, #1855, #1514, .T. ) ;
#7085 = EDGE_LOOP ( 'NONE', ( #11060, #3335, #5691, #7398, #3941 ) ) ;
#7086 = VERTEX_POINT ( 'NONE', #10720 ) ;
#7087 = EDGE_CURVE ( 'NONE', #1774, #2142, #3081, .T. ) ;
#7088 = DIRECTION ( 'NONE',  ( 0.000000000000000000, 0.000000000000000000, 1.000000000000000000 ) ) ;
#7089 = PRESENTATION_STYLE_ASSIGNMENT (( #6167 ) ) ;
#7090 = DIRECTION ( 'NONE',  ( 0.000000000000000000, -0.000000000000000000, 1.000000000000000000 ) ) ;
#7091 = EDGE_LOOP ( 'NONE', ( #7005, #8351, #3347, #3087 ) ) ;
#7092 = LINE ( 'NONE', #7955, #4997 ) ;
#7093 = B_SPLINE_CURVE_WITH_KNOTS ( 'NONE', 3,
 ( #11106, #12163, #2654, #4566, #11174, #6482 ),
 .UNSPECIFIED., .F., .F.,
 ( 4, 2, 4 ),
 ( 0.001168606431211099582, 0.001750609284260043214, 0.002332612137308987497 ),
 .UNSPECIFIED. ) ;
#7094 = DIRECTION ( 'NONE',  ( 0.000000000000000000, 0.000000000000000000, -1.000000000000000000 ) ) ;
#7095 = ORIENTED_EDGE ( 'NONE', *, *, #11480, .F. ) ;
#7096 = ORIENTED_EDGE ( 'NONE', *, *, #7044, .T. ) ;
#7097 = DIRECTION ( 'NONE',  ( 0.000000000000000000, 0.000000000000000000, 1.000000000000000000 ) ) ;
#7098 = LINE ( 'NONE', #7153, #10203 ) ;
#7099 = DIRECTION ( 'NONE',  ( 0.000000000000000000, -1.000000000000000000, 0.000000000000000000 ) ) ;
#7100 = VERTEX_POINT ( 'NONE', #10848 ) ;
#7101 = EDGE_CURVE ( 'NONE', #10009, #6866, #10603, .T. ) ;
#7102 = CARTESIAN_POINT ( 'NONE',  ( 0.6741663890421899508, 0.1633708306314064773, -0.7494526691008496222 ) ) ;
#7103 = DIRECTION ( 'NONE',  ( 1.000000000000000000, -0.000000000000000000, -0.000000000000000000 ) ) ;
#7104 = EDGE_CURVE ( 'NONE', #11491, #8896, #8070, .T. ) ;
#7105 = ORIENTED_EDGE ( 'NONE', *, *, #9025, .F. ) ;
#7106 = CARTESIAN_POINT ( 'NONE',  ( -1.836821824868181352, -1.248911501717480554, -1.475759930090788652 ) ) ;
#7107 = CIRCLE ( 'NONE', #5902, 3.000000000000000000 ) ;
#7108 = ORIENTED_EDGE ( 'NONE', *, *, #11516, .F. ) ;
#7109 = CIRCLE ( 'NONE', #1805, 1.099999999999996758 ) ;
#7110 = CARTESIAN_POINT ( 'NONE',  ( 3.499999999999999112, 0.8999999999999995781, -22.15470053837915998 ) ) ;
#7111 = DIRECTION ( 'NONE',  ( -5.712646675106322037E-17, 0.5247862774855187595, -0.8512340236168265406 ) ) ;
#7112 = DIRECTION ( 'NONE',  ( 0.000000000000000000, 0.000000000000000000, -1.000000000000000000 ) ) ;
#7113 = CARTESIAN_POINT ( 'NONE',  ( 2.000000000000000000, -1.154700538379255015, -0.1786327949540832127 ) ) ;
#7114 = EDGE_LOOP ( 'NONE', ( #12188, #2266 ) ) ;
#7115 = EDGE_CURVE ( 'NONE', #1118, #5158, #10097, .T. ) ;
#7116 = CARTESIAN_POINT ( 'NONE',  ( -0.7786438870404763790, -0.4011863958198092495, -0.6400391354635802665 ) ) ;
#7117 = VERTEX_POINT ( 'NONE', #10235 ) ;
#7118 = CARTESIAN_POINT ( 'NONE',  ( 0.8156023289304831225, 0.000000000000000000, -0.1291166393111907729 ) ) ;
#7119 = VERTEX_POINT ( 'NONE', #2644 ) ;
#7120 = DIRECTION ( 'NONE',  ( -1.000000000000000000, -0.000000000000000000, -0.000000000000000000 ) ) ;
#7121 = ORIENTED_EDGE ( 'NONE', *, *, #9749, .T. ) ;
#7122 = PLANE ( 'NONE',  #5058 ) ;
#7123 = ORIENTED_EDGE ( 'NONE', *, *, #6439, .F. ) ;
#7124 = FACE_OUTER_BOUND ( 'NONE', #6987, .T. ) ;
#7125 = CARTESIAN_POINT ( 'NONE',  ( 0.8156023289305076585, 0.000000000000000000, -0.1291166393111736477 ) ) ;
#7126 = SURFACE_SIDE_STYLE ('',( #2264 ) ) ;
#7127 = AXIS2_PLACEMENT_3D ( 'NONE', #8528, #2061, #11393 ) ;
#7128 = CARTESIAN_POINT ( 'NONE',  ( 0.5560518688116534713, 0.5176555429708578071, -0.7092725651034375023 ) ) ;
#7129 = ORIENTED_EDGE ( 'NONE', *, *, #4577, .T. ) ;
#7130 = VERTEX_POINT ( 'NONE', #10158 ) ;
#7131 = EDGE_CURVE ( 'NONE', #9660, #6634, #5163, .T. ) ;
#7132 = EDGE_CURVE ( 'NONE', #2171, #10371, #1715, .T. ) ;
#7133 = CARTESIAN_POINT ( 'NONE',  ( -2.000000000000000000, 0.000000000000000000, 0.000000000000000000 ) ) ;
#7134 =( NAMED_UNIT ( * ) SI_UNIT ( $, .STERADIAN. ) SOLID_ANGLE_UNIT ( ) );
#7135 = LINE ( 'NONE', #2702, #6978 ) ;
#7136 = DIRECTION ( 'NONE',  ( 0.000000000000000000, 0.000000000000000000, 1.000000000000000000 ) ) ;
#7137 = CARTESIAN_POINT ( 'NONE',  ( 1.000000000000000000, 1.224646799147354933E-16, -2.669518839163146584 ) ) ;
#7138 = CYLINDRICAL_SURFACE ( 'NONE', #2505, 2.500000000000002220 ) ;
#7139 = CARTESIAN_POINT ( 'NONE',  ( -2.000000000000000000, 1.154700538379251240, -1.600000000000000089 ) ) ;
#7140 = FACE_OUTER_BOUND ( 'NONE', #11674, .T. ) ;
#7141 = VERTEX_POINT ( 'NONE', #3448 ) ;
#7142 = B_SPLINE_CURVE_WITH_KNOTS ( 'NONE', 3,
 ( #4432, #5174, #10098, #471, #11035, #2525 ),
 .UNSPECIFIED., .F., .F.,
 ( 4, 2, 4 ),
 ( 0.003228283429323685737, 0.003812703409393315007, 0.004397123389462943843 ),
 .UNSPECIFIED. ) ;
#7143 = DIRECTION ( 'NONE',  ( 1.000000000000000000, 0.000000000000000000, 0.000000000000000000 ) ) ;
#7144 = LINE ( 'NONE', #2598, #8929 ) ;
#7145 = EDGE_LOOP ( 'NONE', ( #7735, #4440 ) ) ;
#7146 = FACE_OUTER_BOUND ( 'NONE', #4760, .T. ) ;
#7147 = LINE ( 'NONE', #8194, #11341 ) ;
#7148 = ORIENTED_EDGE ( 'NONE', *, *, #10826, .F. ) ;
#7149 = EDGE_CURVE ( 'NONE', #5797, #11545, #2703, .T. ) ;
#7150 = ORIENTED_EDGE ( 'NONE', *, *, #9456, .F. ) ;
#7151 = ADVANCED_FACE ( 'NONE', ( #5416 ), #7138, .F. ) ;
#7152 = DIRECTION ( 'NONE',  ( -0.000000000000000000, -0.000000000000000000, 1.000000000000000000 ) ) ;
#7153 = CARTESIAN_POINT ( 'NONE',  ( 0.8000000000000000444, 0.000000000000000000, 0.000000000000000000 ) ) ;
#7154 = DIRECTION ( 'NONE',  ( 0.000000000000000000, 0.000000000000000000, 1.000000000000000000 ) ) ;
#7155 = ORIENTED_EDGE ( 'NONE', *, *, #11879, .T. ) ;
#7156 = VECTOR ( 'NONE', #11482, 1000.000000000000000 ) ;
#7157 = DIRECTION ( 'NONE',  ( 0.000000000000000000, 0.000000000000000000, 1.000000000000000000 ) ) ;
#7158 = CARTESIAN_POINT ( 'NONE',  ( -11.31370849898476116, 7.500000000000000000, -6.116139535669825378 ) ) ;
#7159 = ORIENTED_EDGE ( 'NONE', *, *, #4131, .F. ) ;
#7160 = DIRECTION ( 'NONE',  ( 0.000000000000000000, 1.000000000000000000, 0.000000000000000000 ) ) ;
#7161 = EDGE_CURVE ( 'NONE', #10804, #8817, #8795, .T. ) ;
#7162 = CIRCLE ( 'NONE', #10323, 4.000000000000000888 ) ;
#7163 = ORIENTED_EDGE ( 'NONE', *, *, #10626, .F. ) ;
#7164 = CARTESIAN_POINT ( 'NONE',  ( 6.840852290477398512, -10.35026175531544190, 1031.100000000006958 ) ) ;
#7165 = DIRECTION ( 'NONE',  ( 0.000000000000000000, 0.000000000000000000, -1.000000000000000000 ) ) ;
#7166 = LINE ( 'NONE', #6311, #10479 ) ;
#7167 = DIRECTION ( 'NONE',  ( 0.8191520442889902442, 0.000000000000000000, 0.5735764363510482688 ) ) ;
#7168 = ORIENTED_EDGE ( 'NONE', *, *, #7572, .F. ) ;
#7169 = DIRECTION ( 'NONE',  ( -1.000000000000000000, 0.000000000000000000, 0.000000000000000000 ) ) ;
#7170 = CIRCLE ( 'NONE', #5406, 1.099999999999998535 ) ;
#7171 = ORIENTED_EDGE ( 'NONE', *, *, #12057, .F. ) ;
#7172 = VERTEX_POINT ( 'NONE', #11967 ) ;
#7173 = DIRECTION ( 'NONE',  ( -0.000000000000000000, -1.000000000000000000, 0.000000000000000000 ) ) ;
#7174 = EDGE_CURVE ( 'NONE', #9857, #6559, #3495, .T. ) ;
#7175 = EDGE_LOOP ( 'NONE', ( #11684, #6438, #3196, #11027 ) ) ;
#7176 = DIRECTION ( 'NONE',  ( -1.000000000000000000, 0.000000000000000000, 0.000000000000000000 ) ) ;
#7177 = CARTESIAN_POINT ( 'NONE',  ( 5.499999999999998224, 0.000000000000000000, -20.99999999999990763 ) ) ;
#7178 = FILL_AREA_STYLE_COLOUR ( '', #1979 ) ;
#7179 = DIRECTION ( 'NONE',  ( 0.000000000000000000, 0.000000000000000000, 1.000000000000000000 ) ) ;
#7180 = EDGE_LOOP ( 'NONE', ( #1003, #5025 ) ) ;
#7181 = EDGE_LOOP ( 'NONE', ( #567, #7298, #9473 ) ) ;
#7182 = CARTESIAN_POINT ( 'NONE',  ( -0.4682615195960990739, 0.8110527431698566492, -500000.0000000000582 ) ) ;
#7183 = CIRCLE ( 'NONE', #5811, 1.000000000000000000 ) ;
#7184 = CARTESIAN_POINT ( 'NONE',  ( 0.000000000000000000, 4.738805170303855086E-16, -3.469518839163146406 ) ) ;
#7185 = PRESENTATION_STYLE_ASSIGNMENT (( #7253 ) ) ;
#7186 = CARTESIAN_POINT ( 'NONE',  ( 9.478766225400515022E-17, -0.7739999999999994662, -2.799999999999999822 ) ) ;
#7187 = ADVANCED_FACE ( 'NONE', ( #4314 ), #11762, .F. ) ;
#7188 = VECTOR ( 'NONE', #1607, 1000.000000000000000 ) ;
#7189 = CARTESIAN_POINT ( 'NONE',  ( 2.000000000000000000, 1.154700538379254349, -1.421367205045916737 ) ) ;
#7190 = CARTESIAN_POINT ( 'NONE',  ( 0.000000000000000000, 2.309401076758504701, -1.421367205045916737 ) ) ;
#7191 = DIRECTION ( 'NONE',  ( -1.000000000000000000, 0.000000000000000000, 0.000000000000000000 ) ) ;
#7192 = AXIS2_PLACEMENT_3D ( 'NONE', #3355, #9075, #7910 ) ;
#7193 = ORIENTED_EDGE ( 'NONE', *, *, #5205, .T. ) ;
#7194 = PLANE ( 'NONE',  #7815 ) ;
#7195 = CIRCLE ( 'NONE', #10748, 1.000000000000000000 ) ;
#7196 = AXIS2_PLACEMENT_3D ( 'NONE', #10357, #11300, #8563 ) ;
#7197 = DIRECTION ( 'NONE',  ( -0.000000000000000000, 1.224649721909276639E-16, -1.000000000000000000 ) ) ;
#7198 = CARTESIAN_POINT ( 'NONE',  ( 0.3277177810063109376, -2.120193127676285538, -0.07933779981236312173 ) ) ;
#7199 = VERTEX_POINT ( 'NONE', #728 ) ;
#7200 = DIRECTION ( 'NONE',  ( 1.000000000000000000, 0.000000000000000000, 0.000000000000000000 ) ) ;
#7201 = CARTESIAN_POINT ( 'NONE',  ( 3.699999999999999289, 4.001000000000000334, 0.4999999999999991673 ) ) ;
#7202 = ADVANCED_FACE ( 'NONE', ( #11842, #9245, #795 ), #7378, .F. ) ;
#7203 = AXIS2_PLACEMENT_3D ( 'NONE', #5181, #6904, #8742 ) ;
#7204 = EDGE_CURVE ( 'NONE', #6, #3122, #4499, .T. ) ;
#7205 = VERTEX_POINT ( 'NONE', #3630 ) ;
#7206 = ORIENTED_EDGE ( 'NONE', *, *, #7101, .T. ) ;
#7207 = CARTESIAN_POINT ( 'NONE',  ( 0.000000000000000000, -0.9999999999999995559, -2.669518839163146584 ) ) ;
#7208 = CIRCLE ( 'NONE', #1697, 4.000000000000000000 ) ;
#7209 = CARTESIAN_POINT ( 'NONE',  ( 1.000000000000000444, 1.224646799147353947E-16, 0.000000000000000000 ) ) ;
#7210 = AXIS2_PLACEMENT_3D ( 'NONE', #95, #908, #1786 ) ;
#7211 = CARTESIAN_POINT ( 'NONE',  ( 5.499999999999997335, 0.8999999999999986899, -5.309401076758394566 ) ) ;
#7212 = CARTESIAN_POINT ( 'NONE',  ( 1.000000000000000444, -1.732050807568876971, -1.600000000000000089 ) ) ;
#7213 = AXIS2_PLACEMENT_3D ( 'NONE', #4398, #2554, #6303 ) ;
#7214 = ORIENTED_EDGE ( 'NONE', *, *, #3822, .T. ) ;
#7215 = AXIS2_PLACEMENT_3D ( 'NONE', #5589, #891, #12205 ) ;
#7216 = VECTOR ( 'NONE', #1785, 1000.000000000000000 ) ;
#7217 = AXIS2_PLACEMENT_3D ( 'NONE', #4674, #10239, #9537 ) ;
#7218 = LINE ( 'NONE', #4151, #2549 ) ;
#7219 = CIRCLE ( 'NONE', #2107, 1.000000000000000000 ) ;
#7220 = DIRECTION ( 'NONE',  ( -0.000000000000000000, -0.000000000000000000, 1.000000000000000000 ) ) ;
#7221 = ORIENTED_EDGE ( 'NONE', *, *, #2068, .T. ) ;
#7222 = CYLINDRICAL_SURFACE ( 'NONE', #6659, 1.000000000000000444 ) ;
#7223 = AXIS2_PLACEMENT_3D ( 'NONE', #3304, #10827, #6139 ) ;
#7224 = VERTEX_POINT ( 'NONE', #3576 ) ;
#7225 = FACE_OUTER_BOUND ( 'NONE', #11497, .T. ) ;
#7226 = CARTESIAN_POINT ( 'NONE',  ( -11.50914770951535715, -9.550261755315412771, 1029.600000000006958 ) ) ;
#7227 = CIRCLE ( 'NONE', #4090, 0.8156023289305076585 ) ;
#7228 = CARTESIAN_POINT ( 'NONE',  ( -1.000000000000001776, -1.732050807568876527, -1.600000000000000089 ) ) ;
#7229 = CARTESIAN_POINT ( 'NONE',  ( 14.05000000000000071, 1.224646799147353207E-16, -1.000000000000000000 ) ) ;
#7230 = ORIENTED_EDGE ( 'NONE', *, *, #3179, .T. ) ;
#7231 = CARTESIAN_POINT ( 'NONE',  ( 0.000000000000000000, 0.000000000000000000, 0.000000000000000000 ) ) ;
#7232 = VERTEX_POINT ( 'NONE', #11160 ) ;
#7233 = EDGE_CURVE ( 'NONE', #10678, #220, #4863, .T. ) ;
#7234 = AXIS2_PLACEMENT_3D ( 'NONE', #8306, #6470, #10234 ) ;
#7235 = EDGE_CURVE ( 'NONE', #3132, #3768, #11377, .T. ) ;
#7236 = CARTESIAN_POINT ( 'NONE',  ( 5.499999999999997335, 0.8999999999999986899, -5.309401076758394566 ) ) ;
#7237 = ORIENTED_EDGE ( 'NONE', *, *, #11141, .F. ) ;
#7238 = CARTESIAN_POINT ( 'NONE',  ( 0.9526279441628807687, -0.5500000000000000444, -1.600000000000000089 ) ) ;
#7239 = AXIS2_PLACEMENT_3D ( 'NONE', #11487, #3264, #8682 ) ;
#7240 = CIRCLE ( 'NONE', #11996, 1.999999999999999556 ) ;
#7241 = ORIENTED_EDGE ( 'NONE', *, *, #11691, .T. ) ;
#7242 = CARTESIAN_POINT ( 'NONE',  ( -4.000000000000003553, 0.9000000000000003553, -4.154700538379143993 ) ) ;
#7243 = ORIENTED_EDGE ( 'NONE', *, *, #8915, .F. ) ;
#7244 = CARTESIAN_POINT ( 'NONE',  ( 0.000000000000000000, 0.000000000000000000, 0.000000000000000000 ) ) ;
#7245 = CARTESIAN_POINT ( 'NONE',  ( 3.500000000000000000, 0.000000000000000000, -18.00000000000000355 ) ) ;
#7246 = CARTESIAN_POINT ( 'NONE',  ( -8.000000000000000000, 17.00000000000000000, -8.732195743157015855 ) ) ;
#7247 = ORIENTED_EDGE ( 'NONE', *, *, #9900, .T. ) ;
#7248 = ORIENTED_EDGE ( 'NONE', *, *, #11651, .T. ) ;
#7249 = FACE_OUTER_BOUND ( 'NONE', #6543, .T. ) ;
#7250 = CIRCLE ( 'NONE', #5689, 1.099999999999996758 ) ;
#7251 = EDGE_CURVE ( 'NONE', #4386, #2500, #10574, .T. ) ;
#7252 = DIRECTION ( 'NONE',  ( -0.000000000000000000, -1.000000000000000000, 0.000000000000000000 ) ) ;
#7253 = SURFACE_STYLE_USAGE ( .BOTH. , #11032 ) ;
#7254 = DIRECTION ( 'NONE',  ( 0.000000000000000000, 0.000000000000000000, -1.000000000000000000 ) ) ;
#7255 = AXIS2_PLACEMENT_3D ( 'NONE', #4591, #10382, #12198 ) ;
#7256 = CARTESIAN_POINT ( 'NONE',  ( 5.500000000000000888, 0.000000000000000000, -3.000000000000000000 ) ) ;
#7257 = EDGE_CURVE ( 'NONE', #6258, #10559, #9975, .T. ) ;
#7258 = DIRECTION ( 'NONE',  ( -0.000000000000000000, -1.000000000000000000, 0.000000000000000000 ) ) ;
#7259 = PRESENTATION_STYLE_ASSIGNMENT (( #11161 ) ) ;
#7260 = DIRECTION ( 'NONE',  ( -1.000000000000000000, 0.000000000000000000, 0.000000000000000000 ) ) ;
#7261 = AXIS2_PLACEMENT_3D ( 'NONE', #1304, #11682, #10814 ) ;
#7262 = ORIENTED_EDGE ( 'NONE', *, *, #4563, .T. ) ;
#7263 = EDGE_CURVE ( 'NONE', #5741, #4356, #6762, .T. ) ;
#7264 = DIRECTION ( 'NONE',  ( 1.000000000000000000, 0.000000000000000000, -0.000000000000000000 ) ) ;
#7265 =( GEOMETRIC_REPRESENTATION_CONTEXT ( 3 ) GLOBAL_UNCERTAINTY_ASSIGNED_CONTEXT ( ( #2006 ) ) GLOBAL_UNIT_ASSIGNED_CONTEXT ( ( #8562, #10669, #10542 ) ) REPRESENTATION_CONTEXT ( 'NONE', 'WORKASPACE' ) );
#7266 = FACE_OUTER_BOUND ( 'NONE', #11126, .T. ) ;
#7267 = DIRECTION ( 'NONE',  ( 0.000000000000000000, 0.000000000000000000, -1.000000000000000000 ) ) ;
#7269 = ORIENTED_EDGE ( 'NONE', *, *, #11966, .T. ) ;
#7268 = CARTESIAN_POINT ( 'NONE',  ( 3.500000000000000000, 2.500000000000000000, 0.000000000000000000 ) ) ;
#7270 = PLANE ( 'NONE',  #1649 ) ;
#7271 = DIRECTION ( 'NONE',  ( -0.000000000000000000, -0.000000000000000000, 1.000000000000000000 ) ) ;
#7272 = ORIENTED_EDGE ( 'NONE', *, *, #10237, .T. ) ;
#7273 = ORIENTED_EDGE ( 'NONE', *, *, #88, .F. ) ;
#7274 = DIRECTION ( 'NONE',  ( 1.000000000000000000, 0.000000000000000000, 0.000000000000000000 ) ) ;
#7275 = DIRECTION ( 'NONE',  ( 0.000000000000000000, 0.000000000000000000, 1.000000000000000000 ) ) ;
#7276 = DIRECTION ( 'NONE',  ( 0.8660254037844392627, 0.000000000000000000, 0.4999999999999988898 ) ) ;
#7277 = DIRECTION ( 'NONE',  ( 1.000000000000000000, -0.000000000000000000, -0.000000000000000000 ) ) ;
#7278 = ORIENTED_EDGE ( 'NONE', *, *, #7938, .T. ) ;
#7279 = EDGE_CURVE ( 'NONE', #6786, #9017, #164, .T. ) ;
#7280 = EDGE_CURVE ( 'NONE', #3931, #622, #4667, .T. ) ;
#7281 = STYLED_ITEM ( 'NONE', ( #3799 ), #9608 ) ;
#7282 = CARTESIAN_POINT ( 'NONE',  ( 1.000000000000001998, 1.732050807568876083, -1.600000000000000089 ) ) ;
#7283 = CARTESIAN_POINT ( 'NONE',  ( -5.000000000000000000, 2.500000000000000000, -24.00000000000000000 ) ) ;
#7284 = EDGE_LOOP ( 'NONE', ( #3785, #777, #10544, #10469 ) ) ;
#7285 = ORIENTED_EDGE ( 'NONE', *, *, #4822, .T. ) ;
#7286 = CARTESIAN_POINT ( 'NONE',  ( -0.9526279441628795475, -0.5499999999999986011, -1.600000000000000089 ) ) ;
#7287 = ORIENTED_EDGE ( 'NONE', *, *, #11069, .F. ) ;
#7288 = ORIENTED_EDGE ( 'NONE', *, *, #6586, .F. ) ;
#7289 = DIRECTION ( 'NONE',  ( -1.000000000000000000, 0.000000000000000000, 0.000000000000000000 ) ) ;
#7290 = CARTESIAN_POINT ( 'NONE',  ( 15.89085229047739922, -0.3502617553154292462, 1033.600000000006958 ) ) ;
#7291 = AXIS2_PLACEMENT_3D ( 'NONE', #10696, #7111, #6985 ) ;
#7292 = CARTESIAN_POINT ( 'NONE',  ( -1.000000000000000000, 9.629649721936179265E-32, -3.069518839163146939 ) ) ;
#7293 = CYLINDRICAL_SURFACE ( 'NONE', #20, 2.500000000000000000 ) ;
#7294 = ORIENTED_EDGE ( 'NONE', *, *, #3389, .T. ) ;
#7295 = ORIENTED_EDGE ( 'NONE', *, *, #2804, .T. ) ;
#7296 = CARTESIAN_POINT ( 'NONE',  ( 8.500000000000000000, 2.500000000000000000, -18.00000000000000355 ) ) ;
#7297 = CARTESIAN_POINT ( 'NONE',  ( -3.001000000000000334, 0.000000000000000000, 0.000000000000000000 ) ) ;
#7298 = ORIENTED_EDGE ( 'NONE', *, *, #3509, .T. ) ;
#7299 = ORIENTED_EDGE ( 'NONE', *, *, #7731, .F. ) ;
#7300 = DIRECTION ( 'NONE',  ( -0.000000000000000000, -1.000000000000000000, -0.000000000000000000 ) ) ;
#7301 = VERTEX_POINT ( 'NONE', #3693 ) ;
#7302 = PRESENTATION_LAYER_ASSIGNMENT (  '', '', ( #3388 ) ) ;
#7303 = DIRECTION ( 'NONE',  ( 0.4999999999999991118, 0.000000000000000000, 0.8660254037844391517 ) ) ;
#7304 = DIRECTION ( 'NONE',  ( 1.000000000000000000, 0.000000000000000000, 0.000000000000000000 ) ) ;
#7305 = EDGE_CURVE ( 'NONE', #11196, #7655, #1316, .T. ) ;
#7306 = ADVANCED_FACE ( 'NONE', ( #9532 ), #4734, .F. ) ;
#7307 = CARTESIAN_POINT ( 'NONE',  ( 0.000000000000000000, 5.058392604970359998E-16, -3.730481160836854215 ) ) ;
#7308 = EDGE_LOOP ( 'NONE', ( #1445, #2649, #3100, #4089 ) ) ;
#7309 = ORIENTED_EDGE ( 'NONE', *, *, #2596, .F. ) ;
#7310 = DIRECTION ( 'NONE',  ( 1.000000000000000000, 0.000000000000000000, 0.000000000000000000 ) ) ;
#7311 = AXIS2_PLACEMENT_3D ( 'NONE', #4055, #8153, #4973 ) ;
#7312 = CARTESIAN_POINT ( 'NONE',  ( 0.000000000000000000, 0.000000000000000000, -1.600000000000000089 ) ) ;
#7313 = CARTESIAN_POINT ( 'NONE',  ( 0.1957081692030826769, -0.6653345985147056663, -0.7495475072762692870 ) ) ;
#7314 = CARTESIAN_POINT ( 'NONE',  ( -0.5560518688116490305, -0.5176555429708573630, -500000.0000000000582 ) ) ;
#7315 = CARTESIAN_POINT ( 'NONE',  ( -0.3277177810063121588, 2.120193127676282430, -1.520662200187637758 ) ) ;
#7316 = DIRECTION ( 'NONE',  ( 0.000000000000000000, 0.000000000000000000, 1.000000000000000000 ) ) ;
#7317 = EDGE_CURVE ( 'NONE', #10771, #946, #6535, .T. ) ;
#7318 = CARTESIAN_POINT ( 'NONE',  ( -1.000000000000000444, 1.775737858763662163E-16, -1.199999999999999956 ) ) ;
#7319 = DIRECTION ( 'NONE',  ( 1.000000000000000000, 0.000000000000000000, 0.000000000000000000 ) ) ;
#7320 = ITEM_DEFINED_TRANSFORMATION ( 'NONE', 'NONE', #2178,  #8058 ) ;
#7321 = PRODUCT_DEFINITION_SHAPE ( 'NONE', 'NONE',  #12244 ) ;
#7322 = ORIENTED_EDGE ( 'NONE', *, *, #7666, .T. ) ;
#7323 = LINE ( 'NONE', #11102, #8782 ) ;
#7324 = ORIENTED_EDGE ( 'NONE', *, *, #2213, .T. ) ;
#7325 = EDGE_CURVE ( 'NONE', #2139, #437, #2765, .T. ) ;
#7326 = SURFACE_STYLE_FILL_AREA ( #3585 ) ;
#7327 = DIRECTION ( 'NONE',  ( 1.060575238724911106E-16, 0.8660254037844419273, 0.4999999999999942268 ) ) ;
#7329 = ORIENTED_EDGE ( 'NONE', *, *, #3139, .F. ) ;
#7328 = CARTESIAN_POINT ( 'NONE',  ( -16.00000000000000000, 0.000000000000000000, -3.500000000000000000 ) ) ;
#7330 = DIRECTION ( 'NONE',  ( 0.000000000000000000, -0.000000000000000000, 1.000000000000000000 ) ) ;
#7331 = DIRECTION ( 'NONE',  ( -1.000000000000000000, 0.000000000000000000, 0.000000000000000000 ) ) ;
#7332 = PRODUCT ( 'Maxon_DCX8M', 'Maxon_DCX8M', '', ( #8825 ) ) ;
#7333 = ORIENTED_EDGE ( 'NONE', *, *, #7346, .T. ) ;
#7334 = ORIENTED_EDGE ( 'NONE', *, *, #9910, .F. ) ;
#7335 = ADVANCED_FACE ( 'NONE', ( #5605 ), #3943, .F. ) ;
#7336 = DIRECTION ( 'NONE',  ( 0.000000000000000000, -0.8660254037844420383, 0.4999999999999939493 ) ) ;
#7337 = DIRECTION ( 'NONE',  ( -1.000000000000000000, 0.000000000000000000, 0.000000000000000000 ) ) ;
#7338 = DIRECTION ( 'NONE',  ( 0.000000000000000000, -0.000000000000000000, 1.000000000000000000 ) ) ;
#7339 = EDGE_LOOP ( 'NONE', ( #4972, #6365, #12055, #11871, #9338 ) ) ;
#7340 = FACE_OUTER_BOUND ( 'NONE', #10631, .T. ) ;
#7341 = DIRECTION ( 'NONE',  ( 0.000000000000000000, 0.000000000000000000, 1.000000000000000000 ) ) ;
#7342 = DIRECTION ( 'NONE',  ( -0.000000000000000000, 1.224649721909276639E-16, -1.000000000000000000 ) ) ;
#7343 = VERTEX_POINT ( 'NONE', #10412 ) ;
#7344 = ORIENTED_EDGE ( 'NONE', *, *, #394, .F. ) ;
#7345 = PLANE ( 'NONE',  #10566 ) ;
#7346 = EDGE_CURVE ( 'NONE', #2139, #5068, #9585, .T. ) ;
#7347 = EDGE_CURVE ( 'NONE', #3538, #10004, #9305, .T. ) ;
#7348 = VERTEX_POINT ( 'NONE', #12154 ) ;
#7349 = ORIENTED_EDGE ( 'NONE', *, *, #9355, .F. ) ;
#7350 = CARTESIAN_POINT ( 'NONE',  ( 1.550000000000000266, 17.00000000000000000, -8.732195743157015855 ) ) ;
#7351 = CARTESIAN_POINT ( 'NONE',  ( 6.090852290477400288, -0.3502617553154292462, 1033.600000000006958 ) ) ;
#7352 = DIRECTION ( 'NONE',  ( -1.000000000000000000, -0.000000000000000000, -0.000000000000000000 ) ) ;
#7353 = SURFACE_STYLE_FILL_AREA ( #5457 ) ;
#7354 = ORIENTED_EDGE ( 'NONE', *, *, #11535, .T. ) ;
#7355 = FACE_OUTER_BOUND ( 'NONE', #9905, .T. ) ;
#7356 = AXIS2_PLACEMENT_3D ( 'NONE', #4743, #3819, #2830 ) ;
#7357 = CARTESIAN_POINT ( 'NONE',  ( 0.000000000000000000, 7.500000000000000000, -2.616139535669826266 ) ) ;
#7358 = FACE_OUTER_BOUND ( 'NONE', #3727, .T. ) ;
#7359 = ORIENTED_EDGE ( 'NONE', *, *, #6056, .T. ) ;
#7360 = DIRECTION ( 'NONE',  ( 0.7071067811865500152, -0.000000000000000000, -0.7071067811865451302 ) ) ;
#7361 = EDGE_CURVE ( 'NONE', #473, #6616, #5662, .T. ) ;
#7362 = ADVANCED_FACE ( 'NONE', ( #10289 ), #2951, .F. ) ;
#7363 = DIRECTION ( 'NONE',  ( 0.7071067811865474617, -0.000000000000000000, 0.7071067811865474617 ) ) ;
#7364 = DIRECTION ( 'NONE',  ( -1.000000000000000000, -0.000000000000000000, -0.000000000000000000 ) ) ;
#7365 =( NAMED_UNIT ( * ) SI_UNIT ( $, .STERADIAN. ) SOLID_ANGLE_UNIT ( ) );
#7366 = LINE ( 'NONE', #10398, #6061 ) ;
#7367 = VERTEX_POINT ( 'NONE', #9354 ) ;
#7368 = DIRECTION ( 'NONE',  ( 0.000000000000000000, 0.000000000000000000, 1.000000000000000000 ) ) ;
#7369 = CARTESIAN_POINT ( 'NONE',  ( 0.000000000000000000, 4.738805170303855086E-16, -2.269518839163146673 ) ) ;
#7370 = AXIS2_PLACEMENT_3D ( 'NONE', #10845, #1344, #9907 ) ;
#7371 = CARTESIAN_POINT ( 'NONE',  ( 0.000000000000000000, 0.000000000000000000, -1.600000000000000089 ) ) ;
#7372 = AXIS2_PLACEMENT_3D ( 'NONE', #5261, #4276, #6758 ) ;
#7373 = CARTESIAN_POINT ( 'NONE',  ( -1.672828002720945673, 1.343593379079621064, -1.530424537474096791 ) ) ;
#7374 = CARTESIAN_POINT ( 'NONE',  ( 0.000000000000000000, 0.000000000000000000, -0.3000000000000172529 ) ) ;
#7375 = ORIENTED_EDGE ( 'NONE', *, *, #10332, .F. ) ;
#7376 = DIRECTION ( 'NONE',  ( -0.000000000000000000, 0.000000000000000000, -1.000000000000000000 ) ) ;
#7377 = AXIS2_PLACEMENT_3D ( 'NONE', #5109, #6156, #11530 ) ;
#7378 = PLANE ( 'NONE',  #11973 ) ;
#7379 = DIRECTION ( 'NONE',  ( 0.000000000000000000, 0.000000000000000000, 1.000000000000000000 ) ) ;
#7380 =( NAMED_UNIT ( * ) SI_UNIT ( $, .STERADIAN. ) SOLID_ANGLE_UNIT ( ) );
#7381 = CARTESIAN_POINT ( 'NONE',  ( 0.000000000000000000, 5.058392604970359998E-16, -2.130481160836854126 ) ) ;
#7382 = CONTEXT_DEPENDENT_SHAPE_REPRESENTATION ( #6432, #447 ) ;
#7383 = CARTESIAN_POINT ( 'NONE',  ( 2.000000000000000000, -0.9668978507697956193, -0.1244188288311465357 ) ) ;
#7384 = ORIENTED_EDGE ( 'NONE', *, *, #8066, .T. ) ;
#7385 = DIRECTION ( 'NONE',  ( 0.000000000000000000, 1.084202172485504434E-16, -1.000000000000000000 ) ) ;
#7386 = CIRCLE ( 'NONE', #2855, 0.9999999999999997780 ) ;
#7387 = CARTESIAN_POINT ( 'NONE',  ( -21.50000000000000000, 0.000000000000000000, 0.000000000000000000 ) ) ;
#7388 = EDGE_CURVE ( 'NONE', #4359, #11175, #327, .T. ) ;
#7389 = EDGE_CURVE ( 'NONE', #7086, #11633, #1080, .T. ) ;
#7390 = DIRECTION ( 'NONE',  ( -0.000000000000000000, -0.000000000000000000, 1.000000000000000000 ) ) ;
#7392 = VERTEX_POINT ( 'NONE', #8427 ) ;
#7391 = DIRECTION ( 'NONE',  ( 0.000000000000000000, 0.000000000000000000, -1.000000000000000000 ) ) ;
#7393 = CIRCLE ( 'NONE', #1325, 0.7740000000000000213 ) ;
#7394 = DIRECTION ( 'NONE',  ( 0.000000000000000000, 0.000000000000000000, 1.000000000000000000 ) ) ;
#7395 = CONICAL_SURFACE ( 'NONE', #3659, 0.7799999999999996936, 0.9599310885968785900 ) ;
#7396 = CARTESIAN_POINT ( 'NONE',  ( -8.000000000000000000, 17.00000000000000000, -8.732195743157015855 ) ) ;
#7397 = FACE_OUTER_BOUND ( 'NONE', #8005, .T. ) ;
#7398 = ORIENTED_EDGE ( 'NONE', *, *, #11537, .T. ) ;
#7399 = FILL_AREA_STYLE_COLOUR ( '', #1162 ) ;
#7400 = CARTESIAN_POINT ( 'NONE',  ( 2.000000000000000000, 11.70000000000000107, -7.200000000000000178 ) ) ;
#7401 = B_SPLINE_CURVE_WITH_KNOTS ( 'NONE', 3,
 ( #4349, #772, #8961, #1628, #11880, #7974 ),
 .UNSPECIFIED., .F., .F.,
 ( 4, 2, 4 ),
 ( 0.002060137505873420056, 0.002644210467598552029, 0.003228283429323684436 ),
 .UNSPECIFIED. ) ;
#7402 = CONICAL_SURFACE ( 'NONE', #3474, 1.000000000000000000, 1.047197551196604515 ) ;
#7403 = DIRECTION ( 'NONE',  ( -0.000000000000000000, -0.000000000000000000, 1.000000000000000000 ) ) ;
#7404 = ORIENTED_EDGE ( 'NONE', *, *, #7529, .F. ) ;
#7405 = EDGE_CURVE ( 'NONE', #2733, #7718, #1922, .T. ) ;
#7406 = VECTOR ( 'NONE', #7952, 1000.000000000000000 ) ;
#7407 = DIRECTION ( 'NONE',  ( -0.8660254037844380415, 0.5000000000000008882, 0.000000000000000000 ) ) ;
#7408 = DIRECTION ( 'NONE',  ( 0.8660254037844382635, 0.000000000000000000, 0.5000000000000005551 ) ) ;
#7409 = ORIENTED_EDGE ( 'NONE', *, *, #6776, .F. ) ;
#7410 = CIRCLE ( 'NONE', #2690, 1.999999999999999556 ) ;
#7411 = VERTEX_POINT ( 'NONE', #10341 ) ;
#7412 = CIRCLE ( 'NONE', #8597, 0.7740000000000000213 ) ;
#7413 = DIRECTION ( 'NONE',  ( 1.000000000000000000, 0.000000000000000000, 0.000000000000000000 ) ) ;
#7414 = EDGE_LOOP ( 'NONE', ( #4421, #6664, #11379, #1079, #8735, #4147 ) ) ;
#7415 = EDGE_CURVE ( 'NONE', #3485, #135, #9796, .T. ) ;
#7416 = CIRCLE ( 'NONE', #5253, 1.399999999999981037 ) ;
#7417 = DIRECTION ( 'NONE',  ( -1.000000000000000000, 0.000000000000000000, 0.000000000000000000 ) ) ;
#7418 = CONICAL_SURFACE ( 'NONE', #1515, 1.000000000000000000, 1.047197551196604515 ) ;
#7419 = DIRECTION ( 'NONE',  ( 0.000000000000000000, 1.000000000000000000, 0.000000000000000000 ) ) ;
#7420 = AXIS2_PLACEMENT_3D ( 'NONE', #3584, #3455, #6284 ) ;
#7421 = CARTESIAN_POINT ( 'NONE',  ( -0.04188853298408327930, -0.8749216220463295057, -0.6400376753912196959 ) ) ;
#7422 = CARTESIAN_POINT ( 'NONE',  ( 1.500000000000000000, 0.000000000000000000, 0.000000000000000000 ) ) ;
#7423 = VERTEX_POINT ( 'NONE', #94 ) ;
#7424 = DIRECTION ( 'NONE',  ( 0.000000000000000000, 0.000000000000000000, -1.000000000000000000 ) ) ;
#7425 = AXIS2_PLACEMENT_3D ( 'NONE', #8856, #10776, #3062 ) ;
#7426 = VECTOR ( 'NONE', #2144, 1000.000000000000000 ) ;
#7427 = EDGE_CURVE ( 'NONE', #10082, #9337, #7630, .T. ) ;
#7428 = CONICAL_SURFACE ( 'NONE', #11573, 2.000000000000000000, 1.047197551196596299 ) ;
#7429 = FACE_OUTER_BOUND ( 'NONE', #3290, .T. ) ;
#7430 = ORIENTED_EDGE ( 'NONE', *, *, #4903, .F. ) ;
#7431 = VECTOR ( 'NONE', #4671, 1000.000000000000000 ) ;
#7432 = CIRCLE ( 'NONE', #7223, 1.949999999999999734 ) ;
#7433 = ORIENTED_EDGE ( 'NONE', *, *, #5023, .T. ) ;
#7434 = DIRECTION ( 'NONE',  ( 0.000000000000000000, 0.000000000000000000, 1.000000000000000000 ) ) ;
#7435 = AXIS2_PLACEMENT_3D ( 'NONE', #11585, #10590, #224 ) ;
#7436 = FACE_OUTER_BOUND ( 'NONE', #7652, .T. ) ;
#7437 = B_SPLINE_CURVE_WITH_KNOTS ( 'NONE', 3,
 ( #8611, #10591, #6020, #8670, #9720, #5785 ),
 .UNSPECIFIED., .F., .F.,
 ( 4, 2, 4 ),
 ( 0.002060137505873420056, 0.002644210467598552029, 0.003228283429323684436 ),
 .UNSPECIFIED. ) ;
#7438 = AXIS2_PLACEMENT_3D ( 'NONE', #2780, #6600, #1039 ) ;
#7439 = FACE_OUTER_BOUND ( 'NONE', #4828, .T. ) ;
#7440 = CARTESIAN_POINT ( 'NONE',  ( -0.7263287850284133595, -0.2227272727272733011, -500000.0000000000582 ) ) ;
#7441 = ORIENTED_EDGE ( 'NONE', *, *, #6755, .F. ) ;
#7442 = EDGE_LOOP ( 'NONE', ( #11738, #11715, #2127, #6256, #6523, #1189, #11850, #9490 ) ) ;
#7443 = CARTESIAN_POINT ( 'NONE',  ( 0.6607522599941045849, -1.927915581583256932, -1.582894801272977103 ) ) ;
#7444 = DIRECTION ( 'NONE',  ( 0.000000000000000000, -0.8660254037844420383, 0.4999999999999939493 ) ) ;
#7445 = ADVANCED_FACE ( 'NONE', ( #7932 ), #3058, .F. ) ;
#7446 = ADVANCED_FACE ( 'NONE', ( #2143 ), #11386, .F. ) ;
#7447 = CARTESIAN_POINT ( 'NONE',  ( -1.000000000000001776, -1.732050807568876527, 0.000000000000000000 ) ) ;
#7448 = PRODUCT_DEFINITION_SHAPE ( 'NONE', 'NONE',  #9411 ) ;
#7449 = CONICAL_SURFACE ( 'NONE', #4687, 1.099999999999997202, 1.029744258676652091 ) ;
#7450 = FACE_OUTER_BOUND ( 'NONE', #10300, .T. ) ;
#7451 = DIRECTION ( 'NONE',  ( -0.8660254037844383745, 0.000000000000000000, -0.5000000000000004441 ) ) ;
#7452 = ORIENTED_EDGE ( 'NONE', *, *, #12079, .F. ) ;
#7453 = CARTESIAN_POINT ( 'NONE',  ( 2.000000000000000000, 1.154700538379250130, -1.600000000000000089 ) ) ;
#7454 = DIRECTION ( 'NONE',  ( -0.7071067811865475727, -0.000000000000000000, -0.7071067811865475727 ) ) ;
#7455 = DIRECTION ( 'NONE',  ( 1.000000000000000000, 0.000000000000000000, 0.000000000000000000 ) ) ;
#7456 = AXIS2_PLACEMENT_3D ( 'NONE', #11326, #1776, #2694 ) ;
#7457 = CARTESIAN_POINT ( 'NONE',  ( 4.250000000000000000, 0.000000000000000000, 11.00000000000000000 ) ) ;
#7458 = ITEM_DEFINED_TRANSFORMATION ( 'NONE', 'NONE', #5539,  #8058 ) ;
#7459 = AXIS2_PLACEMENT_3D ( 'NONE', #9806, #5122, #8874 ) ;
#7460 = CLOSED_SHELL ( 'NONE', ( #6051, #4003, #5283, #1030 ) ) ;
#7461 = DIRECTION ( 'NONE',  ( -0.000000000000000000, 1.224649721909276639E-16, -1.000000000000000000 ) ) ;
#7462 = B_SPLINE_CURVE_WITH_KNOTS ( 'NONE', 3,
 ( #11275, #9297, #3933, #6463, #7500, #3683 ),
 .UNSPECIFIED., .F., .F.,
 ( 4, 2, 4 ),
 ( 0.001168606431211104352, 0.001750609284260045383, 0.002332612137308986630 ),
 .UNSPECIFIED. ) ;
#7463 = DIRECTION ( 'NONE',  ( 1.000000000000000000, -0.000000000000000000, -0.000000000000000000 ) ) ;
#7464 = ORIENTED_EDGE ( 'NONE', *, *, #1634, .F. ) ;
#7465 = PLANE ( 'NONE',  #9732 ) ;
#7466 = AXIS2_PLACEMENT_3D ( 'NONE', #7296, #3369, #8100 ) ;
#7467 = DIRECTION ( 'NONE',  ( -0.000000000000000000, -1.000000000000000000, -0.000000000000000000 ) ) ;
#7468 = ORIENTED_EDGE ( 'NONE', *, *, #4353, .T. ) ;
#7469 = EDGE_CURVE ( 'NONE', #6757, #8699, #9845, .T. ) ;
#7470 = LINE ( 'NONE', #5683, #1896 ) ;
#7471 = EDGE_CURVE ( 'NONE', #9841, #3098, #6464, .T. ) ;
#7472 = DIRECTION ( 'NONE',  ( -1.000000000000000000, 1.776356839400250465E-15, 0.000000000000000000 ) ) ;
#7473 = ORIENTED_EDGE ( 'NONE', *, *, #11360, .T. ) ;
#7474 =( GEOMETRIC_REPRESENTATION_CONTEXT ( 3 ) GLOBAL_UNCERTAINTY_ASSIGNED_CONTEXT ( ( #8022 ) ) GLOBAL_UNIT_ASSIGNED_CONTEXT ( ( #7883, #6101, #2843 ) ) REPRESENTATION_CONTEXT ( 'NONE', 'WORKASPACE' ) );
#7475 = CARTESIAN_POINT ( 'NONE',  ( -3.000000000000000000, 0.000000000000000000, 0.000000000000000000 ) ) ;
#7476 = DIRECTION ( 'NONE',  ( -0.8660254037844394848, 0.000000000000000000, -0.4999999999999985012 ) ) ;
#7477 = CARTESIAN_POINT ( 'NONE',  ( 0.000000000000000000, 0.000000000000000000, 0.000000000000000000 ) ) ;
#7478 = ORIENTED_EDGE ( 'NONE', *, *, #1270, .F. ) ;
#7479 = ORIENTED_EDGE ( 'NONE', *, *, #9729, .T. ) ;
#7480 = ORIENTED_EDGE ( 'NONE', *, *, #192, .T. ) ;
#7481 = B_SPLINE_CURVE_WITH_KNOTS ( 'NONE', 3,
 ( #427, #3215, #1372, #1488 ),
 .UNSPECIFIED., .F., .F.,
 ( 4, 4 ),
 ( 2.380749485076534898E-07, 0.001168606431211099148 ),
 .UNSPECIFIED. ) ;
#7482 = ADVANCED_FACE ( 'NONE', ( #10707 ), #2262, .F. ) ;
#7483 = CARTESIAN_POINT ( 'NONE',  ( 0.000000000000000000, 0.000000000000000000, 0.000000000000000000 ) ) ;
#7484 = DIRECTION ( 'NONE',  ( -1.000000000000000000, -0.000000000000000000, -0.000000000000000000 ) ) ;
#7485 = VERTEX_POINT ( 'NONE', #3128 ) ;
#7486 = CARTESIAN_POINT ( 'NONE',  ( 2.099999999999999645, -2.821690854684141936, 0.4999999999999991673 ) ) ;
#7487 =( GEOMETRIC_REPRESENTATION_CONTEXT ( 3 ) GLOBAL_UNCERTAINTY_ASSIGNED_CONTEXT ( ( #3229 ) ) GLOBAL_UNIT_ASSIGNED_CONTEXT ( ( #7069, #11704, #1401 ) ) REPRESENTATION_CONTEXT ( 'NONE', 'WORKASPACE' ) );
#7488 = LINE ( 'NONE', #9285, #2904 ) ;
#7489 = EDGE_CURVE ( 'NONE', #9228, #6298, #9400, .T. ) ;
#7490 = ORIENTED_EDGE ( 'NONE', *, *, #1247, .T. ) ;
#7491 = ORIENTED_EDGE ( 'NONE', *, *, #11228, .F. ) ;
#7492 = DIRECTION ( 'NONE',  ( -0.000000000000000000, -1.000000000000000000, -0.000000000000000000 ) ) ;
#7493 = AXIS2_PLACEMENT_3D ( 'NONE', #3480, #9275, #12123 ) ;
#7494 = CARTESIAN_POINT ( 'NONE',  ( -0.7367597884817487230, 0.4737380419973785672, -0.6400376310407445146 ) ) ;
#7495 = EDGE_CURVE ( 'NONE', #1616, #7551, #1133, .T. ) ;
#7496 = DIRECTION ( 'NONE',  ( -1.000000000000000000, -0.000000000000000000, -0.000000000000000000 ) ) ;
#7497 = VERTEX_POINT ( 'NONE', #7874 ) ;
#7498 = ORIENTED_EDGE ( 'NONE', *, *, #11140, .T. ) ;
#7499 = CYLINDRICAL_SURFACE ( 'NONE', #3520, 0.1749999999999999056 ) ;
#7500 = CARTESIAN_POINT ( 'NONE',  ( -1.836821824868181352, -1.248911501717480332, -0.1242400699092116589 ) ) ;
#7501 = LINE ( 'NONE', #1706, #291 ) ;
#7502 = CARTESIAN_POINT ( 'NONE',  ( 2.000000000000000000, 0.000000000000000000, -1.600000000000000089 ) ) ;
#7503 =( NAMED_UNIT ( * ) SI_UNIT ( $, .STERADIAN. ) SOLID_ANGLE_UNIT ( ) );
#7504 = VECTOR ( 'NONE', #449, 1000.000000000000000 ) ;
#7505 = CARTESIAN_POINT ( 'NONE',  ( -16.00000000000000000, 4.286263797015736595E-16, 3.500000000000000000 ) ) ;
#7506 = EDGE_LOOP ( 'NONE', ( #7272, #3442 ) ) ;
#7507 = CARTESIAN_POINT ( 'NONE',  ( 0.8000000000000000444, 0.000000000000000000, -8.000000000000000000 ) ) ;
#7508 = DIRECTION ( 'NONE',  ( 0.7423286577013628040, -0.4285836503510563333, -0.5150380749100559319 ) ) ;
#7509 = CARTESIAN_POINT ( 'NONE',  ( 3.499999999999996003, 0.8999999999999989120, -4.154700538379139552 ) ) ;
#7510 = EDGE_CURVE ( 'NONE', #7343, #2570, #4050, .T. ) ;
#7511 =( NAMED_UNIT ( * ) SI_UNIT ( $, .STERADIAN. ) SOLID_ANGLE_UNIT ( ) );
#7512 = EDGE_CURVE ( 'NONE', #11272, #1828, #10527, .T. ) ;
#7513 = AXIS2_PLACEMENT_3D ( 'NONE', #1373, #1489, #7099 ) ;
#7514 = DIRECTION ( 'NONE',  ( 0.000000000000000000, 0.000000000000000000, 1.000000000000000000 ) ) ;
#7515 = CIRCLE ( 'NONE', #6144, 1.099999999999996758 ) ;
#7516 = CARTESIAN_POINT ( 'NONE',  ( 3.500000000000000000, 9.199999999999999289, -16.00000000000000000 ) ) ;
#7517 = DIRECTION ( 'NONE',  ( 0.000000000000000000, 0.000000000000000000, -1.000000000000000000 ) ) ;
#7518 = DIRECTION ( 'NONE',  ( -0.000000000000000000, 0.000000000000000000, 1.000000000000000000 ) ) ;
#7519 = VERTEX_POINT ( 'NONE', #4969 ) ;
#7520 = DIRECTION ( 'NONE',  ( 0.000000000000000000, 1.000000000000000000, 2.168404344971008868E-16 ) ) ;
#7521 = FACE_OUTER_BOUND ( 'NONE', #2819, .T. ) ;
#7522 = ORIENTED_EDGE ( 'NONE', *, *, #5325, .T. ) ;
#7523 = SURFACE_STYLE_FILL_AREA ( #4628 ) ;
#7524 = LINE ( 'NONE', #817, #145 ) ;
#7525 = ORIENTED_EDGE ( 'NONE', *, *, #10944, .T. ) ;
#7526 = DIRECTION ( 'NONE',  ( 0.000000000000000000, 0.000000000000000000, -1.000000000000000000 ) ) ;
#7527 = DIRECTION ( 'NONE',  ( 1.000000000000000000, 0.000000000000000000, 0.000000000000000000 ) ) ;
#7528 = VERTEX_POINT ( 'NONE', #8667 ) ;
#7529 = EDGE_CURVE ( 'NONE', #9898, #8976, #11524, .T. ) ;
#7530 = DIRECTION ( 'NONE',  ( -0.000000000000000000, -0.000000000000000000, -1.000000000000000000 ) ) ;
#7531 = EDGE_CURVE ( 'NONE', #11988, #995, #6820, .T. ) ;
#7532 = DIRECTION ( 'NONE',  ( -1.000000000000000000, 0.000000000000000000, 0.000000000000000000 ) ) ;
#7533 = ORIENTED_EDGE ( 'NONE', *, *, #497, .T. ) ;
#7534 = EDGE_LOOP ( 'NONE', ( #2943, #2953 ) ) ;
#7535 = ORIENTED_EDGE ( 'NONE', *, *, #3293, .F. ) ;
#7536 = ORIENTED_EDGE ( 'NONE', *, *, #8286, .T. ) ;
#7537 = CARTESIAN_POINT ( 'NONE',  ( 3.903127820947815962E-15, 2.500000000000000000, -19.84529946162065883 ) ) ;
#7538 = CARTESIAN_POINT ( 'NONE',  ( 1.500000000000000000, 0.000000000000000000, 1.000000000000000000 ) ) ;
#7539 = ORIENTED_EDGE ( 'NONE', *, *, #8808, .F. ) ;
#7540 = LINE ( 'NONE', #8464, #3726 ) ;
#7541 = FACE_OUTER_BOUND ( 'NONE', #11638, .T. ) ;
#7542 = EDGE_CURVE ( 'NONE', #8666, #7367, #5097, .T. ) ;
#7543 = ORIENTED_EDGE ( 'NONE', *, *, #8906, .F. ) ;
#7544 = EDGE_CURVE ( 'NONE', #4539, #4603, #5159, .T. ) ;
#7545 = ORIENTED_EDGE ( 'NONE', *, *, #7963, .T. ) ;
#7546 = DIRECTION ( 'NONE',  ( -1.000000000000000000, 0.000000000000000000, 0.000000000000000000 ) ) ;
#7547 = CARTESIAN_POINT ( 'NONE',  ( -0.3271719972790577136, -2.120508236058134877, -1.530424537474095903 ) ) ;
#7548 = UNCERTAINTY_MEASURE_WITH_UNIT (LENGTH_MEASURE( 1.000000000000000082E-05 ), #2077, 'distance_accuracy_value', 'NONE');
#7549 = SURFACE_STYLE_FILL_AREA ( #24 ) ;
#7550 = DIRECTION ( 'NONE',  ( 1.000000000000000000, 0.000000000000000000, 0.000000000000000000 ) ) ;
#7551 = VERTEX_POINT ( 'NONE', #3312 ) ;
#7552 = DIRECTION ( 'NONE',  ( 1.000000000000000000, 0.000000000000000000, 0.000000000000000000 ) ) ;
#7553 = DIRECTION ( 'NONE',  ( -1.000000000000000000, 0.000000000000000000, 0.000000000000000000 ) ) ;
#7554 = CIRCLE ( 'NONE', #2241, 1.999999999999999556 ) ;
#7555 = ORIENTED_EDGE ( 'NONE', *, *, #628, .T. ) ;
#7556 = EDGE_CURVE ( 'NONE', #7423, #3525, #9831, .T. ) ;
#7557 = CARTESIAN_POINT ( 'NONE',  ( -2.000000000000000000, 0.000000000000000000, -1.600000000000000089 ) ) ;
#7558 = ORIENTED_EDGE ( 'NONE', *, *, #4855, .T. ) ;
#7559 = DIRECTION ( 'NONE',  ( 0.000000000000000000, -0.8660254037844420383, 0.4999999999999939493 ) ) ;
#7560 = ORIENTED_EDGE ( 'NONE', *, *, #4103, .F. ) ;
#7561 = DIRECTION ( 'NONE',  ( 0.000000000000000000, -0.000000000000000000, 1.000000000000000000 ) ) ;
#7562 = DIRECTION ( 'NONE',  ( 0.000000000000000000, 0.000000000000000000, -1.000000000000000000 ) ) ;
#7563 = SURFACE_STYLE_FILL_AREA ( #3947 ) ;
#7564 = CARTESIAN_POINT ( 'NONE',  ( 4.099999999999999645, 2.821690854684141936, 0.3999999999999968026 ) ) ;
#7565 = EDGE_CURVE ( 'NONE', #3379, #7411, #4555, .T. ) ;
#7566 = CONTEXT_DEPENDENT_SHAPE_REPRESENTATION ( #7699, #4200 ) ;
#7567 = VERTEX_POINT ( 'NONE', #5029 ) ;
#7568 = AXIS2_PLACEMENT_3D ( 'NONE', #7625, #1708, #89 ) ;
#7569 = B_SPLINE_CURVE_WITH_KNOTS ( 'NONE', 3,
 ( #1236, #5809, #11440, #9559 ),
 .UNSPECIFIED., .F., .F.,
 ( 4, 4 ),
 ( 2.380749485086116428E-07, 0.001168606431211100015 ),
 .UNSPECIFIED. ) ;
#7570 = CARTESIAN_POINT ( 'NONE',  ( -2.000000000000000000, 0.000000000000000000, -1.600000000000000089 ) ) ;
#7571 = ORIENTED_EDGE ( 'NONE', *, *, #8918, .T. ) ;
#7572 = EDGE_CURVE ( 'NONE', #3784, #4444, #8787, .T. ) ;
#7573 = FACE_BOUND ( 'NONE', #8757, .T. ) ;
#7574 = PLANE ( 'NONE',  #8743 ) ;
#7575 = LINE ( 'NONE', #5740, #6022 ) ;
#7576 = ORIENTED_EDGE ( 'NONE', *, *, #9900, .F. ) ;
#7577 = CIRCLE ( 'NONE', #10735, 0.8156023289304824564 ) ;
#7578 =( LENGTH_UNIT ( ) NAMED_UNIT ( * ) SI_UNIT ( .MILLI., .METRE. ) );
#7579 = CARTESIAN_POINT ( 'NONE',  ( -0.5560518688116490305, -0.5176555429708573630, -0.7092725651034397227 ) ) ;
#7580 = CARTESIAN_POINT ( 'NONE',  ( 0.7812177826368175149, 0.4046859928386118965, -0.6379588589927356335 ) ) ;
#7581 = ORIENTED_EDGE ( 'NONE', *, *, #9626, .F. ) ;
#7582 = CIRCLE ( 'NONE', #9166, 11.00000000000000000 ) ;
#7583 = VECTOR ( 'NONE', #9258, 1000.000000000000000 ) ;
#7584 = EDGE_CURVE ( 'NONE', #2279, #13, #4115, .T. ) ;
#7585 = CARTESIAN_POINT ( 'NONE',  ( 0.000000000000000000, 4.898598887637106556E-16, -3.200000000000000178 ) ) ;
#7586 = VERTEX_POINT ( 'NONE', #6385 ) ;
#7587 = EDGE_CURVE ( 'NONE', #9102, #5741, #8294, .T. ) ;
#7588 = CARTESIAN_POINT ( 'NONE',  ( 0.000000000000000000, 0.000000000000000000, -6.000000000000000000 ) ) ;
#7589 = CARTESIAN_POINT ( 'NONE',  ( -2.000000000000000000, 0.000000000000000000, -3.000000000000000000 ) ) ;
#7590 = ORIENTED_EDGE ( 'NONE', *, *, #8810, .T. ) ;
#7591 = ORIENTED_EDGE ( 'NONE', *, *, #1928, .T. ) ;
#7592 = AXIS2_PLACEMENT_3D ( 'NONE', #5855, #10789, #11531 ) ;
#7593 = FACE_OUTER_BOUND ( 'NONE', #2805, .T. ) ;
#7594 = APPLICATION_PROTOCOL_DEFINITION ( 'draft international standard', 'automotive_design', 1998, #422 ) ;
#7595 = DIRECTION ( 'NONE',  ( -1.000000000000000000, 0.000000000000000000, 0.000000000000000000 ) ) ;
#7596 = CARTESIAN_POINT ( 'NONE',  ( -0.9526279441628806577, 0.5500000000000001554, -1.600000000000000089 ) ) ;
#7597 = ORIENTED_EDGE ( 'NONE', *, *, #10643, .T. ) ;
#7598 = AXIS2_PLACEMENT_3D ( 'NONE', #433, #11681, #1491 ) ;
#7599 = B_SPLINE_CURVE_WITH_KNOTS ( 'NONE', 3,
 ( #6994, #1446, #3306, #5337, #4224, #9839 ),
 .UNSPECIFIED., .F., .F.,
 ( 4, 2, 4 ),
 ( 3.086168651045376597E-07, 0.0001317793995238434246, 0.0002632501821825823088 ),
 .UNSPECIFIED. ) ;
#7600 = DIRECTION ( 'NONE',  ( -0.000000000000000000, -1.000000000000000000, -0.000000000000000000 ) ) ;
#7601 = CONICAL_SURFACE ( 'NONE', #10168, 1.000000000000000000, 1.047197551196604515 ) ;
#7602 = FACE_OUTER_BOUND ( 'NONE', #227, .T. ) ;
#7603 = ORIENTED_EDGE ( 'NONE', *, *, #707, .T. ) ;
#7604 = AXIS2_PLACEMENT_3D ( 'NONE', #3544, #8624, #11062 ) ;
#7605 = CARTESIAN_POINT ( 'NONE',  ( -2.000000000000000000, 0.000000000000000000, -3.000000000000000000 ) ) ;
#7606 = CIRCLE ( 'NONE', #12168, 0.3062499999999996891 ) ;
#7607 = VECTOR ( 'NONE', #12097, 1000.000000000000000 ) ;
#7608 = SHAPE_REPRESENTATION ( 'MancalDireito', ( #8058 ), #8274 ) ;
#7609 = CARTESIAN_POINT ( 'NONE',  ( -0.7784557959045608211, 0.4018303493520112846, -0.6399626650810402717 ) ) ;
#7610 = SURFACE_SIDE_STYLE ('',( #7549 ) ) ;
#7611 = CARTESIAN_POINT ( 'NONE',  ( 0.000000000000000000, 0.000000000000000000, 998.8342469583508318 ) ) ;
#7612 = PRESENTATION_STYLE_ASSIGNMENT (( #6750 ) ) ;
#7613 = VECTOR ( 'NONE', #9042, 1000.000000000000000 ) ;
#7614 = LINE ( 'NONE', #12140, #12184 ) ;
#7615 = EDGE_CURVE ( 'NONE', #9321, #11384, #9233, .T. ) ;
#7616 = ORIENTED_EDGE ( 'NONE', *, *, #4425, .T. ) ;
#7617 = CIRCLE ( 'NONE', #1509, 1.000000000000000000 ) ;
#7618 = EDGE_CURVE ( 'NONE', #1876, #11939, #8971, .T. ) ;
#7619 = ORIENTED_EDGE ( 'NONE', *, *, #9818, .F. ) ;
#7620 = AXIS2_PLACEMENT_3D ( 'NONE', #10327, #5650, #6452 ) ;
#7621 = DIRECTION ( 'NONE',  ( -1.000000000000000000, 0.000000000000000000, 0.000000000000000000 ) ) ;
#7622 = VECTOR ( 'NONE', #8053, 1000.000000000000000 ) ;
#7623 = CIRCLE ( 'NONE', #10975, 0.8156023289305088797 ) ;
#7624 = ORIENTED_EDGE ( 'NONE', *, *, #11338, .T. ) ;
#7625 = CARTESIAN_POINT ( 'NONE',  ( 0.000000000000000000, 2.309401076758504701, -1.600000000000000089 ) ) ;
#7626 = EDGE_LOOP ( 'NONE', ( #9366, #1601, #7839 ) ) ;
#7627 = CIRCLE ( 'NONE', #6832, 4.000000000000000888 ) ;
#7628 = DIRECTION ( 'NONE',  ( 0.000000000000000000, 0.000000000000000000, 1.000000000000000000 ) ) ;
#7629 = ORIENTED_EDGE ( 'NONE', *, *, #6905, .F. ) ;
#7630 = LINE ( 'NONE', #11405, #2321 ) ;
#7631 = CARTESIAN_POINT ( 'NONE',  ( 2.000000000000000000, -1.154700538379255015, -0.1786327949540832127 ) ) ;
#7632 = CARTESIAN_POINT ( 'NONE',  ( 2.000000000000000000, -0.9668978507697956193, -1.475581171168852679 ) ) ;
#7633 = CARTESIAN_POINT ( 'NONE',  ( 0.000000000000000000, 1.224646799147353256E-15, -10.00000000000000000 ) ) ;
#7634 = CONTEXT_DEPENDENT_SHAPE_REPRESENTATION ( #10849, #4080 ) ;
#7635 = B_SPLINE_CURVE_WITH_KNOTS ( 'NONE', 3,
 ( #3502, #9903, #9100, #11086, #5402, #652 ),
 .UNSPECIFIED., .F., .F.,
 ( 4, 2, 4 ),
 ( 0.001168606431211103485, 0.001750609284260044515, 0.002332612137308985329 ),
 .UNSPECIFIED. ) ;
#7636 = ORIENTED_EDGE ( 'NONE', *, *, #4170, .T. ) ;
#7637 = EDGE_CURVE ( 'NONE', #1918, #10427, #4904, .T. ) ;
#7638 = AXIS2_PLACEMENT_3D ( 'NONE', #12125, #10262, #2741 ) ;
#7639 = DIRECTION ( 'NONE',  ( 1.000000000000000000, 0.000000000000000000, 0.000000000000000000 ) ) ;
#7640 = CIRCLE ( 'NONE', #4495, 1.999999999999999556 ) ;
#7641 = AXIS2_PLACEMENT_3D ( 'NONE', #10750, #9137, #9936 ) ;
#7642 = CIRCLE ( 'NONE', #4498, 0.5000000000000000000 ) ;
#7643 = CARTESIAN_POINT ( 'NONE',  ( 1.340742937416024905, -1.535322780927274700, -1.599999999999999867 ) ) ;
#7644 = LINE ( 'NONE', #10297, #9138 ) ;
#7645 = EDGE_CURVE ( 'NONE', #6594, #6124, #1759, .T. ) ;
#7646 = DIRECTION ( 'NONE',  ( -1.126735949052869914E-15, 0.000000000000000000, -1.000000000000000000 ) ) ;
#7647 = ORIENTED_EDGE ( 'NONE', *, *, #9742, .T. ) ;
#7648 = VECTOR ( 'NONE', #5524, 1000.000000000000000 ) ;
#7649 = FACE_OUTER_BOUND ( 'NONE', #6015, .T. ) ;
#7650 = ADVANCED_FACE ( 'NONE', ( #4542 ), #5340, .T. ) ;
#7651 = CLOSED_SHELL ( 'NONE', ( #1400, #3650, #6162, #292, #3322, #10887, #8297, #9299, #2945, #1841, #6176, #10580 ) ) ;
#7652 = EDGE_LOOP ( 'NONE', ( #2244, #3127, #8846 ) ) ;
#7653 = AXIS2_PLACEMENT_3D ( 'NONE', #4974, #8917, #3318 ) ;
#7654 = CARTESIAN_POINT ( 'NONE',  ( -16.00000000000000000, 4.898587196589412829E-16, 4.000000000000000000 ) ) ;
#7655 = VERTEX_POINT ( 'NONE', #11890 ) ;
#7656 = DIRECTION ( 'NONE',  ( -0.000000000000000000, 0.000000000000000000, 1.000000000000000000 ) ) ;
#7657 = DIRECTION ( 'NONE',  ( 0.000000000000000000, 0.000000000000000000, 1.000000000000000000 ) ) ;
#7658 = AXIS2_PLACEMENT_3D ( 'NONE', #3222, #498, #6239 ) ;
#7659 = VERTEX_POINT ( 'NONE', #6148 ) ;
#7660 = EDGE_LOOP ( 'NONE', ( #3627, #3793, #9380 ) ) ;
#7661 = ORIENTED_EDGE ( 'NONE', *, *, #8378, .F. ) ;
#7662 = CONICAL_SURFACE ( 'NONE', #9431, 1.000000000000000000, 1.047197551196604515 ) ;
#7663 = LINE ( 'NONE', #9688, #2982 ) ;
#7664 = EDGE_CURVE ( 'NONE', #311, #5525, #2630, .T. ) ;
#7665 = APPLICATION_PROTOCOL_DEFINITION ( 'draft international standard', 'automotive_design', 1998, #11322 ) ;
#7666 = EDGE_CURVE ( 'NONE', #7954, #5664, #8360, .T. ) ;
#7667 = CARTESIAN_POINT ( 'NONE',  ( 0.8000000000000000444, 0.000000000000000000, -6.500000000000000888 ) ) ;
#7668 = CARTESIAN_POINT ( 'NONE',  ( -4.000000000000003553, 0.8999999999999998002, -19.84529946162065883 ) ) ;
#7669 = ORIENTED_EDGE ( 'NONE', *, *, #977, .T. ) ;
#7670 = VECTOR ( 'NONE', #7067, 1000.000000000000000 ) ;
#7671 = DIRECTION ( 'NONE',  ( 0.000000000000000000, 0.000000000000000000, -1.000000000000000000 ) ) ;
#7672 = CONICAL_SURFACE ( 'NONE', #1562, 1664.279482350497119, 1.029744258676648982 ) ;
#7673 = CARTESIAN_POINT ( 'NONE',  ( -0.8302646929203290060, 1.830047532802309806, 9.328656192427350549E-16 ) ) ;
#7674 = DIRECTION ( 'NONE',  ( 0.000000000000000000, 0.000000000000000000, 1.000000000000000000 ) ) ;
#7675 = EDGE_LOOP ( 'NONE', ( #2838, #4472, #2097, #11209 ) ) ;
#7676 = DIRECTION ( 'NONE',  ( 1.000000000000000000, 0.000000000000000000, 0.000000000000000000 ) ) ;
#7677 = CARTESIAN_POINT ( 'NONE',  ( -2.000000000000000000, 0.7788341705667901627, -0.07984828284772985119 ) ) ;
#7678 = UNCERTAINTY_MEASURE_WITH_UNIT (LENGTH_MEASURE( 1.000000000000000082E-05 ), #11239, 'distance_accuracy_value', 'NONE');
#7679 = VERTEX_POINT ( 'NONE', #1453 ) ;
#7680 = CARTESIAN_POINT ( 'NONE',  ( -8.000000000000000000, 17.00000000000000000, -8.732195743157015855 ) ) ;
#7681 = CARTESIAN_POINT ( 'NONE',  ( 3.599999999999992095, 2.971690854684141847, 0.9000000000000006883 ) ) ;
#7682 = MECHANICAL_DESIGN_GEOMETRIC_PRESENTATION_REPRESENTATION (  '', ( #2566 ), #10835 ) ;
#7683 = FACE_OUTER_BOUND ( 'NONE', #270, .T. ) ;
#7684 = ORIENTED_EDGE ( 'NONE', *, *, #6349, .F. ) ;
#7685 = ORIENTED_EDGE ( 'NONE', *, *, #11692, .T. ) ;
#7686 = CARTESIAN_POINT ( 'NONE',  ( 2.000000000000000000, -0.3889866277140359152, -0.01677217554083863804 ) ) ;
#7687 = ORIENTED_EDGE ( 'NONE', *, *, #8380, .T. ) ;
#7688 = CARTESIAN_POINT ( 'NONE',  ( -4.987329993433320396E-15, -2.309401076758504701, -1.421367205045916737 ) ) ;
#7689 = MECHANICAL_DESIGN_GEOMETRIC_PRESENTATION_REPRESENTATION (  '', ( #6117 ), #4926 ) ;
#7690 = EDGE_CURVE ( 'NONE', #4386, #4403, #1694, .T. ) ;
#7691 = ORIENTED_EDGE ( 'NONE', *, *, #7985, .T. ) ;
#7692 = CARTESIAN_POINT ( 'NONE',  ( 0.000000000000000000, -0.9999999999999997780, -1.869518839163146984 ) ) ;
#7693 = ADVANCED_FACE ( 'NONE', ( #7124 ), #5214, .F. ) ;
#7694 = VERTEX_POINT ( 'NONE', #6261 ) ;
#7695 = CARTESIAN_POINT ( 'NONE',  ( 2.099999999999999645, 2.971690854684141847, 0.4999999999999991673 ) ) ;
#7696 = CARTESIAN_POINT ( 'NONE',  ( 0.8000000000000000444, 12.50000000000000000, -8.000000000000000000 ) ) ;
#7697 = DIRECTION ( 'NONE',  ( 0.000000000000000000, 0.000000000000000000, 1.000000000000000000 ) ) ;
#7698 = ORIENTED_EDGE ( 'NONE', *, *, #7044, .F. ) ;
#7699 =( REPRESENTATION_RELATIONSHIP ('NONE','NONE', #912, #8396 ) REPRESENTATION_RELATIONSHIP_WITH_TRANSFORMATION ( #3757 )SHAPE_REPRESENTATION_RELATIONSHIP( ) );
#7700 = DIRECTION ( 'NONE',  ( -1.000000000000000000, 0.000000000000000000, 0.000000000000000000 ) ) ;
#7701 = DIRECTION ( 'NONE',  ( -1.000000000000000000, 0.000000000000000000, 0.000000000000000000 ) ) ;
#7702 = CYLINDRICAL_SURFACE ( 'NONE', #1895, 1.099999999999996758 ) ;
#7703 = ADVANCED_FACE ( 'NONE', ( #10021, #9098 ), #5471, .T. ) ;
#7704 = FILL_AREA_STYLE ('',( #2709 ) ) ;
#7705 = ORIENTED_EDGE ( 'NONE', *, *, #5452, .F. ) ;
#7706 = DIRECTION ( 'NONE',  ( -0.000000000000000000, 1.000000000000000000, 0.000000000000000000 ) ) ;
#7707 = AXIS2_PLACEMENT_3D ( 'NONE', #1019, #2816, #10337 ) ;
#7708 = CARTESIAN_POINT ( 'NONE',  ( 1.224646799147353454E-16, -0.9999999999999997780, -2.130481160836854126 ) ) ;
#7709 = LINE ( 'NONE', #5746, #2887 ) ;
#7710 = B_SPLINE_CURVE_WITH_KNOTS ( 'NONE', 3,
 ( #9738, #2405, #8873, #8815, #4137, #7895 ),
 .UNSPECIFIED., .F., .F.,
 ( 4, 2, 4 ),
 ( 0.002060137505873420056, 0.002644210467598552029, 0.003228283429323684436 ),
 .UNSPECIFIED. ) ;
#7711 = EDGE_LOOP ( 'NONE', ( #9606, #5958, #4017, #10915 ) ) ;
#7712 = ORIENTED_EDGE ( 'NONE', *, *, #7257, .T. ) ;
#7713 = AXIS2_PLACEMENT_3D ( 'NONE', #12005, #11936, #1625 ) ;
#7714 = PLANE ( 'NONE',  #491 ) ;
#7715 = EDGE_LOOP ( 'NONE', ( #11368, #10166, #1391, #323, #9860 ) ) ;
#7716 = DIRECTION ( 'NONE',  ( 0.000000000000000000, 0.000000000000000000, 1.000000000000000000 ) ) ;
#7717 = ADVANCED_FACE ( 'NONE', ( #4417 ), #6201, .T. ) ;
#7718 = VERTEX_POINT ( 'NONE', #6325 ) ;
#7719 = VERTEX_POINT ( 'NONE', #9157 ) ;
#7720 = DIRECTION ( 'NONE',  ( 0.000000000000000000, 0.000000000000000000, -1.000000000000000000 ) ) ;
#7721 = APPLICATION_PROTOCOL_DEFINITION ( 'draft international standard', 'automotive_design', 1998, #5243 ) ;
#7722 = CARTESIAN_POINT ( 'NONE',  ( 1.550000000000000266, 17.00000000000000000, -8.732195743157015855 ) ) ;
#7723 = PLANE ( 'NONE',  #208 ) ;
#7724 = ORIENTED_EDGE ( 'NONE', *, *, #1685, .T. ) ;
#7725 = CIRCLE ( 'NONE', #3410, 1.000000000000000000 ) ;
#7726 = EDGE_LOOP ( 'NONE', ( #6483, #1329, #7616, #8518 ) ) ;
#7727 = CARTESIAN_POINT ( 'NONE',  ( 3.500000000000000000, 23.00000000000000000, 0.000000000000000000 ) ) ;
#7728 = FACE_OUTER_BOUND ( 'NONE', #8521, .T. ) ;
#7729 = EDGE_CURVE ( 'NONE', #1404, #10831, #713, .T. ) ;
#7730 = DIRECTION ( 'NONE',  ( 1.000000000000000000, 0.000000000000000000, 0.000000000000000000 ) ) ;
#7731 = EDGE_CURVE ( 'NONE', #6507, #1300, #959, .T. ) ;
#7732 = ORIENTED_EDGE ( 'NONE', *, *, #1183, .F. ) ;
#7733 = DIRECTION ( 'NONE',  ( -1.000000000000000000, 0.000000000000000000, 0.000000000000000000 ) ) ;
#7734 = CARTESIAN_POINT ( 'NONE',  ( 3.500000000000000000, 2.500000000000000000, -24.00000000000000000 ) ) ;
#7735 = ORIENTED_EDGE ( 'NONE', *, *, #8253, .T. ) ;
#7736 = DIRECTION ( 'NONE',  ( -0.000000000000000000, -0.000000000000000000, 1.000000000000000000 ) ) ;
#7737 = CARTESIAN_POINT ( 'NONE',  ( 0.000000000000000000, 2.309401076758504701, -1.600000000000000089 ) ) ;
#7738 = CARTESIAN_POINT ( 'NONE',  ( 0.000000000000000000, 4.738805170303855086E-16, -1.469518839163146406 ) ) ;
#7739 = CARTESIAN_POINT ( 'NONE',  ( 2.000000000000000000, 1.154700538379254349, -0.1786327949540832127 ) ) ;
#7740 = DIRECTION ( 'NONE',  ( -0.000000000000000000, -0.000000000000000000, 1.000000000000000000 ) ) ;
#7741 = ORIENTED_EDGE ( 'NONE', *, *, #11024, .F. ) ;
#7742 = EDGE_CURVE ( 'NONE', #5510, #3411, #12137, .T. ) ;
#7743 = ADVANCED_FACE ( 'NONE', ( #7436 ), #2543, .T. ) ;
#7744 = ORIENTED_EDGE ( 'NONE', *, *, #10708, .F. ) ;
#7745 = CARTESIAN_POINT ( 'NONE',  ( 3.699999999999999289, -2.971690854684141847, 0.4999999999999991673 ) ) ;
#7746 = ORIENTED_EDGE ( 'NONE', *, *, #1092, .F. ) ;
#7747 = CARTESIAN_POINT ( 'NONE',  ( 0.000000000000000000, 0.7740000000000005764, -2.400000000000000355 ) ) ;
#7748 = LINE ( 'NONE', #7875, #2692 ) ;
#7749 = DIRECTION ( 'NONE',  ( 0.000000000000000000, 0.000000000000000000, -1.000000000000000000 ) ) ;
#7750 = VERTEX_POINT ( 'NONE', #3674 ) ;
#7751 = DIRECTION ( 'NONE',  ( 0.000000000000000000, 0.000000000000000000, -1.000000000000000000 ) ) ;
#7752 = CARTESIAN_POINT ( 'NONE',  ( 4.250000000000000000, 1.224646799147353256E-15, -10.00000000000000000 ) ) ;
#7753 = CYLINDRICAL_SURFACE ( 'NONE', #10359, 0.3062499999999996891 ) ;
#7754 = ORIENTED_EDGE ( 'NONE', *, *, #5282, .F. ) ;
#7755 = DIRECTION ( 'NONE',  ( -0.000000000000000000, 0.000000000000000000, -1.000000000000000000 ) ) ;
#7756 = CARTESIAN_POINT ( 'NONE',  ( 3.400000000000000355, 0.000000000000000000, 0.000000000000000000 ) ) ;
#7757 = FILL_AREA_STYLE ('',( #6774 ) ) ;
#7758 = AXIS2_PLACEMENT_3D ( 'NONE', #1407, #10900, #7074 ) ;
#7759 = CARTESIAN_POINT ( 'NONE',  ( -0.5000000000000000000, 9.199999999999999289, -14.50000000000000178 ) ) ;
#7760 = EDGE_CURVE ( 'NONE', #5543, #473, #8207, .T. ) ;
#7761 = ORIENTED_EDGE ( 'NONE', *, *, #3092, .T. ) ;
#7762 = ADVANCED_FACE ( 'NONE', ( #1825 ), #9383, .T. ) ;
#7763 = VECTOR ( 'NONE', #5615, 1000.000000000000114 ) ;
#7764 = FACE_OUTER_BOUND ( 'NONE', #11881, .T. ) ;
#7765 = VERTEX_POINT ( 'NONE', #2752 ) ;
#7766 = PLANE ( 'NONE',  #694 ) ;
#7767 = ORIENTED_EDGE ( 'NONE', *, *, #2137, .F. ) ;
#7768 = ORIENTED_EDGE ( 'NONE', *, *, #2548, .T. ) ;
#7769 = DIRECTION ( 'NONE',  ( -0.000000000000000000, 1.224649721909276639E-16, -1.000000000000000000 ) ) ;
#7770 = CONTEXT_DEPENDENT_SHAPE_REPRESENTATION ( #6035, #12086 ) ;
#7771 = CIRCLE ( 'NONE', #5012, 1.099999999999998535 ) ;
#7772 = DIRECTION ( 'NONE',  ( 1.000000000000000000, 0.000000000000000000, 0.000000000000000000 ) ) ;
#7773 = DIRECTION ( 'NONE',  ( -0.5000000000000008882, -0.8660254037844382635, 0.000000000000000000 ) ) ;
#7774 = ORIENTED_EDGE ( 'NONE', *, *, #7690, .T. ) ;
#7775 = EDGE_CURVE ( 'NONE', #7977, #2058, #6574, .T. ) ;
#7776 = ORIENTED_EDGE ( 'NONE', *, *, #9210, .F. ) ;
#7777 = CARTESIAN_POINT ( 'NONE',  ( 2.000000000000000000, 6.700000000000000178, -0.8000000000000000444 ) ) ;
#7778 = VECTOR ( 'NONE', #6798, 1000.000000000000000 ) ;
#7779 = CARTESIAN_POINT ( 'NONE',  ( 0.000000000000000000, 4.738805170303855086E-16, -3.069518839163146939 ) ) ;
#7780 = CARTESIAN_POINT ( 'NONE',  ( 0.000000000000000000, 4.898598887637106556E-16, -2.799999999999999822 ) ) ;
#7781 = VECTOR ( 'NONE', #2356, 1000.000000000000000 ) ;
#7782 = ADVANCED_FACE ( 'NONE', ( #8348 ), #9572, .F. ) ;
#7783 = VERTEX_POINT ( 'NONE', #6696 ) ;
#7784 = FACE_OUTER_BOUND ( 'NONE', #7085, .T. ) ;
#7785 = CARTESIAN_POINT ( 'NONE',  ( 11.50000000000000000, 7.500000000000000000, -6.116139535669825378 ) ) ;
#7786 = UNCERTAINTY_MEASURE_WITH_UNIT (LENGTH_MEASURE( 1.000000000000000082E-05 ), #2880, 'distance_accuracy_value', 'NONE');
#7787 = ORIENTED_EDGE ( 'NONE', *, *, #4991, .F. ) ;
#7788 = DIRECTION ( 'NONE',  ( -0.000000000000000000, 0.000000000000000000, -1.000000000000000000 ) ) ;
#7789 = DIRECTION ( 'NONE',  ( 1.000000000000000000, 0.000000000000000000, 0.000000000000000000 ) ) ;
#7790 = CARTESIAN_POINT ( 'NONE',  ( -19.65914770952259261, -0.3502617553154639962, 1033.600000000006958 ) ) ;
#7791 = VECTOR ( 'NONE', #2814, 1000.000000000000000 ) ;
#7792 = LINE ( 'NONE', #11570, #934 ) ;
#7793 = ORIENTED_EDGE ( 'NONE', *, *, #5977, .F. ) ;
#7794 = EDGE_CURVE ( 'NONE', #10778, #3462, #3381, .T. ) ;
#7795 = FACE_OUTER_BOUND ( 'NONE', #7091, .T. ) ;
#7796 = VECTOR ( 'NONE', #4006, 1000.000000000000000 ) ;
#7797 = AXIS2_PLACEMENT_3D ( 'NONE', #2128, #4954, #259 ) ;
#7798 = DIRECTION ( 'NONE',  ( 0.000000000000000000, 0.000000000000000000, 1.000000000000000000 ) ) ;
#7799 = ORIENTED_EDGE ( 'NONE', *, *, #2790, .F. ) ;
#7800 = AXIS2_PLACEMENT_3D ( 'NONE', #5538, #10229, #848 ) ;
#7801 = FACE_OUTER_BOUND ( 'NONE', #8379, .T. ) ;
#7802 = ORIENTED_EDGE ( 'NONE', *, *, #2917, .T. ) ;
#7803 = DIRECTION ( 'NONE',  ( -0.000000000000000000, 1.000000000000000000, -0.000000000000000000 ) ) ;
#7804 = LINE ( 'NONE', #340, #12200 ) ;
#7805 = ORIENTED_EDGE ( 'NONE', *, *, #2350, .T. ) ;
#7806 = AXIS2_PLACEMENT_3D ( 'NONE', #8381, #1915, #4864 ) ;
#7807 = CARTESIAN_POINT ( 'NONE',  ( -4.000000000000003553, 0.9000000000000003553, -4.154700538379143993 ) ) ;
#7808 = AXIS2_PLACEMENT_3D ( 'NONE', #6899, #1352, #11661 ) ;
#7809 = DIRECTION ( 'NONE',  ( -0.000000000000000000, 1.000000000000000000, -0.000000000000000000 ) ) ;
#7810 = CARTESIAN_POINT ( 'NONE',  ( 11.50000000000000000, 7.500000000000000000, -6.116139535669825378 ) ) ;
#7811 = ORIENTED_EDGE ( 'NONE', *, *, #11069, .T. ) ;
#7812 = DIRECTION ( 'NONE',  ( 1.000000000000000000, 0.000000000000000000, 0.000000000000000000 ) ) ;
#7813 = ADVANCED_FACE ( 'NONE', ( #8590 ), #9373, .T. ) ;
#7814 = AXIS2_PLACEMENT_3D ( 'NONE', #2806, #4541, #1945 ) ;
#7815 = AXIS2_PLACEMENT_3D ( 'NONE', #10101, #4437, #7264 ) ;
#7816 = EDGE_CURVE ( 'NONE', #5275, #1353, #5718, .T. ) ;
#7817 = DIRECTION ( 'NONE',  ( 0.8660254037844384856, 0.5000000000000002220, 0.000000000000000000 ) ) ;
#7818 = AXIS2_PLACEMENT_3D ( 'NONE', #7935, #6945, #1156 ) ;
#7819 = VECTOR ( 'NONE', #2443, 1000.000000000000000 ) ;
#7820 = DIRECTION ( 'NONE',  ( 0.000000000000000000, 1.000000000000000000, 0.000000000000000000 ) ) ;
#7821 = DIRECTION ( 'NONE',  ( -1.000000000000000000, -0.000000000000000000, -0.000000000000000000 ) ) ;
#7822 = CARTESIAN_POINT ( 'NONE',  ( 5.499999999999998224, -0.7999999999999864997, -18.79999999999990834 ) ) ;
#7823 = AXIS2_PLACEMENT_3D ( 'NONE', #5090, #8103, #10885 ) ;
#7824 = ORIENTED_EDGE ( 'NONE', *, *, #12199, .T. ) ;
#7825 = CARTESIAN_POINT ( 'NONE',  ( 0.000000000000000000, -0.8000000000000000444, -6.499999999999999112 ) ) ;
#7826 = CARTESIAN_POINT ( 'NONE',  ( -4.987329993433320396E-15, -2.309401076758504701, -0.1786327949540832127 ) ) ;
#7827 = AXIS2_PLACEMENT_3D ( 'NONE', #8900, #2311, #441 ) ;
#7828 = CARTESIAN_POINT ( 'NONE',  ( 2.000000000000000000, 1.154700538379254349, -0.1786327949540832127 ) ) ;
#7829 = VECTOR ( 'NONE', #7871, 1000.000000000000000 ) ;
#7830 = DIRECTION ( 'NONE',  ( 0.000000000000000000, 0.000000000000000000, 1.000000000000000000 ) ) ;
#7831 = CARTESIAN_POINT ( 'NONE',  ( -16.00000000000000000, 0.000000000000000000, 0.000000000000000000 ) ) ;
#7832 = ORIENTED_EDGE ( 'NONE', *, *, #6160, .F. ) ;
#7833 = DIRECTION ( 'NONE',  ( -0.000000000000000000, -0.000000000000000000, -1.000000000000000000 ) ) ;
#7834 = AXIS2_PLACEMENT_3D ( 'NONE', #5066, #11442, #1238 ) ;
#7835 = B_SPLINE_CURVE_WITH_KNOTS ( 'NONE', 3,
 ( #1603, #10976, #3340, #7198, #10857, #8013 ),
 .UNSPECIFIED., .F., .F.,
 ( 4, 2, 4 ),
 ( 0.001168606431211098931, 0.001750609284260044515, 0.002332612137308990100 ),
 .UNSPECIFIED. ) ;
#7836 = CARTESIAN_POINT ( 'NONE',  ( 5.500000000000001776, -0.8000000000000211386, -2.999999999999891642 ) ) ;
#7837 = VERTEX_POINT ( 'NONE', #12206 ) ;
#7838 = EDGE_CURVE ( 'NONE', #5155, #4843, #9696, .T. ) ;
#7839 = ORIENTED_EDGE ( 'NONE', *, *, #10104, .F. ) ;
#7840 = ADVANCED_FACE ( 'NONE', ( #4718 ), #9462, .T. ) ;
#7841 = VECTOR ( 'NONE', #3849, 1000.000000000000000 ) ;
#7842 = CARTESIAN_POINT ( 'NONE',  ( 3.699999999999999289, 2.971690854684141847, 0.4999999999999991673 ) ) ;
#7843 = ITEM_DEFINED_TRANSFORMATION ( 'NONE', 'NONE', #3964,  #8058 ) ;
#7844 = PRODUCT_DEFINITION_SHAPE ( 'NONE', 'NONE',  #12240 ) ;
#7845 = VECTOR ( 'NONE', #10841, 1000.000000000000000 ) ;
#7846 = DIRECTION ( 'NONE',  ( 1.000000000000000000, -0.000000000000000000, -0.000000000000000000 ) ) ;
#7847 = FACE_OUTER_BOUND ( 'NONE', #6566, .T. ) ;
#7848 = ORIENTED_EDGE ( 'NONE', *, *, #11359, .T. ) ;
#7849 = ORIENTED_EDGE ( 'NONE', *, *, #10102, .F. ) ;
#7850 = CARTESIAN_POINT ( 'NONE',  ( -0.7799999999999996936, 9.552245033349351121E-17, -0.1540456584061371259 ) ) ;
#7851 = DIRECTION ( 'NONE',  ( 0.000000000000000000, 0.000000000000000000, -1.000000000000000000 ) ) ;
#7852 = DIRECTION ( 'NONE',  ( 1.000000000000000000, 0.000000000000000000, 0.000000000000000000 ) ) ;
#7853 = VECTOR ( 'NONE', #3803, 1000.000000000000000 ) ;
#7854 = EDGE_LOOP ( 'NONE', ( #5265, #10800, #4031, #10687, #9959, #669, #10829, #5126, #12164, #138, #10107 ) ) ;
#7855 = DIRECTION ( 'NONE',  ( 1.000000000000000000, 0.000000000000000000, 0.000000000000000000 ) ) ;
#7856 = ADVANCED_FACE ( 'NONE', ( #4774 ), #7428, .T. ) ;
#7857 = DIRECTION ( 'NONE',  ( -0.000000000000000000, -1.000000000000000000, -0.000000000000000000 ) ) ;
#7858 = ORIENTED_EDGE ( 'NONE', *, *, #8115, .T. ) ;
#7859 = CARTESIAN_POINT ( 'NONE',  ( 0.5560518688116538044, -0.5176555429708572520, 0.000000000000000000 ) ) ;
#7860 = CARTESIAN_POINT ( 'NONE',  ( 0.4783426259903568734, 0.5021555460428440698, -0.7495474879056718276 ) ) ;
#7861 = DIRECTION ( 'NONE',  ( 0.000000000000000000, 0.000000000000000000, 1.000000000000000000 ) ) ;
#7862 = VECTOR ( 'NONE', #9753, 1000.000000000000000 ) ;
#7863 = FACE_OUTER_BOUND ( 'NONE', #5787, .T. ) ;
#7864 = CARTESIAN_POINT ( 'NONE',  ( 2.000000000000000000, -0.1951254011572750025, 8.046812998915848599E-18 ) ) ;
#7865 = VECTOR ( 'NONE', #7152, 1000.000000000000000 ) ;
#7866 = EDGE_CURVE ( 'NONE', #1363, #10703, #10971, .T. ) ;
#7867 = CARTESIAN_POINT ( 'NONE',  ( 3.499999999999999556, 17.00000000000000000, -8.732195743157015855 ) ) ;
#7868 = ORIENTED_EDGE ( 'NONE', *, *, #10893, .T. ) ;
#7869 = AXIS2_PLACEMENT_3D ( 'NONE', #7076, #10846, #7136 ) ;
#7870 = ORIENTED_EDGE ( 'NONE', *, *, #7866, .T. ) ;
#7871 = DIRECTION ( 'NONE',  ( -0.000000000000000000, -0.000000000000000000, -1.000000000000000000 ) ) ;
#7872 = ADVANCED_FACE ( 'NONE', ( #5533 ), #9291, .T. ) ;
#7873 = ORIENTED_EDGE ( 'NONE', *, *, #2987, .F. ) ;
#7874 = CARTESIAN_POINT ( 'NONE',  ( 0.000000000000000000, -0.9999999999999997780, -1.469518839163146628 ) ) ;
#7875 = CARTESIAN_POINT ( 'NONE',  ( 1.734723475976807094E-15, 0.9000000000000003553, -1.845299461620637738 ) ) ;
#7876 = SHAPE_REPRESENTATION_RELATIONSHIP ( 'NONE' , 'NONE' ,  #3835, #10490 ) ;
#7877 = LINE ( 'NONE', #2265, #126 ) ;
#7878 = EDGE_LOOP ( 'NONE', ( #1921, #6081, #9770, #1885 ) ) ;
#7879 = CARTESIAN_POINT ( 'NONE',  ( -17.94999999999999929, 1.898202538678397459E-16, -1.550000000000000044 ) ) ;
#7880 =( GEOMETRIC_REPRESENTATION_CONTEXT ( 3 ) GLOBAL_UNCERTAINTY_ASSIGNED_CONTEXT ( ( #387 ) ) GLOBAL_UNIT_ASSIGNED_CONTEXT ( ( #2936, #3927, #2062 ) ) REPRESENTATION_CONTEXT ( 'NONE', 'WORKASPACE' ) );
#7881 = CARTESIAN_POINT ( 'NONE',  ( -2.000000000000000000, 0.000000000000000000, -1.600000000000000089 ) ) ;
#7882 = CARTESIAN_POINT ( 'NONE',  ( 3.500000000000000000, 0.000000000000000000, -24.00000000000000000 ) ) ;
#7883 =( LENGTH_UNIT ( ) NAMED_UNIT ( * ) SI_UNIT ( .MILLI., .METRE. ) );
#7884 = CARTESIAN_POINT ( 'NONE',  ( 5.499999999999998224, 0.000000000000000000, -22.39999999999992397 ) ) ;
#7885 = ADVANCED_FACE ( 'NONE', ( #3985 ), #10752, .T. ) ;
#7886 = EDGE_CURVE ( 'NONE', #9990, #2228, #5423, .T. ) ;
#7887 = ORIENTED_EDGE ( 'NONE', *, *, #3760, .T. ) ;
#7888 = DIRECTION ( 'NONE',  ( 0.000000000000000000, 0.000000000000000000, -1.000000000000000000 ) ) ;
#7889 = CARTESIAN_POINT ( 'NONE',  ( 5.499999999999998224, 0.3000000000000172529, -20.99999999999990763 ) ) ;
#7890 = ORIENTED_EDGE ( 'NONE', *, *, #8932, .F. ) ;
#7891 = PRODUCT_DEFINITION_FORMATION_WITH_SPECIFIED_SOURCE ( 'ANY', '', #2815, .NOT_KNOWN. ) ;
#7892 = VECTOR ( 'NONE', #5067, 1000.000000000000000 ) ;
#7893 = DIRECTION ( 'NONE',  ( -0.000000000000000000, -1.000000000000000000, -0.000000000000000000 ) ) ;
#7894 = ORIENTED_EDGE ( 'NONE', *, *, #928, .T. ) ;
#7895 = CARTESIAN_POINT ( 'NONE',  ( -2.000000000000000000, 0.000000000000000000, -1.600000000000000089 ) ) ;
#7896 = ORIENTED_EDGE ( 'NONE', *, *, #4405, .T. ) ;
#7897 = DIRECTION ( 'NONE',  ( 1.000000000000000000, 0.000000000000000000, 0.000000000000000000 ) ) ;
#7898 = ORIENTED_EDGE ( 'NONE', *, *, #3491, .T. ) ;
#7899 = CARTESIAN_POINT ( 'NONE',  ( -2.000000000000000000, 1.154700538379254349, -1.421367205045916737 ) ) ;
#7900 = STYLED_ITEM ( 'NONE', ( #7089 ), #671 ) ;
#7901 = VERTEX_POINT ( 'NONE', #4099 ) ;
#7902 = ORIENTED_EDGE ( 'NONE', *, *, #3118, .F. ) ;
#7903 = DIRECTION ( 'NONE',  ( 0.8660254037844385966, 0.000000000000000000, 0.4999999999999998890 ) ) ;
#7904 = CARTESIAN_POINT ( 'NONE',  ( 3.500000000000000000, 23.00000000000000000, -24.00000000000000000 ) ) ;
#7905 = ORIENTED_EDGE ( 'NONE', *, *, #6970, .T. ) ;
#7906 = CONICAL_SURFACE ( 'NONE', #11065, 2.000000000000000000, 1.047197551196595855 ) ;
#7907 = ORIENTED_EDGE ( 'NONE', *, *, #11986, .F. ) ;
#7908 = ADVANCED_FACE ( 'NONE', ( #3172 ), #4034, .T. ) ;
#7909 = ADVANCED_FACE ( 'NONE', ( #5080 ), #9702, .F. ) ;
#7910 = DIRECTION ( 'NONE',  ( -1.000000000000000000, 0.000000000000000000, 0.000000000000000000 ) ) ;
#7911 = FACE_BOUND ( 'NONE', #1988, .T. ) ;
#7912 = DIRECTION ( 'NONE',  ( -0.000000000000000000, 1.000000000000000000, -0.000000000000000000 ) ) ;
#7913 = DIRECTION ( 'NONE',  ( 0.000000000000000000, 1.000000000000000000, 0.000000000000000000 ) ) ;
#7914 = ORIENTED_EDGE ( 'NONE', *, *, #478, .T. ) ;
#7915 = CARTESIAN_POINT ( 'NONE',  ( 2.000000000000000000, 11.70000000000000107, -0.7999999999999994893 ) ) ;
#7916 = UNCERTAINTY_MEASURE_WITH_UNIT (LENGTH_MEASURE( 1.000000000000000082E-05 ), #10038, 'distance_accuracy_value', 'NONE');
#7917 = ORIENTED_EDGE ( 'NONE', *, *, #6649, .F. ) ;
#7918 = CARTESIAN_POINT ( 'NONE',  ( 0.000000000000000000, 7.500000000000000000, -6.116139535669825378 ) ) ;
#7919 = CARTESIAN_POINT ( 'NONE',  ( -0.4682615195960991850, -0.8110527431698566492, -500000.0000000000582 ) ) ;
#7920 = FACE_OUTER_BOUND ( 'NONE', #4908, .T. ) ;
#7921 = CARTESIAN_POINT ( 'NONE',  ( -1.999999999999999556, -0.1951254011572753355, -1.058791184067874808E-17 ) ) ;
#7922 = VERTEX_POINT ( 'NONE', #7734 ) ;
#7923 = ADVANCED_FACE ( 'NONE', ( #9759 ), #2057, .F. ) ;
#7924 = EDGE_CURVE ( 'NONE', #7947, #4359, #624, .T. ) ;
#7925 = DIRECTION ( 'NONE',  ( -0.000000000000000000, 0.000000000000000000, -1.000000000000000000 ) ) ;
#7926 = ORIENTED_EDGE ( 'NONE', *, *, #696, .F. ) ;
#7927 = PLANE ( 'NONE',  #4357 ) ;
#7928 = APPLICATION_CONTEXT ( 'automotive_design' ) ;
#7929 = ORIENTED_EDGE ( 'NONE', *, *, #6001, .F. ) ;
#7930 = PLANE ( 'NONE',  #11993 ) ;
#7931 = ORIENTED_EDGE ( 'NONE', *, *, #5325, .F. ) ;
#7932 = FACE_OUTER_BOUND ( 'NONE', #6903, .T. ) ;
#7933 = B_SPLINE_CURVE_WITH_KNOTS ( 'NONE', 3,
 ( #9324, #5801, #990, #4756, #8503, #10435 ),
 .UNSPECIFIED., .F., .F.,
 ( 4, 2, 4 ),
 ( 0.001168606431211099148, 0.001750609284260044515, 0.002332612137308990100 ),
 .UNSPECIFIED. ) ;
#7934 = DIRECTION ( 'NONE',  ( -1.000000000000000000, -0.000000000000000000, -0.000000000000000000 ) ) ;
#7935 = CARTESIAN_POINT ( 'NONE',  ( 0.000000000000000000, 0.000000000000000000, 0.000000000000000000 ) ) ;
#7936 = ORIENTED_EDGE ( 'NONE', *, *, #6349, .T. ) ;
#7937 = FACE_OUTER_BOUND ( 'NONE', #6037, .T. ) ;
#7938 = EDGE_CURVE ( 'NONE', #11462, #2317, #4393, .T. ) ;
#7939 = DIRECTION ( 'NONE',  ( 0.000000000000000000, 0.000000000000000000, 1.000000000000000000 ) ) ;
#7940 = DIRECTION ( 'NONE',  ( -1.000000000000000000, -0.000000000000000000, -0.000000000000000000 ) ) ;
#7941 = CARTESIAN_POINT ( 'NONE',  ( -1.340742937416024017, 1.535322780927272257, -1.600000000000000977 ) ) ;
#7942 = DIRECTION ( 'NONE',  ( 0.000000000000000000, 0.000000000000000000, -1.000000000000000000 ) ) ;
#7943 = CARTESIAN_POINT ( 'NONE',  ( 1.500000000000000000, 9.199999999999999289, -18.50000000000000355 ) ) ;
#7944 = EDGE_CURVE ( 'NONE', #1471, #4504, #10512, .T. ) ;
#7945 = FACE_OUTER_BOUND ( 'NONE', #2911, .T. ) ;
#7946 =( NAMED_UNIT ( * ) SI_UNIT ( $, .STERADIAN. ) SOLID_ANGLE_UNIT ( ) );
#7947 = VERTEX_POINT ( 'NONE', #9580 ) ;
#7948 = DIRECTION ( 'NONE',  ( 0.000000000000000000, 0.000000000000000000, 1.000000000000000000 ) ) ;
#7949 = AXIS2_PLACEMENT_3D ( 'NONE', #673, #7090, #5498 ) ;
#7950 = ORIENTED_EDGE ( 'NONE', *, *, #10036, .F. ) ;
#7951 = EDGE_CURVE ( 'NONE', #11107, #7301, #4896, .T. ) ;
#7952 = DIRECTION ( 'NONE',  ( 1.000000000000000000, -0.000000000000000000, -0.000000000000000000 ) ) ;
#7953 = CARTESIAN_POINT ( 'NONE',  ( 0.9999999999999997780, 0.000000000000000000, 0.000000000000000000 ) ) ;
#7954 = VERTEX_POINT ( 'NONE', #5948 ) ;
#7955 = CARTESIAN_POINT ( 'NONE',  ( 0.8000000000000000444, 11.70000000000000107, -0.7999999999999994893 ) ) ;
#7956 = CARTESIAN_POINT ( 'NONE',  ( 0.7799999999999996936, 0.000000000000000000, -0.1540456584061371259 ) ) ;
#7957 = VERTEX_POINT ( 'NONE', #207 ) ;
#7958 = EDGE_LOOP ( 'NONE', ( #6165, #9928, #9145, #9954 ) ) ;
#7959 = LINE ( 'NONE', #11736, #8421 ) ;
#7960 = CARTESIAN_POINT ( 'NONE',  ( -2.000000000000000000, -1.154700538379254349, -0.1786327949540832127 ) ) ;
#7962 = ORIENTED_EDGE ( 'NONE', *, *, #3503, .T. ) ;
#7961 = B_SPLINE_CURVE_WITH_KNOTS ( 'NONE', 3,
 ( #464, #4237, #2518, #4427, #8174, #2582, #3324, #7313, #7993, #11221 ),
 .UNSPECIFIED., .F., .F.,
 ( 4, 2, 2, 2, 4 ),
 ( 2.343975232995114018E-07, 0.0001314336292885003238, 0.0002626328610537011069, 0.0003938320928189019171, 0.0005250313245841027815 ),
 .UNSPECIFIED. ) ;
#7963 = EDGE_CURVE ( 'NONE', #8881, #11821, #9294, .T. ) ;
#7964 = EDGE_CURVE ( 'NONE', #9319, #4837, #2125, .T. ) ;
#7965 = LINE ( 'NONE', #2480, #9238 ) ;
#7966 = AXIS2_PLACEMENT_3D ( 'NONE', #6333, #10093, #1645 ) ;
#7967 = ORIENTED_EDGE ( 'NONE', *, *, #497, .F. ) ;
#7968 = CARTESIAN_POINT ( 'NONE',  ( 0.000000000000000000, 2.309401076758504701, -0.1786327949540832127 ) ) ;
#7969 = PRODUCT_RELATED_PRODUCT_CATEGORY ( 'part', '', ( #5580 ) ) ;
#7970 = ORIENTED_EDGE ( 'NONE', *, *, #6272, .T. ) ;
#7971 = DIRECTION ( 'NONE',  ( 1.000000000000000000, 0.000000000000000000, 0.000000000000000000 ) ) ;
#7972 = CARTESIAN_POINT ( 'NONE',  ( 3.000000000000000000, 0.000000000000000000, 0.000000000000000000 ) ) ;
#7973 = ORIENTED_EDGE ( 'NONE', *, *, #4117, .T. ) ;
#7974 = CARTESIAN_POINT ( 'NONE',  ( -2.000000000000000000, 0.000000000000000000, 0.000000000000000000 ) ) ;
#7975 = ORIENTED_EDGE ( 'NONE', *, *, #8076, .F. ) ;
#7976 = CARTESIAN_POINT ( 'NONE',  ( -1.000000000000000888, 1.732050807568876749, 0.000000000000000000 ) ) ;
#7977 = VERTEX_POINT ( 'NONE', #4952 ) ;
#7978 = FACE_OUTER_BOUND ( 'NONE', #8466, .T. ) ;
#7979 = ORIENTED_EDGE ( 'NONE', *, *, #8384, .T. ) ;
#7980 = ORIENTED_EDGE ( 'NONE', *, *, #3270, .T. ) ;
#7981 = CARTESIAN_POINT ( 'NONE',  ( 0.000000000000000000, -0.9999999999999993339, -3.069518839163146939 ) ) ;
#7982 = AXIS2_PLACEMENT_3D ( 'NONE', #381, #4153, #9755 ) ;
#7983 = ORIENTED_EDGE ( 'NONE', *, *, #10150, .F. ) ;
#7984 = CARTESIAN_POINT ( 'NONE',  ( 4.250000000000000000, 0.000000000000000000, 0.000000000000000000 ) ) ;
#7985 = EDGE_CURVE ( 'NONE', #10526, #7679, #257, .T. ) ;
#7986 = EDGE_CURVE ( 'NONE', #6107, #11263, #11665, .T. ) ;
#7987 = CARTESIAN_POINT ( 'NONE',  ( 3.599999999999992095, 2.821690854684141936, 0.9000000000000006883 ) ) ;
#7988 = VECTOR ( 'NONE', #2707, 1000.000000000000000 ) ;
#7989 = AXIS2_PLACEMENT_3D ( 'NONE', #4898, #1066, #1138 ) ;
#7990 = CARTESIAN_POINT ( 'NONE',  ( -1.999999999999999556, 0.8999999999999995781, -18.69059892324140293 ) ) ;
#7991 = ORIENTED_EDGE ( 'NONE', *, *, #1270, .T. ) ;
#7992 = DIRECTION ( 'NONE',  ( -0.000000000000000000, -1.000000000000000000, -0.000000000000000000 ) ) ;
#7993 = CARTESIAN_POINT ( 'NONE',  ( 0.1792794172266601316, -0.7024231517789285562, -0.7302883528660960577 ) ) ;
#7994 = DIRECTION ( 'NONE',  ( 0.000000000000000000, 1.000000000000000000, 0.000000000000000000 ) ) ;
#7995 = CARTESIAN_POINT ( 'NONE',  ( -5.000000000000000000, 2.500000000000000000, -6.000000000000000000 ) ) ;
#7996 = VECTOR ( 'NONE', #4189, 1000.000000000000000 ) ;
#7997 = VECTOR ( 'NONE', #4500, 1000.000000000000000 ) ;
#7998 = CARTESIAN_POINT ( 'NONE',  ( 9.478766225400515022E-17, -0.7739999999999994662, -2.400000000000000355 ) ) ;
#7999 = ORIENTED_EDGE ( 'NONE', *, *, #1595, .T. ) ;
#8000 = LINE ( 'NONE', #358, #2297 ) ;
#8001 = AXIS2_PLACEMENT_3D ( 'NONE', #5114, #7079, #9858 ) ;
#8002 = EDGE_CURVE ( 'NONE', #631, #10386, #7725, .T. ) ;
#8003 = CARTESIAN_POINT ( 'NONE',  ( 4.099999999999999645, -2.971690854684141847, -0.9000000000000006883 ) ) ;
#8004 = AXIS2_PLACEMENT_3D ( 'NONE', #11143, #7492, #4652 ) ;
#8005 = EDGE_LOOP ( 'NONE', ( #4886, #11696 ) ) ;
#8006 = CARTESIAN_POINT ( 'NONE',  ( -2.000000000000000000, -1.154700538379254349, -1.421367205045916737 ) ) ;
#8007 = AXIS2_PLACEMENT_3D ( 'NONE', #9293, #2691, #6632 ) ;
#8008 = ORIENTED_EDGE ( 'NONE', *, *, #5513, .F. ) ;
#8009 = AXIS2_PLACEMENT_3D ( 'NONE', #9402, #4544, #9292 ) ;
#8010 = DIRECTION ( 'NONE',  ( -0.000000000000000000, 1.224649721909276639E-16, -1.000000000000000000 ) ) ;
#8011 = EDGE_CURVE ( 'NONE', #3317, #10267, #5764, .T. ) ;
#8012 = SURFACE_STYLE_USAGE ( .BOTH. , #5304 ) ;
#8013 = CARTESIAN_POINT ( 'NONE',  ( -4.987329993433320396E-15, -2.309401076758504701, -0.1786327949540832127 ) ) ;
#8014 = VERTEX_POINT ( 'NONE', #1920 ) ;
#8015 = CARTESIAN_POINT ( 'NONE',  ( 1.899999999999999689, 2.326828918379970872E-16, 0.000000000000000000 ) ) ;
#8016 = AXIS2_PLACEMENT_3D ( 'NONE', #8721, #6093, #9719 ) ;
#8017 = EDGE_LOOP ( 'NONE', ( #4778, #10460 ) ) ;
#8018 = VECTOR ( 'NONE', #6564, 1000.000000000000000 ) ;
#8019 = ORIENTED_EDGE ( 'NONE', *, *, #5680, .T. ) ;
#8020 = MECHANICAL_DESIGN_GEOMETRIC_PRESENTATION_REPRESENTATION (  '', ( #3298 ), #9979 ) ;
#8021 = EDGE_CURVE ( 'NONE', #7172, #2408, #8633, .T. ) ;
#8022 = UNCERTAINTY_MEASURE_WITH_UNIT (LENGTH_MEASURE( 1.000000000000000082E-05 ), #7883, 'distance_accuracy_value', 'NONE');
#8023 = CONTEXT_DEPENDENT_SHAPE_REPRESENTATION ( #9186, #9911 ) ;
#8024 = AXIS2_PLACEMENT_3D ( 'NONE', #8760, #2052, #9457 ) ;
#8025 = DIRECTION ( 'NONE',  ( 0.000000000000000000, -1.000000000000000000, -2.168404344971008868E-16 ) ) ;
#8026 = DIRECTION ( 'NONE',  ( -0.000000000000000000, -1.000000000000000000, -0.000000000000000000 ) ) ;
#8027 = ORIENTED_EDGE ( 'NONE', *, *, #10783, .F. ) ;
#8028 = B_SPLINE_CURVE_WITH_KNOTS ( 'NONE', 3,
 ( #7960, #494, #2362, #5373, #2477, #626 ),
 .UNSPECIFIED., .F., .F.,
 ( 4, 2, 4 ),
 ( 0.002060137505873420056, 0.002644210467598552029, 0.003228283429323684436 ),
 .UNSPECIFIED. ) ;
#8029 = AXIS2_PLACEMENT_3D ( 'NONE', #305, #375, #7595 ) ;
#8030 = CARTESIAN_POINT ( 'NONE',  ( -2.000000000000000000, 0.000000000000000000, -3.000000000000000000 ) ) ;
#8031 = CARTESIAN_POINT ( 'NONE',  ( 1.000000000000000000, 0.000000000000000000, 0.000000000000000000 ) ) ;
#8032 = CARTESIAN_POINT ( 'NONE',  ( -8.000000000000000000, 17.00000000000000000, -14.23219574315701408 ) ) ;
#8033 = CIRCLE ( 'NONE', #9610, 1.000000000000000000 ) ;
#8034 = VERTEX_POINT ( 'NONE', #11187 ) ;
#8035 = CARTESIAN_POINT ( 'NONE',  ( -5.000000000000000000, 2.500000000000000000, -24.00000000000000000 ) ) ;
#8036 = ADVANCED_FACE ( 'NONE', ( #932 ), #3796, .T. ) ;
#8037 = EDGE_CURVE ( 'NONE', #10869, #1800, #8899, .T. ) ;
#8038 = VERTEX_POINT ( 'NONE', #1806 ) ;
#8039 = CARTESIAN_POINT ( 'NONE',  ( 0.000000000000000000, 2.309401076758504701, 0.000000000000000000 ) ) ;
#8040 = CARTESIAN_POINT ( 'NONE',  ( -24.15914770952258905, -7.050261755315463397, 1049.100000000006958 ) ) ;
#8041 = CARTESIAN_POINT ( 'NONE',  ( -1.169735307079674547, -1.634054082335445690, -1.600000000000000089 ) ) ;
#8042 = DIRECTION ( 'NONE',  ( 0.000000000000000000, 0.000000000000000000, -1.000000000000000000 ) ) ;
#8043 = ORIENTED_EDGE ( 'NONE', *, *, #9832, .T. ) ;
#8044 = CLOSED_SHELL ( 'NONE', ( #10064, #3983, #5515, #152, #5694, #6044, #3795, #784, #1856, #8631, #1593, #8181, #1002, #1311, #2866, #1881, #10358, #3218, #9962, #9995, #11927, #4776, #3180, #7782, #10927, #9071 ) ) ;
#8045 = DIRECTION ( 'NONE',  ( 1.000000000000000000, 0.000000000000000000, 0.000000000000000000 ) ) ;
#8046 = VERTEX_POINT ( 'NONE', #5568 ) ;
#8047 = B_SPLINE_CURVE_WITH_KNOTS ( 'NONE', 3,
 ( #11653, #7580, #3191, #3066, #2267, #1340 ),
 .UNSPECIFIED., .F., .F.,
 ( 4, 2, 4 ),
 ( -9.192220367672872695E-05, 7.683935319752186236E-05, 0.0002456009100717723975 ),
 .UNSPECIFIED. ) ;
#8048 = CARTESIAN_POINT ( 'NONE',  ( -2.000000000000000000, 1.154700538379251240, -0.1786327949540822413 ) ) ;
#8049 = CIRCLE ( 'NONE', #174, 2.999999999999999112 ) ;
#8050 = ORIENTED_EDGE ( 'NONE', *, *, #5964, .F. ) ;
#8051 = FACE_OUTER_BOUND ( 'NONE', #10080, .T. ) ;
#8052 = ORIENTED_EDGE ( 'NONE', *, *, #240, .F. ) ;
#8053 = DIRECTION ( 'NONE',  ( -0.000000000000000000, -1.000000000000000000, -0.000000000000000000 ) ) ;
#8054 = ORIENTED_EDGE ( 'NONE', *, *, #3371, .T. ) ;
#8055 = CARTESIAN_POINT ( 'NONE',  ( 2.000000000000000000, -0.9668978507697956193, -1.475581171168852679 ) ) ;
#8056 = DIRECTION ( 'NONE',  ( -1.000000000000000000, 0.000000000000000000, 0.000000000000000000 ) ) ;
#8057 = FILL_AREA_STYLE ('',( #4302 ) ) ;
#8058 = AXIS2_PLACEMENT_3D ( 'NONE', #6667, #869, #10355 ) ;
#8059 = DIRECTION ( 'NONE',  ( 0.000000000000000000, 0.000000000000000000, -1.000000000000000000 ) ) ;
#8060 = ORIENTED_EDGE ( 'NONE', *, *, #4374, .T. ) ;
#8061 = ORIENTED_EDGE ( 'NONE', *, *, #11095, .F. ) ;
#8062 = CARTESIAN_POINT ( 'NONE',  ( 3.499999999999996003, 2.500000000000000000, -4.154700538379139552 ) ) ;
#8063 = AXIS2_PLACEMENT_3D ( 'NONE', #1807, #3778, #9134 ) ;
#8064 = EDGE_CURVE ( 'NONE', #9102, #13, #12182, .T. ) ;
#8065 = B_SPLINE_CURVE_WITH_KNOTS ( 'NONE', 3,
 ( #7826, #2090, #9618, #1280 ),
 .UNSPECIFIED., .F., .F.,
 ( 4, 4 ),
 ( 2.380749485120258738E-07, 0.001168606431211104352 ),
 .UNSPECIFIED. ) ;
#8066 = EDGE_CURVE ( 'NONE', #3098, #9841, #7582, .T. ) ;
#8067 = CARTESIAN_POINT ( 'NONE',  ( 2.000000000000000000, 1.154700538379250130, -1.600000000000000089 ) ) ;
#8068 = LINE ( 'NONE', #6393, #5612 ) ;
#8069 = CARTESIAN_POINT ( 'NONE',  ( 0.000000000000000000, 4.738805170303855086E-16, -1.869518839163146762 ) ) ;
#8070 = LINE ( 'NONE', #2708, #9202 ) ;
#8071 = CARTESIAN_POINT ( 'NONE',  ( 1.734723475976807094E-15, 0.9000000000000005773, -4.154700538379141328 ) ) ;
#8072 =( NAMED_UNIT ( * ) PLANE_ANGLE_UNIT ( ) SI_UNIT ( $, .RADIAN. ) );
#8073 = DIRECTION ( 'NONE',  ( 1.000000000000000000, 0.000000000000000000, -0.000000000000000000 ) ) ;
#8074 = ORIENTED_EDGE ( 'NONE', *, *, #6569, .T. ) ;
#8075 = CARTESIAN_POINT ( 'NONE',  ( 0.000000000000000000, 0.000000000000000000, 0.000000000000000000 ) ) ;
#8076 = EDGE_CURVE ( 'NONE', #2633, #12104, #10306, .T. ) ;
#8077 = CARTESIAN_POINT ( 'NONE',  ( 0.8302646929203286730, -1.830047532802312249, -1.600000000000000089 ) ) ;
#8078 = EDGE_LOOP ( 'NONE', ( #4732, #2903, #1331 ) ) ;
#8079 = AXIS2_PLACEMENT_3D ( 'NONE', #10633, #3922, #146 ) ;
#8080 = CARTESIAN_POINT ( 'NONE',  ( 2.000000000000000000, 0.000000000000000000, 0.000000000000000000 ) ) ;
#8081 = AXIS2_PLACEMENT_3D ( 'NONE', #7790, #7051, #3175 ) ;
#8082 = ORIENTED_EDGE ( 'NONE', *, *, #2497, .F. ) ;
#8083 = VERTEX_POINT ( 'NONE', #11245 ) ;
#8084 = DIRECTION ( 'NONE',  ( -1.000000000000000000, 0.000000000000000000, 0.000000000000000000 ) ) ;
#8085 = LINE ( 'NONE', #1613, #9607 ) ;
#8086 = LINE ( 'NONE', #7904, #9287 ) ;
#8087 = VERTEX_POINT ( 'NONE', #2840 ) ;
#8088 = AXIS2_PLACEMENT_3D ( 'NONE', #698, #11005, #10201 ) ;
#8089 = EDGE_CURVE ( 'NONE', #7694, #7528, #2079, .T. ) ;
#8090 = CARTESIAN_POINT ( 'NONE',  ( -2.000000000000000000, -0.9668978507697953972, -1.475581171168853123 ) ) ;
#8091 = LINE ( 'NONE', #3419, #4318 ) ;
#8092 =( LENGTH_UNIT ( ) NAMED_UNIT ( * ) SI_UNIT ( .MILLI., .METRE. ) );
#8093 = ORIENTED_EDGE ( 'NONE', *, *, #3865, .T. ) ;
#8094 = DIRECTION ( 'NONE',  ( 0.000000000000000000, -1.000000000000000000, 0.000000000000000000 ) ) ;
#8095 = ORIENTED_EDGE ( 'NONE', *, *, #5186, .T. ) ;
#8096 = CIRCLE ( 'NONE', #11057, 1.550000000000000044 ) ;
#8097 = DIRECTION ( 'NONE',  ( 1.000000000000000000, 0.000000000000000000, 0.000000000000000000 ) ) ;
#8098 = LINE ( 'NONE', #11820, #2322 ) ;
#8099 = CARTESIAN_POINT ( 'NONE',  ( 0.000000000000000000, 2.821690854684141936, 0.9000000000000006883 ) ) ;
#8100 = DIRECTION ( 'NONE',  ( 0.000000000000000000, -0.000000000000000000, -1.000000000000000000 ) ) ;
#8101 = ORIENTED_EDGE ( 'NONE', *, *, #8855, .T. ) ;
#8102 = ADVANCED_FACE ( 'NONE', ( #53 ), #1041, .T. ) ;
#8103 = DIRECTION ( 'NONE',  ( 0.000000000000000000, -0.000000000000000000, 1.000000000000000000 ) ) ;
#8104 = ORIENTED_EDGE ( 'NONE', *, *, #4964, .F. ) ;
#8105 = ORIENTED_EDGE ( 'NONE', *, *, #4537, .F. ) ;
#8106 = DIRECTION ( 'NONE',  ( 1.000000000000000000, 0.000000000000000000, 0.000000000000000000 ) ) ;
#8107 = ORIENTED_EDGE ( 'NONE', *, *, #8935, .T. ) ;
#8108 = CARTESIAN_POINT ( 'NONE',  ( -0.3277177810063121588, 2.120193127676282430, -0.07933779981236163681 ) ) ;
#8109 = FACE_OUTER_BOUND ( 'NONE', #4595, .T. ) ;
#8110 = CARTESIAN_POINT ( 'NONE',  ( 1.000000000000001998, 1.732050807568876083, -1.600000000000000089 ) ) ;
#8111 = ORIENTED_EDGE ( 'NONE', *, *, #10906, .F. ) ;
#8112 = ORIENTED_EDGE ( 'NONE', *, *, #10661, .T. ) ;
#8113 = DIRECTION ( 'NONE',  ( 0.000000000000000000, 0.000000000000000000, 1.000000000000000000 ) ) ;
#8114 = B_SPLINE_CURVE_WITH_KNOTS ( 'NONE', 3,
 ( #8125, #7383, #801, #11164, #1790, #5551 ),
 .UNSPECIFIED., .F., .F.,
 ( 4, 2, 4 ),
 ( 0.002060137505873420923, 0.002644210467598553330, 0.003228283429323685737 ),
 .UNSPECIFIED. ) ;
#8115 = EDGE_CURVE ( 'NONE', #7086, #2733, #10741, .T. ) ;
#8116 = EDGE_CURVE ( 'NONE', #10945, #2290, #9548, .T. ) ;
#8117 = DIRECTION ( 'NONE',  ( -1.000000000000000000, 0.000000000000000000, 0.000000000000000000 ) ) ;
#8118 = DIRECTION ( 'NONE',  ( 0.000000000000000000, 0.000000000000000000, 1.000000000000000000 ) ) ;
#8119 = LINE ( 'NONE', #3393, #7073 ) ;
#8120 = DIRECTION ( 'NONE',  ( -0.000000000000000000, -1.000000000000000000, -0.000000000000000000 ) ) ;
#8121 = DIRECTION ( 'NONE',  ( 0.000000000000000000, 0.000000000000000000, 1.000000000000000000 ) ) ;
#8122 = LINE ( 'NONE', #7139, #5249 ) ;
#8123 = PRODUCT_DEFINITION ( 'UNKNOWN', '', #8290, #3247 ) ;
#8124 = CARTESIAN_POINT ( 'NONE',  ( 0.000000000000000000, 9.199999999999999289, -18.50000000000000355 ) ) ;
#8125 = CARTESIAN_POINT ( 'NONE',  ( 2.000000000000000000, -1.154700538379255015, -0.1786327949540832127 ) ) ;
#8126 = EDGE_LOOP ( 'NONE', ( #8008, #7344, #9183, #101 ) ) ;
#8127 = DIRECTION ( 'NONE',  ( -1.000000000000000000, 0.000000000000000000, 0.000000000000000000 ) ) ;
#8128 = SURFACE_SIDE_STYLE ('',( #7326 ) ) ;
#8129 = LINE ( 'NONE', #5305, #2642 ) ;
#8130 = ORIENTED_EDGE ( 'NONE', *, *, #715, .T. ) ;
#8131 = PLANE ( 'NONE',  #1052 ) ;
#8132 = LINE ( 'NONE', #620, #10742 ) ;
#8133 = AXIS2_PLACEMENT_3D ( 'NONE', #2796, #5453, #7289 ) ;
#8134 = EDGE_LOOP ( 'NONE', ( #9917, #6761, #3553, #10393, #7590, #7724 ) ) ;
#8135 = ORIENTED_EDGE ( 'NONE', *, *, #2274, .F. ) ;
#8136 = CARTESIAN_POINT ( 'NONE',  ( 0.000000000000000000, -2.971690854684141847, 0.8999999999999992450 ) ) ;
#8137 = VECTOR ( 'NONE', #7327, 1000.000000000000227 ) ;
#8138 = EDGE_CURVE ( 'NONE', #643, #11988, #6606, .T. ) ;
#8139 = DIRECTION ( 'NONE',  ( 0.8660254037844383745, 0.5000000000000005551, 0.000000000000000000 ) ) ;
#8140 = EDGE_CURVE ( 'NONE', #6559, #11469, #7933, .T. ) ;
#8141 = DIRECTION ( 'NONE',  ( 0.000000000000000000, -1.224649721909276639E-16, 1.000000000000000000 ) ) ;
#8142 = CARTESIAN_POINT ( 'NONE',  ( 4.099999999999999645, 0.000000000000000000, 0.3999999999999987454 ) ) ;
#8143 = ORIENTED_EDGE ( 'NONE', *, *, #11332, .T. ) ;
#8144 = CARTESIAN_POINT ( 'NONE',  ( -1.000000000000000888, 1.732050807568876749, 0.000000000000000000 ) ) ;
#8145 = FACE_BOUND ( 'NONE', #11436, .T. ) ;
#8146 = LINE ( 'NONE', #7283, #3452 ) ;
#8147 = EDGE_LOOP ( 'NONE', ( #7095, #11912, #2912, #5687, #4943 ) ) ;
#8148 = DIRECTION ( 'NONE',  ( 0.000000000000000000, 0.000000000000000000, -1.000000000000000000 ) ) ;
#8149 = ORIENTED_EDGE ( 'NONE', *, *, #7012, .T. ) ;
#8150 = EDGE_CURVE ( 'NONE', #9089, #5034, #4805, .T. ) ;
#8151 = DIRECTION ( 'NONE',  ( 1.000000000000000000, 0.000000000000000000, 0.000000000000000000 ) ) ;
#8152 = CARTESIAN_POINT ( 'NONE',  ( -1.339247740005897747, -1.536186033554502339, -1.582894801272977325 ) ) ;
#8153 = DIRECTION ( 'NONE',  ( -0.000000000000000000, -0.000000000000000000, -1.000000000000000000 ) ) ;
#8154 = ORIENTED_EDGE ( 'NONE', *, *, #8076, .T. ) ;
#8155 = ORIENTED_EDGE ( 'NONE', *, *, #11317, .F. ) ;
#8156 = FACE_OUTER_BOUND ( 'NONE', #2430, .T. ) ;
#8157 = VERTEX_POINT ( 'NONE', #7654 ) ;
#8158 = CARTESIAN_POINT ( 'NONE',  ( -17.30000000000000071, 1.898202538678397459E-16, -1.550000000000000044 ) ) ;
#8159 = EDGE_LOOP ( 'NONE', ( #6118, #2323, #12115, #4902, #1164, #9190 ) ) ;
#8160 = ADVANCED_FACE ( 'NONE', ( #11430 ), #7714, .F. ) ;
#8161 = DIRECTION ( 'NONE',  ( 1.000000000000000000, -0.000000000000000000, -0.000000000000000000 ) ) ;
#8162 = VECTOR ( 'NONE', #7408, 1000.000000000000227 ) ;
#8163 = ORIENTED_EDGE ( 'NONE', *, *, #2530, .T. ) ;
#8164 = CARTESIAN_POINT ( 'NONE',  ( 1.000000000000001998, 1.732050807568876083, 0.000000000000000000 ) ) ;
#8165 = ORIENTED_EDGE ( 'NONE', *, *, #3390, .F. ) ;
#8166 = CARTESIAN_POINT ( 'NONE',  ( 2.000000000000000000, -0.7745510564695445854, -1.521052330702030719 ) ) ;
#8167 = DIRECTION ( 'NONE',  ( 0.000000000000000000, 0.000000000000000000, 1.000000000000000000 ) ) ;
#8168 = EDGE_CURVE ( 'NONE', #11263, #6107, #7393, .T. ) ;
#8169 = CARTESIAN_POINT ( 'NONE',  ( 0.000000000000000000, 0.000000000000000000, -0.1291166393111736477 ) ) ;
#8170 = VERTEX_POINT ( 'NONE', #7953 ) ;
#8171 = ORIENTED_EDGE ( 'NONE', *, *, #3414, .F. ) ;
#8172 = DIRECTION ( 'NONE',  ( 0.000000000000000000, 0.000000000000000000, -1.000000000000000000 ) ) ;
#8173 = VECTOR ( 'NONE', #6912, 1000.000000000000000 ) ;
#8174 = CARTESIAN_POINT ( 'NONE',  ( 0.3535437582668298218, -0.5237481732016157077, -0.7869770969977772923 ) ) ;
#8175 = DIRECTION ( 'NONE',  ( 0.000000000000000000, 1.000000000000000000, 0.000000000000000000 ) ) ;
#8176 = DIRECTION ( 'NONE',  ( 1.060575238724909257E-16, -0.8660254037844404840, -0.4999999999999967248 ) ) ;
#8177 = AXIS2_PLACEMENT_3D ( 'NONE', #10717, #4184, #2339 ) ;
#8178 = DIRECTION ( 'NONE',  ( 1.000000000000000000, -0.000000000000000000, -0.000000000000000000 ) ) ;
#8179 = CARTESIAN_POINT ( 'NONE',  ( 0.000000000000000000, 0.000000000000000000, 0.000000000000000000 ) ) ;
#8180 = EDGE_CURVE ( 'NONE', #3311, #6317, #9211, .T. ) ;
#8181 = ADVANCED_FACE ( 'NONE', ( #4932 ), #2111, .T. ) ;
#8182 = DIRECTION ( 'NONE',  ( 0.000000000000000000, 0.000000000000000000, -1.000000000000000000 ) ) ;
#8183 = VECTOR ( 'NONE', #612, 1000.000000000000000 ) ;
#8184 = EDGE_LOOP ( 'NONE', ( #121, #11511, #5061, #2019, #11293, #4471, #7046, #370, #9816, #6738 ) ) ;
#8185 = CARTESIAN_POINT ( 'NONE',  ( -0.1702769162167621364, 0.7403828156981309139, 0.000000000000000000 ) ) ;
#8186 = AXIS2_PLACEMENT_3D ( 'NONE', #3925, #80, #4829 ) ;
#8187 = FACE_OUTER_BOUND ( 'NONE', #4810, .T. ) ;
#8188 = B_SPLINE_CURVE_WITH_KNOTS ( 'NONE', 3,
 ( #5778, #2813, #847, #7686, #10226, #6579 ),
 .UNSPECIFIED., .F., .F.,
 ( 4, 2, 4 ),
 ( 0.002060137505873420923, 0.002644210467598553330, 0.003228283429323685737 ),
 .UNSPECIFIED. ) ;
#8189 = CARTESIAN_POINT ( 'NONE',  ( 2.099999999999999645, 2.821690854684141936, 0.4999999999999991673 ) ) ;
#8191 = ORIENTED_EDGE ( 'NONE', *, *, #8168, .T. ) ;
#8190 = CARTESIAN_POINT ( 'NONE',  ( 0.000000000000000000, 4.738805170303855086E-16, -3.069518839163146939 ) ) ;
#8192 = CARTESIAN_POINT ( 'NONE',  ( 0.6980152358661454448, -0.1960069466852014108, -0.7302444783932311445 ) ) ;
#8193 = AXIS2_PLACEMENT_3D ( 'NONE', #2960, #1811, #10539 ) ;
#8194 = CARTESIAN_POINT ( 'NONE',  ( -2.000000000000000000, -1.154700538379252794, -1.600000000000000089 ) ) ;
#8195 = ORIENTED_EDGE ( 'NONE', *, *, #10686, .T. ) ;
#8196 = ORIENTED_EDGE ( 'NONE', *, *, #5170, .F. ) ;
#8197 = CARTESIAN_POINT ( 'NONE',  ( -2.000000000000000000, 0.000000000000000000, -20.99999999999990763 ) ) ;
#8198 = AXIS2_PLACEMENT_3D ( 'NONE', #4629, #12173, #10301 ) ;
#8199 = CYLINDRICAL_SURFACE ( 'NONE', #9597, 3.000000000000000444 ) ;
#8200 = CIRCLE ( 'NONE', #2889, 5.500000000000000000 ) ;
#8201 = DIRECTION ( 'NONE',  ( 1.000000000000000000, 0.000000000000000000, 0.000000000000000000 ) ) ;
#8202 = PLANE ( 'NONE',  #12073 ) ;
#8203 = ORIENTED_EDGE ( 'NONE', *, *, #951, .F. ) ;
#8204 = AXIS2_PLACEMENT_3D ( 'NONE', #21, #3672, #3616 ) ;
#8205 = VECTOR ( 'NONE', #914, 1000.000000000000114 ) ;
#8206 = ADVANCED_FACE ( 'NONE', ( #4013, #7764 ), #6781, .F. ) ;
#8207 = B_SPLINE_CURVE_WITH_KNOTS ( 'NONE', 3,
 ( #892, #7547, #11323, #10217 ),
 .UNSPECIFIED., .F., .F.,
 ( 4, 4 ),
 ( 2.380749485120318031E-07, 0.001168606431211104352 ),
 .UNSPECIFIED. ) ;
#8208 = CARTESIAN_POINT ( 'NONE',  ( -1.000000000000000000, 1.224646799147353207E-16, -1.000000000000000000 ) ) ;
#8209 = ADVANCED_FACE ( 'NONE', ( #10547, #3083 ), #2100, .F. ) ;
#8210 =( NAMED_UNIT ( * ) PLANE_ANGLE_UNIT ( ) SI_UNIT ( $, .RADIAN. ) );
#8211 = VERTEX_POINT ( 'NONE', #5984 ) ;
#8212 = ORIENTED_EDGE ( 'NONE', *, *, #4874, .F. ) ;
#8213 = CARTESIAN_POINT ( 'NONE',  ( 0.000000000000000000, 0.000000000000000000, 0.000000000000000000 ) ) ;
#8214 = VECTOR ( 'NONE', #8583, 1000.000000000000000 ) ;
#8215 = VERTEX_POINT ( 'NONE', #8746 ) ;
#8216 = DIRECTION ( 'NONE',  ( 0.9999363202837162623, -6.910182219422616578E-19, -0.01128518397995855599 ) ) ;
#8217 = VECTOR ( 'NONE', #9942, 1000.000000000000000 ) ;
#8218 = CARTESIAN_POINT ( 'NONE',  ( 0.6302730391908609731, -1.998312315407484031E-13, -0.7870467931649066662 ) ) ;
#8219 = DIRECTION ( 'NONE',  ( 1.000000000000000000, -0.000000000000000000, -0.000000000000000000 ) ) ;
#8220 = EDGE_LOOP ( 'NONE', ( #5179, #2714 ) ) ;
#8221 = EDGE_LOOP ( 'NONE', ( #7624, #8405, #6250 ) ) ;
#8222 = CARTESIAN_POINT ( 'NONE',  ( 5.500000000000000888, 0.000000000000000000, -21.00000000000000000 ) ) ;
#8223 = VECTOR ( 'NONE', #4209, 1000.000000000000000 ) ;
#8225 = FACE_OUTER_BOUND ( 'NONE', #674, .T. ) ;
#8224 = VECTOR ( 'NONE', #3345, 1000.000000000000114 ) ;
#8226 = ORIENTED_EDGE ( 'NONE', *, *, #6889, .F. ) ;
#8227 = ORIENTED_EDGE ( 'NONE', *, *, #11140, .F. ) ;
#8228 = EDGE_CURVE ( 'NONE', #7901, #9455, #10659, .T. ) ;
#8229 = CIRCLE ( 'NONE', #2921, 1.500000000000001332 ) ;
#8230 = ORIENTED_EDGE ( 'NONE', *, *, #574, .F. ) ;
#8231 = CYLINDRICAL_SURFACE ( 'NONE', #2895, 3.000000000000000000 ) ;
#8232 = APPLICATION_CONTEXT ( 'automotive_design' ) ;
#8233 = ORIENTED_EDGE ( 'NONE', *, *, #317, .T. ) ;
#8234 = CARTESIAN_POINT ( 'NONE',  ( 0.000000000000000000, -0.9999999999999995559, -3.869518839163146762 ) ) ;
#8235 = FILL_AREA_STYLE_COLOUR ( '', #11774 ) ;
#8236 =( NAMED_UNIT ( * ) SI_UNIT ( $, .STERADIAN. ) SOLID_ANGLE_UNIT ( ) );
#8237 = CARTESIAN_POINT ( 'NONE',  ( 1.169735307079673214, 1.634054082335443692, -1.600000000000000977 ) ) ;
#8238 = EDGE_CURVE ( 'NONE', #7750, #6427, #12179, .T. ) ;
#8239 = ORIENTED_EDGE ( 'NONE', *, *, #755, .T. ) ;
#8240 = ORIENTED_EDGE ( 'NONE', *, *, #11422, .T. ) ;
#8241 = FACE_BOUND ( 'NONE', #6287, .T. ) ;
#8242 = AXIS2_PLACEMENT_3D ( 'NONE', #3569, #7310, #2514 ) ;
#8243 = DIRECTION ( 'NONE',  ( 1.000000000000000000, 0.000000000000000000, 0.000000000000000000 ) ) ;
#8244 = EDGE_CURVE ( 'NONE', #1918, #10100, #8797, .T. ) ;
#8245 = SURFACE_SIDE_STYLE ('',( #11899 ) ) ;
#8246 = DIRECTION ( 'NONE',  ( 0.000000000000000000, 0.000000000000000000, -1.000000000000000000 ) ) ;
#8247 = FILL_AREA_STYLE ('',( #11901 ) ) ;
#8248 = DIRECTION ( 'NONE',  ( -1.000000000000000000, 0.000000000000000000, 0.000000000000000000 ) ) ;
#8249 = AXIS2_PLACEMENT_3D ( 'NONE', #10579, #1320, #11514 ) ;
#8250 = DIRECTION ( 'NONE',  ( -0.000000000000000000, 1.000000000000000000, 0.000000000000000000 ) ) ;
#8251 = PLANE ( 'NONE',  #4071 ) ;
#8252 = CARTESIAN_POINT ( 'NONE',  ( 11.50000000000000000, 7.500000000000000000, -6.116139535669825378 ) ) ;
#8253 = EDGE_CURVE ( 'NONE', #1175, #11622, #3320, .T. ) ;
#8254 = CARTESIAN_POINT ( 'NONE',  ( -4.987329993433320396E-15, -2.309401076758504701, -0.1786327949540832127 ) ) ;
#8255 = VECTOR ( 'NONE', #7001, 1000.000000000000000 ) ;
#8256 = EDGE_LOOP ( 'NONE', ( #1557, #4459 ) ) ;
#8257 = CARTESIAN_POINT ( 'NONE',  ( 3.699999999999999289, 2.971690854684141847, -0.4999999999999991673 ) ) ;
#8258 = EDGE_CURVE ( 'NONE', #8602, #12142, #1149, .T. ) ;
#8259 = CARTESIAN_POINT ( 'NONE',  ( -2.000000000000000000, -0.1951254011572752800, -1.600000000000000089 ) ) ;
#8261 = EDGE_LOOP ( 'NONE', ( #7058, #189, #11366 ) ) ;
#8260 = CARTESIAN_POINT ( 'NONE',  ( 0.000000000000000000, 0.000000000000000000, -1.600000000000000089 ) ) ;
#8262 = EDGE_CURVE ( 'NONE', #12001, #2326, #5881, .T. ) ;
#8263 = FACE_BOUND ( 'NONE', #8637, .T. ) ;
#8264 = CARTESIAN_POINT ( 'NONE',  ( 0.000000000000000000, 0.000000000000000000, -0.1540456584061371259 ) ) ;
#8265 = ORIENTED_EDGE ( 'NONE', *, *, #3823, .T. ) ;
#8266 = VERTEX_POINT ( 'NONE', #420 ) ;
#8267 = FACE_OUTER_BOUND ( 'NONE', #4305, .T. ) ;
#8268 = MECHANICAL_DESIGN_GEOMETRIC_PRESENTATION_REPRESENTATION (  '', ( #10628 ), #9844 ) ;
#8269 = DIRECTION ( 'NONE',  ( 1.000000000000000000, -0.000000000000000000, -0.000000000000000000 ) ) ;
#8270 = FACE_OUTER_BOUND ( 'NONE', #8134, .T. ) ;
#8271 = ORIENTED_EDGE ( 'NONE', *, *, #8751, .T. ) ;
#8272 = EDGE_CURVE ( 'NONE', #5664, #7586, #12060, .T. ) ;
#8273 = CARTESIAN_POINT ( 'NONE',  ( 0.000000000000000000, 23.00000000000000000, -24.00000000000000000 ) ) ;
#8274 =( GEOMETRIC_REPRESENTATION_CONTEXT ( 3 ) GLOBAL_UNCERTAINTY_ASSIGNED_CONTEXT ( ( #8767 ) ) GLOBAL_UNIT_ASSIGNED_CONTEXT ( ( #1696, #6327, #1826 ) ) REPRESENTATION_CONTEXT ( 'NONE', 'WORKASPACE' ) );
#8275 = LINE ( 'NONE', #3652, #569 ) ;
#8276 = LINE ( 'NONE', #2481, #287 ) ;
#8277 = ORIENTED_EDGE ( 'NONE', *, *, #11229, .T. ) ;
#8278 = ORIENTED_EDGE ( 'NONE', *, *, #7115, .F. ) ;
#8279 = CARTESIAN_POINT ( 'NONE',  ( 8.500000000000000000, 2.500000000000000000, 0.000000000000000000 ) ) ;
#8280 = ORIENTED_EDGE ( 'NONE', *, *, #10493, .T. ) ;
#8281 = DIRECTION ( 'NONE',  ( 1.000000000000000000, -8.858556603233819460E-16, -1.281263882849816650E-16 ) ) ;
#8282 =( GEOMETRIC_REPRESENTATION_CONTEXT ( 3 ) GLOBAL_UNCERTAINTY_ASSIGNED_CONTEXT ( ( #2126 ) ) GLOBAL_UNIT_ASSIGNED_CONTEXT ( ( #5200, #6185, #10879 ) ) REPRESENTATION_CONTEXT ( 'NONE', 'WORKASPACE' ) );
#8283 = DIRECTION ( 'NONE',  ( 0.8660254037844383745, 0.5000000000000005551, 0.000000000000000000 ) ) ;
#8284 = PRODUCT_RELATED_PRODUCT_CATEGORY ( 'part', '', ( #2815 ) ) ;
#8285 = ORIENTED_EDGE ( 'NONE', *, *, #8644, .T. ) ;
#8286 = EDGE_CURVE ( 'NONE', #11545, #2570, #4193, .T. ) ;
#8287 = CARTESIAN_POINT ( 'NONE',  ( 0.9526279441628809908, 0.5499999999999998224, -3.299999999999984279 ) ) ;
#8288 = DIRECTION ( 'NONE',  ( 1.000000000000000000, -0.000000000000000000, -0.000000000000000000 ) ) ;
#8289 = ORIENTED_EDGE ( 'NONE', *, *, #5637, .T. ) ;
#8290 = PRODUCT_DEFINITION_FORMATION_WITH_SPECIFIED_SOURCE ( 'ANY', '', #5580, .NOT_KNOWN. ) ;
#8291 = VERTEX_POINT ( 'NONE', #1167 ) ;
#8292 = AXIS2_PLACEMENT_3D ( 'NONE', #1050, #131, #5934 ) ;
#8293 = CARTESIAN_POINT ( 'NONE',  ( 3.500000000000000000, 0.000000000000000000, -24.00000000000000000 ) ) ;
#8294 = LINE ( 'NONE', #3437, #9251 ) ;
#8295 = FACE_OUTER_BOUND ( 'NONE', #10646, .T. ) ;
#8296 = CARTESIAN_POINT ( 'NONE',  ( 4.099999999999999645, -2.821690854684141936, 0.3999999999999987454 ) ) ;
#8297 = ADVANCED_FACE ( 'NONE', ( #9734, #9678 ), #11534, .F. ) ;
#8298 = ADVANCED_FACE ( 'NONE', ( #7945 ), #5710, .F. ) ;
#8299 = ORIENTED_EDGE ( 'NONE', *, *, #10255, .F. ) ;
#8300 = CARTESIAN_POINT ( 'NONE',  ( 5.500000000000001776, 0.8999999999999998002, -18.69059892324140293 ) ) ;
#8301 = AXIS2_PLACEMENT_3D ( 'NONE', #10937, #6891, #3427 ) ;
#8302 = CARTESIAN_POINT ( 'NONE',  ( 0.000000000000000000, 0.000000000000000000, -6.500000000000000888 ) ) ;
#8303 = PLANE ( 'NONE',  #2779 ) ;
#8304 = LINE ( 'NONE', #4608, #78 ) ;
#8305 = LINE ( 'NONE', #10232, #2847 ) ;
#8306 = CARTESIAN_POINT ( 'NONE',  ( 3.000000000000000000, 0.000000000000000000, 0.000000000000000000 ) ) ;
#8307 = DIRECTION ( 'NONE',  ( -1.000000000000000000, 0.000000000000000000, 0.000000000000000000 ) ) ;
#8308 = DIRECTION ( 'NONE',  ( -1.000000000000000000, 0.000000000000000000, 0.000000000000000000 ) ) ;
#8309 = CARTESIAN_POINT ( 'NONE',  ( 0.6592570625839772047, 1.928778834210482351, -1.600000000000001421 ) ) ;
#8310 = EDGE_CURVE ( 'NONE', #9119, #3736, #11399, .T. ) ;
#8311 = ORIENTED_EDGE ( 'NONE', *, *, #4458, .T. ) ;
#8312 = FACE_OUTER_BOUND ( 'NONE', #5096, .T. ) ;
#8313 = FACE_OUTER_BOUND ( 'NONE', #5332, .T. ) ;
#8314 = CARTESIAN_POINT ( 'NONE',  ( 5.499999999999998224, 0.3000000000000172529, -22.09999999999990550 ) ) ;
#8315 = ORIENTED_EDGE ( 'NONE', *, *, #707, .F. ) ;
#8316 = DIRECTION ( 'NONE',  ( 0.000000000000000000, -0.000000000000000000, 1.000000000000000000 ) ) ;
#8317 = ADVANCED_FACE ( 'NONE', ( #6036 ), #8738, .T. ) ;
#8319 = FACE_OUTER_BOUND ( 'NONE', #10862, .T. ) ;
#8318 =( REPRESENTATION_RELATIONSHIP ('NONE','NONE', #912, #5093 ) REPRESENTATION_RELATIONSHIP_WITH_TRANSFORMATION ( #9175 )SHAPE_REPRESENTATION_RELATIONSHIP( ) );
#8320 = PRODUCT_DEFINITION_SHAPE ( 'NONE', 'NONE',  #1735 ) ;
#8321 = EDGE_LOOP ( 'NONE', ( #10886, #1478, #2812, #2625, #8469 ) ) ;
#8322 = ORIENTED_EDGE ( 'NONE', *, *, #3552, .T. ) ;
#8323 = DIRECTION ( 'NONE',  ( 0.000000000000000000, -1.000000000000000000, 0.000000000000000000 ) ) ;
#8324 = DIRECTION ( 'NONE',  ( -0.000000000000000000, -0.000000000000000000, -1.000000000000000000 ) ) ;
#8325 = ADVANCED_FACE ( 'NONE', ( #289 ), #2157, .F. ) ;
#8326 = LINE ( 'NONE', #927, #6069 ) ;
#8327 = ORIENTED_EDGE ( 'NONE', *, *, #5452, .T. ) ;
#8328 = FACE_OUTER_BOUND ( 'NONE', #6329, .T. ) ;
#8329 = CARTESIAN_POINT ( 'NONE',  ( 3.499999999999996003, 2.500000000000000000, -1.845299461620641512 ) ) ;
#8330 = ORIENTED_EDGE ( 'NONE', *, *, #10330, .F. ) ;
#8331 = ORIENTED_EDGE ( 'NONE', *, *, #7132, .T. ) ;
#8332 = CARTESIAN_POINT ( 'NONE',  ( 0.000000000000000000, 4.898598887637106556E-16, -3.200000000000000178 ) ) ;
#8333 = ORIENTED_EDGE ( 'NONE', *, *, #11625, .T. ) ;
#8334 = EDGE_CURVE ( 'NONE', #10934, #4136, #10791, .T. ) ;
#8335 = CARTESIAN_POINT ( 'NONE',  ( -24.15914770952259261, -10.35026175531544723, 1049.100000000006958 ) ) ;
#8336 = EDGE_CURVE ( 'NONE', #6692, #3317, #9250, .T. ) ;
#8337 = CIRCLE ( 'NONE', #1644, 11.00000000000000000 ) ;
#8338 = CARTESIAN_POINT ( 'NONE',  ( 0.7263287850284176894, -0.2227272727272730235, -500000.0000000000582 ) ) ;
#8339 = DIRECTION ( 'NONE',  ( -0.000000000000000000, -0.000000000000000000, -1.000000000000000000 ) ) ;
#8340 = ORIENTED_EDGE ( 'NONE', *, *, #10305, .F. ) ;
#8341 = CARTESIAN_POINT ( 'NONE',  ( 1.550000000000000266, 17.00000000000000000, -5.232195743157016743 ) ) ;
#8342 = VECTOR ( 'NONE', #5427, 1000.000000000000000 ) ;
#8343 = ORIENTED_EDGE ( 'NONE', *, *, #11602, .F. ) ;
#8344 = CARTESIAN_POINT ( 'NONE',  ( 0.000000000000000000, 4.898598887637106556E-16, -3.600000000000000089 ) ) ;
#8345 = CARTESIAN_POINT ( 'NONE',  ( 0.000000000000000000, 12.50000000000000000, 0.000000000000000000 ) ) ;
#8346 = ORIENTED_EDGE ( 'NONE', *, *, #6476, .F. ) ;
#8347 = FACE_OUTER_BOUND ( 'NONE', #4710, .T. ) ;
#8348 = FACE_OUTER_BOUND ( 'NONE', #9500, .T. ) ;
#8349 = DIRECTION ( 'NONE',  ( 0.000000000000000000, 0.000000000000000000, 1.000000000000000000 ) ) ;
#8350 = DIRECTION ( 'NONE',  ( 0.000000000000000000, 0.000000000000000000, 1.000000000000000000 ) ) ;
#8351 = ORIENTED_EDGE ( 'NONE', *, *, #4600, .T. ) ;
#8352 = ORIENTED_EDGE ( 'NONE', *, *, #1170, .F. ) ;
#8353 = CARTESIAN_POINT ( 'NONE',  ( 8.500000000000000000, 2.500000000000000000, -3.000000000000000000 ) ) ;
#8354 = CARTESIAN_POINT ( 'NONE',  ( 2.000000000000000000, -0.3889866277140361928, -1.583227824459161326 ) ) ;
#8355 = AXIS2_PLACEMENT_3D ( 'NONE', #3707, #5678, #6546 ) ;
#8356 = CARTESIAN_POINT ( 'NONE',  ( -2.000000000000000000, -1.154700538379254349, -0.1786327949540832127 ) ) ;
#8357 = CARTESIAN_POINT ( 'NONE',  ( 0.8000000000000000444, 0.000000000000000000, 0.000000000000000000 ) ) ;
#8358 = DIRECTION ( 'NONE',  ( 0.000000000000000000, -1.000000000000000000, 0.000000000000000000 ) ) ;
#8359 = EDGE_CURVE ( 'NONE', #6096, #3774, #5860, .T. ) ;
#8360 = B_SPLINE_CURVE_WITH_KNOTS ( 'NONE', 3,
 ( #1638, #9955, #10142, #8108, #9039, #10891 ),
 .UNSPECIFIED., .F., .F.,
 ( 4, 2, 4 ),
 ( 0.001168606431211099582, 0.001750609284260043214, 0.002332612137308987497 ),
 .UNSPECIFIED. ) ;
#8361 = VERTEX_POINT ( 'NONE', #7708 ) ;
#8362 = LINE ( 'NONE', #968, #10973 ) ;
#8363 = ADVANCED_FACE ( 'NONE', ( #361, #4980 ), #5921, .T. ) ;
#8364 = AXIS2_PLACEMENT_3D ( 'NONE', #7374, #2450, #6274 ) ;
#8365 = DIRECTION ( 'NONE',  ( 1.000000000000000000, -0.000000000000000000, -0.000000000000000000 ) ) ;
#8366 = DIRECTION ( 'NONE',  ( -1.000000000000000000, 0.000000000000000000, 0.000000000000000000 ) ) ;
#8367 = DIRECTION ( 'NONE',  ( -0.000000000000000000, 1.224649721909276639E-16, -1.000000000000000000 ) ) ;
#8368 = ITEM_DEFINED_TRANSFORMATION ( 'NONE', 'NONE', #6309,  #8058 ) ;
#8369 = B_SPLINE_CURVE_WITH_KNOTS ( 'NONE', 3,
 ( #11324, #3618, #11271, #2864 ),
 .UNSPECIFIED., .F., .F.,
 ( 4, 4 ),
 ( 2.380749485076419225E-07, 0.001168606431211098931 ),
 .UNSPECIFIED. ) ;
#8370 = CARTESIAN_POINT ( 'NONE',  ( 1.000000000000000000, 1.224646799147354933E-16, -2.130481160836854126 ) ) ;
#8371 = CONICAL_SURFACE ( 'NONE', #894, 2.200000000000000622, 0.7853981633974482790 ) ;
#8372 = LINE ( 'NONE', #12158, #6447 ) ;
#8373 = CARTESIAN_POINT ( 'NONE',  ( 2.070622276826203227E-15, 0.7000000000000020650, 0.000000000000000000 ) ) ;
#8374 = EDGE_LOOP ( 'NONE', ( #6777, #3738 ) ) ;
#8375 = CARTESIAN_POINT ( 'NONE',  ( -1.000000000000000000, 9.629649721936179265E-32, -1.730481160836854215 ) ) ;
#8376 = AXIS2_PLACEMENT_3D ( 'NONE', #8495, #7467, #46 ) ;
#8377 = DIRECTION ( 'NONE',  ( -1.000000000000000000, -0.000000000000000000, -0.000000000000000000 ) ) ;
#8378 = EDGE_CURVE ( 'NONE', #5063, #3379, #8065, .T. ) ;
#8379 = EDGE_LOOP ( 'NONE', ( #5698, #7962, #10198, #11753 ) ) ;
#8380 = EDGE_CURVE ( 'NONE', #1150, #11196, #4130, .T. ) ;
#8381 = CARTESIAN_POINT ( 'NONE',  ( 0.000000000000000000, 0.000000000000000000, -1.600000000000000089 ) ) ;
#8382 = AXIS2_PLACEMENT_3D ( 'NONE', #389, #9265, #8139 ) ;
#8383 = DIRECTION ( 'NONE',  ( 0.000000000000000000, 0.000000000000000000, -1.000000000000000000 ) ) ;
#8384 = EDGE_CURVE ( 'NONE', #11895, #3538, #10563, .T. ) ;
#8385 = ORIENTED_EDGE ( 'NONE', *, *, #921, .F. ) ;
#8386 = DIRECTION ( 'NONE',  ( 0.000000000000000000, 0.000000000000000000, -1.000000000000000000 ) ) ;
#8387 = CARTESIAN_POINT ( 'NONE',  ( -1.000000000000000444, 0.000000000000000000, 0.000000000000000000 ) ) ;
#8388 = DIRECTION ( 'NONE',  ( 0.000000000000000000, -0.000000000000000000, 1.000000000000000000 ) ) ;
#8389 = EDGE_CURVE ( 'NONE', #8995, #2279, #3199, .T. ) ;
#8390 = VERTEX_POINT ( 'NONE', #5047 ) ;
#8391 = CIRCLE ( 'NONE', #11367, 3.500000000000000000 ) ;
#8392 = EDGE_LOOP ( 'NONE', ( #7491, #878, #11215, #2742 ) ) ;
#8393 = PRESENTATION_LAYER_ASSIGNMENT (  '', '', ( #3289 ) ) ;
#8394 = AXIS2_PLACEMENT_3D ( 'NONE', #6955, #4129, #1220 ) ;
#8395 = APPLICATION_PROTOCOL_DEFINITION ( 'draft international standard', 'automotive_design', 1998, #198 ) ;
#8396 = SHAPE_REPRESENTATION ( 'ImaEncoder', ( #8058 ), #1376 ) ;
#8397 = LINE ( 'NONE', #12195, #3296 ) ;
#8398 = DIRECTION ( 'NONE',  ( 0.000000000000000000, 1.000000000000000000, 0.000000000000000000 ) ) ;
#8399 = ORIENTED_EDGE ( 'NONE', *, *, #496, .T. ) ;
#8400 = LINE ( 'NONE', #7486, #4520 ) ;
#8401 = AXIS2_PLACEMENT_3D ( 'NONE', #11034, #11098, #9970 ) ;
#8402 = VECTOR ( 'NONE', #594, 1000.000000000000000 ) ;
#8403 = AXIS2_PLACEMENT_3D ( 'NONE', #10397, #6454, #10328 ) ;
#8404 = DIRECTION ( 'NONE',  ( 0.000000000000000000, 0.000000000000000000, -1.000000000000000000 ) ) ;
#8405 = ORIENTED_EDGE ( 'NONE', *, *, #8272, .F. ) ;
#8406 = EDGE_CURVE ( 'NONE', #4504, #9657, #2098, .T. ) ;
#8407 = EDGE_CURVE ( 'NONE', #10705, #1497, #10722, .T. ) ;
#8408 = ORIENTED_EDGE ( 'NONE', *, *, #4536, .T. ) ;
#8409 = CARTESIAN_POINT ( 'NONE',  ( -0.9365230391922001463, 0.000000000000000000, 0.000000000000000000 ) ) ;
#8410 = AXIS2_PLACEMENT_3D ( 'NONE', #7807, #1207, #5845 ) ;
#8411 = AXIS2_PLACEMENT_3D ( 'NONE', #5775, #8660, #6872 ) ;
#8412 = CARTESIAN_POINT ( 'NONE',  ( -0.7263287850424601233, 0.2227272727405295860, -0.7092725651436193601 ) ) ;
#8413 = CARTESIAN_POINT ( 'NONE',  ( 7.500000000000003553, 0.8999999999999998002, -22.15470053837915643 ) ) ;
#8414 = SURFACE_STYLE_USAGE ( .BOTH. , #6521 ) ;
#8415 = DIRECTION ( 'NONE',  ( -0.000000000000000000, 1.224649721909276639E-16, -1.000000000000000000 ) ) ;
#8416 = ORIENTED_EDGE ( 'NONE', *, *, #8556, .F. ) ;
#8417 = VERTEX_POINT ( 'NONE', #8866 ) ;
#8418 = DIRECTION ( 'NONE',  ( 0.000000000000000000, 0.000000000000000000, -1.000000000000000000 ) ) ;
#8419 = DIRECTION ( 'NONE',  ( -1.000000000000000000, -0.000000000000000000, -0.000000000000000000 ) ) ;
#8420 = PRODUCT ( 'EncoderBoard', 'EncoderBoard', '', ( #3842 ) ) ;
#8421 = VECTOR ( 'NONE', #10809, 1000.000000000000000 ) ;
#8422 = DIRECTION ( 'NONE',  ( -0.000000000000000000, 0.000000000000000000, -1.000000000000000000 ) ) ;
#8423 = CYLINDRICAL_SURFACE ( 'NONE', #10739, 0.5000000000000000000 ) ;
#8424 = EDGE_LOOP ( 'NONE', ( #2010, #7105, #763, #2101 ) ) ;
#8425 = DIRECTION ( 'NONE',  ( 0.000000000000000000, 0.000000000000000000, -1.000000000000000000 ) ) ;
#8426 = AXIS2_PLACEMENT_3D ( 'NONE', #8031, #4094, #6116 ) ;
#8427 = CARTESIAN_POINT ( 'NONE',  ( -0.9526279441628807687, 0.5500000000000003775, -0.3000000000000181410 ) ) ;
#8428 = CARTESIAN_POINT ( 'NONE',  ( 2.000000000000000000, -0.3889866277140359152, -0.01677217554083863804 ) ) ;
#8429 = FILL_AREA_STYLE ('',( #9357 ) ) ;
#8430 = VECTOR ( 'NONE', #961, 1000.000000000000000 ) ;
#8431 = CARTESIAN_POINT ( 'NONE',  ( -4.000000000000003553, 2.500000000000000000, -4.154700538379143993 ) ) ;
#8432 = CONTEXT_DEPENDENT_SHAPE_REPRESENTATION ( #10684, #563 ) ;
#8433 = EDGE_CURVE ( 'NONE', #5275, #9043, #415, .T. ) ;
#8434 = EDGE_CURVE ( 'NONE', #10615, #8443, #3883, .T. ) ;
#8435 = AXIS2_PLACEMENT_3D ( 'NONE', #4093, #8585, #6742 ) ;
#8436 = FACE_OUTER_BOUND ( 'NONE', #12051, .T. ) ;
#8437 = LINE ( 'NONE', #104, #11116 ) ;
#8439 = ORIENTED_EDGE ( 'NONE', *, *, #2884, .T. ) ;
#8438 = LINE ( 'NONE', #7268, #10209 ) ;
#8440 = FACE_OUTER_BOUND ( 'NONE', #4167, .T. ) ;
#8441 = AXIS2_PLACEMENT_3D ( 'NONE', #9707, #8712, #9833 ) ;
#8442 = DIRECTION ( 'NONE',  ( -0.000000000000000000, 0.000000000000000000, -1.000000000000000000 ) ) ;
#8443 = VERTEX_POINT ( 'NONE', #3397 ) ;
#8444 = PRESENTATION_STYLE_ASSIGNMENT (( #4862 ) ) ;
#8445 = LINE ( 'NONE', #1201, #9776 ) ;
#8446 = VECTOR ( 'NONE', #5399, 1000.000000000000000 ) ;
#8447 = CONICAL_SURFACE ( 'NONE', #9073, 2.000000000000000000, 1.047197551196596299 ) ;
#8448 = DIRECTION ( 'NONE',  ( -1.000000000000000000, 0.000000000000000000, 0.000000000000000000 ) ) ;
#8449 = EDGE_LOOP ( 'NONE', ( #11452, #11817, #4757, #9926 ) ) ;
#8450 = ADVANCED_FACE ( 'NONE', ( #606, #11099 ), #1648, .F. ) ;
#8451 = FACE_BOUND ( 'NONE', #8716, .T. ) ;
#8452 = VECTOR ( 'NONE', #9965, 1000.000000000000000 ) ;
#8453 = DIRECTION ( 'NONE',  ( -1.000000000000000000, 1.776356839400250465E-15, 0.000000000000000000 ) ) ;
#8454 = VERTEX_POINT ( 'NONE', #5231 ) ;
#8455 = DIRECTION ( 'NONE',  ( -0.000000000000000000, -0.000000000000000000, -1.000000000000000000 ) ) ;
#8456 = DIRECTION ( 'NONE',  ( -1.000000000000000000, 0.000000000000000000, 0.000000000000000000 ) ) ;
#8457 = ORIENTED_EDGE ( 'NONE', *, *, #8336, .T. ) ;
#8458 = EDGE_LOOP ( 'NONE', ( #6795, #712, #5898, #6260 ) ) ;
#8459 = ORIENTED_EDGE ( 'NONE', *, *, #7149, .T. ) ;
#8460 = DIRECTION ( 'NONE',  ( 1.000000000000000000, 0.000000000000000000, 0.000000000000000000 ) ) ;
#8461 = SURFACE_SIDE_STYLE ('',( #7353 ) ) ;
#8462 = VERTEX_POINT ( 'NONE', #7318 ) ;
#8463 = ADVANCED_FACE ( 'NONE', ( #11968, #2457 ), #5417, .F. ) ;
#8464 = CARTESIAN_POINT ( 'NONE',  ( 8.500000000000000000, 0.000000000000000000, -21.00000000000000000 ) ) ;
#8465 = MECHANICAL_DESIGN_GEOMETRIC_PRESENTATION_REPRESENTATION (  '', ( #4142 ), #1386 ) ;
#8466 = EDGE_LOOP ( 'NONE', ( #1378, #11948 ) ) ;
#8467 = DIRECTION ( 'NONE',  ( 0.000000000000000000, 0.000000000000000000, -1.000000000000000000 ) ) ;
#8468 = DIRECTION ( 'NONE',  ( 0.000000000000000000, 1.000000000000000000, 0.000000000000000000 ) ) ;
#8469 = ORIENTED_EDGE ( 'NONE', *, *, #5940, .F. ) ;
#8470 = CARTESIAN_POINT ( 'NONE',  ( -0.5000000000000000000, 9.199999999999999289, -18.50000000000000355 ) ) ;
#8471 = SHAPE_REPRESENTATION ( 'EncoderBoard', ( #8058 ), #2969 ) ;
#8472 = PRODUCT_DEFINITION_FORMATION_WITH_SPECIFIED_SOURCE ( 'ANY', '', #8420, .NOT_KNOWN. ) ;
#8473 = CARTESIAN_POINT ( 'NONE',  ( -2.000000000000000000, 0.3931374000439445404, -0.01723613881363289871 ) ) ;
#8474 = CARTESIAN_POINT ( 'NONE',  ( 0.000000000000000000, 0.000000000000000000, -1.600000000000000089 ) ) ;
#8475 = CYLINDRICAL_SURFACE ( 'NONE', #11181, 0.1749999999999998224 ) ;
#8476 = ORIENTED_EDGE ( 'NONE', *, *, #4513, .F. ) ;
#8477 = EDGE_CURVE ( 'NONE', #3768, #7497, #6398, .T. ) ;
#8478 = CARTESIAN_POINT ( 'NONE',  ( 0.000000000000000000, 4.738805170303855086E-16, -2.269518839163146673 ) ) ;
#8479 = FACE_OUTER_BOUND ( 'NONE', #4486, .T. ) ;
#8480 = CARTESIAN_POINT ( 'NONE',  ( 0.4682615195961031263, 0.8110527431698568712, 0.000000000000000000 ) ) ;
#8481 = CARTESIAN_POINT ( 'NONE',  ( -21.50000000000000000, 0.000000000000000000, 0.000000000000000000 ) ) ;
#8482 = DIRECTION ( 'NONE',  ( -0.000000000000000000, 1.224649721909276639E-16, -1.000000000000000000 ) ) ;
#8483 = ORIENTED_EDGE ( 'NONE', *, *, #9850, .T. ) ;
#8484 = LINE ( 'NONE', #6646, #10788 ) ;
#8485 = DIRECTION ( 'NONE',  ( -0.000000000000000000, -0.000000000000000000, -1.000000000000000000 ) ) ;
#8486 = DIRECTION ( 'NONE',  ( 0.000000000000000000, 1.000000000000000000, 0.000000000000000000 ) ) ;
#8487 = CIRCLE ( 'NONE', #7311, 1.899999999999999689 ) ;
#8488 = EDGE_CURVE ( 'NONE', #5086, #2142, #11785, .T. ) ;
#8489 = EDGE_CURVE ( 'NONE', #12215, #4843, #8122, .T. ) ;
#8490 = CYLINDRICAL_SURFACE ( 'NONE', #1337, 1.099999999999998757 ) ;
#8491 = DIRECTION ( 'NONE',  ( -0.000000000000000000, 0.000000000000000000, -1.000000000000000000 ) ) ;
#8492 = CARTESIAN_POINT ( 'NONE',  ( 2.000000000000000000, 0.9679918988505321620, -0.1247346533081146042 ) ) ;
#8493 = CARTESIAN_POINT ( 'NONE',  ( 7.499999999999998224, 2.500000000000000000, -19.84529946162064817 ) ) ;
#8494 = AXIS2_PLACEMENT_3D ( 'NONE', #3537, #2608, #4453 ) ;
#8495 = CARTESIAN_POINT ( 'NONE',  ( -2.000000000000001776, -0.7999999999999847233, -2.999999999999891642 ) ) ;
#8496 = ORIENTED_EDGE ( 'NONE', *, *, #2824, .F. ) ;
#8497 = PRODUCT_DEFINITION ( 'UNKNOWN', '', #5328, #10754 ) ;
#8498 = PRESENTATION_STYLE_ASSIGNMENT (( #48 ) ) ;
#8499 = UNCERTAINTY_MEASURE_WITH_UNIT (LENGTH_MEASURE( 1.000000000000000082E-05 ), #3938, 'distance_accuracy_value', 'NONE');
#8500 = DIRECTION ( 'NONE',  ( 0.000000000000000000, 0.000000000000000000, 1.000000000000000000 ) ) ;
#8501 = DIRECTION ( 'NONE',  ( 0.000000000000000000, 0.000000000000000000, 1.000000000000000000 ) ) ;
#8502 = ORIENTED_EDGE ( 'NONE', *, *, #11966, .F. ) ;
#8503 = CARTESIAN_POINT ( 'NONE',  ( 0.1631781751318165108, -2.215190113420280937, -1.475759930090786654 ) ) ;
#8504 = ORIENTED_EDGE ( 'NONE', *, *, #7572, .T. ) ;
#8505 = CARTESIAN_POINT ( 'NONE',  ( 0.000000000000000000, 4.738805170303855086E-16, -2.669518839163146584 ) ) ;
#8506 = FACE_OUTER_BOUND ( 'NONE', #12103, .T. ) ;
#8507 = ORIENTED_EDGE ( 'NONE', *, *, #4871, .F. ) ;
#8508 = EDGE_CURVE ( 'NONE', #5458, #6313, #7142, .T. ) ;
#8509 = ORIENTED_EDGE ( 'NONE', *, *, #2842, .F. ) ;
#8510 = EDGE_CURVE ( 'NONE', #5155, #7954, #128, .T. ) ;
#8511 = ORIENTED_EDGE ( 'NONE', *, *, #843, .F. ) ;
#8512 = CARTESIAN_POINT ( 'NONE',  ( 0.000000000000000000, 0.000000000000000000, -1.600000000000000089 ) ) ;
#8513 = APPLICATION_PROTOCOL_DEFINITION ( 'draft international standard', 'automotive_design', 1998, #2657 ) ;
#8514 = PRODUCT_DEFINITION_SHAPE ( 'NONE', 'NONE',  #2257 ) ;
#8515 = CARTESIAN_POINT ( 'NONE',  ( 0.1702769162167666883, -0.7403828156981310249, -0.7092725651034381684 ) ) ;
#8516 = FILL_AREA_STYLE_COLOUR ( '', #9298 ) ;
#8517 = ORIENTED_EDGE ( 'NONE', *, *, #4563, .F. ) ;
#8518 = ORIENTED_EDGE ( 'NONE', *, *, #4512, .T. ) ;
#8519 = CARTESIAN_POINT ( 'NONE',  ( 5.500000000000001776, -0.8000000000000194733, -2.999999999999891642 ) ) ;
#8520 = CARTESIAN_POINT ( 'NONE',  ( -1.999999999999999556, 0.000000000000000000, 0.000000000000000000 ) ) ;
#8521 = EDGE_LOOP ( 'NONE', ( #11193, #11192, #7533, #5712 ) ) ;
#8522 = DIRECTION ( 'NONE',  ( -0.000000000000000000, 0.000000000000000000, -1.000000000000000000 ) ) ;
#8523 = EDGE_CURVE ( 'NONE', #1411, #5089, #824, .T. ) ;
#8524 = CARTESIAN_POINT ( 'NONE',  ( -0.6299130951762662578, 0.5277252221084173245, -0.6723906046483473231 ) ) ;
#8525 = UNCERTAINTY_MEASURE_WITH_UNIT (LENGTH_MEASURE( 1.000000000000000082E-05 ), #593, 'distance_accuracy_value', 'NONE');
#8526 = FILL_AREA_STYLE_COLOUR ( '', #8607 ) ;
#8527 = EDGE_CURVE ( 'NONE', #8215, #10331, #729, .T. ) ;
#8528 = CARTESIAN_POINT ( 'NONE',  ( 4.000000000000000000, 9.199999999999999289, -18.50000000000000355 ) ) ;
#8529 =( NAMED_UNIT ( * ) PLANE_ANGLE_UNIT ( ) SI_UNIT ( $, .RADIAN. ) );
#8530 = VECTOR ( 'NONE', #10349, 1000.000000000000000 ) ;
#8531 = DIRECTION ( 'NONE',  ( 0.000000000000000000, 0.000000000000000000, 1.000000000000000000 ) ) ;
#8532 = EDGE_LOOP ( 'NONE', ( #30, #6639 ) ) ;
#8533 = CARTESIAN_POINT ( 'NONE',  ( 3.500000000000000000, 0.000000000000000000, -24.00000000000000000 ) ) ;
#8534 = EDGE_CURVE ( 'NONE', #2579, #9636, #10850, .T. ) ;
#8535 = VECTOR ( 'NONE', #5431, 1000.000000000000000 ) ;
#8536 = ORIENTED_EDGE ( 'NONE', *, *, #9399, .F. ) ;
#8537 = FACE_BOUND ( 'NONE', #7534, .T. ) ;
#8538 = LINE ( 'NONE', #6467, #10326 ) ;
#8539 = PRESENTATION_LAYER_ASSIGNMENT (  '', '', ( #4416 ) ) ;
#8540 = ORIENTED_EDGE ( 'NONE', *, *, #4192, .T. ) ;
#8541 = CARTESIAN_POINT ( 'NONE',  ( 0.000000000000000000, 0.000000000000000000, -1.600000000000000089 ) ) ;
#8542 = ADVANCED_FACE ( 'NONE', ( #10905 ), #11172, .F. ) ;
#8543 = ORIENTED_EDGE ( 'NONE', *, *, #6503, .F. ) ;
#8544 = CARTESIAN_POINT ( 'NONE',  ( 3.000000000000000000, 0.000000000000000000, 0.000000000000000000 ) ) ;
#8545 = DIRECTION ( 'NONE',  ( -1.000000000000000000, 0.000000000000000000, 0.000000000000000000 ) ) ;
#8546 = CIRCLE ( 'NONE', #275, 1.550000000000000044 ) ;
#8547 = LINE ( 'NONE', #9420, #2292 ) ;
#8548 = ORIENTED_EDGE ( 'NONE', *, *, #9207, .F. ) ;
#8549 = APPLICATION_CONTEXT ( 'automotive_design' ) ;
#8550 = AXIS2_PLACEMENT_3D ( 'NONE', #5194, #8715, #6880 ) ;
#8551 = DIRECTION ( 'NONE',  ( -1.000000000000000000, -0.000000000000000000, -0.000000000000000000 ) ) ;
#8552 = VECTOR ( 'NONE', #2519, 1000.000000000000114 ) ;
#8553 = DIRECTION ( 'NONE',  ( 0.000000000000000000, 0.000000000000000000, 1.000000000000000000 ) ) ;
#8554 = DIRECTION ( 'NONE',  ( 0.8660254037844381525, -0.5000000000000007772, 0.000000000000000000 ) ) ;
#8555 = CARTESIAN_POINT ( 'NONE',  ( 2.000000000000000000, 3.673940397442060361E-16, -3.000000000000000444 ) ) ;
#8556 = EDGE_CURVE ( 'NONE', #5369, #220, #9054, .T. ) ;
#8557 = ADVANCED_FACE ( 'NONE', ( #665 ), #8251, .F. ) ;
#8558 = ORIENTED_EDGE ( 'NONE', *, *, #10602, .F. ) ;
#8559 = PRESENTATION_LAYER_ASSIGNMENT (  '', '', ( #9937 ) ) ;
#8560 = DIRECTION ( 'NONE',  ( -1.000000000000000000, 1.776356839400250465E-15, 0.000000000000000000 ) ) ;
#8561 =( NAMED_UNIT ( * ) PLANE_ANGLE_UNIT ( ) SI_UNIT ( $, .RADIAN. ) );
#8562 =( LENGTH_UNIT ( ) NAMED_UNIT ( * ) SI_UNIT ( .MILLI., .METRE. ) );
#8563 = DIRECTION ( 'NONE',  ( 0.000000000000000000, -0.000000000000000000, -1.000000000000000000 ) ) ;
#8564 = VERTEX_POINT ( 'NONE', #9173 ) ;
#8565 = AXIS2_PLACEMENT_3D ( 'NONE', #4872, #3899, #5751 ) ;
#8566 = STYLED_ITEM ( 'NONE', ( #5986 ), #5357 ) ;
#8567 = CARTESIAN_POINT ( 'NONE',  ( -2.000000000000000000, 0.000000000000000000, -6.000000000000000000 ) ) ;
#8568 = EDGE_LOOP ( 'NONE', ( #10485, #11523 ) ) ;
#8569 = CARTESIAN_POINT ( 'NONE',  ( 0.000000000000000000, 0.000000000000000000, -0.3000000000000172529 ) ) ;
#8570 = LINE ( 'NONE', #6677, #11330 ) ;
#8571 = ORIENTED_EDGE ( 'NONE', *, *, #7251, .T. ) ;
#8572 = ORIENTED_EDGE ( 'NONE', *, *, #905, .F. ) ;
#8573 = AXIS2_PLACEMENT_3D ( 'NONE', #9170, #5294, #11096 ) ;
#8574 = CYLINDRICAL_SURFACE ( 'NONE', #8292, 1.099999999999998535 ) ;
#8575 = APPLICATION_PROTOCOL_DEFINITION ( 'draft international standard', 'automotive_design', 1998, #4931 ) ;
#8576 = CARTESIAN_POINT ( 'NONE',  ( 1.224646799147352961E-16, 1.000000000000000222, -1.869518839163146540 ) ) ;
#8577 = CARTESIAN_POINT ( 'NONE',  ( 0.8000000000000000444, 0.000000000000000000, 0.000000000000000000 ) ) ;
#8578 = EDGE_LOOP ( 'NONE', ( #9002, #1449 ) ) ;
#8579 = CIRCLE ( 'NONE', #6814, 1.099999999999998757 ) ;
#8580 = ORIENTED_EDGE ( 'NONE', *, *, #9382, .T. ) ;
#8581 = EDGE_CURVE ( 'NONE', #9819, #4772, #7412, .T. ) ;
#8582 = EDGE_CURVE ( 'NONE', #1150, #2221, #7617, .T. ) ;
#8583 = DIRECTION ( 'NONE',  ( -0.000000000000000000, -1.000000000000000000, 0.000000000000000000 ) ) ;
#8584 = AXIS2_PLACEMENT_3D ( 'NONE', #3756, #3815, #5786 ) ;
#8585 = DIRECTION ( 'NONE',  ( -0.000000000000000000, -0.000000000000000000, 1.000000000000000000 ) ) ;
#8586 = LINE ( 'NONE', #4154, #4478 ) ;
#8587 = VERTEX_POINT ( 'NONE', #1026 ) ;
#8588 = CARTESIAN_POINT ( 'NONE',  ( 0.000000000000000000, 0.000000000000000000, -1.500000000000000000 ) ) ;
#8589 = CIRCLE ( 'NONE', #3082, 1.000000000000000000 ) ;
#8590 = FACE_OUTER_BOUND ( 'NONE', #2196, .T. ) ;
#8591 = EDGE_LOOP ( 'NONE', ( #2871, #1176, #3244, #11518 ) ) ;
#8592 = CARTESIAN_POINT ( 'NONE',  ( -2.000000000000000000, -1.154700538379254349, -1.421367205045916737 ) ) ;
#8593 = CARTESIAN_POINT ( 'NONE',  ( 0.7263287850284176894, -0.2227272727272730235, -0.7092725651034373913 ) ) ;
#8594 = AXIS2_PLACEMENT_3D ( 'NONE', #7307, #4232, #4484 ) ;
#8595 = CARTESIAN_POINT ( 'NONE',  ( 1.500000000000000000, 9.199999999999999289, -18.50000000000000355 ) ) ;
#8596 = ORIENTED_EDGE ( 'NONE', *, *, #7131, .F. ) ;
#8597 = AXIS2_PLACEMENT_3D ( 'NONE', #9110, #3514, #2588 ) ;
#8598 = ORIENTED_EDGE ( 'NONE', *, *, #11376, .T. ) ;
#8599 = LINE ( 'NONE', #6635, #8430 ) ;
#8600 = EDGE_CURVE ( 'NONE', #4638, #9857, #315, .T. ) ;
#8601 = CIRCLE ( 'NONE', #10188, 1.000000000000000000 ) ;
#8602 = VERTEX_POINT ( 'NONE', #3694 ) ;
#8603 = SURFACE_STYLE_FILL_AREA ( #3054 ) ;
#8604 = AXIS2_PLACEMENT_3D ( 'NONE', #5730, #11282, #11472 ) ;
#8605 = AXIS2_PLACEMENT_3D ( 'NONE', #7972, #1571, #3481 ) ;
#8606 = ORIENTED_EDGE ( 'NONE', *, *, #4425, .F. ) ;
#8607 = COLOUR_RGB ( '',1.000000000000000000, 0.9490196078431372140, 0.9098039215686274384 ) ;
#8608 = FACE_OUTER_BOUND ( 'NONE', #2298, .T. ) ;
#8609 = ORIENTED_EDGE ( 'NONE', *, *, #1567, .F. ) ;
#8610 = DIRECTION ( 'NONE',  ( -0.000000000000000000, -0.000000000000000000, 1.000000000000000000 ) ) ;
#8611 = CARTESIAN_POINT ( 'NONE',  ( -2.000000000000000000, -1.154700538379254349, -1.421367205045916737 ) ) ;
#8612 = AXIS2_PLACEMENT_3D ( 'NONE', #9884, #2422, #6128 ) ;
#8613 = LINE ( 'NONE', #2952, #10960 ) ;
#8614 = ORIENTED_EDGE ( 'NONE', *, *, #9382, .F. ) ;
#8615 = VECTOR ( 'NONE', #10361, 1000.000000000000000 ) ;
#8616 = EDGE_CURVE ( 'NONE', #1055, #11937, #4937, .T. ) ;
#8617 = CONICAL_SURFACE ( 'NONE', #4880, 2.000000000000000000, 1.047197551196595855 ) ;
#8618 = CARTESIAN_POINT ( 'NONE',  ( 3.903127820947815962E-15, 2.500000000000000000, -19.84529946162065883 ) ) ;
#8619 = CARTESIAN_POINT ( 'NONE',  ( -0.5000000000000000000, 9.199999999999999289, -22.50000000000000355 ) ) ;
#8620 = MANIFOLD_SOLID_BREP ( 'Ressalto-extrus\X2\00e3\X0\o1', #6861 ) ;
#8621 = CARTESIAN_POINT ( 'NONE',  ( 0.000000000000000000, 4.738805170303855086E-16, -3.069518839163146939 ) ) ;
#8622 = ORIENTED_EDGE ( 'NONE', *, *, #3165, .T. ) ;
#8623 = CIRCLE ( 'NONE', #5492, 0.5000000000000000000 ) ;
#8624 = DIRECTION ( 'NONE',  ( -0.000000000000000000, 1.224649721909276639E-16, -1.000000000000000000 ) ) ;
#8625 = EDGE_CURVE ( 'NONE', #12099, #1616, #10961, .T. ) ;
#8626 = CARTESIAN_POINT ( 'NONE',  ( 1.340742937416024905, -1.535322780927274700, -1.599999999999999867 ) ) ;
#8627 = AXIS2_PLACEMENT_3D ( 'NONE', #11609, #5927, #6846 ) ;
#8628 = FACE_OUTER_BOUND ( 'NONE', #10737, .T. ) ;
#8629 = ORIENTED_EDGE ( 'NONE', *, *, #9772, .T. ) ;
#8630 = EDGE_CURVE ( 'NONE', #6679, #2030, #3755, .T. ) ;
#8631 = ADVANCED_FACE ( 'NONE', ( #10236, #5606 ), #9356, .F. ) ;
#8632 = CONICAL_SURFACE ( 'NONE', #10227, 0.7740000000000000213, 1.047197551196601628 ) ;
#8633 = LINE ( 'NONE', #9374, #11289 ) ;
#8634 = ORIENTED_EDGE ( 'NONE', *, *, #553, .F. ) ;
#8635 = CARTESIAN_POINT ( 'NONE',  ( 0.000000000000000000, 0.000000000000000000, 0.5000000000000000000 ) ) ;
#8636 = EDGE_LOOP ( 'NONE', ( #2852, #10466, #793, #8857, #5183 ) ) ;
#8637 = EDGE_LOOP ( 'NONE', ( #4091, #2795 ) ) ;
#8638 = PRESENTATION_LAYER_ASSIGNMENT (  '', '', ( #10026 ) ) ;
#8639 = DIRECTION ( 'NONE',  ( -0.5000000000000004441, 0.8660254037844383745, 0.000000000000000000 ) ) ;
#8640 = APPLICATION_PROTOCOL_DEFINITION ( 'draft international standard', 'automotive_design', 1998, #32 ) ;
#8641 = DIRECTION ( 'NONE',  ( 0.000000000000000000, 0.000000000000000000, 1.000000000000000000 ) ) ;
#8642 = FACE_OUTER_BOUND ( 'NONE', #6844, .T. ) ;
#8643 = ORIENTED_EDGE ( 'NONE', *, *, #7489, .T. ) ;
#8644 = EDGE_CURVE ( 'NONE', #8014, #9843, #6821, .T. ) ;
#8645 = COLOUR_RGB ( '',0.2980392156862745057, 0.2980392156862745057, 0.2980392156862745057 ) ;
#8646 = EDGE_CURVE ( 'NONE', #2949, #437, #6633, .T. ) ;
#8647 = ORIENTED_EDGE ( 'NONE', *, *, #11691, .F. ) ;
#8648 = CARTESIAN_POINT ( 'NONE',  ( 5.500000000000000888, 0.000000000000000000, -24.00000000000000000 ) ) ;
#8649 = AXIS2_PLACEMENT_3D ( 'NONE', #5562, #3646, #11423 ) ;
#8650 = LINE ( 'NONE', #202, #4517 ) ;
#8651 = CARTESIAN_POINT ( 'NONE',  ( 0.8156023289304824564, 0.000000000000000000, -0.1291166393111913002 ) ) ;
#8652 = VERTEX_POINT ( 'NONE', #854 ) ;
#8653 = DIRECTION ( 'NONE',  ( 0.000000000000000000, -1.000000000000000000, 0.000000000000000000 ) ) ;
#8654 = DIRECTION ( 'NONE',  ( -1.000000000000000000, -0.000000000000000000, -0.000000000000000000 ) ) ;
#8655 = PRODUCT_DEFINITION_CONTEXT ( 'detailed design', #766, 'design' ) ;
#8656 = ORIENTED_EDGE ( 'NONE', *, *, #9712, .T. ) ;
#8657 = DIRECTION ( 'NONE',  ( 1.000000000000000000, -0.000000000000000000, -0.000000000000000000 ) ) ;
#8658 = CARTESIAN_POINT ( 'NONE',  ( -0.8302646929203288950, 1.830047532802310029, -1.600000000000000755 ) ) ;
#8659 = SURFACE_SIDE_STYLE ('',( #3859 ) ) ;
#8660 = DIRECTION ( 'NONE',  ( 0.000000000000000000, 1.000000000000000000, 0.000000000000000000 ) ) ;
#8661 = DIRECTION ( 'NONE',  ( 0.000000000000000000, 1.000000000000000000, 0.000000000000000000 ) ) ;
#8662 = ORIENTED_EDGE ( 'NONE', *, *, #10407, .T. ) ;
#8663 = LINE ( 'NONE', #8032, #5627 ) ;
#8664 = ORIENTED_EDGE ( 'NONE', *, *, #1145, .F. ) ;
#8665 = FACE_OUTER_BOUND ( 'NONE', #1565, .T. ) ;
#8666 = VERTEX_POINT ( 'NONE', #4614 ) ;
#8667 = CARTESIAN_POINT ( 'NONE',  ( 0.9000000000000000222, 2.388061258337338643E-16, -1.949999999999999734 ) ) ;
#8668 = ADVANCED_FACE ( 'NONE', ( #11339 ), #5054, .T. ) ;
#8669 = EDGE_CURVE ( 'NONE', #9385, #1763, #36, .T. ) ;
#8670 = CARTESIAN_POINT ( 'NONE',  ( -2.000000000000000000, -0.3889866277140360817, -1.583227824459161326 ) ) ;
#8671 =( NAMED_UNIT ( * ) PLANE_ANGLE_UNIT ( ) SI_UNIT ( $, .RADIAN. ) );
#8672 = DIRECTION ( 'NONE',  ( 0.000000000000000000, -0.000000000000000000, 1.000000000000000000 ) ) ;
#8673 = ORIENTED_EDGE ( 'NONE', *, *, #11296, .F. ) ;
#8674 = VECTOR ( 'NONE', #4999, 1000.000000000000000 ) ;
#8675 = PLANE ( 'NONE',  #1057 ) ;
#8676 = FACE_OUTER_BOUND ( 'NONE', #11915, .T. ) ;
#8677 = DIRECTION ( 'NONE',  ( 0.000000000000000000, -0.000000000000000000, -1.000000000000000000 ) ) ;
#8678 = VECTOR ( 'NONE', #6973, 1000.000000000000000 ) ;
#8679 = LINE ( 'NONE', #7825, #6431 ) ;
#8680 = VECTOR ( 'NONE', #6788, 1000.000000000000000 ) ;
#8681 = EDGE_CURVE ( 'NONE', #1300, #10450, #6651, .T. ) ;
#8682 = DIRECTION ( 'NONE',  ( 1.000000000000000000, 0.000000000000000000, 0.000000000000000000 ) ) ;
#8683 = SURFACE_STYLE_USAGE ( .BOTH. , #10430 ) ;
#8684 = DIRECTION ( 'NONE',  ( -0.000000000000000000, 1.000000000000000000, -0.000000000000000000 ) ) ;
#8685 = VERTEX_POINT ( 'NONE', #1965 ) ;
#8686 = ORIENTED_EDGE ( 'NONE', *, *, #5939, .F. ) ;
#8687 = EDGE_CURVE ( 'NONE', #7519, #6866, #5731, .T. ) ;
#8688 = AXIS2_PLACEMENT_3D ( 'NONE', #9143, #7812, #8042 ) ;
#8689 = CARTESIAN_POINT ( 'NONE',  ( 0.000000000000000000, 0.000000000000000000, -1.600000000000000089 ) ) ;
#8690 = VERTEX_POINT ( 'NONE', #9779 ) ;
#8691 = DIRECTION ( 'NONE',  ( 0.000000000000000000, 0.000000000000000000, -1.000000000000000000 ) ) ;
#8692 = EDGE_LOOP ( 'NONE', ( #11249, #4604 ) ) ;
#8693 = EDGE_LOOP ( 'NONE', ( #6359, #10066, #1635, #9751 ) ) ;
#8694 = EDGE_CURVE ( 'NONE', #1631, #10911, #2746, .T. ) ;
#8695 = CARTESIAN_POINT ( 'NONE',  ( 0.000000000000000000, 0.000000000000000000, 0.000000000000000000 ) ) ;
#8696 = PRODUCT_CONTEXT ( 'NONE', #118, 'mechanical' ) ;
#8697 = CARTESIAN_POINT ( 'NONE',  ( -2.000000000000000000, -1.154700538379252794, -1.600000000000000089 ) ) ;
#8698 = DIRECTION ( 'NONE',  ( 1.000000000000000000, 0.000000000000000000, 0.000000000000000000 ) ) ;
#8699 = VERTEX_POINT ( 'NONE', #4970 ) ;
#8700 = CARTESIAN_POINT ( 'NONE',  ( -3.129822080702421140E-16, -2.309401076758506477, -1.600000000000000089 ) ) ;
#8701 = LINE ( 'NONE', #10688, #1950 ) ;
#8702 = DIRECTION ( 'NONE',  ( -0.000000000000000000, 1.224649721909276639E-16, -1.000000000000000000 ) ) ;
#8703 = DIRECTION ( 'NONE',  ( -1.000000000000000000, 0.000000000000000000, 0.000000000000000000 ) ) ;
#8704 = VERTEX_POINT ( 'NONE', #4846 ) ;
#8705 = CARTESIAN_POINT ( 'NONE',  ( 0.6062177826491110810, -0.3500000000000007550, -500000.0000000000582 ) ) ;
#8706 = EDGE_CURVE ( 'NONE', #7117, #11944, #402, .T. ) ;
#8707 = ADVANCED_FACE ( 'NONE', ( #5099 ), #1101, .F. ) ;
#8708 = DIRECTION ( 'NONE',  ( 0.000000000000000000, 0.000000000000000000, 1.000000000000000000 ) ) ;
#8709 = CARTESIAN_POINT ( 'NONE',  ( 0.3955904915634517738, 0.5106562904773509493, -0.7781636247345525836 ) ) ;
#8710 = VECTOR ( 'NONE', #5830, 1000.000000000000000 ) ;
#8711 = DIRECTION ( 'NONE',  ( 1.000000000000000000, 0.000000000000000000, 0.000000000000000000 ) ) ;
#8712 = DIRECTION ( 'NONE',  ( 1.000000000000000000, -0.000000000000000000, -0.000000000000000000 ) ) ;
#8713 = LINE ( 'NONE', #265, #8205 ) ;
#8714 = PRODUCT_DEFINITION_SHAPE ( 'NONE', 'NONE',  #12231 ) ;
#8715 = DIRECTION ( 'NONE',  ( 0.4999999999999987788, 0.000000000000000000, 0.8660254037844393737 ) ) ;
#8716 = EDGE_LOOP ( 'NONE', ( #4081, #8135 ) ) ;
#8717 = CARTESIAN_POINT ( 'NONE',  ( 0.000000000000000000, 7.500000000000000000, -9.616139535669825378 ) ) ;
#8718 = DIRECTION ( 'NONE',  ( -0.8660254037844392627, 0.000000000000000000, 0.4999999999999988898 ) ) ;
#8719 = EDGE_LOOP ( 'NONE', ( #76, #4699, #5117, #4226 ) ) ;
#8720 = CONICAL_SURFACE ( 'NONE', #2828, 2.000000000000000000, 1.047197551196595855 ) ;
#8721 = CARTESIAN_POINT ( 'NONE',  ( 0.000000000000000000, 0.000000000000000000, 0.000000000000000000 ) ) ;
#8722 = DIRECTION ( 'NONE',  ( 0.000000000000000000, 0.000000000000000000, -1.000000000000000000 ) ) ;
#8723 = SURFACE_STYLE_USAGE ( .BOTH. , #11474 ) ;
#8724 = FACE_OUTER_BOUND ( 'NONE', #11077, .T. ) ;
#8725 = VERTEX_POINT ( 'NONE', #5908 ) ;
#8726 = CARTESIAN_POINT ( 'NONE',  ( 4.250000000000000000, 1.347111479062088405E-15, -11.00000000000000000 ) ) ;
#8727 = CARTESIAN_POINT ( 'NONE',  ( -1.999999999999999556, 0.9000000000000005773, -0.6905989232413867196 ) ) ;
#8728 = VECTOR ( 'NONE', #9939, 1000.000000000000000 ) ;
#8729 = AXIS2_PLACEMENT_3D ( 'NONE', #1343, #7751, #10662 ) ;
#8730 = EDGE_CURVE ( 'NONE', #4724, #10869, #6428, .T. ) ;
#8731 = EDGE_CURVE ( 'NONE', #11730, #9932, #11369, .T. ) ;
#8732 = CARTESIAN_POINT ( 'NONE',  ( -4.987329993433320396E-15, -2.309401076758504701, -1.421367205045916737 ) ) ;
#8733 = CARTESIAN_POINT ( 'NONE',  ( 0.000000000000000000, 0.000000000000000000, 0.000000000000000000 ) ) ;
#8734 = DIRECTION ( 'NONE',  ( 8.659560562354926695E-17, -0.7071067811865482389, 0.7071067811865469066 ) ) ;
#8735 = ORIENTED_EDGE ( 'NONE', *, *, #5920, .F. ) ;
#8736 = DIRECTION ( 'NONE',  ( 0.000000000000000000, 0.000000000000000000, -1.000000000000000000 ) ) ;
#8737 = DIRECTION ( 'NONE',  ( 0.000000000000000000, 0.000000000000000000, 1.000000000000000000 ) ) ;
#8738 = PLANE ( 'NONE',  #3017 ) ;
#8739 = AXIS2_PLACEMENT_3D ( 'NONE', #4665, #5726, #6392 ) ;
#8740 = DIRECTION ( 'NONE',  ( -1.000000000000000000, 0.000000000000000000, 0.000000000000000000 ) ) ;
#8741 = EDGE_LOOP ( 'NONE', ( #8634, #7479, #7155, #559, #1626, #9824, #760, #5729, #11129, #2841 ) ) ;
#8742 = DIRECTION ( 'NONE',  ( 0.000000000000000000, 0.000000000000000000, 1.000000000000000000 ) ) ;
#8743 = AXIS2_PLACEMENT_3D ( 'NONE', #11350, #11483, #3014 ) ;
#8744 = ORIENTED_EDGE ( 'NONE', *, *, #945, .F. ) ;
#8745 = EDGE_CURVE ( 'NONE', #4762, #7783, #7748, .T. ) ;
#8746 = CARTESIAN_POINT ( 'NONE',  ( 4.099999999999999645, -2.821690854684141936, -0.3999999999999968026 ) ) ;
#8747 = ORIENTED_EDGE ( 'NONE', *, *, #7388, .F. ) ;
#8748 = CARTESIAN_POINT ( 'NONE',  ( -2.000000000000000000, 0.9679918988505324950, -1.475265346691885471 ) ) ;
#8749 = ORIENTED_EDGE ( 'NONE', *, *, #11692, .F. ) ;
#8750 = EDGE_LOOP ( 'NONE', ( #6731, #7768, #9621, #7555 ) ) ;
#8751 = EDGE_CURVE ( 'NONE', #1055, #2418, #5816, .T. ) ;
#8752 = DIRECTION ( 'NONE',  ( -0.000000000000000000, 0.000000000000000000, 1.000000000000000000 ) ) ;
#8753 = ITEM_DEFINED_TRANSFORMATION ( 'NONE', 'NONE', #1184,  #8058 ) ;
#8754 = VECTOR ( 'NONE', #11468, 1000.000000000000000 ) ;
#8755 = CARTESIAN_POINT ( 'NONE',  ( -17.94999999999999929, 0.000000000000000000, -3.500000000000000000 ) ) ;
#8756 = LINE ( 'NONE', #9562, #5742 ) ;
#8757 = EDGE_LOOP ( 'NONE', ( #3782, #686 ) ) ;
#8758 = ORIENTED_EDGE ( 'NONE', *, *, #11651, .F. ) ;
#8759 = EDGE_CURVE ( 'NONE', #9781, #10804, #225, .T. ) ;
#8760 = CARTESIAN_POINT ( 'NONE',  ( 7.500000000000000888, 0.8999999999999986899, -4.154700538379145769 ) ) ;
#8761 = DIRECTION ( 'NONE',  ( -1.000000000000000000, 0.000000000000000000, 0.000000000000000000 ) ) ;
#8762 = DIRECTION ( 'NONE',  ( 0.000000000000000000, 0.000000000000000000, -1.000000000000000000 ) ) ;
#8763 = COLOUR_RGB ( '',1.000000000000000000, 0.9490196078431372140, 0.9098039215686274384 ) ;
#8764 = ORIENTED_EDGE ( 'NONE', *, *, #10493, .F. ) ;
#8765 = DIRECTION ( 'NONE',  ( -0.000000000000000000, -0.000000000000000000, 1.000000000000000000 ) ) ;
#8766 = CARTESIAN_POINT ( 'NONE',  ( -2.000000000000000000, 0.9679918988505297195, -0.1247346533081140629 ) ) ;
#8767 = UNCERTAINTY_MEASURE_WITH_UNIT (LENGTH_MEASURE( 1.000000000000000082E-05 ), #1696, 'distance_accuracy_value', 'NONE');
#8768 = EDGE_LOOP ( 'NONE', ( #2299, #1240 ) ) ;
#8769 = FACE_BOUND ( 'NONE', #11663, .T. ) ;
#8770 = DIRECTION ( 'NONE',  ( -3.767951519021692219E-16, -0.9981134560581450543, -0.06139648878938835236 ) ) ;
#8771 = AXIS2_PLACEMENT_3D ( 'NONE', #1360, #3080, #10674 ) ;
#8772 = CARTESIAN_POINT ( 'NONE',  ( -16.00000000000000000, 0.000000000000000000, 0.000000000000000000 ) ) ;
#8773 = DIRECTION ( 'NONE',  ( -0.8660254037844380415, 0.5000000000000009992, 0.000000000000000000 ) ) ;
#8774 = AXIS2_PLACEMENT_3D ( 'NONE', #2957, #11236, #6715 ) ;
#8775 = CIRCLE ( 'NONE', #8974, 0.8156023289304831225 ) ;
#8776 = EDGE_CURVE ( 'NONE', #2116, #1100, #11649, .T. ) ;
#8777 = DIRECTION ( 'NONE',  ( -0.8660254037844380415, 0.5000000000000008882, 0.000000000000000000 ) ) ;
#8778 = EDGE_CURVE ( 'NONE', #10110, #2070, #8200, .T. ) ;
#8779 = VERTEX_POINT ( 'NONE', #4175 ) ;
#8780 = VECTOR ( 'NONE', #1749, 1000.000000000000000 ) ;
#8781 = APPLICATION_CONTEXT ( 'automotive_design' ) ;
#8782 = VECTOR ( 'NONE', #6405, 1000.000000000000000 ) ;
#8783 = ORIENTED_EDGE ( 'NONE', *, *, #3491, .F. ) ;
#8784 = LINE ( 'NONE', #2071, #10390 ) ;
#8785 = EDGE_LOOP ( 'NONE', ( #10287, #11744, #11838, #6577 ) ) ;
#8786 = CONICAL_SURFACE ( 'NONE', #3486, 2.000000000000000000, 1.047197551196596299 ) ;
#8787 = LINE ( 'NONE', #1399, #11426 ) ;
#8788 = VECTOR ( 'NONE', #1082, 1000.000000000000000 ) ;
#8789 = CARTESIAN_POINT ( 'NONE',  ( -2.000000000000000000, -0.8000000000000211386, -20.99999999999990763 ) ) ;
#8790 = FACE_OUTER_BOUND ( 'NONE', #8321, .T. ) ;
#8791 = EDGE_LOOP ( 'NONE', ( #6688, #4645, #7898, #293 ) ) ;
#8792 = FACE_OUTER_BOUND ( 'NONE', #6554, .T. ) ;
#8793 = VECTOR ( 'NONE', #2385, 1000.000000000000227 ) ;
#8794 = CARTESIAN_POINT ( 'NONE',  ( -1.000000000000000000, 0.000000000000000000, 0.000000000000000000 ) ) ;
#8795 = CIRCLE ( 'NONE', #10189, 0.5000000000000000000 ) ;
#8796 = AXIS2_PLACEMENT_3D ( 'NONE', #2632, #5286, #5343 ) ;
#8797 = B_SPLINE_CURVE_WITH_KNOTS ( 'NONE', 3,
 ( #10611, #6047, #9739, #1228, #2165, #4138 ),
 .UNSPECIFIED., .F., .F.,
 ( 4, 2, 4 ),
 ( 0.001168606431211099582, 0.001750609284260043214, 0.002332612137308987497 ),
 .UNSPECIFIED. ) ;
#8798 = VECTOR ( 'NONE', #2753, 1000.000000000000114 ) ;
#8799 = CARTESIAN_POINT ( 'NONE',  ( -2.000000000000000000, 0.7788341705667901627, -0.07984828284772985119 ) ) ;
#8800 = FACE_OUTER_BOUND ( 'NONE', #9091, .T. ) ;
#8801 = CARTESIAN_POINT ( 'NONE',  ( -1.000000000000000888, 1.732050807568876749, -1.600000000000000089 ) ) ;
#8802 = DIRECTION ( 'NONE',  ( 1.000000000000000000, 0.000000000000000000, 0.000000000000000000 ) ) ;
#8803 = CIRCLE ( 'NONE', #3888, 10.00000000000000000 ) ;
#8804 = FACE_OUTER_BOUND ( 'NONE', #9453, .T. ) ;
#8805 = CARTESIAN_POINT ( 'NONE',  ( 2.099999999999999645, -2.971690854684141847, 0.4999999999999991673 ) ) ;
#8806 = VERTEX_POINT ( 'NONE', #5965 ) ;
#8807 = VECTOR ( 'NONE', #11257, 1000.000000000000000 ) ;
#8808 = EDGE_CURVE ( 'NONE', #9666, #3190, #2901, .T. ) ;
#8809 = CARTESIAN_POINT ( 'NONE',  ( 3.000000000000000000, 6.123233995736766036E-17, -0.5000000000000000000 ) ) ;
#8810 = EDGE_CURVE ( 'NONE', #8976, #1137, #11703, .T. ) ;
#8811 = AXIS2_PLACEMENT_3D ( 'NONE', #1204, #6091, #1151 ) ;
#8812 = EDGE_LOOP ( 'NONE', ( #11590, #8278, #4530, #2938 ) ) ;
#8813 = AXIS2_PLACEMENT_3D ( 'NONE', #6745, #1308, #3107 ) ;
#8814 = VECTOR ( 'NONE', #2000, 1000.000000000000114 ) ;
#8815 = CARTESIAN_POINT ( 'NONE',  ( -2.000000000000000000, -0.3889866277140360817, -1.583227824459161326 ) ) ;
#8816 = CARTESIAN_POINT ( 'NONE',  ( -0.1702769162167616090, -0.7403828156981311359, -0.7092725651034388346 ) ) ;
#8817 = VERTEX_POINT ( 'NONE', #2075 ) ;
#8818 = DIRECTION ( 'NONE',  ( 0.000000000000000000, 1.000000000000000000, 0.000000000000000000 ) ) ;
#8819 = CONICAL_SURFACE ( 'NONE', #1134, 0.7799999999999996936, 0.9599310885968785900 ) ;
#8820 = SURFACE_STYLE_FILL_AREA ( #5931 ) ;
#8821 = ORIENTED_EDGE ( 'NONE', *, *, #1567, .T. ) ;
#8822 = ORIENTED_EDGE ( 'NONE', *, *, #5303, .T. ) ;
#8823 = EDGE_CURVE ( 'NONE', #9654, #1855, #7437, .T. ) ;
#8824 = EDGE_CURVE ( 'NONE', #1107, #7922, #10476, .T. ) ;
#8825 = PRODUCT_CONTEXT ( 'NONE', #6195, 'mechanical' ) ;
#8826 = CIRCLE ( 'NONE', #10808, 10.50000000000000000 ) ;
#8827 = DIRECTION ( 'NONE',  ( -0.000000000000000000, 1.224649721909276639E-16, -1.000000000000000000 ) ) ;
#8828 = CARTESIAN_POINT ( 'NONE',  ( 0.000000000000000000, 0.000000000000000000, 11.00000000000000000 ) ) ;
#8829 = ORIENTED_EDGE ( 'NONE', *, *, #9, .F. ) ;
#8830 = EDGE_LOOP ( 'NONE', ( #11171, #6964, #8019, #11886, #10195, #1023 ) ) ;
#8831 = CARTESIAN_POINT ( 'NONE',  ( 5.500000000000001776, 0.000000000000000000, -4.399999999999872458 ) ) ;
#8832 = CARTESIAN_POINT ( 'NONE',  ( -1.000000000000000000, 9.629649721936179265E-32, -3.730481160836854215 ) ) ;
#8833 = VECTOR ( 'NONE', #7167, 1000.000000000000114 ) ;
#8834 = ORIENTED_EDGE ( 'NONE', *, *, #8407, .F. ) ;
#8835 = DIRECTION ( 'NONE',  ( 0.000000000000000000, 0.000000000000000000, 1.000000000000000000 ) ) ;
#8836 = DIRECTION ( 'NONE',  ( 0.000000000000000000, 0.000000000000000000, -1.000000000000000000 ) ) ;
#8837 = CARTESIAN_POINT ( 'NONE',  ( 1.000000000000000000, 0.000000000000000000, 0.000000000000000000 ) ) ;
#8838 = EDGE_CURVE ( 'NONE', #3169, #10834, #1155, .T. ) ;
#8839 = DIRECTION ( 'NONE',  ( 0.000000000000000000, 0.000000000000000000, 1.000000000000000000 ) ) ;
#8840 = CARTESIAN_POINT ( 'NONE',  ( -22.15914770952258905, -9.550261755315464285, 1052.100000000006958 ) ) ;
#8841 = DIRECTION ( 'NONE',  ( 0.000000000000000000, 0.000000000000000000, -1.000000000000000000 ) ) ;
#8842 = ORIENTED_EDGE ( 'NONE', *, *, #4192, .F. ) ;
#8843 = CARTESIAN_POINT ( 'NONE',  ( -2.000000000000000000, -0.9668978507697956193, -0.1244188288311465912 ) ) ;
#8844 = ORIENTED_EDGE ( 'NONE', *, *, #1463, .T. ) ;
#8845 = DIRECTION ( 'NONE',  ( -1.000000000000000000, -0.000000000000000000, -0.000000000000000000 ) ) ;
#8846 = ORIENTED_EDGE ( 'NONE', *, *, #4313, .F. ) ;
#8847 = EDGE_CURVE ( 'NONE', #8704, #1545, #3999, .T. ) ;
#8848 = AXIS2_PLACEMENT_3D ( 'NONE', #3258, #4239, #1043 ) ;
#8849 = VERTEX_POINT ( 'NONE', #4051 ) ;
#8850 = FACE_OUTER_BOUND ( 'NONE', #6198, .T. ) ;
#8851 = ORIENTED_EDGE ( 'NONE', *, *, #8488, .F. ) ;
#8852 =( GEOMETRIC_REPRESENTATION_CONTEXT ( 3 ) GLOBAL_UNCERTAINTY_ASSIGNED_CONTEXT ( ( #10513 ) ) GLOBAL_UNIT_ASSIGNED_CONTEXT ( ( #9247, #11284, #1901 ) ) REPRESENTATION_CONTEXT ( 'NONE', 'WORKASPACE' ) );
#8853 = DIRECTION ( 'NONE',  ( 8.659560562354932858E-17, -0.7071067811865474617, 0.7071067811865474617 ) ) ;
#8854 = CARTESIAN_POINT ( 'NONE',  ( -3.129822080702421140E-16, -2.309401076758506477, -1.600000000000000089 ) ) ;
#8855 = EDGE_CURVE ( 'NONE', #6229, #8157, #2509, .T. ) ;
#8856 = CARTESIAN_POINT ( 'NONE',  ( 0.000000000000000000, 4.738805170303855086E-16, -3.469518839163146406 ) ) ;
#8857 = ORIENTED_EDGE ( 'NONE', *, *, #8021, .T. ) ;
#8858 = LINE ( 'NONE', #720, #3528 ) ;
#8859 = ADVANCED_BREP_SHAPE_REPRESENTATION ( '', ( #5178, #8058 ), #969 ) ;
#8860 = SURFACE_SIDE_STYLE ('',( #5038 ) ) ;
#8861 = CYLINDRICAL_SURFACE ( 'NONE', #284, 4.000000000000000000 ) ;
#8862 = CARTESIAN_POINT ( 'NONE',  ( 0.000000000000000000, 9.199999999999999289, -14.50000000000000178 ) ) ;
#8863 = CARTESIAN_POINT ( 'NONE',  ( 0.8302646929203288950, -1.830047532802312249, -2.134523027080836115E-16 ) ) ;
#8864 = VERTEX_POINT ( 'NONE', #6262 ) ;
#8865 = CARTESIAN_POINT ( 'NONE',  ( -0.9526279441628807687, 0.5500000000000003775, -3.300000000000018918 ) ) ;
#8866 = CARTESIAN_POINT ( 'NONE',  ( 0.000000000000000000, 0.000000000000000000, 1.949999999999999734 ) ) ;
#8867 = EDGE_CURVE ( 'NONE', #8390, #2792, #331, .T. ) ;
#8868 = ORIENTED_EDGE ( 'NONE', *, *, #9323, .F. ) ;
#8869 = EDGE_CURVE ( 'NONE', #5933, #1549, #9392, .T. ) ;
#8870 = MECHANICAL_DESIGN_GEOMETRIC_PRESENTATION_REPRESENTATION (  '', ( #3 ), #8282 ) ;
#8871 = CARTESIAN_POINT ( 'NONE',  ( 3.000000000000000000, 4.898587196589412829E-16, -4.000000000000000000 ) ) ;
#8872 = ORIENTED_EDGE ( 'NONE', *, *, #8089, .F. ) ;
#8873 = CARTESIAN_POINT ( 'NONE',  ( -2.000000000000000000, -0.7745510564695443634, -1.521052330702031608 ) ) ;
#8874 = DIRECTION ( 'NONE',  ( 0.000000000000000000, 0.000000000000000000, -1.000000000000000000 ) ) ;
#8875 = ORIENTED_EDGE ( 'NONE', *, *, #11481, .F. ) ;
#8876 = CARTESIAN_POINT ( 'NONE',  ( -1.000000000000000000, 0.000000000000000000, 1.000000000000000000 ) ) ;
#8877 = DIRECTION ( 'NONE',  ( -1.000000000000000000, -0.000000000000000000, -0.000000000000000000 ) ) ;
#8878 = PRODUCT_RELATED_PRODUCT_CATEGORY ( 'part', '', ( #11987 ) ) ;
#8879 = COLOUR_RGB ( '',0.7764705882352941346, 0.7568627450980391913, 0.7372549019607843590 ) ;
#8880 = CARTESIAN_POINT ( 'NONE',  ( 4.250000000000000000, 0.000000000000000000, -1.000000000000000000 ) ) ;
#8881 = VERTEX_POINT ( 'NONE', #7125 ) ;
#8882 = ORIENTED_EDGE ( 'NONE', *, *, #7388, .T. ) ;
#8883 = CONTEXT_DEPENDENT_SHAPE_REPRESENTATION ( #4148, #2134 ) ;
#8884 = CIRCLE ( 'NONE', #5750, 3.499999999999997780 ) ;
#8885 = LINE ( 'NONE', #3282, #10404 ) ;
#8886 = LINE ( 'NONE', #1614, #8678 ) ;
#8887 = ORIENTED_EDGE ( 'NONE', *, *, #6121, .F. ) ;
#8888 = CIRCLE ( 'NONE', #8301, 1.000000000000000000 ) ;
#8889 = ORIENTED_EDGE ( 'NONE', *, *, #3865, .F. ) ;
#8890 = EDGE_CURVE ( 'NONE', #11642, #4930, #7627, .T. ) ;
#8891 = CARTESIAN_POINT ( 'NONE',  ( 3.000000000000000000, 0.000000000000000000, 0.000000000000000000 ) ) ;
#8892 = EDGE_CURVE ( 'NONE', #6655, #5664, #5215, .T. ) ;
#8893 = ORIENTED_EDGE ( 'NONE', *, *, #11119, .F. ) ;
#8894 = CARTESIAN_POINT ( 'NONE',  ( 1.224646799147353207E-16, 1.000000000000000444, -2.269518839163146673 ) ) ;
#8895 = UNCERTAINTY_MEASURE_WITH_UNIT (LENGTH_MEASURE( 1.000000000000000082E-05 ), #11409, 'distance_accuracy_value', 'NONE');
#8896 = VERTEX_POINT ( 'NONE', #7245 ) ;
#8897 = FACE_OUTER_BOUND ( 'NONE', #10247, .T. ) ;
#8898 = DIRECTION ( 'NONE',  ( -1.000000000000000000, -0.000000000000000000, -0.000000000000000000 ) ) ;
#8899 = CIRCLE ( 'NONE', #3600, 2.999999999999999112 ) ;
#8900 = CARTESIAN_POINT ( 'NONE',  ( 4.099999999999999645, 0.000000000000000000, -0.3999999999999987454 ) ) ;
#8901 = FACE_OUTER_BOUND ( 'NONE', #3458, .T. ) ;
#8902 = ORIENTED_EDGE ( 'NONE', *, *, #1777, .T. ) ;
#8903 = CARTESIAN_POINT ( 'NONE',  ( -1.000000000000000000, 9.629649721936179265E-32, -3.869518839163146762 ) ) ;
#8904 = ORIENTED_EDGE ( 'NONE', *, *, #6681, .T. ) ;
#8905 = DIRECTION ( 'NONE',  ( 1.000000000000000000, 0.000000000000000000, 0.000000000000000000 ) ) ;
#8906 = EDGE_CURVE ( 'NONE', #4328, #5805, #10970, .T. ) ;
#8907 = ORIENTED_EDGE ( 'NONE', *, *, #12042, .T. ) ;
#8908 = VERTEX_POINT ( 'NONE', #10084 ) ;
#8909 = DIRECTION ( 'NONE',  ( -0.000000000000000000, 0.000000000000000000, 1.000000000000000000 ) ) ;
#8910 = ORIENTED_EDGE ( 'NONE', *, *, #7938, .F. ) ;
#8911 = DIRECTION ( 'NONE',  ( 0.000000000000000000, 0.000000000000000000, -1.000000000000000000 ) ) ;
#8912 = DIRECTION ( 'NONE',  ( 0.000000000000000000, 1.000000000000000000, 2.168404344971008868E-16 ) ) ;
#8913 =( NAMED_UNIT ( * ) SI_UNIT ( $, .STERADIAN. ) SOLID_ANGLE_UNIT ( ) );
#8914 = CARTESIAN_POINT ( 'NONE',  ( 2.000000000000000000, 1.154700538379254349, -1.421367205045916737 ) ) ;
#8915 = EDGE_CURVE ( 'NONE', #4754, #3317, #9589, .T. ) ;
#8916 = EDGE_LOOP ( 'NONE', ( #8340, #5450, #9482, #1086 ) ) ;
#8917 = DIRECTION ( 'NONE',  ( -0.000000000000000000, -0.000000000000000000, 1.000000000000000000 ) ) ;
#8918 = EDGE_CURVE ( 'NONE', #3462, #11629, #12022, .T. ) ;
#8919 = DIRECTION ( 'NONE',  ( -0.8660254037844380415, 0.5000000000000009992, 0.000000000000000000 ) ) ;
#8920 = LINE ( 'NONE', #4059, #3447 ) ;
#8921 = CARTESIAN_POINT ( 'NONE',  ( 0.000000000000000000, 0.000000000000000000, 0.000000000000000000 ) ) ;
#8922 = ORIENTED_EDGE ( 'NONE', *, *, #4447, .T. ) ;
#8923 = DIRECTION ( 'NONE',  ( -0.8660254037844381525, 0.5000000000000007772, 0.000000000000000000 ) ) ;
#8924 = DIRECTION ( 'NONE',  ( 0.000000000000000000, -0.8660254037844420383, 0.4999999999999939493 ) ) ;
#8925 = SURFACE_SIDE_STYLE ('',( #11844 ) ) ;
#8926 = EDGE_LOOP ( 'NONE', ( #8343, #7767, #11763, #8656, #2254, #8749 ) ) ;
#8927 = AXIS2_PLACEMENT_3D ( 'NONE', #7350, #6368, #5578 ) ;
#8928 = CARTESIAN_POINT ( 'NONE',  ( -2.000000000000003997, 0.9000000000000005773, -5.309401076758396343 ) ) ;
#8929 = VECTOR ( 'NONE', #11980, 1000.000000000000000 ) ;
#8930 = ORIENTED_EDGE ( 'NONE', *, *, #12214, .F. ) ;
#8931 = DIRECTION ( 'NONE',  ( 1.000000000000000000, -0.000000000000000000, -0.000000000000000000 ) ) ;
#8932 = EDGE_CURVE ( 'NONE', #10498, #4375, #4301, .T. ) ;
#8933 = DIRECTION ( 'NONE',  ( -0.000000000000000000, 1.224649721909276639E-16, -1.000000000000000000 ) ) ;
#8934 = ORIENTED_EDGE ( 'NONE', *, *, #9850, .F. ) ;
#8935 = EDGE_CURVE ( 'NONE', #476, #4397, #5064, .T. ) ;
#8936 = VECTOR ( 'NONE', #6114, 1000.000000000000000 ) ;
#8937 =( NAMED_UNIT ( * ) SI_UNIT ( $, .STERADIAN. ) SOLID_ANGLE_UNIT ( ) );
#8938 = CARTESIAN_POINT ( 'NONE',  ( 5.499999999999999112, 2.500000000000000000, -0.6905989232413867196 ) ) ;
#8939 = ORIENTED_EDGE ( 'NONE', *, *, #1048, .F. ) ;
#8940 = AXIS2_PLACEMENT_3D ( 'NONE', #4058, #4920, #10535 ) ;
#8941 = ORIENTED_EDGE ( 'NONE', *, *, #6580, .F. ) ;
#8942 = APPLICATION_PROTOCOL_DEFINITION ( 'draft international standard', 'automotive_design', 1998, #1622 ) ;
#8943 = CARTESIAN_POINT ( 'NONE',  ( 0.000000000000000000, -0.9999999999999993339, -2.669518839163146584 ) ) ;
#8944 = DIRECTION ( 'NONE',  ( -0.000000000000000000, -1.000000000000000000, -0.000000000000000000 ) ) ;
#8945 = ORIENTED_EDGE ( 'NONE', *, *, #8002, .F. ) ;
#8946 =( REPRESENTATION_RELATIONSHIP ('NONE','NONE', #912, #1231 ) REPRESENTATION_RELATIONSHIP_WITH_TRANSFORMATION ( #7320 )SHAPE_REPRESENTATION_RELATIONSHIP( ) );
#8947 = DIRECTION ( 'NONE',  ( 0.000000000000000000, -1.224649721909276639E-16, 1.000000000000000000 ) ) ;
#8948 = FACE_OUTER_BOUND ( 'NONE', #1877, .T. ) ;
#8949 = CIRCLE ( 'NONE', #11138, 1.099999999999996758 ) ;
#8950 = EDGE_LOOP ( 'NONE', ( #12169, #5128, #7404, #4329 ) ) ;
#8951 = CARTESIAN_POINT ( 'NONE',  ( -2.000000000000000000, 0.7788341705667923831, -1.520151717152269599 ) ) ;
#8952 = CIRCLE ( 'NONE', #4433, 1.500000000000001332 ) ;
#8953 = ORIENTED_EDGE ( 'NONE', *, *, #10979, .F. ) ;
#8954 = CARTESIAN_POINT ( 'NONE',  ( -0.6062177826491067512, -0.3500000000000009770, -500000.0000000000582 ) ) ;
#8955 = DIRECTION ( 'NONE',  ( 3.922081034777846498E-17, -0.7115535050413921425, 0.7026319160579809209 ) ) ;
#8956 = CYLINDRICAL_SURFACE ( 'NONE', #10584, 1.000000000000000000 ) ;
#8957 = EDGE_CURVE ( 'NONE', #6394, #10882, #7219, .T. ) ;
#8958 = EDGE_CURVE ( 'NONE', #11633, #5313, #1639, .T. ) ;
#8959 = VERTEX_POINT ( 'NONE', #8972 ) ;
#8960 = CIRCLE ( 'NONE', #6009, 1.000000000000000000 ) ;
#8961 = CARTESIAN_POINT ( 'NONE',  ( -2.000000000000000000, -0.7745510564695445854, -0.07894766929796916133 ) ) ;
#8962 = ORIENTED_EDGE ( 'NONE', *, *, #4326, .F. ) ;
#8963 = LINE ( 'NONE', #4166, #4279 ) ;
#8964 = VECTOR ( 'NONE', #1731, 1000.000000000000000 ) ;
#8965 = EDGE_LOOP ( 'NONE', ( #212, #9003, #8439, #3305 ) ) ;
#8966 = CARTESIAN_POINT ( 'NONE',  ( 1.000000000000000000, 1.224646799147354933E-16, -3.869518839163146762 ) ) ;
#8967 = ORIENTED_EDGE ( 'NONE', *, *, #8138, .F. ) ;
#8968 = ORIENTED_EDGE ( 'NONE', *, *, #1235, .F. ) ;
#8969 = CARTESIAN_POINT ( 'NONE',  ( -0.9365230391922001463, 0.000000000000000000, 0.000000000000000000 ) ) ;
#8970 = VERTEX_POINT ( 'NONE', #9846 ) ;
#8971 = LINE ( 'NONE', #9229, #9436 ) ;
#8972 = CARTESIAN_POINT ( 'NONE',  ( -1.000000000000000888, 1.732050807568876749, -1.600000000000000089 ) ) ;
#8973 = AXIS2_PLACEMENT_3D ( 'NONE', #2894, #3708, #920 ) ;
#8974 = AXIS2_PLACEMENT_3D ( 'NONE', #12107, #9827, #3647 ) ;
#8975 = CARTESIAN_POINT ( 'NONE',  ( 5.500000000000001776, 0.8999999999999986899, -1.899999999999893108 ) ) ;
#8976 = VERTEX_POINT ( 'NONE', #7987 ) ;
#8977 = ADVANCED_FACE ( 'NONE', ( #8109 ), #5284, .T. ) ;
#8978 = VERTEX_POINT ( 'NONE', #714 ) ;
#8979 = CARTESIAN_POINT ( 'NONE',  ( -4.987329993433320396E-15, -2.309401076758504701, -1.421367205045916737 ) ) ;
#8980 = FILL_AREA_STYLE ('',( #11961 ) ) ;
#8981 = DIRECTION ( 'NONE',  ( -1.000000000000000000, -0.000000000000000000, -0.000000000000000000 ) ) ;
#8982 = FACE_OUTER_BOUND ( 'NONE', #1049, .T. ) ;
#8983 = VECTOR ( 'NONE', #5298, 1000.000000000000000 ) ;
#8984 = CARTESIAN_POINT ( 'NONE',  ( 0.000000000000000000, 2.309401076758504701, 0.000000000000000000 ) ) ;
#8985 = CARTESIAN_POINT ( 'NONE',  ( 1.339247740005896636, 1.536186033554500785, -1.582894801272978658 ) ) ;
#8986 = CONICAL_SURFACE ( 'NONE', #7604, 0.7740000000000000213, 1.047197551196601628 ) ;
#8987 = B_SPLINE_CURVE_WITH_KNOTS ( 'NONE', 3,
 ( #9047, #5224, #10844, #539, #2395, #660 ),
 .UNSPECIFIED., .F., .F.,
 ( 4, 2, 4 ),
 ( 0.003228283429323685304, 0.003812703409393314574, 0.004397123389462943843 ),
 .UNSPECIFIED. ) ;
#8988 = DIRECTION ( 'NONE',  ( 0.000000000000000000, 0.000000000000000000, -1.000000000000000000 ) ) ;
#8989 = CIRCLE ( 'NONE', #11758, 1.999999999999999556 ) ;
#8990 = PRESENTATION_STYLE_ASSIGNMENT (( #9111 ) ) ;
#8991 = AXIS2_PLACEMENT_3D ( 'NONE', #9360, #10347, #9484 ) ;
#8992 = CARTESIAN_POINT ( 'NONE',  ( -1.000000000000001776, -1.732050807568876527, 0.000000000000000000 ) ) ;
#8993 = ADVANCED_FACE ( 'NONE', ( #1584 ), #4482, .F. ) ;
#8994 = CIRCLE ( 'NONE', #7022, 1.000000000000000000 ) ;
#8995 = VERTEX_POINT ( 'NONE', #9099 ) ;
#8996 = DIRECTION ( 'NONE',  ( 1.000000000000000000, -0.000000000000000000, -0.000000000000000000 ) ) ;
#8997 = CIRCLE ( 'NONE', #929, 1.999999999999999556 ) ;
#8998 = VECTOR ( 'NONE', #7056, 1000.000000000000000 ) ;
#8999 = CARTESIAN_POINT ( 'NONE',  ( -1.000000000000000888, 1.732050807568876749, -1.600000000000000089 ) ) ;
#9000 = ORIENTED_EDGE ( 'NONE', *, *, #8855, .F. ) ;
#9001 = DIRECTION ( 'NONE',  ( -0.000000000000000000, -0.000000000000000000, -1.000000000000000000 ) ) ;
#9002 = ORIENTED_EDGE ( 'NONE', *, *, #1457, .T. ) ;
#9003 = ORIENTED_EDGE ( 'NONE', *, *, #6862, .F. ) ;
#9004 = VECTOR ( 'NONE', #5015, 1000.000000000000000 ) ;
#9005 = LINE ( 'NONE', #2415, #4893 ) ;
#9006 = MANIFOLD_SOLID_BREP ( 'Ressalto-extrus\X2\00e3\X0\o1', #2927 ) ;
#9007 = EDGE_CURVE ( 'NONE', #3889, #1363, #10578, .T. ) ;
#9008 = CIRCLE ( 'NONE', #10990, 3.999999999999996447 ) ;
#9009 = CARTESIAN_POINT ( 'NONE',  ( 0.000000000000000000, 0.000000000000000000, -1.600000000000000089 ) ) ;
#9010 = DIRECTION ( 'NONE',  ( 0.000000000000000000, 0.000000000000000000, -1.000000000000000000 ) ) ;
#9011 = ORIENTED_EDGE ( 'NONE', *, *, #11866, .T. ) ;
#9012 = AXIS2_PLACEMENT_3D ( 'NONE', #2174, #133, #245 ) ;
#9013 = LINE ( 'NONE', #5257, #6227 ) ;
#9014 = CARTESIAN_POINT ( 'NONE',  ( 0.000000000000000000, 0.8999999999999995781, -22.15470053837916353 ) ) ;
#9015 = CARTESIAN_POINT ( 'NONE',  ( 3.499999999999998668, 2.500000000000000000, -22.15470053837915998 ) ) ;
#9016 = CIRCLE ( 'NONE', #3906, 4.000000000000000000 ) ;
#9017 = VERTEX_POINT ( 'NONE', #2863 ) ;
#9018 = DIRECTION ( 'NONE',  ( 0.000000000000000000, -0.000000000000000000, -1.000000000000000000 ) ) ;
#9019 = AXIS2_PLACEMENT_3D ( 'NONE', #11118, #5509, #3649 ) ;
#9020 = UNCERTAINTY_MEASURE_WITH_UNIT (LENGTH_MEASURE( 1.000000000000000082E-05 ), #6887, 'distance_accuracy_value', 'NONE');
#9021 = ORIENTED_EDGE ( 'NONE', *, *, #8488, .T. ) ;
#9022 = CARTESIAN_POINT ( 'NONE',  ( 0.000000000000000000, 0.000000000000000000, -1.600000000000000089 ) ) ;
#9023 = EDGE_CURVE ( 'NONE', #1673, #1829, #3894, .T. ) ;
#9024 = CARTESIAN_POINT ( 'NONE',  ( -16.65914770952259261, -7.050261755315464285, 1031.100000000006958 ) ) ;
#9025 = EDGE_CURVE ( 'NONE', #5369, #5358, #11183, .T. ) ;
#9026 = CARTESIAN_POINT ( 'NONE',  ( -0.5187328775923116808, 0.5064889494504235534, -0.7302567000638606753 ) ) ;
#9027 =( NAMED_UNIT ( * ) PLANE_ANGLE_UNIT ( ) SI_UNIT ( $, .RADIAN. ) );
#9028 = CLOSED_SHELL ( 'NONE', ( #6840, #11734, #11627, #5856, #3321, #8102, #8363, #821, #3732 ) ) ;
#9029 = CARTESIAN_POINT ( 'NONE',  ( 0.000000000000000000, 0.000000000000000000, -24.00000000000000000 ) ) ;
#9030 = ORIENTED_EDGE ( 'NONE', *, *, #3761, .T. ) ;
#9031 = CARTESIAN_POINT ( 'NONE',  ( 0.000000000000000000, 0.000000000000000000, -0.1291166393111727595 ) ) ;
#9032 = AXIS2_PLACEMENT_3D ( 'NONE', #4330, #8084, #7097 ) ;
#9033 = ORIENTED_EDGE ( 'NONE', *, *, #8838, .F. ) ;
#9034 = DIRECTION ( 'NONE',  ( 0.8660254037844381525, -0.5000000000000007772, 0.000000000000000000 ) ) ;
#9035 = PRODUCT_RELATED_PRODUCT_CATEGORY ( 'part', '', ( #7332 ) ) ;
#9036 = ORIENTED_EDGE ( 'NONE', *, *, #11229, .F. ) ;
#9037 = DIRECTION ( 'NONE',  ( 0.000000000000000000, 1.000000000000000000, 0.000000000000000000 ) ) ;
#9038 = ORIENTED_EDGE ( 'NONE', *, *, #11516, .T. ) ;
#9039 = CARTESIAN_POINT ( 'NONE',  ( -0.1631781751318187590, 2.215190113420277385, -0.1242400699092117422 ) ) ;
#9040 = CARTESIAN_POINT ( 'NONE',  ( 0.000000000000000000, 0.000000000000000000, 0.000000000000000000 ) ) ;
#9041 =( LENGTH_UNIT ( ) NAMED_UNIT ( * ) SI_UNIT ( .MILLI., .METRE. ) );
#9042 = DIRECTION ( 'NONE',  ( 0.000000000000000000, 1.000000000000000000, 0.000000000000000000 ) ) ;
#9043 = VERTEX_POINT ( 'NONE', #11269 ) ;
#9044 = VERTEX_POINT ( 'NONE', #3742 ) ;
#9045 = DIRECTION ( 'NONE',  ( -0.5000000000000004441, 0.000000000000000000, 0.8660254037844383745 ) ) ;
#9046 = CIRCLE ( 'NONE', #3937, 0.3062499999999996891 ) ;
#9047 = CARTESIAN_POINT ( 'NONE',  ( 2.000000000000000000, 0.000000000000000000, -1.600000000000000089 ) ) ;
#9048 = CARTESIAN_POINT ( 'NONE',  ( -2.000000000000000000, -1.154700538379252794, -1.600000000000000089 ) ) ;
#9049 = CYLINDRICAL_SURFACE ( 'NONE', #10032, 4.000000000000000000 ) ;
#9050 = ADVANCED_FACE ( 'NONE', ( #7439 ), #782, .F. ) ;
#9051 = CARTESIAN_POINT ( 'NONE',  ( 0.000000000000000000, 0.000000000000000000, -1.600000000000000089 ) ) ;
#9052 = EDGE_CURVE ( 'NONE', #7528, #10389, #2688, .T. ) ;
#9053 = DIRECTION ( 'NONE',  ( 0.000000000000000000, -0.000000000000000000, 1.000000000000000000 ) ) ;
#9054 = LINE ( 'NONE', #5354, #7024 ) ;
#9055 =( NAMED_UNIT ( * ) PLANE_ANGLE_UNIT ( ) SI_UNIT ( $, .RADIAN. ) );
#9056 = CARTESIAN_POINT ( 'NONE',  ( 0.000000000000000000, 2.309401076758504701, -1.421367205045916737 ) ) ;
#9057 = ORIENTED_EDGE ( 'NONE', *, *, #4002, .F. ) ;
#9058 = CARTESIAN_POINT ( 'NONE',  ( 0.000000000000000000, 0.000000000000000000, 0.000000000000000000 ) ) ;
#9059 = DIRECTION ( 'NONE',  ( -0.8660254037844380415, 0.000000000000000000, 0.5000000000000009992 ) ) ;
#9060 = EDGE_LOOP ( 'NONE', ( #9206, #2787, #4306, #5334, #7055, #10178, #8922, #3353, #5566, #11680 ) ) ;
#9061 = DIRECTION ( 'NONE',  ( 1.000000000000000000, 0.000000000000000000, 0.000000000000000000 ) ) ;
#9062 = AXIS2_PLACEMENT_3D ( 'NONE', #9646, #4158, #6004 ) ;
#9063 = LINE ( 'NONE', #7201, #97 ) ;
#9064 = EDGE_CURVE ( 'NONE', #2733, #8587, #5534, .T. ) ;
#9065 = AXIS2_PLACEMENT_3D ( 'NONE', #7164, #2740, #8216 ) ;
#9066 = ORIENTED_EDGE ( 'NONE', *, *, #1457, .F. ) ;
#9067 = ORIENTED_EDGE ( 'NONE', *, *, #8272, .T. ) ;
#9068 = DIRECTION ( 'NONE',  ( 0.000000000000000000, 0.000000000000000000, 1.000000000000000000 ) ) ;
#9069 = CARTESIAN_POINT ( 'NONE',  ( -3.129822080702421140E-16, -2.309401076758506477, -1.600000000000000089 ) ) ;
#9070 = CARTESIAN_POINT ( 'NONE',  ( 0.000000000000000000, 4.738805170303855086E-16, -2.669518839163146584 ) ) ;
#9071 = ADVANCED_FACE ( 'NONE', ( #8295 ), #893, .F. ) ;
#9072 = EDGE_LOOP ( 'NONE', ( #3838, #9761, #1526, #11251, #11458 ) ) ;
#9073 = AXIS2_PLACEMENT_3D ( 'NONE', #623, #4388, #6293 ) ;
#9074 = CIRCLE ( 'NONE', #4748, 0.5000000000000000000 ) ;
#9075 = DIRECTION ( 'NONE',  ( -0.000000000000000000, -0.000000000000000000, -1.000000000000000000 ) ) ;
#9076 = CARTESIAN_POINT ( 'NONE',  ( 4.099999999999999645, 2.971690854684141847, -0.3999999999999987454 ) ) ;
#9077 = DIRECTION ( 'NONE',  ( 1.000000000000000000, -0.000000000000000000, -0.000000000000000000 ) ) ;
#9078 = EDGE_CURVE ( 'NONE', #11263, #2949, #5651, .T. ) ;
#9079 = AXIS2_PLACEMENT_3D ( 'NONE', #11510, #6868, #6801 ) ;
#9080 = ORIENTED_EDGE ( 'NONE', *, *, #6500, .T. ) ;
#9081 = CARTESIAN_POINT ( 'NONE',  ( -2.000000000000000000, 1.154700538379254349, -1.421367205045916737 ) ) ;
#9082 = CIRCLE ( 'NONE', #2783, 1.500000000000001332 ) ;
#9083 = ORIENTED_EDGE ( 'NONE', *, *, #9799, .F. ) ;
#9084 = AXIS2_PLACEMENT_3D ( 'NONE', #6683, #3030, #1113 ) ;
#9085 = CARTESIAN_POINT ( 'NONE',  ( -0.1702769162167621364, 0.7403828156981309139, -0.7092725651034388346 ) ) ;
#9086 = CARTESIAN_POINT ( 'NONE',  ( 4.099999999999999645, -2.821690854684141936, -0.3999999999999968026 ) ) ;
#9087 = ORIENTED_EDGE ( 'NONE', *, *, #10798, .F. ) ;
#9088 = DIRECTION ( 'NONE',  ( 0.000000000000000000, -1.000000000000000000, -0.000000000000000000 ) ) ;
#9089 = VERTEX_POINT ( 'NONE', #3563 ) ;
#9090 = LINE ( 'NONE', #9894, #8998 ) ;
#9091 = EDGE_LOOP ( 'NONE', ( #11615, #11562, #2291 ) ) ;
#9092 = DIRECTION ( 'NONE',  ( -1.000000000000000000, 0.000000000000000000, 0.000000000000000000 ) ) ;
#9093 = EDGE_CURVE ( 'NONE', #10179, #519, #6575, .T. ) ;
#9094 = EDGE_CURVE ( 'NONE', #11334, #9834, #7034, .T. ) ;
#9095 = VERTEX_POINT ( 'NONE', #11085 ) ;
#9096 = CARTESIAN_POINT ( 'NONE',  ( 0.000000000000000000, 0.000000000000000000, 0.000000000000000000 ) ) ;
#9097 = ORIENTED_EDGE ( 'NONE', *, *, #1947, .F. ) ;
#9098 = FACE_OUTER_BOUND ( 'NONE', #11675, .T. ) ;
#9099 = CARTESIAN_POINT ( 'NONE',  ( 7.499999999999998224, 0.8999999999999998002, -19.84529946162064817 ) ) ;
#9100 = CARTESIAN_POINT ( 'NONE',  ( 1.339247740005896636, 1.536186033554500785, -0.01710519872702162547 ) ) ;
#9101 = ORIENTED_EDGE ( 'NONE', *, *, #385, .T. ) ;
#9102 = VERTEX_POINT ( 'NONE', #8413 ) ;
#9103 = CARTESIAN_POINT ( 'NONE',  ( -2.000000000000000444, 2.500000000000000000, -18.69059892324140293 ) ) ;
#9104 = PRODUCT_DEFINITION_SHAPE ( 'NONE', 'NONE',  #1193 ) ;
#9105 = CARTESIAN_POINT ( 'NONE',  ( -2.168404344971008868E-15, 0.9000000000000005773, -1.845299461620634407 ) ) ;
#9106 = CYLINDRICAL_SURFACE ( 'NONE', #1669, 2.499999999999998668 ) ;
#9107 = CARTESIAN_POINT ( 'NONE',  ( 1.000000000000000000, 1.224646799147354933E-16, -3.469518839163146406 ) ) ;
#9108 = CYLINDRICAL_SURFACE ( 'NONE', #5041, 0.3062499999999996891 ) ;
#9109 = DIRECTION ( 'NONE',  ( -0.000000000000000000, 1.224649721909276639E-16, -1.000000000000000000 ) ) ;
#9110 = CARTESIAN_POINT ( 'NONE',  ( 0.000000000000000000, 4.898598887637106556E-16, -2.799999999999999822 ) ) ;
#9111 = SURFACE_STYLE_USAGE ( .BOTH. , #8925 ) ;
#9112 = CARTESIAN_POINT ( 'NONE',  ( 0.000000000000000000, 4.898598887637106556E-16, -2.000000000000000000 ) ) ;
#9113 = EDGE_CURVE ( 'NONE', #1800, #11272, #2631, .T. ) ;
#9114 = VERTEX_POINT ( 'NONE', #841 ) ;
#9115 = ADVANCED_FACE ( 'NONE', ( #1012, #10275 ), #11145, .T. ) ;
#9116 = DIRECTION ( 'NONE',  ( -1.000000000000000000, 0.000000000000000000, 0.000000000000000000 ) ) ;
#9117 = CARTESIAN_POINT ( 'NONE',  ( -2.000000000000000000, -0.9668978507697953972, -1.475581171168853123 ) ) ;
#9119 = VERTEX_POINT ( 'NONE', #4775 ) ;
#9118 = DIRECTION ( 'NONE',  ( 1.000000000000000000, 0.000000000000000000, 0.000000000000000000 ) ) ;
#9120 = CARTESIAN_POINT ( 'NONE',  ( 4.099999999999999645, 2.821690854684141936, -0.3999999999999987454 ) ) ;
#9121 = CARTESIAN_POINT ( 'NONE',  ( -1.999999999999999556, 2.500000000000000000, -0.6905989232413867196 ) ) ;
#9122 = ORIENTED_EDGE ( 'NONE', *, *, #8378, .T. ) ;
#9123 = ORIENTED_EDGE ( 'NONE', *, *, #3354, .T. ) ;
#9124 = CARTESIAN_POINT ( 'NONE',  ( -2.000000000000000000, 0.7788341705667923831, -1.520151717152269599 ) ) ;
#9125 = AXIS2_PLACEMENT_3D ( 'NONE', #11173, #4622, #4565 ) ;
#9126 = MANIFOLD_SOLID_BREP ( 'EndChamfer', #759 ) ;
#9127 = DIRECTION ( 'NONE',  ( -0.000000000000000000, -1.000000000000000000, -0.000000000000000000 ) ) ;
#9128 = DIRECTION ( 'NONE',  ( -1.000000000000000000, 0.000000000000000000, 0.000000000000000000 ) ) ;
#9129 = FACE_OUTER_BOUND ( 'NONE', #8449, .T. ) ;
#9130 = ORIENTED_EDGE ( 'NONE', *, *, #10378, .T. ) ;
#9131 = ADVANCED_FACE ( 'NONE', ( #1195 ), #1090, .T. ) ;
#9132 = CIRCLE ( 'NONE', #5197, 2.499999999999998668 ) ;
#9133 = CARTESIAN_POINT ( 'NONE',  ( -1.169735307079674547, -1.634054082335445690, -1.600000000000000089 ) ) ;
#9134 = DIRECTION ( 'NONE',  ( 0.000000000000000000, 0.000000000000000000, -1.000000000000000000 ) ) ;
#9135 = EDGE_CURVE ( 'NONE', #960, #6169, #4670, .T. ) ;
#9136 = ORIENTED_EDGE ( 'NONE', *, *, #11119, .T. ) ;
#9137 = DIRECTION ( 'NONE',  ( -1.000000000000000000, 0.000000000000000000, 0.000000000000000000 ) ) ;
#9138 = VECTOR ( 'NONE', #11294, 1000.000000000000000 ) ;
#9139 = EDGE_LOOP ( 'NONE', ( #3242, #2490, #154, #5733 ) ) ;
#9140 = PLANE ( 'NONE',  #3227 ) ;
#9141 = DIRECTION ( 'NONE',  ( 0.5000000000000008882, 0.000000000000000000, 0.8660254037844382635 ) ) ;
#9142 = CARTESIAN_POINT ( 'NONE',  ( 0.000000000000000000, -2.821690854684141936, 0.8999999999999992450 ) ) ;
#9143 = CARTESIAN_POINT ( 'NONE',  ( 0.000000000000000000, 7.500000000000000000, -6.116139535669825378 ) ) ;
#9144 = ORIENTED_EDGE ( 'NONE', *, *, #7038, .T. ) ;
#9145 = ORIENTED_EDGE ( 'NONE', *, *, #2651, .T. ) ;
#9146 = ADVANCED_FACE ( 'NONE', ( #2007 ), #3857, .F. ) ;
#9147 = FACE_OUTER_BOUND ( 'NONE', #4261, .T. ) ;
#9148 = ORIENTED_EDGE ( 'NONE', *, *, #1048, .T. ) ;
#9149 = CYLINDRICAL_SURFACE ( 'NONE', #10197, 1.099999999999996758 ) ;
#9150 = AXIS2_PLACEMENT_3D ( 'NONE', #4309, #3625, #11156 ) ;
#9151 = ORIENTED_EDGE ( 'NONE', *, *, #8510, .F. ) ;
#9152 = CARTESIAN_POINT ( 'NONE',  ( 0.000000000000000000, 0.000000000000000000, 0.000000000000000000 ) ) ;
#9153 = CIRCLE ( 'NONE', #6210, 0.1749999999999998224 ) ;
#9154 = VERTEX_POINT ( 'NONE', #8592 ) ;
#9155 = CARTESIAN_POINT ( 'NONE',  ( -17.94999999999999929, 0.000000000000000000, 0.000000000000000000 ) ) ;
#9156 = ORIENTED_EDGE ( 'NONE', *, *, #8867, .F. ) ;
#9157 = CARTESIAN_POINT ( 'NONE',  ( 2.000000000000000000, -1.154700538379255015, -1.421367205045916737 ) ) ;
#9158 = DIRECTION ( 'NONE',  ( -0.000000000000000000, 0.000000000000000000, -1.000000000000000000 ) ) ;
#9159 =( NAMED_UNIT ( * ) PLANE_ANGLE_UNIT ( ) SI_UNIT ( $, .RADIAN. ) );
#9160 = CARTESIAN_POINT ( 'NONE',  ( 11.50000000000000000, 7.500000000000000888, -11.61613953566982538 ) ) ;
#9161 = VERTEX_POINT ( 'NONE', #6698 ) ;
#9162 = VERTEX_POINT ( 'NONE', #10694 ) ;
#9163 = ADVANCED_FACE ( 'NONE', ( #148 ), #10461, .F. ) ;
#9164 = EDGE_CURVE ( 'NONE', #2099, #8970, #5644, .T. ) ;
#9165 = CARTESIAN_POINT ( 'NONE',  ( 3.599999999999992095, 2.821690854684141936, 0.9000000000000006883 ) ) ;
#9166 = AXIS2_PLACEMENT_3D ( 'NONE', #9496, #4632, #8386 ) ;
#9167 = AXIS2_PLACEMENT_3D ( 'NONE', #5804, #8388, #4876 ) ;
#9168 = DIRECTION ( 'NONE',  ( -0.000000000000000000, -0.000000000000000000, 1.000000000000000000 ) ) ;
#9169 = PLANE ( 'NONE',  #10931 ) ;
#9170 = CARTESIAN_POINT ( 'NONE',  ( 4.250000000000000000, 0.000000000000000000, 0.000000000000000000 ) ) ;
#9171 = CIRCLE ( 'NONE', #7003, 1.999999999999999556 ) ;
#9172 = DIRECTION ( 'NONE',  ( 1.000000000000000000, 0.000000000000000000, 0.000000000000000000 ) ) ;
#9173 = CARTESIAN_POINT ( 'NONE',  ( 4.000000000000000000, 9.199999999999999289, -14.50000000000000533 ) ) ;
#9174 = LINE ( 'NONE', #10854, #9379 ) ;
#9175 = ITEM_DEFINED_TRANSFORMATION ( 'NONE', 'NONE', #2382,  #8058 ) ;
#9176 = EDGE_CURVE ( 'NONE', #11079, #425, #2683, .T. ) ;
#9177 = VECTOR ( 'NONE', #3149, 1000.000000000000000 ) ;
#9178 = ORIENTED_EDGE ( 'NONE', *, *, #7742, .T. ) ;
#9179 = PLANE ( 'NONE',  #10364 ) ;
#9180 = CIRCLE ( 'NONE', #511, 0.7740000000000000213 ) ;
#9181 = CARTESIAN_POINT ( 'NONE',  ( 0.000000000000000000, 0.000000000000000000, 0.000000000000000000 ) ) ;
#9183 = ORIENTED_EDGE ( 'NONE', *, *, #7944, .T. ) ;
#9182 = LINE ( 'NONE', #1845, #1143 ) ;
#9184 = CARTESIAN_POINT ( 'NONE',  ( 0.7263287850284178004, 0.2227272727272736064, -0.7092725651034372802 ) ) ;
#9185 = CIRCLE ( 'NONE', #3878, 2.000000000000000000 ) ;
#9187 = CARTESIAN_POINT ( 'NONE',  ( 0.000000000000000000, 2.449293598294706414E-16, -2.000000000000000000 ) ) ;
#9186 =( REPRESENTATION_RELATIONSHIP ('NONE','NONE', #912, #1707 ) REPRESENTATION_RELATIONSHIP_WITH_TRANSFORMATION ( #3281 )SHAPE_REPRESENTATION_RELATIONSHIP( ) );
#9188 = CONICAL_SURFACE ( 'NONE', #321, 2.000000000000000000, 1.047197551196596299 ) ;
#9189 = CARTESIAN_POINT ( 'NONE',  ( 0.000000000000000000, 0.000000000000000000, 0.000000000000000000 ) ) ;
#9190 = ORIENTED_EDGE ( 'NONE', *, *, #9135, .F. ) ;
#9191 = EDGE_CURVE ( 'NONE', #11821, #9114, #3667, .T. ) ;
#9192 = ORIENTED_EDGE ( 'NONE', *, *, #2260, .T. ) ;
#9193 = ADVANCED_FACE ( 'NONE', ( #11459 ), #1494, .F. ) ;
#9194 = FACE_OUTER_BOUND ( 'NONE', #9327, .T. ) ;
#9195 = AXIS2_PLACEMENT_3D ( 'NONE', #8169, #1640, #12024 ) ;
#9196 = DIRECTION ( 'NONE',  ( 0.000000000000000000, 0.000000000000000000, -1.000000000000000000 ) ) ;
#9197 = VECTOR ( 'NONE', #5115, 1000.000000000000000 ) ;
#9198 = DIRECTION ( 'NONE',  ( 0.000000000000000000, 0.000000000000000000, 1.000000000000000000 ) ) ;
#9199 = EDGE_LOOP ( 'NONE', ( #5529, #8483, #8311, #8507 ) ) ;
#9200 = VECTOR ( 'NONE', #11755, 1000.000000000000000 ) ;
#9201 = PRODUCT_DEFINITION_SHAPE ( 'NONE', 'NONE',  #12243 ) ;
#9202 = VECTOR ( 'NONE', #6397, 1000.000000000000000 ) ;
#9203 = VECTOR ( 'NONE', #8350, 1000.000000000000000 ) ;
#9204 = CARTESIAN_POINT ( 'NONE',  ( 2.500000000000000000, 9.199999999999999289, -18.50000000000000355 ) ) ;
#9205 = CARTESIAN_POINT ( 'NONE',  ( 4.250000000000000000, 0.000000000000000000, 0.000000000000000000 ) ) ;
#9206 = ORIENTED_EDGE ( 'NONE', *, *, #5023, .F. ) ;
#9207 = EDGE_CURVE ( 'NONE', #143, #3936, #1531, .T. ) ;
#9208 = VERTEX_POINT ( 'NONE', #3987 ) ;
#9209 = LINE ( 'NONE', #828, #4462 ) ;
#9210 = EDGE_CURVE ( 'NONE', #8725, #510, #3101, .T. ) ;
#9211 = CIRCLE ( 'NONE', #5478, 3.000000000000000444 ) ;
#9212 = ORIENTED_EDGE ( 'NONE', *, *, #6712, .T. ) ;
#9213 = DIRECTION ( 'NONE',  ( 1.000000000000000000, 0.000000000000000000, 0.000000000000000000 ) ) ;
#9214 = DIRECTION ( 'NONE',  ( 1.000000000000000000, 0.000000000000000000, 0.000000000000000000 ) ) ;
#9215 = PRODUCT_DEFINITION_SHAPE ( 'NONE', 'NONE',  #1579 ) ;
#9216 = VECTOR ( 'NONE', #5638, 1000.000000000000000 ) ;
#9217 = DIRECTION ( 'NONE',  ( -0.000000000000000000, 0.000000000000000000, -1.000000000000000000 ) ) ;
#9218 = CARTESIAN_POINT ( 'NONE',  ( 0.000000000000000000, 0.000000000000000000, 0.000000000000000000 ) ) ;
#9219 = VERTEX_POINT ( 'NONE', #10636 ) ;
#9220 = DIRECTION ( 'NONE',  ( 1.000000000000000000, 0.000000000000000000, 0.000000000000000000 ) ) ;
#9222 = DIRECTION ( 'NONE',  ( -1.000000000000000000, -0.000000000000000000, -0.000000000000000000 ) ) ;
#9221 = VECTOR ( 'NONE', #3701, 1000.000000000000000 ) ;
#9223 = VERTEX_POINT ( 'NONE', #2188 ) ;
#9224 = CIRCLE ( 'NONE', #10801, 1.000000000000000000 ) ;
#9225 = ORIENTED_EDGE ( 'NONE', *, *, #4763, .F. ) ;
#9226 = CARTESIAN_POINT ( 'NONE',  ( 0.8000000000000000444, 0.000000000000000000, -8.000000000000000000 ) ) ;
#9227 = EDGE_CURVE ( 'NONE', #5466, #8864, #5951, .T. ) ;
#9228 = VERTEX_POINT ( 'NONE', #7859 ) ;
#9229 = CARTESIAN_POINT ( 'NONE',  ( 2.000000000000000000, 0.000000000000000000, 3.000000000000000444 ) ) ;
#9230 = AXIS2_PLACEMENT_3D ( 'NONE', #250, #11449, #7851 ) ;
#9231 = CARTESIAN_POINT ( 'NONE',  ( -2.000000000000003997, 2.500000000000000000, -5.309401076758396343 ) ) ;
#9232 = ORIENTED_EDGE ( 'NONE', *, *, #5767, .F. ) ;
#9233 = CIRCLE ( 'NONE', #9428, 10.50000000000000000 ) ;
#9234 = LINE ( 'NONE', #3386, #2929 ) ;
#9235 = AXIS2_PLACEMENT_3D ( 'NONE', #7369, #11958, #5289 ) ;
#9236 = EDGE_CURVE ( 'NONE', #5967, #10882, #2245, .T. ) ;
#9237 = CARTESIAN_POINT ( 'NONE',  ( -1.836821824868181352, -1.248911501717480332, -0.1242400699092116589 ) ) ;
#9238 = VECTOR ( 'NONE', #11925, 1000.000000000000000 ) ;
#9239 = DIRECTION ( 'NONE',  ( 0.000000000000000000, 0.000000000000000000, -1.000000000000000000 ) ) ;
#9240 = CARTESIAN_POINT ( 'NONE',  ( 3.500000000000000000, 2.500000000000000000, -6.000000000000000000 ) ) ;
#9241 = LINE ( 'NONE', #5226, #11621 ) ;
#9242 = EDGE_LOOP ( 'NONE', ( #2998, #5837, #4761 ) ) ;
#9243 = CARTESIAN_POINT ( 'NONE',  ( -1.000000000000000888, 1.732050807568876749, -1.600000000000000089 ) ) ;
#9244 = EDGE_CURVE ( 'NONE', #3768, #5864, #5082, .T. ) ;
#9245 = FACE_BOUND ( 'NONE', #5123, .T. ) ;
#9246 = CARTESIAN_POINT ( 'NONE',  ( 2.000000000000000000, -0.9668978507697956193, -0.1244188288311465357 ) ) ;
#9247 =( LENGTH_UNIT ( ) NAMED_UNIT ( * ) SI_UNIT ( .MILLI., .METRE. ) );
#9248 = CARTESIAN_POINT ( 'NONE',  ( 3.699999999999999289, 4.001000000000000334, 0.4999999999999991673 ) ) ;
#9249 = PRESENTATION_LAYER_ASSIGNMENT (  '', '', ( #6493 ) ) ;
#9250 = B_SPLINE_CURVE_WITH_KNOTS ( 'NONE', 3,
 ( #3074, #2344, #8626, #9859 ),
 .UNSPECIFIED., .F., .F.,
 ( 4, 4 ),
 ( 2.380749485076534898E-07, 0.001168606431211099148 ),
 .UNSPECIFIED. ) ;
#9251 = VECTOR ( 'NONE', #4360, 1000.000000000000114 ) ;
#9252 = VERTEX_POINT ( 'NONE', #10183 ) ;
#9253 = DIRECTION ( 'NONE',  ( 0.000000000000000000, 0.000000000000000000, -1.000000000000000000 ) ) ;
#9254 = CARTESIAN_POINT ( 'NONE',  ( 0.6592570625839772047, 1.928778834210482351, 1.192706214622512997E-15 ) ) ;
#9256 = ORIENTED_EDGE ( 'NONE', *, *, #6681, .F. ) ;
#9255 = CARTESIAN_POINT ( 'NONE',  ( 2.099999999999999645, 2.821690854684141936, -0.4999999999999991673 ) ) ;
#9257 = DIRECTION ( 'NONE',  ( 0.000000000000000000, 0.000000000000000000, -1.000000000000000000 ) ) ;
#9258 = DIRECTION ( 'NONE',  ( -1.000000000000000000, -0.000000000000000000, -0.000000000000000000 ) ) ;
#9259 = ADVANCED_FACE ( 'NONE', ( #4449 ), #11953, .F. ) ;
#9260 = EDGE_CURVE ( 'NONE', #5358, #5369, #5834, .T. ) ;
#9261 = DIRECTION ( 'NONE',  ( 1.000000000000000000, 0.000000000000000000, -0.000000000000000000 ) ) ;
#9262 = EDGE_LOOP ( 'NONE', ( #10727, #5696, #11503, #9757, #3912, #4404 ) ) ;
#9263 = ORIENTED_EDGE ( 'NONE', *, *, #4781, .F. ) ;
#9264 = LINE ( 'NONE', #7207, #5711 ) ;
#9265 = DIRECTION ( 'NONE',  ( 0.000000000000000000, 0.000000000000000000, -1.000000000000000000 ) ) ;
#9266 = FACE_OUTER_BOUND ( 'NONE', #9415, .T. ) ;
#9267 = ORIENTED_EDGE ( 'NONE', *, *, #1354, .T. ) ;
#9268 = ORIENTED_EDGE ( 'NONE', *, *, #6251, .T. ) ;
#9269 = APPLICATION_CONTEXT ( 'automotive_design' ) ;
#9270 = PRESENTATION_LAYER_ASSIGNMENT (  '', '', ( #5914 ) ) ;
#9271 = CARTESIAN_POINT ( 'NONE',  ( 3.499999999999999556, 0.8999999999999995781, -19.84529946162065528 ) ) ;
#9272 = LINE ( 'NONE', #936, #6003 ) ;
#9273 = ORIENTED_EDGE ( 'NONE', *, *, #3565, .T. ) ;
#9274 = CARTESIAN_POINT ( 'NONE',  ( -1.672828002720945673, 1.343593379079621064, -1.530424537474096791 ) ) ;
#9275 = DIRECTION ( 'NONE',  ( 0.000000000000000000, 0.000000000000000000, 1.000000000000000000 ) ) ;
#9276 = AXIS2_PLACEMENT_3D ( 'NONE', #7226, #6435, #2557 ) ;
#9277 = AXIS2_PLACEMENT_3D ( 'NONE', #2049, #6686, #5936 ) ;
#9278 = CARTESIAN_POINT ( 'NONE',  ( 8.500000000000000000, 2.500000000000000000, -18.00000000000000355 ) ) ;
#9279 = DIRECTION ( 'NONE',  ( 0.000000000000000000, 0.000000000000000000, -1.000000000000000000 ) ) ;
#9280 = ORIENTED_EDGE ( 'NONE', *, *, #7924, .F. ) ;
#9281 = CARTESIAN_POINT ( 'NONE',  ( 0.000000000000000000, 0.000000000000000000, 0.000000000000000000 ) ) ;
#9282 = ORIENTED_EDGE ( 'NONE', *, *, #4558, .T. ) ;
#9283 = EDGE_CURVE ( 'NONE', #5158, #826, #4160, .T. ) ;
#9284 = ADVANCED_FACE ( 'NONE', ( #3535 ), #6843, .T. ) ;
#9285 = CARTESIAN_POINT ( 'NONE',  ( -2.000000000000002665, 2.500000000000000000, -23.30940107675841233 ) ) ;
#9286 = ORIENTED_EDGE ( 'NONE', *, *, #10673, .T. ) ;
#9287 = VECTOR ( 'NONE', #10057, 1000.000000000000000 ) ;
#9288 = ORIENTED_EDGE ( 'NONE', *, *, #10352, .F. ) ;
#9289 = AXIS2_PLACEMENT_3D ( 'NONE', #11885, #10016, #1578 ) ;
#9290 = DIRECTION ( 'NONE',  ( -1.000000000000000000, -0.000000000000000000, -0.000000000000000000 ) ) ;
#9291 = CYLINDRICAL_SURFACE ( 'NONE', #9967, 5.500000000000000000 ) ;
#9292 = DIRECTION ( 'NONE',  ( 0.8660254037844385966, 0.5000000000000000000, 0.000000000000000000 ) ) ;
#9293 = CARTESIAN_POINT ( 'NONE',  ( 0.000000000000000000, 0.000000000000000000, 0.000000000000000000 ) ) ;
#9294 = CIRCLE ( 'NONE', #9079, 0.8156023289305076585 ) ;
#9295 = ORIENTED_EDGE ( 'NONE', *, *, #8406, .F. ) ;
#9296 = DIRECTION ( 'NONE',  ( -1.000000000000000000, 0.000000000000000000, 0.000000000000000000 ) ) ;
#9297 = CARTESIAN_POINT ( 'NONE',  ( -1.169735307079674547, -1.634054082335445690, -1.276902167985857268E-16 ) ) ;
#9298 = COLOUR_RGB ( '',1.000000000000000000, 0.9490196078431372140, 0.9098039215686274384 ) ;
#9299 = ADVANCED_FACE ( 'NONE', ( #3464 ), #8199, .F. ) ;
#9300 = LINE ( 'NONE', #4664, #10956 ) ;
#9301 = PLANE ( 'NONE',  #11528 ) ;
#9302 = CARTESIAN_POINT ( 'NONE',  ( -2.000000000000000000, -1.154700538379254349, -0.1786327949540832127 ) ) ;
#9303 = ORIENTED_EDGE ( 'NONE', *, *, #39, .F. ) ;
#9304 = CARTESIAN_POINT ( 'NONE',  ( 0.000000000000000000, 4.738805170303855086E-16, -1.469518839163146406 ) ) ;
#9305 = LINE ( 'NONE', #1837, #11567 ) ;
#9306 = ADVANCED_FACE ( 'NONE', ( #748, #816, #6294 ), #10055, .T. ) ;
#9307 = DIRECTION ( 'NONE',  ( 0.000000000000000000, 1.000000000000000000, 0.000000000000000000 ) ) ;
#9308 = DIRECTION ( 'NONE',  ( -1.000000000000000000, 0.000000000000000000, 0.000000000000000000 ) ) ;
#9309 = ITEM_DEFINED_TRANSFORMATION ( 'NONE', 'NONE', #811,  #8058 ) ;
#9310 = EDGE_CURVE ( 'NONE', #8959, #197, #11698, .T. ) ;
#9311 = CYLINDRICAL_SURFACE ( 'NONE', #7045, 0.5000000000000000000 ) ;
#9312 = DIRECTION ( 'NONE',  ( 1.000000000000000000, 0.000000000000000000, 0.000000000000000000 ) ) ;
#9313 = VERTEX_POINT ( 'NONE', #11117 ) ;
#9314 = DIRECTION ( 'NONE',  ( -1.000000000000000000, -0.000000000000000000, -0.000000000000000000 ) ) ;
#9315 = EDGE_LOOP ( 'NONE', ( #1637, #10381, #11402, #2799 ) ) ;
#9316 = CARTESIAN_POINT ( 'NONE',  ( 1.950000000000000400, 7.500000000000000000, -6.116139535669825378 ) ) ;
#9317 = DIRECTION ( 'NONE',  ( -1.000000000000000000, 0.000000000000000000, 0.000000000000000000 ) ) ;
#9318 = PRODUCT_DEFINITION_SHAPE ( 'NONE', 'NONE',  #3228 ) ;
#9319 = VERTEX_POINT ( 'NONE', #1612 ) ;
#9320 = CARTESIAN_POINT ( 'NONE',  ( -0.6062177826491067512, 0.3500000000000009770, -500000.0000000000582 ) ) ;
#9321 = VERTEX_POINT ( 'NONE', #4518 ) ;
#9322 = EDGE_CURVE ( 'NONE', #5941, #7423, #2086, .T. ) ;
#9323 = EDGE_CURVE ( 'NONE', #2925, #8806, #11743, .T. ) ;
#9324 = CARTESIAN_POINT ( 'NONE',  ( 1.000000000000000444, -1.732050807568876971, -1.600000000000000089 ) ) ;
#9325 = CARTESIAN_POINT ( 'NONE',  ( 1.086261710843702231E-16, -0.7739999999999994662, -2.000000000000000000 ) ) ;
#9326 = FACE_OUTER_BOUND ( 'NONE', #5756, .T. ) ;
#9327 = EDGE_LOOP ( 'NONE', ( #7793, #3602, #8052, #5656, #8240, #9713, #1984, #8, #4185, #9684 ) ) ;
#9328 = ORIENTED_EDGE ( 'NONE', *, *, #11748, .F. ) ;
#9329 = DIRECTION ( 'NONE',  ( 0.000000000000000000, -0.000000000000000000, 1.000000000000000000 ) ) ;
#9330 = CARTESIAN_POINT ( 'NONE',  ( 0.000000000000000000, 0.000000000000000000, 0.000000000000000000 ) ) ;
#9331 = LINE ( 'NONE', #5456, #9216 ) ;
#9332 = DIRECTION ( 'NONE',  ( -0.000000000000000000, 0.000000000000000000, -1.000000000000000000 ) ) ;
#9333 = ORIENTED_EDGE ( 'NONE', *, *, #1476, .T. ) ;
#9334 = DIRECTION ( 'NONE',  ( 0.000000000000000000, 0.000000000000000000, -1.000000000000000000 ) ) ;
#9335 = ORIENTED_EDGE ( 'NONE', *, *, #7101, .F. ) ;
#9336 = DIRECTION ( 'NONE',  ( 0.000000000000000000, 0.000000000000000000, 1.000000000000000000 ) ) ;
#9337 = VERTEX_POINT ( 'NONE', #5438 ) ;
#9338 = ORIENTED_EDGE ( 'NONE', *, *, #5735, .F. ) ;
#9339 = PLANE ( 'NONE',  #10965 ) ;
#9340 = DIRECTION ( 'NONE',  ( -0.000000000000000000, -0.000000000000000000, 1.000000000000000000 ) ) ;
#9341 = ADVANCED_FACE ( 'NONE', ( #8897 ), #11051, .F. ) ;
#9342 = EDGE_CURVE ( 'NONE', #4444, #10585, #6355, .T. ) ;
#9343 = DIRECTION ( 'NONE',  ( 0.000000000000000000, 1.000000000000000000, 0.000000000000000000 ) ) ;
#9344 = CARTESIAN_POINT ( 'NONE',  ( 0.6062177826491109700, 0.3500000000000013656, -500000.0000000000582 ) ) ;
#9345 = ORIENTED_EDGE ( 'NONE', *, *, #5983, .F. ) ;
#9346 = EDGE_LOOP ( 'NONE', ( #4806, #627, #5519, #6312 ) ) ;
#9347 = CARTESIAN_POINT ( 'NONE',  ( 0.000000000000000000, -0.9999999999999995559, -3.069518839163146939 ) ) ;
#9348 = DIRECTION ( 'NONE',  ( 0.000000000000000000, -0.7071067811865474617, -0.7071067811865474617 ) ) ;
#9349 = CARTESIAN_POINT ( 'NONE',  ( 3.000000000000000000, 0.000000000000000000, 2.000000000000000000 ) ) ;
#9350 = DIRECTION ( 'NONE',  ( 1.000000000000000000, -0.000000000000000000, -0.000000000000000000 ) ) ;
#9351 = ORIENTED_EDGE ( 'NONE', *, *, #3896, .F. ) ;
#9352 = DIRECTION ( 'NONE',  ( 0.000000000000000000, -1.000000000000000000, 0.000000000000000000 ) ) ;
#9353 = VECTOR ( 'NONE', #8118, 1000.000000000000000 ) ;
#9354 = CARTESIAN_POINT ( 'NONE',  ( -0.9526279441628808797, 0.5500000000000002665, -0.3000000000000172529 ) ) ;
#9355 = EDGE_CURVE ( 'NONE', #3936, #7659, #6415, .T. ) ;
#9356 = PLANE ( 'NONE',  #7210 ) ;
#9357 = FILL_AREA_STYLE_COLOUR ( '', #5720 ) ;
#9358 = DIRECTION ( 'NONE',  ( 1.000000000000000000, -0.000000000000000000, -0.000000000000000000 ) ) ;
#9359 = CONTEXT_DEPENDENT_SHAPE_REPRESENTATION ( #9421, #6085 ) ;
#9360 = CARTESIAN_POINT ( 'NONE',  ( 3.000000000000000000, 0.000000000000000000, 0.000000000000000000 ) ) ;
#9361 = DIRECTION ( 'NONE',  ( 0.000000000000000000, 0.000000000000000000, -1.000000000000000000 ) ) ;
#9362 = ORIENTED_EDGE ( 'NONE', *, *, #2226, .F. ) ;
#9363 = CARTESIAN_POINT ( 'NONE',  ( 2.000000000000000000, 1.154700538379254349, -1.421367205045916737 ) ) ;
#9364 = AXIS2_PLACEMENT_3D ( 'NONE', #7589, #3965, #3836 ) ;
#9365 = FACE_OUTER_BOUND ( 'NONE', #4873, .T. ) ;
#9366 = ORIENTED_EDGE ( 'NONE', *, *, #12091, .F. ) ;
#9367 = EDGE_CURVE ( 'NONE', #8666, #5941, #8775, .T. ) ;
#9368 = CARTESIAN_POINT ( 'NONE',  ( 2.000000000000000000, -1.154700538379255015, -0.1786327949540832127 ) ) ;
#9369 = AXIS2_PLACEMENT_3D ( 'NONE', #11658, #4556, #11779 ) ;
#9370 =( GEOMETRIC_REPRESENTATION_CONTEXT ( 3 ) GLOBAL_UNCERTAINTY_ASSIGNED_CONTEXT ( ( #9886 ) ) GLOBAL_UNIT_ASSIGNED_CONTEXT ( ( #2034, #6552, #1098 ) ) REPRESENTATION_CONTEXT ( 'NONE', 'WORKASPACE' ) );
#9371 = CARTESIAN_POINT ( 'NONE',  ( 0.000000000000000000, -2.971690854684141847, -0.9000000000000006883 ) ) ;
#9372 = ORIENTED_EDGE ( 'NONE', *, *, #3590, .F. ) ;
#9373 = CONICAL_SURFACE ( 'NONE', #3478, 1.000000000000000444, 0.7853981633974499443 ) ;
#9374 = CARTESIAN_POINT ( 'NONE',  ( 0.9526279441628809908, 0.5499999999999998224, -0.2999999999999834466 ) ) ;
#9375 = EDGE_LOOP ( 'NONE', ( #1181, #9949, #4296 ) ) ;
#9376 = DIRECTION ( 'NONE',  ( 0.000000000000000000, 0.000000000000000000, -1.000000000000000000 ) ) ;
#9377 = FILL_AREA_STYLE_COLOUR ( '', #6790 ) ;
#9378 = ORIENTED_EDGE ( 'NONE', *, *, #998, .T. ) ;
#9379 = VECTOR ( 'NONE', #6163, 1000.000000000000000 ) ;
#9380 = ORIENTED_EDGE ( 'NONE', *, *, #10284, .T. ) ;
#9381 = AXIS2_PLACEMENT_3D ( 'NONE', #796, #4673, #8308 ) ;
#9382 = EDGE_CURVE ( 'NONE', #9666, #4930, #1382, .T. ) ;
#9383 = CONICAL_SURFACE ( 'NONE', #1510, 1.000000000000000000, 1.047197551196604515 ) ;
#9384 = CIRCLE ( 'NONE', #7213, 3.000000000000000444 ) ;
#9385 = VERTEX_POINT ( 'NONE', #2542 ) ;
#9386 = SHAPE_DEFINITION_REPRESENTATION ( #8320, #6746 ) ;
#9387 = CARTESIAN_POINT ( 'NONE',  ( 0.000000000000000000, 0.000000000000000000, -0.2999999999999834466 ) ) ;
#9388 = DIRECTION ( 'NONE',  ( 0.000000000000000000, 0.000000000000000000, -1.000000000000000000 ) ) ;
#9389 = ORIENTED_EDGE ( 'NONE', *, *, #5237, .F. ) ;
#9390 = DIRECTION ( 'NONE',  ( 0.000000000000000000, -1.000000000000000000, 0.000000000000000000 ) ) ;
#9391 = AXIS2_PLACEMENT_3D ( 'NONE', #4119, #9721, #1267 ) ;
#9392 = CIRCLE ( 'NONE', #12174, 1.550000000000000044 ) ;
#9393 = DIRECTION ( 'NONE',  ( 0.000000000000000000, 0.000000000000000000, 1.000000000000000000 ) ) ;
#9394 = DIRECTION ( 'NONE',  ( -0.7071067811865451302, 0.000000000000000000, 0.7071067811865500152 ) ) ;
#9395 = CIRCLE ( 'NONE', #7823, 1.999999999999999556 ) ;
#9396 = ORIENTED_EDGE ( 'NONE', *, *, #11165, .F. ) ;
#9397 = CARTESIAN_POINT ( 'NONE',  ( 1.999999999999999556, 0.7788341705667920500, -1.520151717152269377 ) ) ;
#9398 = EDGE_CURVE ( 'NONE', #12049, #4562, #11190, .T. ) ;
#9399 = EDGE_CURVE ( 'NONE', #10224, #9843, #7470, .T. ) ;
#9400 = CIRCLE ( 'NONE', #5673, 0.3062499999999994671 ) ;
#9401 = DIRECTION ( 'NONE',  ( 1.000000000000000000, 0.000000000000000000, 0.000000000000000000 ) ) ;
#9402 = CARTESIAN_POINT ( 'NONE',  ( 0.000000000000000000, 0.000000000000000000, -3.299999999999985167 ) ) ;
#9403 = FILL_AREA_STYLE ('',( #6630 ) ) ;
#9404 = LINE ( 'NONE', #4545, #2704 ) ;
#9405 = ORIENTED_EDGE ( 'NONE', *, *, #10877, .F. ) ;
#9406 = EDGE_LOOP ( 'NONE', ( #7522, #9826, #9638, #6979, #752 ) ) ;
#9407 = AXIS2_PLACEMENT_3D ( 'NONE', #2682, #4470, #9393 ) ;
#9408 = CARTESIAN_POINT ( 'NONE',  ( -0.7263287850284133595, 0.2227272727272731900, 0.000000000000000000 ) ) ;
#9409 = DIRECTION ( 'NONE',  ( 0.000000000000000000, 0.000000000000000000, -1.000000000000000000 ) ) ;
#9410 = CIRCLE ( 'NONE', #5869, 2.999999999999999112 ) ;
#9411 = PRODUCT_DEFINITION ( 'UNKNOWN', '', #4746, #3986 ) ;
#9412 = CARTESIAN_POINT ( 'NONE',  ( 3.000000000000000000, 0.000000000000000000, 0.000000000000000000 ) ) ;
#9413 = CARTESIAN_POINT ( 'NONE',  ( 1.500000000000000000, 9.199999999999999289, -16.00000000000000355 ) ) ;
#9414 = MANIFOLD_SOLID_BREP ( 'EndChamfer', #10010 ) ;
#9415 = EDGE_LOOP ( 'NONE', ( #9378, #8571 ) ) ;
#9416 = CYLINDRICAL_SURFACE ( 'NONE', #6456, 1.000000000000000000 ) ;
#9417 = CARTESIAN_POINT ( 'NONE',  ( 0.000000000000000000, 4.738805170303855086E-16, -2.269518839163146673 ) ) ;
#9418 = DIRECTION ( 'NONE',  ( -0.000000000000000000, 1.224649721909276639E-16, -1.000000000000000000 ) ) ;
#9419 = AXIS2_PLACEMENT_3D ( 'NONE', #1405, #1269, #7817 ) ;
#9420 = CARTESIAN_POINT ( 'NONE',  ( -4.000000000000001776, 0.9000000000000005773, -1.845299461620639736 ) ) ;
#9421 =( REPRESENTATION_RELATIONSHIP ('NONE','NONE', #912, #6746 ) REPRESENTATION_RELATIONSHIP_WITH_TRANSFORMATION ( #800 )SHAPE_REPRESENTATION_RELATIONSHIP( ) );
#9422 = DIRECTION ( 'NONE',  ( 1.000000000000000000, 0.000000000000000000, 0.000000000000000000 ) ) ;
#9423 = CIRCLE ( 'NONE', #2335, 3.000000000000000444 ) ;
#9424 = DIRECTION ( 'NONE',  ( 0.000000000000000000, 1.000000000000000000, 0.000000000000000000 ) ) ;
#9425 = EDGE_CURVE ( 'NONE', #4299, #11103, #11241, .T. ) ;
#9426 = AXIS2_PLACEMENT_3D ( 'NONE', #6626, #9340, #2005 ) ;
#9427 = ADVANCED_FACE ( 'NONE', ( #2900 ), #871, .T. ) ;
#9428 = AXIS2_PLACEMENT_3D ( 'NONE', #649, #7176, #1521 ) ;
#9429 = FACE_OUTER_BOUND ( 'NONE', #4816, .T. ) ;
#9430 = CARTESIAN_POINT ( 'NONE',  ( -17.30000000000000071, 0.000000000000000000, 0.000000000000000000 ) ) ;
#9431 = AXIS2_PLACEMENT_3D ( 'NONE', #1686, #9892, #11012 ) ;
#9432 = LINE ( 'NONE', #4625, #1487 ) ;
#9433 = ORIENTED_EDGE ( 'NONE', *, *, #4903, .T. ) ;
#9434 = AXIS2_PLACEMENT_3D ( 'NONE', #8891, #9881, #1433 ) ;
#9435 = CARTESIAN_POINT ( 'NONE',  ( -1.999999999999999556, -0.8000000000000211386, -18.79999999999990834 ) ) ;
#9436 = VECTOR ( 'NONE', #781, 1000.000000000000000 ) ;
#9437 = CARTESIAN_POINT ( 'NONE',  ( -3.000000000000000000, 0.000000000000000000, 0.000000000000000000 ) ) ;
#9438 = EDGE_LOOP ( 'NONE', ( #11760, #6487, #3493, #11863, #6458, #1286 ) ) ;
#9439 = EDGE_CURVE ( 'NONE', #2580, #2974, #6668, .T. ) ;
#9440 = PRESENTATION_LAYER_ASSIGNMENT (  '', '', ( #2558 ) ) ;
#9441 = CARTESIAN_POINT ( 'NONE',  ( 2.099999999999999645, 4.001000000000000334, -0.4999999999999991673 ) ) ;
#9442 = ORIENTED_EDGE ( 'NONE', *, *, #8745, .F. ) ;
#9443 = CARTESIAN_POINT ( 'NONE',  ( -0.9526279441628808797, -0.5499999999999999334, -0.2999999999999834466 ) ) ;
#9444 = DIRECTION ( 'NONE',  ( 1.000000000000000000, 0.000000000000000000, 0.000000000000000000 ) ) ;
#9445 = MECHANICAL_DESIGN_GEOMETRIC_PRESENTATION_REPRESENTATION (  '', ( #3147 ), #4913 ) ;
#9446 = ORIENTED_EDGE ( 'NONE', *, *, #7346, .F. ) ;
#9447 = ORIENTED_EDGE ( 'NONE', *, *, #3050, .T. ) ;
#9448 = ADVANCED_FACE ( 'NONE', ( #3828 ), #2964, .F. ) ;
#9449 = ORIENTED_EDGE ( 'NONE', *, *, #11930, .T. ) ;
#9450 = CARTESIAN_POINT ( 'NONE',  ( 2.000000000000000000, -1.154700538379253905, -1.600000000000000089 ) ) ;
#9451 = CARTESIAN_POINT ( 'NONE',  ( -0.08213768893543466065, -0.8593772883067016810, -0.6474136047551839468 ) ) ;
#9452 = PLANE ( 'NONE',  #1212 ) ;
#9453 = EDGE_LOOP ( 'NONE', ( #6610, #9848, #6928, #10468 ) ) ;
#9454 = LINE ( 'NONE', #8287, #3935 ) ;
#9455 = VERTEX_POINT ( 'NONE', #7579 ) ;
#9456 = EDGE_CURVE ( 'NONE', #1404, #2930, #538, .T. ) ;
#9457 = DIRECTION ( 'NONE',  ( -0.5000000000000008882, 0.000000000000000000, -0.8660254037844381525 ) ) ;
#9458 = DIRECTION ( 'NONE',  ( 0.000000000000000000, 0.000000000000000000, -1.000000000000000000 ) ) ;
#9459 = VERTEX_POINT ( 'NONE', #9368 ) ;
#9460 = DIRECTION ( 'NONE',  ( 0.000000000000000000, 0.000000000000000000, 1.000000000000000000 ) ) ;
#9461 = AXIS2_PLACEMENT_3D ( 'NONE', #1252, #8955, #10638 ) ;
#9462 = CYLINDRICAL_SURFACE ( 'NONE', #7620, 1.000000000000000444 ) ;
#9463 = DIRECTION ( 'NONE',  ( 0.000000000000000000, 0.000000000000000000, 1.000000000000000000 ) ) ;
#9464 = DIRECTION ( 'NONE',  ( 0.000000000000000000, 0.000000000000000000, 1.000000000000000000 ) ) ;
#9465 = EDGE_LOOP ( 'NONE', ( #4686, #3431, #7322, #6219, #9893, #1505 ) ) ;
#9466 = CARTESIAN_POINT ( 'NONE',  ( 2.000000000000000000, -0.3889866277140361928, -1.583227824459161326 ) ) ;
#9467 = ADVANCED_FACE ( 'NONE', ( #11488 ), #7601, .T. ) ;
#9468 = EDGE_CURVE ( 'NONE', #11810, #7224, #7709, .T. ) ;
#9469 = EDGE_LOOP ( 'NONE', ( #3715, #3106, #6048 ) ) ;
#9470 = DIRECTION ( 'NONE',  ( -1.000000000000000000, 0.000000000000000000, 0.000000000000000000 ) ) ;
#9471 = VECTOR ( 'NONE', #11757, 1000.000000000000000 ) ;
#9472 = CARTESIAN_POINT ( 'NONE',  ( -2.000000000000000000, -0.8000000000000194733, -20.99999999999990763 ) ) ;
#9473 = ORIENTED_EDGE ( 'NONE', *, *, #3761, .F. ) ;
#9474 = FACE_OUTER_BOUND ( 'NONE', #5576, .T. ) ;
#9475 = ORIENTED_EDGE ( 'NONE', *, *, #2226, .T. ) ;
#9476 = DIRECTION ( 'NONE',  ( 1.000000000000000000, 0.000000000000000000, 0.000000000000000000 ) ) ;
#9477 = DIRECTION ( 'NONE',  ( -1.000000000000000000, -0.000000000000000000, -0.000000000000000000 ) ) ;
#9478 = PRESENTATION_STYLE_ASSIGNMENT (( #8723 ) ) ;
#9479 = CARTESIAN_POINT ( 'NONE',  ( 2.000000000000000000, -0.7745510564695445854, -1.521052330702030719 ) ) ;
#9480 = CARTESIAN_POINT ( 'NONE',  ( 0.1702769162167659112, 0.7403828156981310249, -500000.0000000000582 ) ) ;
#9481 = AXIS2_PLACEMENT_3D ( 'NONE', #4348, #11591, #3482 ) ;
#9482 = ORIENTED_EDGE ( 'NONE', *, *, #12010, .F. ) ;
#9483 = FACE_OUTER_BOUND ( 'NONE', #6990, .T. ) ;
#9484 = DIRECTION ( 'NONE',  ( 0.000000000000000000, 0.000000000000000000, 1.000000000000000000 ) ) ;
#9485 = CARTESIAN_POINT ( 'NONE',  ( 1.672828002720946117, -1.343593379079623285, -1.530424537474095681 ) ) ;
#9486 = DIRECTION ( 'NONE',  ( 0.000000000000000000, 0.000000000000000000, -1.000000000000000000 ) ) ;
#9487 = CONICAL_SURFACE ( 'NONE', #10077, 1664.279482350497119, 1.029744258676648982 ) ;
#9488 = CARTESIAN_POINT ( 'NONE',  ( 2.099999999999999645, 4.001000000000000334, 0.4999999999999991673 ) ) ;
#9489 = B_SPLINE_CURVE_WITH_KNOTS ( 'NONE', 3,
 ( #10916, #12100, #675, #2718, #8192, #4441 ),
 .UNSPECIFIED., .F., .F.,
 ( 4, 2, 4 ),
 ( 0.0002632501821825824714, 0.0003941783276224121836, 0.0005251064730622419501 ),
 .UNSPECIFIED. ) ;
#9490 = ORIENTED_EDGE ( 'NONE', *, *, #1322, .T. ) ;
#9491 = UNCERTAINTY_MEASURE_WITH_UNIT (LENGTH_MEASURE( 1.000000000000000082E-05 ), #4589, 'distance_accuracy_value', 'NONE');
#9492 = EDGE_CURVE ( 'NONE', #6124, #5089, #313, .T. ) ;
#9493 = FILL_AREA_STYLE ('',( #3959 ) ) ;
#9494 = ADVANCED_FACE ( 'NONE', ( #8628 ), #180, .T. ) ;
#9495 = ORIENTED_EDGE ( 'NONE', *, *, #1798, .T. ) ;
#9496 = CARTESIAN_POINT ( 'NONE',  ( 4.250000000000000000, 0.000000000000000000, 0.000000000000000000 ) ) ;
#9497 = ORIENTED_EDGE ( 'NONE', *, *, #7415, .T. ) ;
#9498 = CARTESIAN_POINT ( 'NONE',  ( -0.9526279441628797695, -0.5499999999999987121, -0.2999999999999842792 ) ) ;
#9499 = EDGE_LOOP ( 'NONE', ( #2472, #7221, #10029 ) ) ;
#9500 = EDGE_LOOP ( 'NONE', ( #6818, #4070, #59, #3634, #3029 ) ) ;
#9501 = B_SPLINE_CURVE_WITH_KNOTS ( 'NONE', 3,
 ( #3991, #8843, #393, #4164, #7921, #11693 ),
 .UNSPECIFIED., .F., .F.,
 ( 4, 2, 4 ),
 ( 0.002060137505873420056, 0.002644210467598552029, 0.003228283429323684436 ),
 .UNSPECIFIED. ) ;
#9502 = ORIENTED_EDGE ( 'NONE', *, *, #3270, .F. ) ;
#9503 = EDGE_CURVE ( 'NONE', #8087, #6161, #1508, .T. ) ;
#9504 = FACE_OUTER_BOUND ( 'NONE', #3967, .T. ) ;
#9505 = SHAPE_DEFINITION_REPRESENTATION ( #8514, #912 ) ;
#9506 = PRODUCT ( 'hex nut style 1 gradeab_iso_ISO - 4032 - M2 - D - N', 'hex nut style 1 gradeab_iso_ISO - 4032 - M2 - D - N', '', ( #1992 ) ) ;
#9507 = CARTESIAN_POINT ( 'NONE',  ( 2.000000000000000000, 0.000000000000000000, 0.000000000000000000 ) ) ;
#9508 = CARTESIAN_POINT ( 'NONE',  ( -21.50000000000000000, 0.000000000000000000, 0.000000000000000000 ) ) ;
#9509 = ORIENTED_EDGE ( 'NONE', *, *, #10211, .F. ) ;
#9510 = EDGE_LOOP ( 'NONE', ( #12096, #10499 ) ) ;
#9511 = CARTESIAN_POINT ( 'NONE',  ( 5.500000000000000888, 0.000000000000000000, -3.000000000000000000 ) ) ;
#9512 = EDGE_CURVE ( 'NONE', #5326, #11272, #8445, .T. ) ;
#9513 = CARTESIAN_POINT ( 'NONE',  ( -0.5000000000000000000, 9.199999999999999289, -18.50000000000000355 ) ) ;
#9514 = ORIENTED_EDGE ( 'NONE', *, *, #5437, .T. ) ;
#9515 = FACE_OUTER_BOUND ( 'NONE', #10373, .T. ) ;
#9516 = CARTESIAN_POINT ( 'NONE',  ( 0.000000000000000000, 4.738805170303855086E-16, -2.269518839163146673 ) ) ;
#9517 = UNCERTAINTY_MEASURE_WITH_UNIT (LENGTH_MEASURE( 1.000000000000000082E-05 ), #111, 'distance_accuracy_value', 'NONE');
#9518 = PRESENTATION_STYLE_ASSIGNMENT (( #11634 ) ) ;
#9519 = EDGE_CURVE ( 'NONE', #4851, #4136, #8391, .T. ) ;
#9520 = DIRECTION ( 'NONE',  ( 1.000000000000000000, 0.000000000000000000, 0.000000000000000000 ) ) ;
#9521 =( NAMED_UNIT ( * ) PLANE_ANGLE_UNIT ( ) SI_UNIT ( $, .RADIAN. ) );
#9522 = PLANE ( 'NONE',  #6246 ) ;
#9523 = EDGE_LOOP ( 'NONE', ( #8239, #5280, #10763, #1219 ) ) ;
#9524 = ORIENTED_EDGE ( 'NONE', *, *, #9094, .F. ) ;
#9525 = CARTESIAN_POINT ( 'NONE',  ( -0.9526279441628807687, 0.5500000000000003775, -1.600000000000000089 ) ) ;
#9526 = CONICAL_SURFACE ( 'NONE', #12120, 2.000000000000000000, 1.047197551196596299 ) ;
#9527 = EDGE_LOOP ( 'NONE', ( #2572, #8315 ) ) ;
#9528 =( NAMED_UNIT ( * ) SI_UNIT ( $, .STERADIAN. ) SOLID_ANGLE_UNIT ( ) );
#9529 = EDGE_LOOP ( 'NONE', ( #11018, #2484 ) ) ;
#9530 = DIRECTION ( 'NONE',  ( 0.000000000000000000, 0.000000000000000000, 1.000000000000000000 ) ) ;
#9531 = ORIENTED_EDGE ( 'NONE', *, *, #10219, .T. ) ;
#9532 = FACE_OUTER_BOUND ( 'NONE', #5975, .T. ) ;
#9533 = FACE_OUTER_BOUND ( 'NONE', #11413, .T. ) ;
#9534 = CARTESIAN_POINT ( 'NONE',  ( 8.500000000000000000, 2.500000000000000000, -24.00000000000000000 ) ) ;
#9535 = EDGE_CURVE ( 'NONE', #2326, #8806, #6959, .T. ) ;
#9536 = EDGE_CURVE ( 'NONE', #7947, #5924, #11790, .T. ) ;
#9537 = DIRECTION ( 'NONE',  ( -1.000000000000000000, 0.000000000000000000, 0.000000000000000000 ) ) ;
#9538 = EDGE_LOOP ( 'NONE', ( #5374, #8230, #2040, #1070 ) ) ;
#9539 = FACE_OUTER_BOUND ( 'NONE', #10978, .T. ) ;
#9540 = DIRECTION ( 'NONE',  ( -1.502314598737158045E-15, 0.000000000000000000, -1.000000000000000000 ) ) ;
#9541 = AXIS2_PLACEMENT_3D ( 'NONE', #9854, #11776, #283 ) ;
#9542 = DIRECTION ( 'NONE',  ( 0.000000000000000000, -1.000000000000000000, 0.000000000000000000 ) ) ;
#9543 = VERTEX_POINT ( 'NONE', #5980 ) ;
#9544 = CARTESIAN_POINT ( 'NONE',  ( 1.950000000000000400, 7.500000000000000000, -10.11613953566982715 ) ) ;
#9545 = EDGE_CURVE ( 'NONE', #7141, #1137, #7020, .T. ) ;
#9546 = DIRECTION ( 'NONE',  ( 0.000000000000000000, -1.000000000000000000, -2.168404344971008868E-16 ) ) ;
#9547 = ORIENTED_EDGE ( 'NONE', *, *, #11985, .T. ) ;
#9548 = CIRCLE ( 'NONE', #4241, 1.899999999999999689 ) ;
#9549 = CARTESIAN_POINT ( 'NONE',  ( 4.336808689942017736E-16, 0.8999999999999995781, -22.15470053837916353 ) ) ;
#9550 = AXIS2_PLACEMENT_3D ( 'NONE', #7477, #11248, #7094 ) ;
#9551 = DIRECTION ( 'NONE',  ( 0.000000000000000000, 1.000000000000000000, 0.000000000000000000 ) ) ;
#9552 = VERTEX_POINT ( 'NONE', #8809 ) ;
#9553 = CIRCLE ( 'NONE', #11154, 1.000000000000000444 ) ;
#9554 = ORIENTED_EDGE ( 'NONE', *, *, #5825, .T. ) ;
#9555 = ORIENTED_EDGE ( 'NONE', *, *, #1248, .F. ) ;
#9556 = CONICAL_SURFACE ( 'NONE', #3666, 2.000000000000000000, 1.047197551196596299 ) ;
#9557 = AXIS2_PLACEMENT_3D ( 'NONE', #5829, #7788, #6869 ) ;
#9558 = B_SPLINE_CURVE_WITH_KNOTS ( 'NONE', 3,
 ( #11194, #9274, #5449, #12117 ),
 .UNSPECIFIED., .F., .F.,
 ( 4, 4 ),
 ( 2.380749485086116428E-07, 0.001168606431211100015 ),
 .UNSPECIFIED. ) ;
#9559 = CARTESIAN_POINT ( 'NONE',  ( -1.000000000000000888, 1.732050807568876749, -1.600000000000000089 ) ) ;
#9560 = APPLICATION_PROTOCOL_DEFINITION ( 'draft international standard', 'automotive_design', 1998, #6515 ) ;
#9561 = LINE ( 'NONE', #3910, #547 ) ;
#9562 = CARTESIAN_POINT ( 'NONE',  ( 1.734723475976807094E-15, 2.500000000000000000, -4.154700538379141328 ) ) ;
#9563 = ORIENTED_EDGE ( 'NONE', *, *, #294, .F. ) ;
#9564 = CIRCLE ( 'NONE', #2289, 0.9999999999999997780 ) ;
#9565 = ORIENTED_EDGE ( 'NONE', *, *, #4476, .F. ) ;
#9566 = CYLINDRICAL_SURFACE ( 'NONE', #9804, 3.000000000000000000 ) ;
#9567 = VECTOR ( 'NONE', #9358, 1000.000000000000000 ) ;
#9568 = EDGE_CURVE ( 'NONE', #1283, #827, #3077, .T. ) ;
#9569 = CARTESIAN_POINT ( 'NONE',  ( 0.000000000000000000, 4.898598887637106556E-16, -2.400000000000000355 ) ) ;
#9570 = VECTOR ( 'NONE', #3946, 1000.000000000000000 ) ;
#9571 = EDGE_CURVE ( 'NONE', #10427, #10851, #11114, .T. ) ;
#9572 = CONICAL_SURFACE ( 'NONE', #2498, 0.7799999999999996936, 0.9599310885968785900 ) ;
#9573 = FACE_OUTER_BOUND ( 'NONE', #10369, .T. ) ;
#9574 = ORIENTED_EDGE ( 'NONE', *, *, #10426, .T. ) ;
#9575 = VECTOR ( 'NONE', #5045, 1000.000000000000000 ) ;
#9576 = DIRECTION ( 'NONE',  ( 1.000000000000000000, 0.000000000000000000, 0.000000000000000000 ) ) ;
#9577 = APPLICATION_CONTEXT ( 'automotive_design' ) ;
#9578 = VECTOR ( 'NONE', #11266, 1000.000000000000000 ) ;
#9579 = AXIS2_PLACEMENT_3D ( 'NONE', #10167, #1725, #804 ) ;
#9580 = CARTESIAN_POINT ( 'NONE',  ( 1.000000000000000000, 1.224646799147354933E-16, -2.530481160836854482 ) ) ;
#9581 = ORIENTED_EDGE ( 'NONE', *, *, #2699, .F. ) ;
#9582 =( NAMED_UNIT ( * ) SI_UNIT ( $, .STERADIAN. ) SOLID_ANGLE_UNIT ( ) );
#9583 = CARTESIAN_POINT ( 'NONE',  ( 0.1955299650103742293, 0.6656873190922431016, -0.7493711177645839827 ) ) ;
#9584 =( NAMED_UNIT ( * ) SI_UNIT ( $, .STERADIAN. ) SOLID_ANGLE_UNIT ( ) );
#9585 = CIRCLE ( 'NONE', #6237, 1.000000000000000000 ) ;
#9586 = CIRCLE ( 'NONE', #6643, 1.099999999999998535 ) ;
#9587 = CARTESIAN_POINT ( 'NONE',  ( -1.000000000000000000, 9.629649721936179265E-32, -2.930481160836854393 ) ) ;
#9588 = EDGE_LOOP ( 'NONE', ( #2390, #5633, #11302, #4994 ) ) ;
#9589 = CIRCLE ( 'NONE', #4481, 1.999999999999999556 ) ;
#9590 = CYLINDRICAL_SURFACE ( 'NONE', #8441, 10.50000000000000000 ) ;
#9591 = CIRCLE ( 'NONE', #11971, 1.000000000000000000 ) ;
#9592 = EDGE_LOOP ( 'NONE', ( #7285, #1664, #7619, #8548, #6682 ) ) ;
#9593 = EDGE_CURVE ( 'NONE', #510, #6914, #3202, .T. ) ;
#9594 = AXIS2_PLACEMENT_3D ( 'NONE', #7984, #3245, #8911 ) ;
#9595 = VECTOR ( 'NONE', #7352, 1000.000000000000000 ) ;
#9596 = ORIENTED_EDGE ( 'NONE', *, *, #2414, .T. ) ;
#9597 = AXIS2_PLACEMENT_3D ( 'NONE', #8837, #682, #9196 ) ;
#9598 = FACE_BOUND ( 'NONE', #1729, .T. ) ;
#9599 = ORIENTED_EDGE ( 'NONE', *, *, #8890, .T. ) ;
#9600 = DIRECTION ( 'NONE',  ( -0.000000000000000000, -1.000000000000000000, -0.000000000000000000 ) ) ;
#9601 = VECTOR ( 'NONE', #398, 1000.000000000000000 ) ;
#9602 = DIRECTION ( 'NONE',  ( 0.000000000000000000, 0.000000000000000000, -1.000000000000000000 ) ) ;
#9603 = VECTOR ( 'NONE', #8765, 1000.000000000000000 ) ;
#9604 = DIRECTION ( 'NONE',  ( 0.000000000000000000, 0.000000000000000000, 1.000000000000000000 ) ) ;
#9605 = EDGE_CURVE ( 'NONE', #1800, #7837, #10725, .T. ) ;
#9606 = ORIENTED_EDGE ( 'NONE', *, *, #1479, .F. ) ;
#9607 = VECTOR ( 'NONE', #2476, 1000.000000000000000 ) ;
#9608 = ADVANCED_BREP_SHAPE_REPRESENTATION ( '', ( #4753, #8058 ), #7880 ) ;
#9609 = ADVANCED_FACE ( 'NONE', ( #2219, #10606 ), #417, .T. ) ;
#9610 = AXIS2_PLACEMENT_3D ( 'NONE', #8190, #3524, #862 ) ;
#9611 = CARTESIAN_POINT ( 'NONE',  ( -2.000000000000000000, 0.000000000000000000, 0.000000000000000000 ) ) ;
#9612 = FACE_BOUND ( 'NONE', #11336, .T. ) ;
#9613 = DIRECTION ( 'NONE',  ( 0.000000000000000000, 0.000000000000000000, -1.000000000000000000 ) ) ;
#9614 = ORIENTED_EDGE ( 'NONE', *, *, #3041, .T. ) ;
#9615 = CIRCLE ( 'NONE', #357, 3.999999999999996447 ) ;
#9616 = DIRECTION ( 'NONE',  ( -1.000000000000000000, 0.000000000000000000, 0.000000000000000000 ) ) ;
#9617 = CARTESIAN_POINT ( 'NONE',  ( 3.500000000000000000, 0.000000000000000000, 0.000000000000000000 ) ) ;
#9618 = CARTESIAN_POINT ( 'NONE',  ( -0.6592570625839798693, -1.928778834210483462, -4.615899523244127080E-17 ) ) ;
#9619 = PRESENTATION_STYLE_ASSIGNMENT (( #8683 ) ) ;
#9620 = DIRECTION ( 'NONE',  ( 0.000000000000000000, 0.000000000000000000, -1.000000000000000000 ) ) ;
#9621 = ORIENTED_EDGE ( 'NONE', *, *, #2425, .T. ) ;
#9622 = VECTOR ( 'NONE', #11574, 1000.000000000000000 ) ;
#9623 = EDGE_CURVE ( 'NONE', #11428, #4638, #7410, .T. ) ;
#9624 = CARTESIAN_POINT ( 'NONE',  ( -0.5560518688116490305, -0.5176555429708573630, -0.7092725651034397227 ) ) ;
#9625 = EDGE_LOOP ( 'NONE', ( #451, #6292, #7950, #11049, #4582 ) ) ;
#9626 = EDGE_CURVE ( 'NONE', #11699, #3160, #9703, .T. ) ;
#9627 = DIRECTION ( 'NONE',  ( 0.000000000000000000, -0.000000000000000000, 1.000000000000000000 ) ) ;
#9628 = AXIS2_PLACEMENT_3D ( 'NONE', #10629, #8761, #141 ) ;
#9629 = VERTEX_POINT ( 'NONE', #7759 ) ;
#9631 = ORIENTED_EDGE ( 'NONE', *, *, #9832, .F. ) ;
#9630 = AXIS2_PLACEMENT_3D ( 'NONE', #7244, #11020, #2574 ) ;
#9632 = AXIS2_PLACEMENT_3D ( 'NONE', #523, #4480, #9901 ) ;
#9633 = LINE ( 'NONE', #4811, #8680 ) ;
#9634 = LINE ( 'NONE', #5130, #2124 ) ;
#9635 = CARTESIAN_POINT ( 'NONE',  ( 0.000000000000000000, 0.000000000000000000, 0.000000000000000000 ) ) ;
#9636 = VERTEX_POINT ( 'NONE', #8928 ) ;
#9637 = AXIS2_PLACEMENT_3D ( 'NONE', #8569, #2909, #10367 ) ;
#9638 = ORIENTED_EDGE ( 'NONE', *, *, #373, .F. ) ;
#9639 = CARTESIAN_POINT ( 'NONE',  ( 2.099999999999999645, -2.971690854684141847, 0.4999999999999992784 ) ) ;
#9640 = DIRECTION ( 'NONE',  ( -0.8660254037844383745, -0.5000000000000004441, 0.000000000000000000 ) ) ;
#9641 = LINE ( 'NONE', #316, #4819 ) ;
#9642 = DIRECTION ( 'NONE',  ( 0.000000000000000000, 0.000000000000000000, 1.000000000000000000 ) ) ;
#9643 = ORIENTED_EDGE ( 'NONE', *, *, #11808, .T. ) ;
#9644 = CARTESIAN_POINT ( 'NONE',  ( -1.000000000000000000, 0.000000000000000000, 0.000000000000000000 ) ) ;
#9645 = B_SPLINE_CURVE_WITH_KNOTS ( 'NONE', 3,
 ( #2008, #8658, #2246, #1251, #3926, #210 ),
 .UNSPECIFIED., .F., .F.,
 ( 4, 2, 4 ),
 ( 0.001168606431211100015, 0.001750609284260043648, 0.002332612137308987497 ),
 .UNSPECIFIED. ) ;
#9646 = CARTESIAN_POINT ( 'NONE',  ( -17.30000000000000071, 0.000000000000000000, 0.000000000000000000 ) ) ;
#9647 = PRODUCT_DEFINITION_CONTEXT ( 'detailed design', #9577, 'design' ) ;
#9648 = EDGE_LOOP ( 'NONE', ( #8647, #6785, #9686, #4534 ) ) ;
#9649 = DIRECTION ( 'NONE',  ( -0.000000000000000000, 1.224649721909276639E-16, -1.000000000000000000 ) ) ;
#9650 = FACE_OUTER_BOUND ( 'NONE', #9538, .T. ) ;
#9651 =( GEOMETRIC_REPRESENTATION_CONTEXT ( 3 ) GLOBAL_UNCERTAINTY_ASSIGNED_CONTEXT ( ( #8525 ) ) GLOBAL_UNIT_ASSIGNED_CONTEXT ( ( #593, #5031, #6021 ) ) REPRESENTATION_CONTEXT ( 'NONE', 'WORKASPACE' ) );
#9652 = DIRECTION ( 'NONE',  ( 0.000000000000000000, 0.000000000000000000, 1.000000000000000000 ) ) ;
#9653 = ADVANCED_FACE ( 'NONE', ( #5118, #6108 ), #4982, .T. ) ;
#9654 = VERTEX_POINT ( 'NONE', #8006 ) ;
#9655 = ADVANCED_FACE ( 'NONE', ( #2160 ), #475, .F. ) ;
#9656 = CARTESIAN_POINT ( 'NONE',  ( 2.000000000000000000, 0.000000000000000000, 0.000000000000000000 ) ) ;
#9657 = VERTEX_POINT ( 'NONE', #4067 ) ;
#9658 = SURFACE_STYLE_USAGE ( .BOTH. , #11812 ) ;
#9659 = AXIS2_PLACEMENT_3D ( 'NONE', #6007, #3114, #5953 ) ;
#9660 = VERTEX_POINT ( 'NONE', #234 ) ;
#9661 = DIRECTION ( 'NONE',  ( 0.000000000000000000, 0.000000000000000000, -1.000000000000000000 ) ) ;
#9662 = ORIENTED_EDGE ( 'NONE', *, *, #8389, .F. ) ;
#9663 = DIRECTION ( 'NONE',  ( 0.000000000000000000, -0.000000000000000000, 1.000000000000000000 ) ) ;
#9664 = DIRECTION ( 'NONE',  ( 1.000000000000000000, -0.000000000000000000, -0.000000000000000000 ) ) ;
#9665 = CARTESIAN_POINT ( 'NONE',  ( 1.000000000000001998, 1.732050807568876083, -1.600000000000000089 ) ) ;
#9666 = VERTEX_POINT ( 'NONE', #7082 ) ;
#9667 = DIRECTION ( 'NONE',  ( 0.8660254037844387076, 0.000000000000000000, 0.4999999999999999445 ) ) ;
#9668 = EDGE_CURVE ( 'NONE', #4375, #10771, #2094, .T. ) ;
#9669 = DIRECTION ( 'NONE',  ( 0.8660254037844391517, 0.000000000000000000, -0.4999999999999992784 ) ) ;
#9670 = VECTOR ( 'NONE', #4168, 1000.000000000000000 ) ;
#9671 = EDGE_CURVE ( 'NONE', #6851, #1327, #10764, .T. ) ;
#9672 = CARTESIAN_POINT ( 'NONE',  ( 3.699999999999999289, -2.821690854684141936, 0.4999999999999991673 ) ) ;
#9673 = CARTESIAN_POINT ( 'NONE',  ( 5.500000000000001776, 0.000000000000000000, -2.999999999999891642 ) ) ;
#9674 = ADVANCED_FACE ( 'NONE', ( #5299, #10039 ), #2591, .T. ) ;
#9675 = CARTESIAN_POINT ( 'NONE',  ( 0.4682615195961031263, 0.8110527431698568712, -500000.0000000000582 ) ) ;
#9676 = DIRECTION ( 'NONE',  ( 0.000000000000000000, 1.000000000000000000, 0.000000000000000000 ) ) ;
#9677 = AXIS2_PLACEMENT_3D ( 'NONE', #5361, #10044, #6343 ) ;
#9678 = FACE_OUTER_BOUND ( 'NONE', #4817, .T. ) ;
#9679 = CARTESIAN_POINT ( 'NONE',  ( 2.000000000000000000, -1.154700538379255015, -0.1786327949540832127 ) ) ;
#9680 = ADVANCED_FACE ( 'NONE', ( #5356 ), #4561, .F. ) ;
#9681 = ORIENTED_EDGE ( 'NONE', *, *, #5842, .T. ) ;
#9682 = CARTESIAN_POINT ( 'NONE',  ( 0.000000000000000000, 2.500000000000000000, -6.000000000000000000 ) ) ;
#9683 = CARTESIAN_POINT ( 'NONE',  ( -0.2768074057575362623, -0.5680519185244693459, -0.7869771035352078892 ) ) ;
#9684 = ORIENTED_EDGE ( 'NONE', *, *, #5842, .F. ) ;
#9685 = DIRECTION ( 'NONE',  ( 0.8191520442889902442, 0.000000000000000000, 0.5735764363510482688 ) ) ;
#9686 = ORIENTED_EDGE ( 'NONE', *, *, #8433, .T. ) ;
#9687 = ORIENTED_EDGE ( 'NONE', *, *, #3748, .F. ) ;
#9688 = CARTESIAN_POINT ( 'NONE',  ( 2.099999999999999645, 2.971690854684141847, -0.4999999999999991673 ) ) ;
#9689 = EDGE_CURVE ( 'NONE', #197, #9660, #5743, .T. ) ;
#9690 = EDGE_CURVE ( 'NONE', #6647, #6752, #11555, .T. ) ;
#9691 = LINE ( 'NONE', #7667, #6848 ) ;
#9692 = DIRECTION ( 'NONE',  ( 0.000000000000000000, 0.000000000000000000, -1.000000000000000000 ) ) ;
#9693 = ORIENTED_EDGE ( 'NONE', *, *, #1170, .T. ) ;
#9694 = ORIENTED_EDGE ( 'NONE', *, *, #1093, .T. ) ;
#9695 = FACE_OUTER_BOUND ( 'NONE', #2717, .T. ) ;
#9696 = B_SPLINE_CURVE_WITH_KNOTS ( 'NONE', 3,
 ( #79, #955, #8473, #11268, #3617, #11144 ),
 .UNSPECIFIED., .F., .F.,
 ( 4, 2, 4 ),
 ( 0.003228283429323684436, 0.003812703409393311971, 0.004397123389462939506 ),
 .UNSPECIFIED. ) ;
#9697 = PLANE ( 'NONE',  #10813 ) ;
#9698 = CARTESIAN_POINT ( 'NONE',  ( -0.9999999999999997780, 1.224646799147352961E-16, 0.000000000000000000 ) ) ;
#9699 = DIRECTION ( 'NONE',  ( 0.000000000000000000, -1.224649721909276639E-16, 1.000000000000000000 ) ) ;
#9700 = ORIENTED_EDGE ( 'NONE', *, *, #445, .T. ) ;
#9701 = CARTESIAN_POINT ( 'NONE',  ( 0.000000000000000000, 4.738805170303855086E-16, -3.869518839163146762 ) ) ;
#9702 = CYLINDRICAL_SURFACE ( 'NONE', #501, 1.099999999999998535 ) ;
#9703 = B_SPLINE_CURVE_WITH_KNOTS ( 'NONE', 3,
 ( #9679, #3076, #11664, #1355 ),
 .UNSPECIFIED., .F., .F.,
 ( 4, 4 ),
 ( 2.380749485076419225E-07, 0.001168606431211098931 ),
 .UNSPECIFIED. ) ;
#9704 = CARTESIAN_POINT ( 'NONE',  ( 0.8000000000000000444, 11.70000000000000107, -7.200000000000000178 ) ) ;
#9705 = DIRECTION ( 'NONE',  ( -1.000000000000000000, 0.000000000000000000, 0.000000000000000000 ) ) ;
#9706 = DIRECTION ( 'NONE',  ( -0.000000000000000000, -1.000000000000000000, -0.000000000000000000 ) ) ;
#9707 = CARTESIAN_POINT ( 'NONE',  ( -3.000000000000000000, 0.000000000000000000, 0.000000000000000000 ) ) ;
#9708 = CARTESIAN_POINT ( 'NONE',  ( -1.000000000000000000, 9.629649721936179265E-32, -2.269518839163146673 ) ) ;
#9709 = CARTESIAN_POINT ( 'NONE',  ( 3.000000000000000000, 0.000000000000000000, 0.000000000000000000 ) ) ;
#9710 = PRODUCT_DEFINITION_SHAPE ( 'NONE', 'NONE',  #12238 ) ;
#9711 = EDGE_LOOP ( 'NONE', ( #4522, #9333 ) ) ;
#9712 = EDGE_CURVE ( 'NONE', #10267, #1436, #4824, .T. ) ;
#9713 = ORIENTED_EDGE ( 'NONE', *, *, #1674, .F. ) ;
#9714 = CARTESIAN_POINT ( 'NONE',  ( 0.9526279441628809908, -0.5500000000000001554, -0.3000000000000172529 ) ) ;
#9715 = CARTESIAN_POINT ( 'NONE',  ( -0.6592570625839798693, -1.928778834210483462, -4.615899523244127080E-17 ) ) ;
#9716 = EDGE_CURVE ( 'NONE', #1941, #5967, #9180, .T. ) ;
#9717 = ORIENTED_EDGE ( 'NONE', *, *, #9536, .T. ) ;
#9718 = VECTOR ( 'NONE', #3638, 1000.000000000000000 ) ;
#9719 = DIRECTION ( 'NONE',  ( -1.000000000000000000, 0.000000000000000000, 0.000000000000000000 ) ) ;
#9720 = CARTESIAN_POINT ( 'NONE',  ( -2.000000000000000000, -0.1951254011572752800, -1.600000000000000089 ) ) ;
#9721 = DIRECTION ( 'NONE',  ( 0.000000000000000000, 0.000000000000000000, -1.000000000000000000 ) ) ;
#9722 = ORIENTED_EDGE ( 'NONE', *, *, #7565, .F. ) ;
#9723 = DIRECTION ( 'NONE',  ( 0.000000000000000000, 0.000000000000000000, 1.000000000000000000 ) ) ;
#9724 = VECTOR ( 'NONE', #7833, 1000.000000000000000 ) ;
#9725 = CIRCLE ( 'NONE', #1652, 0.9999999999999997780 ) ;
#9726 = FILL_AREA_STYLE_COLOUR ( '', #10319 ) ;
#9727 = DIRECTION ( 'NONE',  ( 0.000000000000000000, 0.000000000000000000, 1.000000000000000000 ) ) ;
#9728 = CARTESIAN_POINT ( 'NONE',  ( 2.000000000000000000, 6.700000000000000178, -7.200000000000001066 ) ) ;
#9729 = EDGE_CURVE ( 'NONE', #4651, #2218, #4263, .T. ) ;
#9730 = PLANE ( 'NONE',  #4648 ) ;
#9731 = EDGE_CURVE ( 'NONE', #7567, #1810, #3633, .T. ) ;
#9732 = AXIS2_PLACEMENT_3D ( 'NONE', #4682, #4795, #8554 ) ;
#9733 = CARTESIAN_POINT ( 'NONE',  ( -2.000000000000000000, 0.1952413320394012219, -1.600000000000000089 ) ) ;
#9734 = FACE_BOUND ( 'NONE', #1425, .T. ) ;
#9735 = VERTEX_POINT ( 'NONE', #9974 ) ;
#9736 = DIRECTION ( 'NONE',  ( 0.000000000000000000, 0.000000000000000000, 1.000000000000000000 ) ) ;
#9737 = ORIENTED_EDGE ( 'NONE', *, *, #1271, .F. ) ;
#9738 = CARTESIAN_POINT ( 'NONE',  ( -2.000000000000000000, -1.154700538379254349, -1.421367205045916737 ) ) ;
#9739 = CARTESIAN_POINT ( 'NONE',  ( -0.6607522599941050290, 1.927915581583253601, -0.01710519872702210772 ) ) ;
#9740 = ORIENTED_EDGE ( 'NONE', *, *, #3653, .F. ) ;
#9741 = LINE ( 'NONE', #7956, #9746 ) ;
#9742 = EDGE_CURVE ( 'NONE', #1545, #3184, #1099, .T. ) ;
#9743 = VERTEX_POINT ( 'NONE', #1719 ) ;
#9744 = EDGE_LOOP ( 'NONE', ( #2386, #11731, #9938, #2512 ) ) ;
#9745 = CONTEXT_DEPENDENT_SHAPE_REPRESENTATION ( #9817, #12077 ) ;
#9746 = VECTOR ( 'NONE', #9685, 1000.000000000000114 ) ;
#9747 = CARTESIAN_POINT ( 'NONE',  ( 2.000000000000000000, 1.154700538379254349, -0.1786327949540832127 ) ) ;
#9748 = CARTESIAN_POINT ( 'NONE',  ( 5.500000000000000888, 2.500000000000000000, -6.000000000000000000 ) ) ;
#9749 = EDGE_CURVE ( 'NONE', #3907, #4194, #9174, .T. ) ;
#9750 = ORIENTED_EDGE ( 'NONE', *, *, #11406, .F. ) ;
#9751 = ORIENTED_EDGE ( 'NONE', *, *, #9323, .T. ) ;
#9752 = DIRECTION ( 'NONE',  ( 0.000000000000000000, 0.000000000000000000, -1.000000000000000000 ) ) ;
#9753 = DIRECTION ( 'NONE',  ( -0.000000000000000000, -1.000000000000000000, -0.000000000000000000 ) ) ;
#9754 = ADVANCED_FACE ( 'NONE', ( #9915 ), #1599, .F. ) ;
#9755 = DIRECTION ( 'NONE',  ( -1.000000000000000000, 0.000000000000000000, 0.000000000000000000 ) ) ;
#9756 = AXIS2_PLACEMENT_3D ( 'NONE', #6102, #6033, #9613 ) ;
#9757 = ORIENTED_EDGE ( 'NONE', *, *, #11655, .F. ) ;
#9758 = DIRECTION ( 'NONE',  ( 0.000000000000000000, 0.000000000000000000, 1.000000000000000000 ) ) ;
#9759 = FACE_OUTER_BOUND ( 'NONE', #10436, .T. ) ;
#9760 = UNCERTAINTY_MEASURE_WITH_UNIT (LENGTH_MEASURE( 1.000000000000000082E-05 ), #4483, 'distance_accuracy_value', 'NONE');
#9761 = ORIENTED_EDGE ( 'NONE', *, *, #240, .T. ) ;
#9762 = CARTESIAN_POINT ( 'NONE',  ( 1.224646799147353207E-16, 1.000000000000000444, -1.869518839163146540 ) ) ;
#9763 = DIRECTION ( 'NONE',  ( 0.000000000000000000, 0.000000000000000000, -1.000000000000000000 ) ) ;
#9764 = CIRCLE ( 'NONE', #2872, 0.5000000000000000000 ) ;
#9765 = DIRECTION ( 'NONE',  ( -1.000000000000000000, -0.000000000000000000, -0.000000000000000000 ) ) ;
#9766 = PLANE ( 'NONE',  #962 ) ;
#9767 = VERTEX_POINT ( 'NONE', #8992 ) ;
#9768 = STYLED_ITEM ( 'NONE', ( #3893 ), #9414 ) ;
#9769 = DIRECTION ( 'NONE',  ( 0.000000000000000000, -0.000000000000000000, 1.000000000000000000 ) ) ;
#9770 = ORIENTED_EDGE ( 'NONE', *, *, #10533, .F. ) ;
#9771 = ADVANCED_FACE ( 'NONE', ( #3516 ), #11036, .F. ) ;
#9772 = EDGE_CURVE ( 'NONE', #10028, #1962, #5844, .T. ) ;
#9773 = ORIENTED_EDGE ( 'NONE', *, *, #2319, .F. ) ;
#9774 = DIRECTION ( 'NONE',  ( 0.000000000000000000, 0.000000000000000000, -1.000000000000000000 ) ) ;
#9775 = ORIENTED_EDGE ( 'NONE', *, *, #2230, .T. ) ;
#9776 = VECTOR ( 'NONE', #3145, 1000.000000000000000 ) ;
#9777 = CARTESIAN_POINT ( 'NONE',  ( -1.339247740005897080, -1.536186033554502339, -0.01710519872702283631 ) ) ;
#9778 = AXIS2_PLACEMENT_3D ( 'NONE', #8480, #1717, #5668 ) ;
#9779 = CARTESIAN_POINT ( 'NONE',  ( 1.500000000000000000, 0.000000000000000000, 2.500000000000000000 ) ) ;
#9780 = CARTESIAN_POINT ( 'NONE',  ( 1.672282218993687231, 1.343908487461472401, -1.520662200187639090 ) ) ;
#9781 = VERTEX_POINT ( 'NONE', #3580 ) ;
#9782 = VECTOR ( 'NONE', #446, 999.9999999999998863 ) ;
#9783 = CARTESIAN_POINT ( 'NONE',  ( 0.7263287850284176894, -0.2227272727272730235, 0.000000000000000000 ) ) ;
#9784 = PRODUCT_RELATED_PRODUCT_CATEGORY ( 'part', '', ( #3507 ) ) ;
#9785 = AXIS2_PLACEMENT_3D ( 'NONE', #11226, #1964, #35 ) ;
#9786 = AXIS2_PLACEMENT_3D ( 'NONE', #5008, #9642, #9821 ) ;
#9787 = AXIS2_PLACEMENT_3D ( 'NONE', #10710, #6763, #10528 ) ;
#9788 = SURFACE_STYLE_USAGE ( .BOTH. , #8860 ) ;
#9789 = DIRECTION ( 'NONE',  ( 0.000000000000000000, 1.000000000000000000, 0.000000000000000000 ) ) ;
#9790 = CARTESIAN_POINT ( 'NONE',  ( 4.000000000000000000, 9.199999999999999289, -18.50000000000000355 ) ) ;
#9791 = LINE ( 'NONE', #2214, #6620 ) ;
#9792 = LINE ( 'NONE', #9912, #117 ) ;
#9793 = DIRECTION ( 'NONE',  ( -1.000000000000000000, -0.000000000000000000, -0.000000000000000000 ) ) ;
#9794 =( NAMED_UNIT ( * ) PLANE_ANGLE_UNIT ( ) SI_UNIT ( $, .RADIAN. ) );
#9795 = ORIENTED_EDGE ( 'NONE', *, *, #8011, .T. ) ;
#9796 = CIRCLE ( 'NONE', #11788, 3.000000000000000444 ) ;
#9797 = AXIS2_PLACEMENT_3D ( 'NONE', #9387, #769, #8283 ) ;
#9798 = DIRECTION ( 'NONE',  ( -1.000000000000000000, 0.000000000000000000, 0.000000000000000000 ) ) ;
#9799 = EDGE_CURVE ( 'NONE', #4397, #476, #7208, .T. ) ;
#9800 = AXIS2_PLACEMENT_3D ( 'NONE', #5156, #4298, #12017 ) ;
#9801 = ORIENTED_EDGE ( 'NONE', *, *, #4781, .T. ) ;
#9802 = ADVANCED_FACE ( 'NONE', ( #7140 ), #6281, .F. ) ;
#9803 = AXIS2_PLACEMENT_3D ( 'NONE', #2485, #692, #8148 ) ;
#9804 = AXIS2_PLACEMENT_3D ( 'NONE', #9511, #2926, #7671 ) ;
#9805 = FACE_OUTER_BOUND ( 'NONE', #11802, .T. ) ;
#9806 = CARTESIAN_POINT ( 'NONE',  ( 3.000000000000000000, 0.000000000000000000, 0.000000000000000000 ) ) ;
#9807 = ORIENTED_EDGE ( 'NONE', *, *, #7084, .T. ) ;
#9808 = VECTOR ( 'NONE', #3033, 1000.000000000000000 ) ;
#9809 = DIRECTION ( 'NONE',  ( 1.000000000000000000, 0.000000000000000000, 0.000000000000000000 ) ) ;
#9810 = ORIENTED_EDGE ( 'NONE', *, *, #11276, .F. ) ;
#9811 = ORIENTED_EDGE ( 'NONE', *, *, #2076, .F. ) ;
#9812 = CONTEXT_DEPENDENT_SHAPE_REPRESENTATION ( #3758, #6466 ) ;
#9813 = CIRCLE ( 'NONE', #9235, 1.000000000000000000 ) ;
#9814 = DIRECTION ( 'NONE',  ( 0.000000000000000000, 1.000000000000000000, 0.000000000000000000 ) ) ;
#9815 = CARTESIAN_POINT ( 'NONE',  ( 1.340742937416024905, -1.535322780927274700, -1.599999999999999867 ) ) ;
#9816 = ORIENTED_EDGE ( 'NONE', *, *, #3023, .F. ) ;
#9817 =( REPRESENTATION_RELATIONSHIP ('NONE','NONE', #912, #3835 ) REPRESENTATION_RELATIONSHIP_WITH_TRANSFORMATION ( #11617 )SHAPE_REPRESENTATION_RELATIONSHIP( ) );
#9818 = EDGE_CURVE ( 'NONE', #3936, #8361, #3280, .T. ) ;
#9819 = VERTEX_POINT ( 'NONE', #1840 ) ;
#9820 = CARTESIAN_POINT ( 'NONE',  ( 3.499999999999999556, 17.00000000000000000, -5.232195743157016743 ) ) ;
#9821 = DIRECTION ( 'NONE',  ( 1.000000000000000000, 0.000000000000000000, 0.000000000000000000 ) ) ;
#9822 = VECTOR ( 'NONE', #2853, 1000.000000000000114 ) ;
#9823 = EDGE_CURVE ( 'NONE', #8849, #4194, #3696, .T. ) ;
#9824 = ORIENTED_EDGE ( 'NONE', *, *, #5408, .T. ) ;
#9825 = LINE ( 'NONE', #10002, #6460 ) ;
#9826 = ORIENTED_EDGE ( 'NONE', *, *, #6121, .T. ) ;
#9827 = DIRECTION ( 'NONE',  ( 0.000000000000000000, -0.000000000000000000, 1.000000000000000000 ) ) ;
#9828 = DIRECTION ( 'NONE',  ( -1.000000000000000000, -0.000000000000000000, -0.000000000000000000 ) ) ;
#9829 = VECTOR ( 'NONE', #3850, 1000.000000000000000 ) ;
#9830 = CARTESIAN_POINT ( 'NONE',  ( 2.000000000000000000, 11.70000000000000107, -7.200000000000000178 ) ) ;
#9831 = CIRCLE ( 'NONE', #3146, 0.8156023289304831225 ) ;
#9832 = EDGE_CURVE ( 'NONE', #10333, #2139, #6032, .T. ) ;
#9833 = DIRECTION ( 'NONE',  ( 0.000000000000000000, 0.000000000000000000, -1.000000000000000000 ) ) ;
#9834 = VERTEX_POINT ( 'NONE', #12156 ) ;
#9835 =( GEOMETRIC_REPRESENTATION_CONTEXT ( 3 ) GLOBAL_UNCERTAINTY_ASSIGNED_CONTEXT ( ( #7678 ) ) GLOBAL_UNIT_ASSIGNED_CONTEXT ( ( #11239, #3771, #12106 ) ) REPRESENTATION_CONTEXT ( 'NONE', 'WORKASPACE' ) );
#9836 = CARTESIAN_POINT ( 'NONE',  ( -2.000000000000000000, 2.500000000000000000, 0.000000000000000000 ) ) ;
#9837 = DIRECTION ( 'NONE',  ( 1.000000000000000000, 0.000000000000000000, 0.000000000000000000 ) ) ;
#9838 = ORIENTED_EDGE ( 'NONE', *, *, #5375, .T. ) ;
#9839 = CARTESIAN_POINT ( 'NONE',  ( -0.6302730391908566432, 1.999084177282596809E-13, -0.7870467931649092197 ) ) ;
#9840 = ORIENTED_EDGE ( 'NONE', *, *, #11669, .F. ) ;
#9841 = VERTEX_POINT ( 'NONE', #7457 ) ;
#9842 = CARTESIAN_POINT ( 'NONE',  ( 5.500000000000000888, 2.500000000000000000, -21.00000000000000000 ) ) ;
#9843 = VERTEX_POINT ( 'NONE', #40 ) ;
#9844 =( GEOMETRIC_REPRESENTATION_CONTEXT ( 3 ) GLOBAL_UNCERTAINTY_ASSIGNED_CONTEXT ( ( #6802 ) ) GLOBAL_UNIT_ASSIGNED_CONTEXT ( ( #5547, #855, #7511 ) ) REPRESENTATION_CONTEXT ( 'NONE', 'WORKASPACE' ) );
#9845 = LINE ( 'NONE', #7747, #7040 ) ;
#9846 = CARTESIAN_POINT ( 'NONE',  ( -8.000000000000000000, 17.00000000000000000, -14.23219574315701408 ) ) ;
#9847 = CARTESIAN_POINT ( 'NONE',  ( 0.000000000000000000, 0.000000000000000000, -8.000000000000000000 ) ) ;
#9848 = ORIENTED_EDGE ( 'NONE', *, *, #822, .F. ) ;
#9849 = EDGE_CURVE ( 'NONE', #826, #5466, #1902, .T. ) ;
#9850 = EDGE_CURVE ( 'NONE', #9743, #8014, #6709, .T. ) ;
#9851 = CARTESIAN_POINT ( 'NONE',  ( -0.7263287850284133595, -0.2227272727272733011, -0.7092725651034398338 ) ) ;
#9852 = VECTOR ( 'NONE', #11499, 1000.000000000000000 ) ;
#9853 =( NAMED_UNIT ( * ) PLANE_ANGLE_UNIT ( ) SI_UNIT ( $, .RADIAN. ) );
#9854 = CARTESIAN_POINT ( 'NONE',  ( 0.000000000000000000, 0.000000000000000000, 0.000000000000000000 ) ) ;
#9855 = SURFACE_STYLE_USAGE ( .BOTH. , #2971 ) ;
#9856 = CARTESIAN_POINT ( 'NONE',  ( 0.6607522599941045849, -1.927915581583256932, -0.01710519872702329428 ) ) ;
#9857 = VERTEX_POINT ( 'NONE', #5670 ) ;
#9858 = DIRECTION ( 'NONE',  ( 0.000000000000000000, 0.000000000000000000, 1.000000000000000000 ) ) ;
#9859 = CARTESIAN_POINT ( 'NONE',  ( 1.000000000000000444, -1.732050807568876971, -1.600000000000000089 ) ) ;
#9860 = ORIENTED_EDGE ( 'NONE', *, *, #11625, .F. ) ;
#9861 = AXIS2_PLACEMENT_3D ( 'NONE', #8840, #6931, #9890 ) ;
#9862 = CARTESIAN_POINT ( 'NONE',  ( -8.000000000000000000, 17.00000000000000000, -8.732195743157015855 ) ) ;
#9863 = EDGE_LOOP ( 'NONE', ( #6164, #6996, #10123, #10895, #1512, #11325 ) ) ;
#9864 = CARTESIAN_POINT ( 'NONE',  ( 4.099999999999999645, 2.971690854684141847, -0.8999999999999992450 ) ) ;
#9865 = CARTESIAN_POINT ( 'NONE',  ( 0.000000000000000000, 0.000000000000000000, 0.000000000000000000 ) ) ;
#9866 = ORIENTED_EDGE ( 'NONE', *, *, #545, .T. ) ;
#9867 = LINE ( 'NONE', #5124, #10520 ) ;
#9868 = PRODUCT_DEFINITION_FORMATION_WITH_SPECIFIED_SOURCE ( 'ANY', '', #11987, .NOT_KNOWN. ) ;
#9869 = AXIS2_PLACEMENT_3D ( 'NONE', #8481, #31, #3807 ) ;
#9870 = DIRECTION ( 'NONE',  ( -1.000000000000000000, -0.000000000000000000, -0.000000000000000000 ) ) ;
#9871 = ORIENTED_EDGE ( 'NONE', *, *, #444, .F. ) ;
#9872 = EDGE_CURVE ( 'NONE', #6317, #3485, #8613, .T. ) ;
#9873 = ORIENTED_EDGE ( 'NONE', *, *, #8687, .F. ) ;
#9874 = ADVANCED_FACE ( 'NONE', ( #2769 ), #8786, .T. ) ;
#9875 = AXIS2_PLACEMENT_3D ( 'NONE', #2417, #11678, #9010 ) ;
#9876 = CARTESIAN_POINT ( 'NONE',  ( 1.949999999999999956, 7.500000000000000000, -2.616139535669826266 ) ) ;
#9877 = DIRECTION ( 'NONE',  ( 0.000000000000000000, 0.000000000000000000, 1.000000000000000000 ) ) ;
#9878 = VERTEX_POINT ( 'NONE', #10290 ) ;
#9879 = VECTOR ( 'NONE', #5270, 1000.000000000000000 ) ;
#9880 = CARTESIAN_POINT ( 'NONE',  ( 0.000000000000000000, 4.898598887637106556E-16, -2.000000000000000000 ) ) ;
#9881 = DIRECTION ( 'NONE',  ( -1.000000000000000000, -0.000000000000000000, -0.000000000000000000 ) ) ;
#9882 = CARTESIAN_POINT ( 'NONE',  ( -0.6592570625839797582, -1.928778834210483462, -1.600000000000000089 ) ) ;
#9883 = ORIENTED_EDGE ( 'NONE', *, *, #6787, .F. ) ;
#9884 = CARTESIAN_POINT ( 'NONE',  ( 0.000000000000000000, 0.000000000000000000, -1.600000000000000089 ) ) ;
#9885 = ADVANCED_FACE ( 'NONE', ( #1027 ), #6819, .T. ) ;
#9886 = UNCERTAINTY_MEASURE_WITH_UNIT (LENGTH_MEASURE( 1.000000000000000082E-05 ), #2034, 'distance_accuracy_value', 'NONE');
#9887 = B_SPLINE_CURVE_WITH_KNOTS ( 'NONE', 3,
 ( #5240, #9117, #4438, #2407, #8259, #6168 ),
 .UNSPECIFIED., .F., .F.,
 ( 4, 2, 4 ),
 ( 0.002060137505873420056, 0.002644210467598552029, 0.003228283429323684436 ),
 .UNSPECIFIED. ) ;
#9888 = ORIENTED_EDGE ( 'NONE', *, *, #2220, .T. ) ;
#9889 = LINE ( 'NONE', #11818, #10908 ) ;
#9890 = DIRECTION ( 'NONE',  ( 1.000000000000000000, 0.000000000000000000, 0.000000000000000000 ) ) ;
#9891 = CARTESIAN_POINT ( 'NONE',  ( -2.000000000000001776, 0.9000000000000003553, -4.099999999999888622 ) ) ;
#9892 = DIRECTION ( 'NONE',  ( 0.000000000000000000, -1.224649721909276639E-16, 1.000000000000000000 ) ) ;
#9893 = ORIENTED_EDGE ( 'NONE', *, *, #1595, .F. ) ;
#9894 = CARTESIAN_POINT ( 'NONE',  ( 11.50000000000000000, 7.500000000000000000, -0.6161395356698261550 ) ) ;
#9895 = EDGE_LOOP ( 'NONE', ( #8196, #11606 ) ) ;
#9896 = LINE ( 'NONE', #6257, #1202 ) ;
#9897 = EDGE_LOOP ( 'NONE', ( #11956, #9038, #6265, #3640, #9156 ) ) ;
#9898 = VERTEX_POINT ( 'NONE', #7564 ) ;
#9899 = CARTESIAN_POINT ( 'NONE',  ( 3.699999999999999289, 4.001000000000000334, -0.4999999999999991673 ) ) ;
#9900 = EDGE_CURVE ( 'NONE', #308, #5336, #5607, .T. ) ;
#9901 = DIRECTION ( 'NONE',  ( -1.000000000000000000, 0.000000000000000000, 0.000000000000000000 ) ) ;
#9902 = DIRECTION ( 'NONE',  ( -1.000000000000000000, 0.000000000000000000, 0.000000000000000000 ) ) ;
#9903 = CARTESIAN_POINT ( 'NONE',  ( 1.169735307079673214, 1.634054082335443692, 1.229256564702802973E-15 ) ) ;
#9904 = EDGE_LOOP ( 'NONE', ( #596, #3663, #5368, #3140, #2345, #8105 ) ) ;
#9905 = EDGE_LOOP ( 'NONE', ( #6304, #11620, #10876, #8758, #5477, #3277 ) ) ;
#9906 = CARTESIAN_POINT ( 'NONE',  ( 1.000000000000000444, -1.732050807568876971, 0.000000000000000000 ) ) ;
#9907 = DIRECTION ( 'NONE',  ( 1.000000000000000000, 0.000000000000000000, 0.000000000000000000 ) ) ;
#9908 = CARTESIAN_POINT ( 'NONE',  ( 4.000000000000000000, 9.199999999999999289, -18.50000000000000355 ) ) ;
#9909 = ADVANCED_FACE ( 'NONE', ( #4848 ), #11342, .T. ) ;
#9910 = EDGE_CURVE ( 'NONE', #3725, #3731, #8547, .T. ) ;
#9911 = PRODUCT_DEFINITION_SHAPE ( 'NONE', 'NONE',  #12224 ) ;
#9912 = CARTESIAN_POINT ( 'NONE',  ( 5.500000000000001776, -0.8000000000000194733, -4.099999999999890399 ) ) ;
#9913 = DIRECTION ( 'NONE',  ( 0.000000000000000000, 0.000000000000000000, -1.000000000000000000 ) ) ;
#9914 = ORIENTED_EDGE ( 'NONE', *, *, #10721, .T. ) ;
#9915 = FACE_OUTER_BOUND ( 'NONE', #7726, .T. ) ;
#9916 = ORIENTED_EDGE ( 'NONE', *, *, #9571, .F. ) ;
#9917 = ORIENTED_EDGE ( 'NONE', *, *, #5556, .F. ) ;
#9918 = CARTESIAN_POINT ( 'NONE',  ( 0.000000000000000000, 0.000000000000000000, 0.000000000000000000 ) ) ;
#9919 = CARTESIAN_POINT ( 'NONE',  ( 1.000000000000000000, 9.199999999999999289, -21.00000000000000000 ) ) ;
#9920 = ORIENTED_EDGE ( 'NONE', *, *, #8244, .F. ) ;
#9921 = CARTESIAN_POINT ( 'NONE',  ( -2.000000000000000000, 0.000000000000000000, -1.600000000000000089 ) ) ;
#9922 = AXIS2_PLACEMENT_3D ( 'NONE', #484, #6049, #5242 ) ;
#9923 = CARTESIAN_POINT ( 'NONE',  ( 3.500000000000000000, 2.500000000000000000, -18.00000000000000355 ) ) ;
#9924 = EDGE_CURVE ( 'NONE', #7551, #5155, #10370, .T. ) ;
#9925 = EDGE_CURVE ( 'NONE', #9095, #7765, #1085, .T. ) ;
#9926 = ORIENTED_EDGE ( 'NONE', *, *, #25, .T. ) ;
#9927 = CIRCLE ( 'NONE', #5398, 1.000000000000000000 ) ;
#9928 = ORIENTED_EDGE ( 'NONE', *, *, #776, .T. ) ;
#9929 = LINE ( 'NONE', #1485, #7865 ) ;
#9930 = DIRECTION ( 'NONE',  ( -0.000000000000000000, -0.000000000000000000, 1.000000000000000000 ) ) ;
#9931 = DIRECTION ( 'NONE',  ( 0.000000000000000000, -1.224649721909276639E-16, 1.000000000000000000 ) ) ;
#9932 = VERTEX_POINT ( 'NONE', #7633 ) ;
#9933 = DIRECTION ( 'NONE',  ( 0.000000000000000000, 1.000000000000000000, 0.000000000000000000 ) ) ;
#9934 = DIRECTION ( 'NONE',  ( -1.000000000000000000, -0.000000000000000000, -0.000000000000000000 ) ) ;
#9935 = ORIENTED_EDGE ( 'NONE', *, *, #3913, .F. ) ;
#9936 = DIRECTION ( 'NONE',  ( 0.000000000000000000, 0.000000000000000000, 1.000000000000000000 ) ) ;
#9937 = STYLED_ITEM ( 'NONE', ( #689 ), #5098 ) ;
#9938 = ORIENTED_EDGE ( 'NONE', *, *, #9947, .F. ) ;
#9939 = DIRECTION ( 'NONE',  ( 0.000000000000000000, 1.000000000000000000, 0.000000000000000000 ) ) ;
#9940 = CARTESIAN_POINT ( 'NONE',  ( 0.000000000000000000, 0.000000000000000000, 0.000000000000000000 ) ) ;
#9941 = B_SPLINE_CURVE_WITH_KNOTS ( 'NONE', 3,
 ( #1556, #5318, #9815, #7212 ),
 .UNSPECIFIED., .F., .F.,
 ( 4, 4 ),
 ( 2.380749485076534898E-07, 0.001168606431211099148 ),
 .UNSPECIFIED. ) ;
#9942 = DIRECTION ( 'NONE',  ( -0.000000000000000000, 0.000000000000000000, 1.000000000000000000 ) ) ;
#9943 = PLANE ( 'NONE',  #7713 ) ;
#9944 = CARTESIAN_POINT ( 'NONE',  ( 0.000000000000000000, 0.7740000000000005764, -3.200000000000000178 ) ) ;
#9945 = ORIENTED_EDGE ( 'NONE', *, *, #9236, .F. ) ;
#9946 = ADVANCED_FACE ( 'NONE', ( #6589 ), #11412, .F. ) ;
#9947 = EDGE_CURVE ( 'NONE', #11073, #4603, #11378, .T. ) ;
#9948 = PLANE ( 'NONE',  #4473 ) ;
#9949 = ORIENTED_EDGE ( 'NONE', *, *, #6248, .T. ) ;
#9950 = DIRECTION ( 'NONE',  ( -0.000000000000000000, -0.000000000000000000, 1.000000000000000000 ) ) ;
#9951 = ORIENTED_EDGE ( 'NONE', *, *, #1077, .T. ) ;
#9952 = CARTESIAN_POINT ( 'NONE',  ( 2.000000000000000000, 1.154700538379254349, -0.1786327949540832127 ) ) ;
#9953 = AXIS2_PLACEMENT_3D ( 'NONE', #11091, #12085, #2870 ) ;
#9954 = ORIENTED_EDGE ( 'NONE', *, *, #6063, .F. ) ;
#9955 = CARTESIAN_POINT ( 'NONE',  ( -0.8302646929203290060, 1.830047532802309806, 9.328656192427350549E-16 ) ) ;
#9956 = DIRECTION ( 'NONE',  ( 0.000000000000000000, -0.000000000000000000, 1.000000000000000000 ) ) ;
#9957 = COLOUR_RGB ( '',1.000000000000000000, 0.9490196078431372140, 0.9098039215686274384 ) ;
#9958 = CARTESIAN_POINT ( 'NONE',  ( -2.000000000000000000, 1.154700538379251240, -1.600000000000000089 ) ) ;
#9959 = ORIENTED_EDGE ( 'NONE', *, *, #4639, .F. ) ;
#9960 = ORIENTED_EDGE ( 'NONE', *, *, #9164, .F. ) ;
#9961 = DIRECTION ( 'NONE',  ( 1.000000000000000000, 0.000000000000000000, 0.000000000000000000 ) ) ;
#9962 = ADVANCED_FACE ( 'NONE', ( #856 ), #10968, .T. ) ;
#9963 = CONICAL_SURFACE ( 'NONE', #3075, 2.000000000000000000, 1.047197551196596299 ) ;
#9964 = CARTESIAN_POINT ( 'NONE',  ( 1.734723475976807094E-15, 0.9000000000000005773, -4.154700538379141328 ) ) ;
#9965 = DIRECTION ( 'NONE',  ( 0.000000000000000000, -1.000000000000000000, 0.000000000000000000 ) ) ;
#9966 = VECTOR ( 'NONE', #9620, 1000.000000000000000 ) ;
#9967 = AXIS2_PLACEMENT_3D ( 'NONE', #7785, #11457, #8708 ) ;
#9968 = VECTOR ( 'NONE', #8924, 1000.000000000000114 ) ;
#9969 = CARTESIAN_POINT ( 'NONE',  ( -0.6401492457481293696, 0.08760015849361395268, -0.7780656707404043360 ) ) ;
#9970 = DIRECTION ( 'NONE',  ( -1.000000000000000000, 0.000000000000000000, 0.000000000000000000 ) ) ;
#9971 = ADVANCED_FACE ( 'NONE', ( #11589 ), #6023, .F. ) ;
#9972 = AXIS2_PLACEMENT_3D ( 'NONE', #7943, #6837, #3329 ) ;
#9973 = CARTESIAN_POINT ( 'NONE',  ( -4.000000000000002665, 0.8999999999999995781, -22.15470053837915643 ) ) ;
#9974 = CARTESIAN_POINT ( 'NONE',  ( -2.000000000000000000, -1.154700538379254349, -0.1786327949540832127 ) ) ;
#9975 = CIRCLE ( 'NONE', #10383, 1.000000000000000000 ) ;
#9976 = CIRCLE ( 'NONE', #11568, 0.5000000000000000000 ) ;
#9977 = AXIS2_PLACEMENT_3D ( 'NONE', #10951, #2511, #10027 ) ;
#9978 = ORIENTED_EDGE ( 'NONE', *, *, #11493, .T. ) ;
#9979 =( GEOMETRIC_REPRESENTATION_CONTEXT ( 3 ) GLOBAL_UNCERTAINTY_ASSIGNED_CONTEXT ( ( #10489 ) ) GLOBAL_UNIT_ASSIGNED_CONTEXT ( ( #6929, #324, #9582 ) ) REPRESENTATION_CONTEXT ( 'NONE', 'WORKASPACE' ) );
#9980 = EDGE_CURVE ( 'NONE', #125, #3385, #9586, .T. ) ;
#9981 = CYLINDRICAL_SURFACE ( 'NONE', #8991, 4.000000000000000000 ) ;
#9982 = PLANE ( 'NONE',  #820 ) ;
#9983 = AXIS2_PLACEMENT_3D ( 'NONE', #11576, #6876, #10644 ) ;
#9984 = CARTESIAN_POINT ( 'NONE',  ( 1.224646799147353207E-16, 1.000000000000000444, -1.469518839163146184 ) ) ;
#9985 = ORIENTED_EDGE ( 'NONE', *, *, #9367, .T. ) ;
#9986 = CARTESIAN_POINT ( 'NONE',  ( 1.000000000000000000, 1.224646799147354933E-16, -2.930481160836854393 ) ) ;
#9987 = CARTESIAN_POINT ( 'NONE',  ( -0.1618549188749182355, 0.7758947459082954357, -0.6896119277998343788 ) ) ;
#9988 = ORIENTED_EDGE ( 'NONE', *, *, #1504, .T. ) ;
#9989 = VECTOR ( 'NONE', #8531, 1000.000000000000000 ) ;
#9990 = VERTEX_POINT ( 'NONE', #276 ) ;
#9991 = DIRECTION ( 'NONE',  ( 0.000000000000000000, 0.000000000000000000, 1.000000000000000000 ) ) ;
#9992 = DIRECTION ( 'NONE',  ( 1.000000000000000000, 0.000000000000000000, 0.000000000000000000 ) ) ;
#9993 = CARTESIAN_POINT ( 'NONE',  ( 3.499999999999996003, 0.8999999999999989120, -1.845299461620641512 ) ) ;
#9994 = EDGE_LOOP ( 'NONE', ( #4487, #703 ) ) ;
#9995 = ADVANCED_FACE ( 'NONE', ( #10593 ), #6053, .T. ) ;
#9996 = EDGE_CURVE ( 'NONE', #297, #588, #1317, .T. ) ;
#9997 = AXIS2_PLACEMENT_3D ( 'NONE', #10502, #3158, #8641 ) ;
#9998 = CARTESIAN_POINT ( 'NONE',  ( 0.6979409270859378012, 0.1959368193116776680, -0.7302995190835704920 ) ) ;
#9999 = CARTESIAN_POINT ( 'NONE',  ( -1.169735307079674547, -1.634054082335445690, -1.276902167985857268E-16 ) ) ;
#10000 = AXIS2_PLACEMENT_3D ( 'NONE', #2712, #978, #102 ) ;
#10001 = ORIENTED_EDGE ( 'NONE', *, *, #9731, .T. ) ;
#10002 = CARTESIAN_POINT ( 'NONE',  ( -5.000000000000000000, 0.000000000000000000, -18.00000000000000355 ) ) ;
#10003 = VECTOR ( 'NONE', #6269, 999.9999999999998863 ) ;
#10004 = VERTEX_POINT ( 'NONE', #3252 ) ;
#10005 = CARTESIAN_POINT ( 'NONE',  ( 0.8000000000000000444, 0.000000000000000000, 0.000000000000000000 ) ) ;
#10006 = CARTESIAN_POINT ( 'NONE',  ( 12.89085229047740278, 7.449738244684572130, 1043.367804256849922 ) ) ;
#10007 = CARTESIAN_POINT ( 'NONE',  ( -0.2776701573299248382, 0.5673746495327971484, -0.7871156299462379602 ) ) ;
#10008 = LINE ( 'NONE', #9086, #4169 ) ;
#10009 = VERTEX_POINT ( 'NONE', #9847 ) ;
#10010 = CLOSED_SHELL ( 'NONE', ( #7482, #399, #10907, #988, #11778, #3597, #6206, #2167, #4693, #5884, #9674, #4423, #4066, #11038, #7743, #5439, #99, #5747, #6971, #4392, #4808, #6933, #8036, #8298, #9259, #902 ) ) ;
#10011 = CARTESIAN_POINT ( 'NONE',  ( 0.000000000000000000, 0.000000000000000000, 0.000000000000000000 ) ) ;
#10012 = ORIENTED_EDGE ( 'NONE', *, *, #11851, .T. ) ;
#10013 = DIRECTION ( 'NONE',  ( 0.000000000000000000, 1.000000000000000000, 0.000000000000000000 ) ) ;
#10014 = CIRCLE ( 'NONE', #3328, 0.5000000000000000000 ) ;
#10015 = ORIENTED_EDGE ( 'NONE', *, *, #3605, .F. ) ;
#10016 = DIRECTION ( 'NONE',  ( -0.000000000000000000, 1.224649721909276639E-16, -1.000000000000000000 ) ) ;
#10017 = ORIENTED_EDGE ( 'NONE', *, *, #1159, .F. ) ;
#10018 = LINE ( 'NONE', #1636, #4663 ) ;
#10019 = AXIS2_PLACEMENT_3D ( 'NONE', #6496, #2789, #10254 ) ;
#10020 = ORIENTED_EDGE ( 'NONE', *, *, #4639, .T. ) ;
#10021 = FACE_BOUND ( 'NONE', #10088, .T. ) ;
#10022 = EDGE_CURVE ( 'NONE', #7100, #8896, #7877, .T. ) ;
#10023 = ADVANCED_FACE ( 'NONE', ( #2204 ), #11705, .T. ) ;
#10024 = DIRECTION ( 'NONE',  ( 1.000000000000000000, 0.000000000000000000, 0.000000000000000000 ) ) ;
#10025 = AXIS2_PLACEMENT_3D ( 'NONE', #11833, #2508, #591 ) ;
#10026 = STYLED_ITEM ( 'NONE', ( #8444 ), #3278 ) ;
#10027 = DIRECTION ( 'NONE',  ( 0.000000000000000000, 0.000000000000000000, 1.000000000000000000 ) ) ;
#10028 = VERTEX_POINT ( 'NONE', #5101 ) ;
#10029 = ORIENTED_EDGE ( 'NONE', *, *, #6755, .T. ) ;
#10030 = FACE_OUTER_BOUND ( 'NONE', #11113, .T. ) ;
#10031 = CARTESIAN_POINT ( 'NONE',  ( 3.499999999999999556, 0.8999999999999995781, -19.84529946162065528 ) ) ;
#10032 = AXIS2_PLACEMENT_3D ( 'NONE', #5485, #541, #2584 ) ;
#10033 = LINE ( 'NONE', #791, #2454 ) ;
#10034 = LINE ( 'NONE', #1594, #6416 ) ;
#10035 = CARTESIAN_POINT ( 'NONE',  ( 1.672282218993687231, 1.343908487461472401, -1.520662200187639090 ) ) ;
#10036 = EDGE_CURVE ( 'NONE', #12116, #5864, #8994, .T. ) ;
#10037 = DIRECTION ( 'NONE',  ( 1.000000000000000000, 0.000000000000000000, 1.665334536937734318E-16 ) ) ;
#10038 =( LENGTH_UNIT ( ) NAMED_UNIT ( * ) SI_UNIT ( .MILLI., .METRE. ) );
#10039 = FACE_OUTER_BOUND ( 'NONE', #11751, .T. ) ;
#10040 = EDGE_LOOP ( 'NONE', ( #1690, #2281, #939, #5828, #8399 ) ) ;
#10041 = ORIENTED_EDGE ( 'NONE', *, *, #2035, .F. ) ;
#10042 = FACE_OUTER_BOUND ( 'NONE', #3806, .T. ) ;
#10043 = ADVANCED_FACE ( 'NONE', ( #6824 ), #5852, .F. ) ;
#10044 = DIRECTION ( 'NONE',  ( -1.000000000000000000, 0.000000000000000000, 0.000000000000000000 ) ) ;
#10045 = DIRECTION ( 'NONE',  ( -0.000000000000000000, -0.000000000000000000, 1.000000000000000000 ) ) ;
#10046 = ORIENTED_EDGE ( 'NONE', *, *, #3089, .T. ) ;
#10047 = CARTESIAN_POINT ( 'NONE',  ( 11.50000000000000000, 7.500000000000000000, -0.6161395356698261550 ) ) ;
#10049 = CARTESIAN_POINT ( 'NONE',  ( 5.499999999999998224, -0.7999999999999847233, -19.89999999999990976 ) ) ;
#10048 =( REPRESENTATION_RELATIONSHIP ('NONE','NONE', #912, #1231 ) REPRESENTATION_RELATIONSHIP_WITH_TRANSFORMATION ( #4617 )SHAPE_REPRESENTATION_RELATIONSHIP( ) );
#10050 = AXIS2_PLACEMENT_3D ( 'NONE', #3606, #10935, #8097 ) ;
#10051 = VERTEX_POINT ( 'NONE', #11526 ) ;
#10052 = ORIENTED_EDGE ( 'NONE', *, *, #789, .F. ) ;
#10053 = EDGE_CURVE ( 'NONE', #9337, #1872, #5966, .T. ) ;
#10054 = CARTESIAN_POINT ( 'NONE',  ( -2.000000000000000000, 0.9679918988505297195, -0.1247346533081140629 ) ) ;
#10055 = PLANE ( 'NONE',  #10586 ) ;
#10056 = FACE_OUTER_BOUND ( 'NONE', #10256, .T. ) ;
#10057 = DIRECTION ( 'NONE',  ( -1.000000000000000000, -0.000000000000000000, -0.000000000000000000 ) ) ;
#10058 = ORIENTED_EDGE ( 'NONE', *, *, #9519, .T. ) ;
#10059 = VECTOR ( 'NONE', #5660, 1000.000000000000114 ) ;
#10060 = DIRECTION ( 'NONE',  ( -0.000000000000000000, 0.000000000000000000, -1.000000000000000000 ) ) ;
#10061 = DIRECTION ( 'NONE',  ( 0.000000000000000000, 0.000000000000000000, -1.000000000000000000 ) ) ;
#10062 = ORIENTED_EDGE ( 'NONE', *, *, #9536, .F. ) ;
#10063 = LINE ( 'NONE', #1165, #8780 ) ;
#10064 = ADVANCED_FACE ( 'NONE', ( #8724 ), #11477, .F. ) ;
#10065 = ADVANCED_FACE ( 'NONE', ( #8790 ), #329, .T. ) ;
#10066 = ORIENTED_EDGE ( 'NONE', *, *, #8262, .F. ) ;
#10067 = VECTOR ( 'NONE', #6187, 1000.000000000000227 ) ;
#10068 = DIRECTION ( 'NONE',  ( 1.000000000000000000, 0.000000000000000000, 0.000000000000000000 ) ) ;
#10069 = CARTESIAN_POINT ( 'NONE',  ( 6.840852290477398512, -7.050261755315429646, 1031.100000000006958 ) ) ;
#10070 = DIRECTION ( 'NONE',  ( 0.7423286577013631371, 0.4285836503510556117, -0.5150380749100561539 ) ) ;
#10071 = LINE ( 'NONE', #4402, #10067 ) ;
#10072 = ORIENTED_EDGE ( 'NONE', *, *, #2091, .F. ) ;
#10073 = EDGE_LOOP ( 'NONE', ( #2025, #9807, #6513 ) ) ;
#10074 = DIRECTION ( 'NONE',  ( -1.000000000000000000, 0.000000000000000000, 0.000000000000000000 ) ) ;
#10075 = ORIENTED_EDGE ( 'NONE', *, *, #10929, .T. ) ;
#10076 = CARTESIAN_POINT ( 'NONE',  ( 0.000000000000000000, 0.000000000000000000, 0.000000000000000000 ) ) ;
#10078 = ORIENTED_EDGE ( 'NONE', *, *, #8957, .F. ) ;
#10077 = AXIS2_PLACEMENT_3D ( 'NONE', #7611, #11512, #4104 ) ;
#10079 = CARTESIAN_POINT ( 'NONE',  ( 7.499999999999998224, 0.8999999999999998002, -19.84529946162064817 ) ) ;
#10080 = EDGE_LOOP ( 'NONE', ( #4669, #11040, #530 ) ) ;
#10081 = DIRECTION ( 'NONE',  ( 0.000000000000000000, 0.000000000000000000, 1.000000000000000000 ) ) ;
#10082 = VERTEX_POINT ( 'NONE', #5909 ) ;
#10083 = DIRECTION ( 'NONE',  ( -0.8660254037844383745, -0.5000000000000004441, 0.000000000000000000 ) ) ;
#10084 = CARTESIAN_POINT ( 'NONE',  ( 0.000000000000000000, 9.199999999999999289, -16.00000000000000355 ) ) ;
#10085 =( LENGTH_UNIT ( ) NAMED_UNIT ( * ) SI_UNIT ( .MILLI., .METRE. ) );
#10086 = DIRECTION ( 'NONE',  ( 0.000000000000000000, 0.000000000000000000, -1.000000000000000000 ) ) ;
#10087 = ORIENTED_EDGE ( 'NONE', *, *, #7347, .F. ) ;
#10088 = EDGE_LOOP ( 'NONE', ( #2594, #2044 ) ) ;
#10089 = DIRECTION ( 'NONE',  ( -0.000000000000000000, 1.000000000000000000, -0.000000000000000000 ) ) ;
#10090 = PRODUCT_DEFINITION_SHAPE ( 'NONE', 'NONE',  #2102 ) ;
#10091 = EDGE_CURVE ( 'NONE', #4391, #1411, #1764, .T. ) ;
#10092 = EDGE_CURVE ( 'NONE', #2228, #2148, #10139, .T. ) ;
#10093 = DIRECTION ( 'NONE',  ( 1.000000000000000000, 0.000000000000000000, 0.000000000000000000 ) ) ;
#10094 = FACE_OUTER_BOUND ( 'NONE', #2104, .T. ) ;
#10095 = B_SPLINE_CURVE_WITH_KNOTS ( 'NONE', 3,
 ( #1198, #11463, #4959, #2065, #6080, #7739 ),
 .UNSPECIFIED., .F., .F.,
 ( 4, 2, 4 ),
 ( 0.001168606431211103485, 0.001750609284260044515, 0.002332612137308985329 ),
 .UNSPECIFIED. ) ;
#10096 = CYLINDRICAL_SURFACE ( 'NONE', #11351, 1.500000000000001332 ) ;
#10097 = LINE ( 'NONE', #664, #10781 ) ;
#10098 = CARTESIAN_POINT ( 'NONE',  ( 2.000000000000000000, 0.3931374000439457617, -0.01723613881363322137 ) ) ;
#10099 = CARTESIAN_POINT ( 'NONE',  ( 1.500000000000000000, 9.199999999999999289, -18.50000000000000355 ) ) ;
#10100 = VERTEX_POINT ( 'NONE', #3948 ) ;
#10101 = CARTESIAN_POINT ( 'NONE',  ( 2.099999999999999645, 4.001000000000000334, 0.4999999999999991673 ) ) ;
#10102 = EDGE_CURVE ( 'NONE', #3774, #11988, #2081, .T. ) ;
#10103 = CARTESIAN_POINT ( 'NONE',  ( 0.000000000000000000, 5.058392604970359998E-16, -1.730481160836854215 ) ) ;
#10104 = EDGE_CURVE ( 'NONE', #10371, #1918, #4122, .T. ) ;
#10105 = LINE ( 'NONE', #9984, #10516 ) ;
#10107 = ORIENTED_EDGE ( 'NONE', *, *, #5024, .F. ) ;
#10106 = CARTESIAN_POINT ( 'NONE',  ( 0.000000000000000000, 7.500000000000000000, -2.616139535669826266 ) ) ;
#10108 = CARTESIAN_POINT ( 'NONE',  ( -8.000000000000000000, 17.00000000000000000, -3.232195743157015411 ) ) ;
#10109 = CARTESIAN_POINT ( 'NONE',  ( 5.500000000000001776, 0.2999999999999825584, -4.099999999999890399 ) ) ;
#10110 = VERTEX_POINT ( 'NONE', #9160 ) ;
#10111 = ORIENTED_EDGE ( 'NONE', *, *, #1122, .F. ) ;
#10112 = CARTESIAN_POINT ( 'NONE',  ( -2.000000000000000000, 0.1952413320394012219, -1.600000000000000089 ) ) ;
#10113 = VECTOR ( 'NONE', #11416, 1000.000000000000000 ) ;
#10114 = CARTESIAN_POINT ( 'NONE',  ( 0.8000000000000000444, 11.70000000000000107, -0.7999999999999994893 ) ) ;
#10115 = CARTESIAN_POINT ( 'NONE',  ( 1.000000000000000444, 1.224646799147353947E-16, 0.000000000000000000 ) ) ;
#10116 = CARTESIAN_POINT ( 'NONE',  ( -21.50000000000000000, 0.000000000000000000, -0.5000000000000000000 ) ) ;
#10117 = ORIENTED_EDGE ( 'NONE', *, *, #385, .F. ) ;
#10118 = VECTOR ( 'NONE', #2015, 1000.000000000000227 ) ;
#10119 = ADVANCED_FACE ( 'NONE', ( #1698, #3564 ), #4420, .T. ) ;
#10120 = DIRECTION ( 'NONE',  ( 0.8660254037844383745, 0.5000000000000005551, 0.000000000000000000 ) ) ;
#10121 = CYLINDRICAL_SURFACE ( 'NONE', #6399, 11.00000000000000000 ) ;
#10122 = ORIENTED_EDGE ( 'NONE', *, *, #7886, .T. ) ;
#10123 = ORIENTED_EDGE ( 'NONE', *, *, #4282, .F. ) ;
#10124 = FACE_OUTER_BOUND ( 'NONE', #1723, .T. ) ;
#10125 = VECTOR ( 'NONE', #1847, 1000.000000000000000 ) ;
#10126 = EDGE_CURVE ( 'NONE', #5510, #11471, #717, .T. ) ;
#10127 = ORIENTED_EDGE ( 'NONE', *, *, #1655, .T. ) ;
#10128 = DIRECTION ( 'NONE',  ( 0.000000000000000000, 0.000000000000000000, 1.000000000000000000 ) ) ;
#10129 = LINE ( 'NONE', #4532, #4285 ) ;
#10130 = LINE ( 'NONE', #1935, #4569 ) ;
#10131 = ORIENTED_EDGE ( 'NONE', *, *, #8581, .F. ) ;
#10132 = EDGE_LOOP ( 'NONE', ( #7123, #8558, #7868, #47 ) ) ;
#10133 = DIRECTION ( 'NONE',  ( -0.000000000000000000, -0.000000000000000000, -1.000000000000000000 ) ) ;
#10134 = ADVANCED_FACE ( 'NONE', ( #528 ), #2578, .T. ) ;
#10135 = CARTESIAN_POINT ( 'NONE',  ( 1.999999999999999556, 0.9679918988505321620, -1.475265346691885027 ) ) ;
#10136 = EDGE_LOOP ( 'NONE', ( #1450, #2286, #9737, #2539, #8598, #5715 ) ) ;
#10137 = MECHANICAL_DESIGN_GEOMETRIC_PRESENTATION_REPRESENTATION (  '', ( #687 ), #10933 ) ;
#10138 = ORIENTED_EDGE ( 'NONE', *, *, #5635, .F. ) ;
#10139 = B_SPLINE_CURVE_WITH_KNOTS ( 'NONE', 3,
 ( #9665, #10711, #1211, #9780, #6095, #8914 ),
 .UNSPECIFIED., .F., .F.,
 ( 4, 2, 4 ),
 ( 0.001168606431211103485, 0.001750609284260044515, 0.002332612137308985329 ),
 .UNSPECIFIED. ) ;
#10140 = CARTESIAN_POINT ( 'NONE',  ( 4.099999999999999645, 2.971690854684141847, 0.3999999999999968026 ) ) ;
#10141 = ORIENTED_EDGE ( 'NONE', *, *, #10150, .T. ) ;
#10142 = CARTESIAN_POINT ( 'NONE',  ( -0.6607522599941050290, 1.927915581583253601, -0.01710519872702210772 ) ) ;
#10143 =( LENGTH_UNIT ( ) NAMED_UNIT ( * ) SI_UNIT ( .MILLI., .METRE. ) );
#10144 =( NAMED_UNIT ( * ) PLANE_ANGLE_UNIT ( ) SI_UNIT ( $, .RADIAN. ) );
#10145 = AXIS2_PLACEMENT_3D ( 'NONE', #4095, #8702, #2986 ) ;
#10146 = DIRECTION ( 'NONE',  ( 0.000000000000000000, 0.000000000000000000, -1.000000000000000000 ) ) ;
#10147 = ORIENTED_EDGE ( 'NONE', *, *, #11045, .T. ) ;
#10148 = DIRECTION ( 'NONE',  ( -0.000000000000000000, -0.000000000000000000, -1.000000000000000000 ) ) ;
#10149 = EDGE_CURVE ( 'NONE', #2792, #10303, #2899, .T. ) ;
#10150 = EDGE_CURVE ( 'NONE', #10386, #11135, #3497, .T. ) ;
#10151 = LINE ( 'NONE', #11464, #4057 ) ;
#10152 = DIRECTION ( 'NONE',  ( -1.000000000000000000, 0.000000000000000000, 0.000000000000000000 ) ) ;
#10153 = DIRECTION ( 'NONE',  ( 0.000000000000000000, 0.000000000000000000, -1.000000000000000000 ) ) ;
#10154 = EDGE_LOOP ( 'NONE', ( #1153, #2626, #7262, #2354 ) ) ;
#10155 = CARTESIAN_POINT ( 'NONE',  ( -0.6980152358658302525, 0.1960069466848041453, -0.7302444783934787242 ) ) ;
#10156 = AXIS2_PLACEMENT_3D ( 'NONE', #11714, #1163, #3071 ) ;
#10157 = PRESENTATION_LAYER_ASSIGNMENT (  '', '', ( #9768 ) ) ;
#10158 = CARTESIAN_POINT ( 'NONE',  ( 1.000000000000000000, 1.224646799147353207E-16, -1.000000000000000000 ) ) ;
#10159 = CARTESIAN_POINT ( 'NONE',  ( 4.000000000000000000, 9.199999999999999289, -20.00000000000000355 ) ) ;
#10160 = AXIS2_PLACEMENT_3D ( 'NONE', #11561, #6926, #3110 ) ;
#10161 =( NAMED_UNIT ( * ) PLANE_ANGLE_UNIT ( ) SI_UNIT ( $, .RADIAN. ) );
#10162 = PRODUCT_DEFINITION ( 'UNKNOWN', '', #1993, #6927 ) ;
#10163 = DIRECTION ( 'NONE',  ( 0.000000000000000000, 1.000000000000000000, 0.000000000000000000 ) ) ;
#10164 = ITEM_DEFINED_TRANSFORMATION ( 'NONE', 'NONE', #8088,  #8058 ) ;
#10165 = CONICAL_SURFACE ( 'NONE', #3469, 2.000000000000000000, 1.047197551196595855 ) ;
#10166 = ORIENTED_EDGE ( 'NONE', *, *, #9078, .T. ) ;
#10167 = CARTESIAN_POINT ( 'NONE',  ( 4.000000000000000000, 9.199999999999999289, -18.50000000000000355 ) ) ;
#10168 = AXIS2_PLACEMENT_3D ( 'NONE', #6722, #3772, #9546 ) ;
#10169 = FILL_AREA_STYLE_COLOUR ( '', #6539 ) ;
#10170 = CARTESIAN_POINT ( 'NONE',  ( 0.6607522599941045849, -1.927915581583256932, -1.582894801272977103 ) ) ;
#10172 = ORIENTED_EDGE ( 'NONE', *, *, #1747, .T. ) ;
#10171 = CARTESIAN_POINT ( 'NONE',  ( -1.000000000000001776, -1.732050807568876527, -1.600000000000000089 ) ) ;
#10173 = CARTESIAN_POINT ( 'NONE',  ( 1.500000000000000000, 9.199999999999999289, -18.50000000000000355 ) ) ;
#10174 = VECTOR ( 'NONE', #4008, 1000.000000000000000 ) ;
#10175 = CARTESIAN_POINT ( 'NONE',  ( -0.6302730391922004571, 0.000000000000000000, 0.000000000000000000 ) ) ;
#10176 = VECTOR ( 'NONE', #778, 1000.000000000000000 ) ;
#10177 = DIRECTION ( 'NONE',  ( -1.000000000000000000, 0.000000000000000000, 0.000000000000000000 ) ) ;
#10178 = ORIENTED_EDGE ( 'NONE', *, *, #628, .F. ) ;
#10179 = VERTEX_POINT ( 'NONE', #3383 ) ;
#10180 = DIRECTION ( 'NONE',  ( 0.000000000000000000, 1.000000000000000000, 0.000000000000000000 ) ) ;
#10181 = AXIS2_PLACEMENT_3D ( 'NONE', #6387, #10894, #10146 ) ;
#10182 = EDGE_CURVE ( 'NONE', #9114, #3905, #10772, .T. ) ;
#10183 = CARTESIAN_POINT ( 'NONE',  ( -0.5560518688116490305, -0.5176555429708573630, 0.000000000000000000 ) ) ;
#10184 =( GEOMETRIC_REPRESENTATION_CONTEXT ( 3 ) GLOBAL_UNCERTAINTY_ASSIGNED_CONTEXT ( ( #5100 ) ) GLOBAL_UNIT_ASSIGNED_CONTEXT ( ( #6587, #12155, #12092 ) ) REPRESENTATION_CONTEXT ( 'NONE', 'WORKASPACE' ) );
#10185 = ADVANCED_FACE ( 'NONE', ( #7071 ), #1456, .F. ) ;
#10186 = CARTESIAN_POINT ( 'NONE',  ( -0.000000000000000000, 2.500000000000000000, -18.00000000000000355 ) ) ;
#10187 = ORIENTED_EDGE ( 'NONE', *, *, #119, .T. ) ;
#10188 = AXIS2_PLACEMENT_3D ( 'NONE', #10941, #1576, #2433 ) ;
#10189 = AXIS2_PLACEMENT_3D ( 'NONE', #10904, #8307, #8121 ) ;
#10190 = AXIS2_PLACEMENT_3D ( 'NONE', #8595, #9765, #9652 ) ;
#10191 = CARTESIAN_POINT ( 'NONE',  ( 1.000000000000000000, 1.224646799147354933E-16, -3.069518839163146939 ) ) ;
#10192 = PRESENTATION_LAYER_ASSIGNMENT (  '', '', ( #3298 ) ) ;
#10193 = CARTESIAN_POINT ( 'NONE',  ( 0.000000000000000000, 0.000000000000000000, 0.000000000000000000 ) ) ;
#10194 = VERTEX_POINT ( 'NONE', #8975 ) ;
#10195 = ORIENTED_EDGE ( 'NONE', *, *, #11125, .T. ) ;
#10196 = DIRECTION ( 'NONE',  ( -0.000000000000000000, 0.000000000000000000, 1.000000000000000000 ) ) ;
#10197 = AXIS2_PLACEMENT_3D ( 'NONE', #6570, #2801, #8467 ) ;
#10198 = ORIENTED_EDGE ( 'NONE', *, *, #9094, .T. ) ;
#10199 = EDGE_CURVE ( 'NONE', #8970, #2099, #10385, .T. ) ;
#10200 = CARTESIAN_POINT ( 'NONE',  ( -2.000000000000000000, 1.154700538379251240, -1.600000000000000089 ) ) ;
#10201 = DIRECTION ( 'NONE',  ( -1.000000000000000000, 2.317953133304866666E-29, 8.163098329226923055E-30 ) ) ;
#10202 = PRODUCT_DEFINITION_SHAPE ( 'NONE', 'NONE',  #3399 ) ;
#10203 = VECTOR ( 'NONE', #6296, 1000.000000000000000 ) ;
#10204 = CARTESIAN_POINT ( 'NONE',  ( 0.1618549188749228984, -0.7758947459082953246, -0.6896119277998337127 ) ) ;
#10205 = LINE ( 'NONE', #3730, #1413 ) ;
#10207 = EDGE_LOOP ( 'NONE', ( #7349, #11679, #11581, #5254, #2341, #10399 ) ) ;
#10206 = B_SPLINE_CURVE_WITH_KNOTS ( 'NONE', 3,
 ( #3079, #10609, #3402, #551, #10912, #2194 ),
 .UNSPECIFIED., .F., .F.,
 ( 4, 2, 4 ),
 ( 0.003228283429323685737, 0.003812703409393315007, 0.004397123389462943843 ),
 .UNSPECIFIED. ) ;
#10208 = FACE_OUTER_BOUND ( 'NONE', #9897, .T. ) ;
#10210 = CARTESIAN_POINT ( 'NONE',  ( 2.000000000000000000, 0.3931374000439454286, -1.582763861186367027 ) ) ;
#10209 = VECTOR ( 'NONE', #11981, 1000.000000000000000 ) ;
#10211 = EDGE_CURVE ( 'NONE', #12142, #11849, #7635, .T. ) ;
#10212 = ORIENTED_EDGE ( 'NONE', *, *, #1287, .F. ) ;
#10213 = CIRCLE ( 'NONE', #6855, 0.7740000000000000213 ) ;
#10214 = ORIENTED_EDGE ( 'NONE', *, *, #5637, .F. ) ;
#10215 = CARTESIAN_POINT ( 'NONE',  ( -0.9526279441628797695, -0.5499999999999987121, -0.2999999999999842792 ) ) ;
#10216 = SHAPE_REPRESENTATION ( 'Maxon_DCX8M', ( #8058 ), #3350 ) ;
#10217 = CARTESIAN_POINT ( 'NONE',  ( -1.000000000000001776, -1.732050807568876527, -1.600000000000000089 ) ) ;
#10218 = DIRECTION ( 'NONE',  ( 1.000000000000000000, -0.000000000000000000, -0.000000000000000000 ) ) ;
#10219 = EDGE_CURVE ( 'NONE', #297, #1436, #12066, .T. ) ;
#10220 = PRESENTATION_STYLE_ASSIGNMENT (( #8414 ) ) ;
#10221 = CIRCLE ( 'NONE', #10607, 1.000000000000000000 ) ;
#10222 = CARTESIAN_POINT ( 'NONE',  ( 0.3277177810063108265, -2.120193127676285982, -1.520662200187636870 ) ) ;
#10223 = ORIENTED_EDGE ( 'NONE', *, *, #4177, .T. ) ;
#10224 = VERTEX_POINT ( 'NONE', #7128 ) ;
#10225 = DIRECTION ( 'NONE',  ( 1.000000000000000000, 0.000000000000000000, 0.000000000000000000 ) ) ;
#10226 = CARTESIAN_POINT ( 'NONE',  ( 2.000000000000000000, -0.1951254011572750025, 8.046812998915848599E-18 ) ) ;
#10227 = AXIS2_PLACEMENT_3D ( 'NONE', #2744, #1757, #5526 ) ;
#10228 =( REPRESENTATION_RELATIONSHIP ('NONE','NONE', #912, #1707 ) REPRESENTATION_RELATIONSHIP_WITH_TRANSFORMATION ( #9309 )SHAPE_REPRESENTATION_RELATIONSHIP( ) );
#10229 = DIRECTION ( 'NONE',  ( -0.000000000000000000, 0.000000000000000000, -1.000000000000000000 ) ) ;
#10230 = AXIS2_PLACEMENT_3D ( 'NONE', #6976, #8947, #6126 ) ;
#10231 = LINE ( 'NONE', #9413, #10534 ) ;
#10232 = CARTESIAN_POINT ( 'NONE',  ( 5.500000000000000888, 0.000000000000000000, -6.000000000000000000 ) ) ;
#10233 = EDGE_LOOP ( 'NONE', ( #6018, #6449, #5748, #405 ) ) ;
#10234 = DIRECTION ( 'NONE',  ( 0.000000000000000000, 0.000000000000000000, 1.000000000000000000 ) ) ;
#10235 = CARTESIAN_POINT ( 'NONE',  ( 5.499999999999998224, 0.8999999999999989120, -0.6905989232413869416 ) ) ;
#10236 = FACE_BOUND ( 'NONE', #8532, .T. ) ;
#10237 = EDGE_CURVE ( 'NONE', #1876, #5595, #12172, .T. ) ;
#10238 = EDGE_CURVE ( 'NONE', #1381, #2317, #11769, .T. ) ;
#10239 = DIRECTION ( 'NONE',  ( -0.000000000000000000, 0.000000000000000000, -1.000000000000000000 ) ) ;
#10240 = CARTESIAN_POINT ( 'NONE',  ( -4.000000000000003553, 2.500000000000000000, -19.84529946162065883 ) ) ;
#10241 = CARTESIAN_POINT ( 'NONE',  ( 0.000000000000000000, 0.000000000000000000, 0.000000000000000000 ) ) ;
#10242 = DIRECTION ( 'NONE',  ( 1.000000000000000000, 0.000000000000000000, 0.000000000000000000 ) ) ;
#10244 = ORIENTED_EDGE ( 'NONE', *, *, #7030, .F. ) ;
#10243 = FACE_OUTER_BOUND ( 'NONE', #2404, .T. ) ;
#10245 = DIRECTION ( 'NONE',  ( -1.000000000000000000, -8.881784197001252323E-16, 0.000000000000000000 ) ) ;
#10246 = PLANE ( 'NONE',  #4640 ) ;
#10247 = EDGE_LOOP ( 'NONE', ( #12014, #2811, #8622, #6073 ) ) ;
#10248 = CARTESIAN_POINT ( 'NONE',  ( -0.1631781751318187312, 2.215190113420277385, -1.475759930090788874 ) ) ;
#10249 = FACE_OUTER_BOUND ( 'NONE', #2503, .T. ) ;
#10250 = ORIENTED_EDGE ( 'NONE', *, *, #9925, .F. ) ;
#10251 = DIRECTION ( 'NONE',  ( -0.000000000000000000, 1.224649721909276639E-16, -1.000000000000000000 ) ) ;
#10252 = CARTESIAN_POINT ( 'NONE',  ( -1.836821824868181352, -1.248911501717480554, -1.475759930090788652 ) ) ;
#10253 = ADVANCED_FACE ( 'NONE', ( #6328 ), #4362, .F. ) ;
#10254 = DIRECTION ( 'NONE',  ( 0.000000000000000000, 1.000000000000000000, 2.168404344971008868E-16 ) ) ;
#10255 = EDGE_CURVE ( 'NONE', #10882, #8087, #3088, .T. ) ;
#10256 = EDGE_LOOP ( 'NONE', ( #7064, #1069, #5503, #3308, #9192 ) ) ;
#10257 = EDGE_LOOP ( 'NONE', ( #8191, #2011, #3441, #341, #3053 ) ) ;
#10258 = CYLINDRICAL_SURFACE ( 'NONE', #5046, 1.000000000000000000 ) ;
#10259 = ORIENTED_EDGE ( 'NONE', *, *, #2748, .T. ) ;
#10260 = CARTESIAN_POINT ( 'NONE',  ( 15.89085229047732994, -0.3502617553153867802, 1033.600000000004911 ) ) ;
#10261 =( GEOMETRIC_REPRESENTATION_CONTEXT ( 3 ) GLOBAL_UNCERTAINTY_ASSIGNED_CONTEXT ( ( #147 ) ) GLOBAL_UNIT_ASSIGNED_CONTEXT ( ( #5579, #4465, #11132 ) ) REPRESENTATION_CONTEXT ( 'NONE', 'WORKASPACE' ) );
#10262 = DIRECTION ( 'NONE',  ( -0.000000000000000000, 1.000000000000000000, 0.000000000000000000 ) ) ;
#10263 = CARTESIAN_POINT ( 'NONE',  ( 0.000000000000000000, 0.000000000000000000, 0.000000000000000000 ) ) ;
#10264 = ORIENTED_EDGE ( 'NONE', *, *, #4711, .F. ) ;
#10265 = CARTESIAN_POINT ( 'NONE',  ( 3.000000000000000000, 0.000000000000000000, 4.000000000000000000 ) ) ;
#10266 = CARTESIAN_POINT ( 'NONE',  ( 1.500000000000000000, 9.199999999999999289, -21.00000000000000000 ) ) ;
#10267 = VERTEX_POINT ( 'NONE', #10329 ) ;
#10268 = EDGE_CURVE ( 'NONE', #7922, #3423, #11146, .T. ) ;
#10269 = PLANE ( 'NONE',  #12176 ) ;
#10270 = ORIENTED_EDGE ( 'NONE', *, *, #8258, .F. ) ;
#10271 = VECTOR ( 'NONE', #1931, 1000.000000000000000 ) ;
#10272 = CARTESIAN_POINT ( 'NONE',  ( 0.000000000000000000, 0.7740000000000005764, -2.799999999999999822 ) ) ;
#10273 = EDGE_CURVE ( 'NONE', #6616, #5543, #1166, .T. ) ;
#10274 = CARTESIAN_POINT ( 'NONE',  ( -0.7031736419009444461, 0.5008220267742898857, -0.6474136226492667179 ) ) ;
#10275 = FACE_OUTER_BOUND ( 'NONE', #10523, .T. ) ;
#10276 = SURFACE_STYLE_USAGE ( .BOTH. , #5401 ) ;
#10277 = CARTESIAN_POINT ( 'NONE',  ( 0.000000000000000000, 1.000000000000000444, -2.930481160836854393 ) ) ;
#10278 = ORIENTED_EDGE ( 'NONE', *, *, #10842, .T. ) ;
#10279 = ORIENTED_EDGE ( 'NONE', *, *, #2192, .T. ) ;
#10280 = CARTESIAN_POINT ( 'NONE',  ( 0.1631781751318165108, -2.215190113420280937, -1.475759930090786654 ) ) ;
#10281 = CARTESIAN_POINT ( 'NONE',  ( 2.000000000000000000, 0.1952413320394014717, -1.143494478793305150E-17 ) ) ;
#10282 = VECTOR ( 'NONE', #8219, 1000.000000000000000 ) ;
#10283 = DIRECTION ( 'NONE',  ( 0.000000000000000000, 0.000000000000000000, 1.000000000000000000 ) ) ;
#10284 = EDGE_CURVE ( 'NONE', #9660, #8959, #11569, .T. ) ;
#10285 = CARTESIAN_POINT ( 'NONE',  ( 0.000000000000000000, 4.738805170303855086E-16, -3.469518839163146406 ) ) ;
#10286 = CARTESIAN_POINT ( 'NONE',  ( -4.000000000000003553, 2.500000000000000000, -22.15470053837915643 ) ) ;
#10287 = ORIENTED_EDGE ( 'NONE', *, *, #6150, .T. ) ;
#10288 = PLANE ( 'NONE',  #1089 ) ;
#10289 = FACE_OUTER_BOUND ( 'NONE', #10296, .T. ) ;
#10290 = CARTESIAN_POINT ( 'NONE',  ( 1.224646799147353454E-16, 1.000000000000000666, -3.469518839163146406 ) ) ;
#10291 = CARTESIAN_POINT ( 'NONE',  ( 8.500000000000000000, 2.500000000000000000, -6.000000000000000000 ) ) ;
#10292 = CYLINDRICAL_SURFACE ( 'NONE', #931, 3.499999999999997780 ) ;
#10293 = ORIENTED_EDGE ( 'NONE', *, *, #10104, .T. ) ;
#10294 = EDGE_CURVE ( 'NONE', #6850, #12142, #5062, .T. ) ;
#10295 = CARTESIAN_POINT ( 'NONE',  ( 2.000000000000000000, 0.1952413320394014717, -1.143494478793305150E-17 ) ) ;
#10296 = EDGE_LOOP ( 'NONE', ( #8614, #4133, #12015, #9599 ) ) ;
#10297 = CARTESIAN_POINT ( 'NONE',  ( 0.9526279441628809908, -0.5500000000000001554, -3.300000000000018030 ) ) ;
#10298 = DIRECTION ( 'NONE',  ( 0.000000000000000000, -1.224649721909276639E-16, 1.000000000000000000 ) ) ;
#10299 = PRODUCT ( 'Rolamento', 'Rolamento', '', ( #5875 ) ) ;
#10300 = EDGE_LOOP ( 'NONE', ( #5504, #5189, #5057, #1042 ) ) ;
#10301 = DIRECTION ( 'NONE',  ( -0.8660254037844383745, -0.5000000000000004441, 0.000000000000000000 ) ) ;
#10302 = CARTESIAN_POINT ( 'NONE',  ( -1.000000000000000000, 9.629649721936179265E-32, -2.530481160836854482 ) ) ;
#10303 = VERTEX_POINT ( 'NONE', #6700 ) ;
#10304 = ORIENTED_EDGE ( 'NONE', *, *, #8838, .T. ) ;
#10305 = EDGE_CURVE ( 'NONE', #7100, #10411, #9404, .T. ) ;
#10306 = LINE ( 'NONE', #3776, #2672 ) ;
#10307 = VERTEX_POINT ( 'NONE', #3860 ) ;
#10308 = ADVANCED_FACE ( 'NONE', ( #4723 ), #8475, .F. ) ;
#10309 = CARTESIAN_POINT ( 'NONE',  ( 1.169735307079673214, 1.634054082335443692, -1.600000000000000977 ) ) ;
#10310 = DIRECTION ( 'NONE',  ( -1.000000000000000000, 0.000000000000000000, 0.000000000000000000 ) ) ;
#10311 = ORIENTED_EDGE ( 'NONE', *, *, #6337, .F. ) ;
#10312 = AXIS2_PLACEMENT_3D ( 'NONE', #8373, #7518, #11233 ) ;
#10313 = ORIENTED_EDGE ( 'NONE', *, *, #3064, .T. ) ;
#10314 = APPLICATION_PROTOCOL_DEFINITION ( 'draft international standard', 'automotive_design', 1998, #5880 ) ;
#10315 = DIRECTION ( 'NONE',  ( 0.000000000000000000, 0.000000000000000000, -1.000000000000000000 ) ) ;
#10316 = DIRECTION ( 'NONE',  ( 1.000000000000000000, 0.000000000000000000, 0.000000000000000000 ) ) ;
#10317 = ORIENTED_EDGE ( 'NONE', *, *, #755, .F. ) ;
#10318 = CARTESIAN_POINT ( 'NONE',  ( 0.000000000000000000, 0.000000000000000000, -2.500000000000000000 ) ) ;
#10319 = COLOUR_RGB ( '',1.000000000000000000, 0.8705882352941176627, 0.5294117647058823595 ) ;
#10320 = LINE ( 'NONE', #10266, #10991 ) ;
#10321 = LINE ( 'NONE', #6495, #6380 ) ;
#10322 = DIRECTION ( 'NONE',  ( 1.000000000000000000, 0.000000000000000000, 0.000000000000000000 ) ) ;
#10323 = AXIS2_PLACEMENT_3D ( 'NONE', #9316, #11983, #12047 ) ;
#10324 = EDGE_LOOP ( 'NONE', ( #10270, #1925, #9509 ) ) ;
#10325 = CARTESIAN_POINT ( 'NONE',  ( 3.000000000000000000, 2.449293598294706414E-16, -2.000000000000000000 ) ) ;
#10326 = VECTOR ( 'NONE', #2640, 1000.000000000000000 ) ;
#10327 = CARTESIAN_POINT ( 'NONE',  ( 0.000000000000000000, 0.000000000000000000, 0.000000000000000000 ) ) ;
#10328 = DIRECTION ( 'NONE',  ( 0.000000000000000000, 0.000000000000000000, 1.000000000000000000 ) ) ;
#10329 = CARTESIAN_POINT ( 'NONE',  ( 2.000000000000000000, 0.000000000000000000, -1.600000000000000089 ) ) ;
#10330 = EDGE_CURVE ( 'NONE', #4837, #2279, #1773, .T. ) ;
#10331 = VERTEX_POINT ( 'NONE', #8296 ) ;
#10332 = EDGE_CURVE ( 'NONE', #3545, #9252, #11974, .T. ) ;
#10333 = VERTEX_POINT ( 'NONE', #10277 ) ;
#10334 = CARTESIAN_POINT ( 'NONE',  ( -21.50000000000000000, 0.000000000000000000, 0.000000000000000000 ) ) ;
#10335 = DIRECTION ( 'NONE',  ( 0.000000000000000000, 0.000000000000000000, -1.000000000000000000 ) ) ;
#10336 = VECTOR ( 'NONE', #3473, 1000.000000000000000 ) ;
#10337 = DIRECTION ( 'NONE',  ( 0.000000000000000000, 0.000000000000000000, 1.000000000000000000 ) ) ;
#10338 = DIRECTION ( 'NONE',  ( -0.8660254037844380415, 0.5000000000000008882, 0.000000000000000000 ) ) ;
#10339 = VERTEX_POINT ( 'NONE', #9231 ) ;
#10340 = DIRECTION ( 'NONE',  ( 0.000000000000000000, -1.000000000000000000, -2.168404344971008868E-16 ) ) ;
#10341 = CARTESIAN_POINT ( 'NONE',  ( -2.000000000000000000, -1.154700538379254349, -0.1786327949540832127 ) ) ;
#10342 = DIRECTION ( 'NONE',  ( -0.000000000000000000, 0.000000000000000000, -1.000000000000000000 ) ) ;
#10343 = AXIS2_PLACEMENT_3D ( 'NONE', #159, #10873, #2420 ) ;
#10344 = DIRECTION ( 'NONE',  ( 0.000000000000000000, 0.000000000000000000, -1.000000000000000000 ) ) ;
#10345 = EDGE_CURVE ( 'NONE', #2993, #1616, #8369, .T. ) ;
#10346 = PLANE ( 'NONE',  #3713 ) ;
#10347 = DIRECTION ( 'NONE',  ( -1.000000000000000000, -0.000000000000000000, -0.000000000000000000 ) ) ;
#10348 = ORIENTED_EDGE ( 'NONE', *, *, #4513, .T. ) ;
#10349 = DIRECTION ( 'NONE',  ( 0.000000000000000000, -1.000000000000000000, 0.000000000000000000 ) ) ;
#10350 = DIRECTION ( 'NONE',  ( 0.000000000000000000, -1.000000000000000000, -0.000000000000000000 ) ) ;
#10351 = AXIS2_PLACEMENT_3D ( 'NONE', #3779, #11434, #9444 ) ;
#10352 = EDGE_CURVE ( 'NONE', #4585, #6427, #7366, .T. ) ;
#10353 = CYLINDRICAL_SURFACE ( 'NONE', #6612, 1.000000000000000444 ) ;
#10354 = EDGE_LOOP ( 'NONE', ( #2599, #215, #9396, #1956 ) ) ;
#10355 = DIRECTION ( 'NONE',  ( 1.000000000000000000, 0.000000000000000000, 0.000000000000000000 ) ) ;
#10356 = AXIS2_PLACEMENT_3D ( 'NONE', #29, #3805, #9752 ) ;
#10357 = CARTESIAN_POINT ( 'NONE',  ( 3.500000000000000000, 23.00000000000000000, 0.000000000000000000 ) ) ;
#10358 = ADVANCED_FACE ( 'NONE', ( #6455 ), #3508, .T. ) ;
#10359 = AXIS2_PLACEMENT_3D ( 'NONE', #9675, #1218, #8802 ) ;
#10360 = AXIS2_PLACEMENT_3D ( 'NONE', #5371, #11355, #114 ) ;
#10361 = DIRECTION ( 'NONE',  ( 0.000000000000000000, 1.000000000000000000, 0.000000000000000000 ) ) ;
#10362 = EDGE_LOOP ( 'NONE', ( #6706, #5981, #2966 ) ) ;
#10363 = FACE_OUTER_BOUND ( 'NONE', #1495, .T. ) ;
#10364 = AXIS2_PLACEMENT_3D ( 'NONE', #6220, #7143, #4505 ) ;
#10365 = DIRECTION ( 'NONE',  ( 0.000000000000000000, -0.000000000000000000, 1.000000000000000000 ) ) ;
#10366 = ORIENTED_EDGE ( 'NONE', *, *, #4339, .T. ) ;
#10367 = DIRECTION ( 'NONE',  ( -0.8660254037844381525, 0.5000000000000007772, 0.000000000000000000 ) ) ;
#10368 = SURFACE_STYLE_FILL_AREA ( #4759 ) ;
#10369 = EDGE_LOOP ( 'NONE', ( #11166, #1111, #2359, #6728, #7033, #5151 ) ) ;
#10370 = CIRCLE ( 'NONE', #7217, 1.999999999999999556 ) ;
#10371 = VERTEX_POINT ( 'NONE', #842 ) ;
#10372 = VECTOR ( 'NONE', #2879, 1000.000000000000000 ) ;
#10373 = EDGE_LOOP ( 'NONE', ( #4219, #5561, #8904 ) ) ;
#10374 = CARTESIAN_POINT ( 'NONE',  ( 3.581183789785735176E-16, 2.309401076758504701, -1.600000000000000089 ) ) ;
#10375 = EDGE_CURVE ( 'NONE', #2565, #5518, #6576, .T. ) ;
#10376 = SHAPE_DEFINITION_REPRESENTATION ( #7448, #2177 ) ;
#10377 = CIRCLE ( 'NONE', #1529, 1.000000000000000000 ) ;
#10378 = EDGE_CURVE ( 'NONE', #11353, #3359, #4602, .T. ) ;
#10379 = CARTESIAN_POINT ( 'NONE',  ( -0.1702769162167616090, -0.7403828156981311359, -0.7092725651034388346 ) ) ;
#10380 = DIRECTION ( 'NONE',  ( -0.8660254037844392627, 0.000000000000000000, -0.4999999999999986677 ) ) ;
#10381 = ORIENTED_EDGE ( 'NONE', *, *, #2548, .F. ) ;
#10382 = DIRECTION ( 'NONE',  ( 0.000000000000000000, 0.000000000000000000, -1.000000000000000000 ) ) ;
#10383 = AXIS2_PLACEMENT_3D ( 'NONE', #5353, #9109, #3513 ) ;
#10384 = AXIS2_PLACEMENT_3D ( 'NONE', #4030, #3224, #11475 ) ;
#10385 = CIRCLE ( 'NONE', #3287, 5.500000000000000000 ) ;
#10386 = VERTEX_POINT ( 'NONE', #3678 ) ;
#10387 = VECTOR ( 'NONE', #7002, 1000.000000000000000 ) ;
#10388 = DIRECTION ( 'NONE',  ( 0.000000000000000000, 0.000000000000000000, 1.000000000000000000 ) ) ;
#10389 = VERTEX_POINT ( 'NONE', #5721 ) ;
#10390 = VECTOR ( 'NONE', #6997, 1000.000000000000000 ) ;
#10391 = AXIS2_PLACEMENT_3D ( 'NONE', #11509, #9576, #2004 ) ;
#10392 = CIRCLE ( 'NONE', #1115, 1.999999999999999556 ) ;
#10393 = ORIENTED_EDGE ( 'NONE', *, *, #7529, .T. ) ;
#10394 = CARTESIAN_POINT ( 'NONE',  ( 2.000000000000000000, 0.3931374000439454286, -1.582763861186367027 ) ) ;
#10395 = AXIS2_PLACEMENT_3D ( 'NONE', #6751, #4900, #2063 ) ;
#10396 = DIRECTION ( 'NONE',  ( 0.8660254037844383745, 0.000000000000000000, -0.5000000000000006661 ) ) ;
#10397 = CARTESIAN_POINT ( 'NONE',  ( 14.81370849898476116, 17.00000000000000000, -8.732195743157015855 ) ) ;
#10398 = CARTESIAN_POINT ( 'NONE',  ( 3.400000000000000355, 0.000000000000000000, 0.5000000000000000000 ) ) ;
#10399 = ORIENTED_EDGE ( 'NONE', *, *, #6592, .F. ) ;
#10400 = ORIENTED_EDGE ( 'NONE', *, *, #219, .F. ) ;
#10401 = CIRCLE ( 'NONE', #5073, 1.000000000000000000 ) ;
#10402 = AXIS2_PLACEMENT_3D ( 'NONE', #6741, #11623, #10451 ) ;
#10403 = CARTESIAN_POINT ( 'NONE',  ( 4.250000000000000000, 0.000000000000000000, 0.000000000000000000 ) ) ;
#10404 = VECTOR ( 'NONE', #4201, 1000.000000000000114 ) ;
#10405 = FACE_OUTER_BOUND ( 'NONE', #3966, .T. ) ;
#10406 = FACE_OUTER_BOUND ( 'NONE', #3531, .T. ) ;
#10407 = EDGE_CURVE ( 'NONE', #9044, #6298, #7614, .T. ) ;
#10408 = ORIENTED_EDGE ( 'NONE', *, *, #5777, .T. ) ;
#10409 = CARTESIAN_POINT ( 'NONE',  ( 0.8000000000000000444, 0.000000000000000000, 0.000000000000000000 ) ) ;
#10410 = ADVANCED_FACE ( 'NONE', ( #4777 ), #11394, .F. ) ;
#10411 = VERTEX_POINT ( 'NONE', #392 ) ;
#10412 = CARTESIAN_POINT ( 'NONE',  ( 0.000000000000000000, 23.00000000000000000, 0.000000000000000000 ) ) ;
#10413 = CARTESIAN_POINT ( 'NONE',  ( 1.500000000000000000, 1.224646799147353207E-16, -1.000000000000000000 ) ) ;
#10414 =( NAMED_UNIT ( * ) SI_UNIT ( $, .STERADIAN. ) SOLID_ANGLE_UNIT ( ) );
#10415 = CARTESIAN_POINT ( 'NONE',  ( 2.000000000000000000, -1.154700538379255015, -1.421367205045916737 ) ) ;
#10416 = CIRCLE ( 'NONE', #4109, 1.099999999999997202 ) ;
#10417 = DIRECTION ( 'NONE',  ( -0.000000000000000000, 1.224649721909276639E-16, -1.000000000000000000 ) ) ;
#10418 = EDGE_LOOP ( 'NONE', ( #9148, #8504, #11003, #1733 ) ) ;
#10419 = CARTESIAN_POINT ( 'NONE',  ( 0.3277177810063109376, -2.120193127676285538, -0.07933779981236312173 ) ) ;
#10420 = DIRECTION ( 'NONE',  ( -1.000000000000000000, -0.000000000000000000, -0.000000000000000000 ) ) ;
#10421 = CARTESIAN_POINT ( 'NONE',  ( 3.903127820947815962E-15, 0.8999999999999998002, -19.84529946162065883 ) ) ;
#10422 = CARTESIAN_POINT ( 'NONE',  ( 3.400000000000000355, 0.000000000000000000, 0.5000000000000000000 ) ) ;
#10423 = CARTESIAN_POINT ( 'NONE',  ( 4.336808689942017736E-16, 0.8999999999999998002, -22.15470053837916353 ) ) ;
#10424 = VECTOR ( 'NONE', #156, 1000.000000000000000 ) ;
#10425 = FACE_OUTER_BOUND ( 'NONE', #6418, .T. ) ;
#10426 = EDGE_CURVE ( 'NONE', #3736, #9119, #1120, .T. ) ;
#10427 = VERTEX_POINT ( 'NONE', #6808 ) ;
#10428 = SHAPE_REPRESENTATION_RELATIONSHIP ( 'NONE' , 'NONE' ,  #3914, #190 ) ;
#10429 = AXIS2_PLACEMENT_3D ( 'NONE', #3721, #10060, #11058 ) ;
#10430 = SURFACE_SIDE_STYLE ('',( #3143 ) ) ;
#10431 = DIRECTION ( 'NONE',  ( -1.000000000000000000, -0.000000000000000000, -0.000000000000000000 ) ) ;
#10432 = ADVANCED_FACE ( 'NONE', ( #7920 ), #10517, .F. ) ;
#10433 = EDGE_LOOP ( 'NONE', ( #9442, #6364, #8277, #6089 ) ) ;
#10434 = VECTOR ( 'NONE', #2338, 1000.000000000000000 ) ;
#10435 = CARTESIAN_POINT ( 'NONE',  ( -4.987329993433320396E-15, -2.309401076758504701, -1.421367205045916737 ) ) ;
#10436 = EDGE_LOOP ( 'NONE', ( #4514, #5395, #10612, #93 ) ) ;
#10437 = DIRECTION ( 'NONE',  ( 0.000000000000000000, 0.000000000000000000, -1.000000000000000000 ) ) ;
#10438 = DIRECTION ( 'NONE',  ( -0.000000000000000000, -0.000000000000000000, -1.000000000000000000 ) ) ;
#10439 = EDGE_CURVE ( 'NONE', #6655, #297, #4683, .T. ) ;
#10440 = ORIENTED_EDGE ( 'NONE', *, *, #6282, .T. ) ;
#10441 = ORIENTED_EDGE ( 'NONE', *, *, #2013, .F. ) ;
#10442 = ORIENTED_EDGE ( 'NONE', *, *, #11186, .T. ) ;
#10443 = DIRECTION ( 'NONE',  ( 0.000000000000000000, 0.000000000000000000, 1.000000000000000000 ) ) ;
#10444 = APPLICATION_PROTOCOL_DEFINITION ( 'draft international standard', 'automotive_design', 1998, #1461 ) ;
#10445 = DIRECTION ( 'NONE',  ( 0.000000000000000000, 0.000000000000000000, 1.000000000000000000 ) ) ;
#10446 = DIRECTION ( 'NONE',  ( 0.000000000000000000, 0.000000000000000000, -1.000000000000000000 ) ) ;
#10447 = ADVANCED_FACE ( 'NONE', ( #11690 ), #2190, .T. ) ;
#10448 = VERTEX_POINT ( 'NONE', #9587 ) ;
#10449 = PRESENTATION_LAYER_ASSIGNMENT (  '', '', ( #12040 ) ) ;
#10450 = VERTEX_POINT ( 'NONE', #330 ) ;
#10451 = DIRECTION ( 'NONE',  ( 0.000000000000000000, 0.000000000000000000, -1.000000000000000000 ) ) ;
#10452 = DIRECTION ( 'NONE',  ( 0.000000000000000000, 0.000000000000000000, -1.000000000000000000 ) ) ;
#10453 = EDGE_CURVE ( 'NONE', #9219, #7130, #3892, .T. ) ;
#10454 = ADVANCED_FACE ( 'NONE', ( #7683, #4163 ), #9522, .T. ) ;
#10455 = EDGE_LOOP ( 'NONE', ( #4292, #2988 ) ) ;
#10456 = FACE_BOUND ( 'NONE', #903, .T. ) ;
#10457 =( REPRESENTATION_RELATIONSHIP ('NONE','NONE', #912, #5570 ) REPRESENTATION_RELATIONSHIP_WITH_TRANSFORMATION ( #7458 )SHAPE_REPRESENTATION_RELATIONSHIP( ) );
#10458 = AXIS2_PLACEMENT_3D ( 'NONE', #6369, #768, #3425 ) ;
#10459 = DIRECTION ( 'NONE',  ( -0.000000000000000000, 1.224649721909276639E-16, -1.000000000000000000 ) ) ;
#10460 = ORIENTED_EDGE ( 'NONE', *, *, #4180, .F. ) ;
#10461 = CYLINDRICAL_SURFACE ( 'NONE', #8186, 0.1749999999999998224 ) ;
#10462 = PLANE ( 'NONE',  #2802 ) ;
#10463 = SURFACE_SIDE_STYLE ('',( #3989 ) ) ;
#10464 = CARTESIAN_POINT ( 'NONE',  ( 1.000000000000000444, -1.732050807568876971, -1.600000000000000089 ) ) ;
#10465 = ORIENTED_EDGE ( 'NONE', *, *, #6712, .F. ) ;
#10466 = ORIENTED_EDGE ( 'NONE', *, *, #4627, .T. ) ;
#10467 = CARTESIAN_POINT ( 'NONE',  ( 2.000000000000000000, -1.154700538379255015, -1.421367205045916737 ) ) ;
#10468 = ORIENTED_EDGE ( 'NONE', *, *, #7584, .T. ) ;
#10469 = ORIENTED_EDGE ( 'NONE', *, *, #1208, .F. ) ;
#10470 = EDGE_CURVE ( 'NONE', #4603, #11073, #336, .T. ) ;
#10471 = DIRECTION ( 'NONE',  ( -0.000000000000000000, -0.000000000000000000, 1.000000000000000000 ) ) ;
#10472 = EDGE_LOOP ( 'NONE', ( #918, #448, #7603, #4016 ) ) ;
#10473 = CARTESIAN_POINT ( 'NONE',  ( 14.05000000000000071, 0.000000000000000000, 0.000000000000000000 ) ) ;
#10474 = ORIENTED_EDGE ( 'NONE', *, *, #9671, .F. ) ;
#10475 = DIRECTION ( 'NONE',  ( 0.000000000000000000, 1.000000000000000000, 0.000000000000000000 ) ) ;
#10476 = LINE ( 'NONE', #9534, #4083 ) ;
#10477 =( NAMED_UNIT ( * ) SI_UNIT ( $, .STERADIAN. ) SOLID_ANGLE_UNIT ( ) );
#10478 = CARTESIAN_POINT ( 'NONE',  ( -3.001000000000000334, 0.000000000000000000, -1.000000000000000000 ) ) ;
#10479 = VECTOR ( 'NONE', #6249, 1000.000000000000000 ) ;
#10480 = ORIENTED_EDGE ( 'NONE', *, *, #10944, .F. ) ;
#10481 = ADVANCED_FACE ( 'NONE', ( #10640 ), #5831, .T. ) ;
#10482 = LINE ( 'NONE', #1974, #10919 ) ;
#10483 = DIRECTION ( 'NONE',  ( -1.000000000000000000, 0.000000000000000000, 0.000000000000000000 ) ) ;
#10484 = CARTESIAN_POINT ( 'NONE',  ( 0.000000000000000000, 0.000000000000000000, 0.000000000000000000 ) ) ;
#10485 = ORIENTED_EDGE ( 'NONE', *, *, #10550, .T. ) ;
#10486 = FACE_OUTER_BOUND ( 'NONE', #10257, .T. ) ;
#10487 =( NAMED_UNIT ( * ) SI_UNIT ( $, .STERADIAN. ) SOLID_ANGLE_UNIT ( ) );
#10488 = SHAPE_REPRESENTATION_RELATIONSHIP ( 'NONE' , 'NONE' ,  #5570, #3722 ) ;
#10489 = UNCERTAINTY_MEASURE_WITH_UNIT (LENGTH_MEASURE( 1.000000000000000082E-05 ), #6929, 'distance_accuracy_value', 'NONE');
#10490 = ADVANCED_BREP_SHAPE_REPRESENTATION ( '', ( #9414, #8058 ), #10639 ) ;
#10491 = EDGE_CURVE ( 'NONE', #8046, #7497, #3099, .T. ) ;
#10492 = ORIENTED_EDGE ( 'NONE', *, *, #10974, .T. ) ;
#10493 = EDGE_CURVE ( 'NONE', #3784, #826, #2130, .T. ) ;
#10494 = CARTESIAN_POINT ( 'NONE',  ( 2.000000000000000000, -1.154700538379255015, -0.1786327949540832127 ) ) ;
#10495 = CARTESIAN_POINT ( 'NONE',  ( 0.8000000000000000444, -0.8000000000000000444, -6.499999999999999112 ) ) ;
#10496 = ORIENTED_EDGE ( 'NONE', *, *, #3138, .F. ) ;
#10497 = CARTESIAN_POINT ( 'NONE',  ( -2.000000000000000000, 0.000000000000000000, 0.000000000000000000 ) ) ;
#10498 = VERTEX_POINT ( 'NONE', #3115 ) ;
#10499 = ORIENTED_EDGE ( 'NONE', *, *, #4019, .T. ) ;
#10500 = DIRECTION ( 'NONE',  ( -1.000000000000000000, -0.000000000000000000, -0.000000000000000000 ) ) ;
#10501 = APPLICATION_PROTOCOL_DEFINITION ( 'draft international standard', 'automotive_design', 1998, #359 ) ;
#10502 = CARTESIAN_POINT ( 'NONE',  ( -3.000000000000000000, 0.000000000000000000, 0.000000000000000000 ) ) ;
#10503 = CARTESIAN_POINT ( 'NONE',  ( 0.000000000000000000, -0.8000000000000000444, -1.500000000000000000 ) ) ;
#10504 = ORIENTED_EDGE ( 'NONE', *, *, #7964, .T. ) ;
#10505 = EDGE_CURVE ( 'NONE', #2603, #7567, #7792, .T. ) ;
#10506 = FACE_OUTER_BOUND ( 'NONE', #3124, .T. ) ;
#10507 = CARTESIAN_POINT ( 'NONE',  ( -0.6607522599941050290, 1.927915581583253601, -0.01710519872702210772 ) ) ;
#10508 = FACE_OUTER_BOUND ( 'NONE', #6043, .T. ) ;
#10509 = EDGE_CURVE ( 'NONE', #3905, #8881, #7227, .T. ) ;
#10510 = EDGE_LOOP ( 'NONE', ( #11551, #7774, #5727, #6993 ) ) ;
#10511 = CARTESIAN_POINT ( 'NONE',  ( 0.000000000000000000, 0.000000000000000000, 0.000000000000000000 ) ) ;
#10512 = LINE ( 'NONE', #5826, #10645 ) ;
#10513 = UNCERTAINTY_MEASURE_WITH_UNIT (LENGTH_MEASURE( 1.000000000000000082E-05 ), #9247, 'distance_accuracy_value', 'NONE');
#10514 = CARTESIAN_POINT ( 'NONE',  ( 0.000000000000000000, 0.000000000000000000, -0.1291166393111736477 ) ) ;
#10515 = CYLINDRICAL_SURFACE ( 'NONE', #7127, 3.999999999999996447 ) ;
#10516 = VECTOR ( 'NONE', #1544, 1000.000000000000227 ) ;
#10517 = CYLINDRICAL_SURFACE ( 'NONE', #10190, 2.499999999999998668 ) ;
#10518 = EDGE_CURVE ( 'NONE', #8157, #6229, #537, .T. ) ;
#10519 = LINE ( 'NONE', #2133, #9622 ) ;
#10520 = VECTOR ( 'NONE', #3152, 1000.000000000000000 ) ;
#10521 = ORIENTED_EDGE ( 'NONE', *, *, #8582, .T. ) ;
#10522 = CARTESIAN_POINT ( 'NONE',  ( 3.400000000000000355, 6.123233995736766036E-17, -0.5000000000000000000 ) ) ;
#10523 = EDGE_LOOP ( 'NONE', ( #7324, #678 ) ) ;
#10524 = CARTESIAN_POINT ( 'NONE',  ( 3.599999999999992095, -2.821690854684141936, -0.9000000000000006883 ) ) ;
#10525 = CARTESIAN_POINT ( 'NONE',  ( -2.000000000000000000, 0.9000000000000003553, -5.309401076758394566 ) ) ;
#10526 = VERTEX_POINT ( 'NONE', #4106 ) ;
#10527 = LINE ( 'NONE', #4914, #1769 ) ;
#10528 = DIRECTION ( 'NONE',  ( 0.000000000000000000, 0.000000000000000000, 1.000000000000000000 ) ) ;
#10529 = CARTESIAN_POINT ( 'NONE',  ( 0.000000000000000000, 2.309401076758504701, -1.421367205045916737 ) ) ;
#10530 = VERTEX_POINT ( 'NONE', #2995 ) ;
#10531 = SURFACE_STYLE_FILL_AREA ( #6767 ) ;
#10532 = ADVANCED_FACE ( 'NONE', ( #7863 ), #3176, .T. ) ;
#10533 = EDGE_CURVE ( 'NONE', #4039, #5797, #6008, .T. ) ;
#10534 = VECTOR ( 'NONE', #966, 1000.000000000000000 ) ;
#10535 = DIRECTION ( 'NONE',  ( 0.000000000000000000, -0.000000000000000000, 1.000000000000000000 ) ) ;
#10536 = CARTESIAN_POINT ( 'NONE',  ( 1.899999999999999689, 2.326828918379970872E-16, -0.3000000000000035416 ) ) ;
#10537 = FACE_OUTER_BOUND ( 'NONE', #3025, .T. ) ;
#10538 = ORIENTED_EDGE ( 'NONE', *, *, #1700, .F. ) ;
#10539 = DIRECTION ( 'NONE',  ( 0.000000000000000000, 0.000000000000000000, -1.000000000000000000 ) ) ;
#10540 = DIRECTION ( 'NONE',  ( -1.000000000000000000, -0.000000000000000000, -0.000000000000000000 ) ) ;
#10541 = DIRECTION ( 'NONE',  ( 0.000000000000000000, 0.000000000000000000, -1.000000000000000000 ) ) ;
#10542 =( NAMED_UNIT ( * ) SI_UNIT ( $, .STERADIAN. ) SOLID_ANGLE_UNIT ( ) );
#10543 = SURFACE_SIDE_STYLE ('',( #3020 ) ) ;
#10544 = ORIENTED_EDGE ( 'NONE', *, *, #8116, .F. ) ;
#10545 = DIRECTION ( 'NONE',  ( 0.000000000000000000, -1.000000000000000000, -0.000000000000000000 ) ) ;
#10546 = AXIS2_PLACEMENT_3D ( 'NONE', #6486, #8442, #9317 ) ;
#10547 = FACE_BOUND ( 'NONE', #10890, .T. ) ;
#10548 = ORIENTED_EDGE ( 'NONE', *, *, #9191, .T. ) ;
#10549 = ORIENTED_EDGE ( 'NONE', *, *, #1676, .F. ) ;
#10550 = EDGE_CURVE ( 'NONE', #4585, #5022, #7032, .T. ) ;
#10551 = VERTEX_POINT ( 'NONE', #8218 ) ;
#10552 = ADVANCED_FACE ( 'NONE', ( #2375 ), #5202, .F. ) ;
#10553 = VECTOR ( 'NONE', #8324, 1000.000000000000000 ) ;
#10554 = FACE_OUTER_BOUND ( 'NONE', #3148, .T. ) ;
#10555 = CARTESIAN_POINT ( 'NONE',  ( 3.699999999999999289, -2.821690854684140159, 0.4999999999999991673 ) ) ;
#10556 = DIRECTION ( 'NONE',  ( 0.000000000000000000, 0.000000000000000000, -1.000000000000000000 ) ) ;
#10557 = ORIENTED_EDGE ( 'NONE', *, *, #5788, .F. ) ;
#10558 = CIRCLE ( 'NONE', #6617, 3.499999999999999556 ) ;
#10559 = VERTEX_POINT ( 'NONE', #7292 ) ;
#10560 = DIRECTION ( 'NONE',  ( 0.000000000000000000, 0.000000000000000000, -1.000000000000000000 ) ) ;
#10561 = AXIS2_PLACEMENT_3D ( 'NONE', #7381, #8367, #8486 ) ;
#10562 = CARTESIAN_POINT ( 'NONE',  ( 0.000000000000000000, 4.738805170303855086E-16, -3.869518839163146762 ) ) ;
#10563 = CIRCLE ( 'NONE', #7808, 3.000000000000000000 ) ;
#10564 = CARTESIAN_POINT ( 'NONE',  ( 2.000000000000000000, 0.000000000000000000, 0.000000000000000000 ) ) ;
#10565 = ORIENTED_EDGE ( 'NONE', *, *, #4751, .T. ) ;
#10566 = AXIS2_PLACEMENT_3D ( 'NONE', #6502, #10196, #7413 ) ;
#10567 = CARTESIAN_POINT ( 'NONE',  ( -4.000000000000003553, 0.9000000000000005773, -4.154700538379143993 ) ) ;
#10568 = EDGE_CURVE ( 'NONE', #6744, #3993, #4347, .T. ) ;
#10569 = CARTESIAN_POINT ( 'NONE',  ( -2.000000000000000000, 0.000000000000000000, 0.000000000000000000 ) ) ;
#10570 = DIRECTION ( 'NONE',  ( 0.000000000000000000, 1.000000000000000000, 0.000000000000000000 ) ) ;
#10571 = EDGE_CURVE ( 'NONE', #10778, #3610, #6299, .T. ) ;
#10572 = LINE ( 'NONE', #11565, #3404 ) ;
#10573 =( NAMED_UNIT ( * ) PLANE_ANGLE_UNIT ( ) SI_UNIT ( $, .RADIAN. ) );
#10574 = CIRCLE ( 'NONE', #6642, 2.499999999999998668 ) ;
#10575 = AXIS2_PLACEMENT_3D ( 'NONE', #2445, #1585, #2389 ) ;
#10576 = DIRECTION ( 'NONE',  ( 0.000000000000000000, 1.000000000000000000, 2.168404344971008868E-16 ) ) ;
#10577 = ORIENTED_EDGE ( 'NONE', *, *, #5407, .F. ) ;
#10578 = CIRCLE ( 'NONE', #3499, 1.000000000000000000 ) ;
#10579 = CARTESIAN_POINT ( 'NONE',  ( -4.000000000000001776, 0.9000000000000003553, -1.845299461620639736 ) ) ;
#10580 = ADVANCED_FACE ( 'NONE', ( #5145 ), #8956, .F. ) ;
#10581 = CIRCLE ( 'NONE', #6046, 1.099999999999996758 ) ;
#10582 = ORIENTED_EDGE ( 'NONE', *, *, #10952, .T. ) ;
#10583 = DIRECTION ( 'NONE',  ( 0.000000000000000000, 0.000000000000000000, -1.000000000000000000 ) ) ;
#10584 = AXIS2_PLACEMENT_3D ( 'NONE', #635, #4401, #4466 ) ;
#10585 = VERTEX_POINT ( 'NONE', #9830 ) ;
#10586 = AXIS2_PLACEMENT_3D ( 'NONE', #11182, #7337, #7275 ) ;
#10587 = DIRECTION ( 'NONE',  ( -1.000000000000000000, 0.000000000000000000, -0.000000000000000000 ) ) ;
#10588 = EDGE_CURVE ( 'NONE', #1358, #5614, #6451, .T. ) ;
#10589 = ORIENTED_EDGE ( 'NONE', *, *, #7317, .F. ) ;
#10590 = DIRECTION ( 'NONE',  ( -0.000000000000000000, -0.000000000000000000, 1.000000000000000000 ) ) ;
#10591 = CARTESIAN_POINT ( 'NONE',  ( -2.000000000000000000, -0.9668978507697953972, -1.475581171168853123 ) ) ;
#10592 = AXIS2_PLACEMENT_3D ( 'NONE', #8705, #9758, #4825 ) ;
#10593 = FACE_OUTER_BOUND ( 'NONE', #7081, .T. ) ;
#10594 = ORIENTED_EDGE ( 'NONE', *, *, #553, .T. ) ;
#10595 = LINE ( 'NONE', #1503, #6332 ) ;
#10596 = CARTESIAN_POINT ( 'NONE',  ( 4.250000000000000000, 0.000000000000000000, 0.000000000000000000 ) ) ;
#10597 = CONICAL_SURFACE ( 'NONE', #3901, 2.000000000000000000, 1.047197551196595855 ) ;
#10598 = DIRECTION ( 'NONE',  ( -1.000000000000000000, 0.000000000000000000, 0.000000000000000000 ) ) ;
#10599 = DIRECTION ( 'NONE',  ( -0.000000000000000000, -0.000000000000000000, 1.000000000000000000 ) ) ;
#10600 = DIRECTION ( 'NONE',  ( -1.000000000000000000, 0.000000000000000000, 0.000000000000000000 ) ) ;
#10601 = ADVANCED_FACE ( 'NONE', ( #2428 ), #6186, .F. ) ;
#10602 = EDGE_CURVE ( 'NONE', #4860, #1519, #1722, .T. ) ;
#10603 = LINE ( 'NONE', #5919, #4273 ) ;
#10604 = DIRECTION ( 'NONE',  ( 0.000000000000000000, 0.000000000000000000, -1.000000000000000000 ) ) ;
#10605 = SHAPE_REPRESENTATION ( 'hex nut style 1 gradeab_iso_ISO - 4032 - M2 - D - N', ( #8058 ), #6893 ) ;
#10606 = FACE_OUTER_BOUND ( 'NONE', #5001, .T. ) ;
#10607 = AXIS2_PLACEMENT_3D ( 'NONE', #10562, #3167, #4771 ) ;
#10608 = ORIENTED_EDGE ( 'NONE', *, *, #7325, .T. ) ;
#10609 = CARTESIAN_POINT ( 'NONE',  ( 2.000000000000000000, 0.1952413320394014717, -1.143494478793305150E-17 ) ) ;
#10610 = DIRECTION ( 'NONE',  ( 0.000000000000000000, -1.000000000000000000, 0.000000000000000000 ) ) ;
#10611 = CARTESIAN_POINT ( 'NONE',  ( -1.000000000000000888, 1.732050807568876749, 0.000000000000000000 ) ) ;
#10612 = ORIENTED_EDGE ( 'NONE', *, *, #2014, .T. ) ;
#10613 = CARTESIAN_POINT ( 'NONE',  ( 0.9526279441628806577, -0.5500000000000001554, -1.600000000000000089 ) ) ;
#10614 = CIRCLE ( 'NONE', #5895, 11.00000000000000000 ) ;
#10615 = VERTEX_POINT ( 'NONE', #9891 ) ;
#10616 = EDGE_LOOP ( 'NONE', ( #11496, #7661, #3963 ) ) ;
#10617 = DIRECTION ( 'NONE',  ( -0.000000000000000000, -1.000000000000000000, -0.000000000000000000 ) ) ;
#10618 = APPLICATION_PROTOCOL_DEFINITION ( 'draft international standard', 'automotive_design', 1998, #9577 ) ;
#10619 = CARTESIAN_POINT ( 'NONE',  ( -5.000000000000000000, 2.500000000000000000, -21.00000000000000000 ) ) ;
#10620 = FACE_OUTER_BOUND ( 'NONE', #1699, .T. ) ;
#10621 = ORIENTED_EDGE ( 'NONE', *, *, #2272, .F. ) ;
#10622 = AXIS2_PLACEMENT_3D ( 'NONE', #4580, #6608, #466 ) ;
#10623 = ORIENTED_EDGE ( 'NONE', *, *, #5900, .T. ) ;
#10624 = ADVANCED_FACE ( 'NONE', ( #4286, #1441 ), #11750, .T. ) ;
#10625 = VECTOR ( 'NONE', #9600, 1000.000000000000000 ) ;
#10626 = EDGE_CURVE ( 'NONE', #4754, #9154, #10870, .T. ) ;
#10627 = CARTESIAN_POINT ( 'NONE',  ( 0.9000000000000000222, 0.000000000000000000, 0.000000000000000000 ) ) ;
#10628 = STYLED_ITEM ( 'NONE', ( #11970 ), #3869 ) ;
#10629 = CARTESIAN_POINT ( 'NONE',  ( -2.000000000000000000, 1.154700538379251240, -1.600000000000000089 ) ) ;
#10630 = DIRECTION ( 'NONE',  ( -0.000000000000000000, -0.000000000000000000, 1.000000000000000000 ) ) ;
#10631 = EDGE_LOOP ( 'NONE', ( #2372, #6420, #7929, #11666 ) ) ;
#10632 = LINE ( 'NONE', #8588, #4488 ) ;
#10633 = CARTESIAN_POINT ( 'NONE',  ( 0.000000000000000000, 5.058392604970359998E-16, -2.530481160836854482 ) ) ;
#10634 = UNCERTAINTY_MEASURE_WITH_UNIT (LENGTH_MEASURE( 1.000000000000000082E-05 ), #3711, 'distance_accuracy_value', 'NONE');
#10635 = B_SPLINE_CURVE_WITH_KNOTS ( 'NONE', 3,
 ( #6716, #11288, #1969, #10419, #11414, #8254 ),
 .UNSPECIFIED., .F., .F.,
 ( 4, 2, 4 ),
 ( 0.001168606431211098931, 0.001750609284260044515, 0.002332612137308990100 ),
 .UNSPECIFIED. ) ;
#10636 = CARTESIAN_POINT ( 'NONE',  ( 1.000000000000000000, 0.000000000000000000, 1.000000000000000000 ) ) ;
#10637 = DIRECTION ( 'NONE',  ( 0.000000000000000000, 0.000000000000000000, -1.000000000000000000 ) ) ;
#10638 = DIRECTION ( 'NONE',  ( 1.000000000000000000, 6.513675570985264175E-17, 1.014396915611208088E-17 ) ) ;
#10639 =( GEOMETRIC_REPRESENTATION_CONTEXT ( 3 ) GLOBAL_UNCERTAINTY_ASSIGNED_CONTEXT ( ( #4827 ) ) GLOBAL_UNIT_ASSIGNED_CONTEXT ( ( #9041, #10838, #8913 ) ) REPRESENTATION_CONTEXT ( 'NONE', 'WORKASPACE' ) );
#10640 = FACE_OUTER_BOUND ( 'NONE', #11244, .T. ) ;
#10641 = DIRECTION ( 'NONE',  ( -0.000000000000000000, 1.000000000000000000, -0.000000000000000000 ) ) ;
#10642 = DIRECTION ( 'NONE',  ( 0.000000000000000000, 0.000000000000000000, 1.000000000000000000 ) ) ;
#10643 = EDGE_CURVE ( 'NONE', #11821, #8725, #8098, .T. ) ;
#10644 = DIRECTION ( 'NONE',  ( 0.000000000000000000, 1.000000000000000000, 0.000000000000000000 ) ) ;
#10645 = VECTOR ( 'NONE', #7857, 1000.000000000000000 ) ;
#10646 = EDGE_LOOP ( 'NONE', ( #3265, #7776, #5555, #3016 ) ) ;
#10647 = LINE ( 'NONE', #11579, #2665 ) ;
#10648 = PRODUCT_DEFINITION_FORMATION_WITH_SPECIFIED_SOURCE ( 'ANY', '', #6351, .NOT_KNOWN. ) ;
#10649 = EDGE_LOOP ( 'NONE', ( #1573, #9740 ) ) ;
#10650 = CARTESIAN_POINT ( 'NONE',  ( -1.000000000000000000, 0.000000000000000000, 0.000000000000000000 ) ) ;
#10651 = CARTESIAN_POINT ( 'NONE',  ( -0.3271719972790578246, -2.120508236058134877, -0.06957546252590419977 ) ) ;
#10652 = EDGE_LOOP ( 'NONE', ( #9662, #2182, #10504, #3895 ) ) ;
#10653 = CARTESIAN_POINT ( 'NONE',  ( 0.000000000000000000, 0.000000000000000000, -3.299999999999984279 ) ) ;
#10654 = CYLINDRICAL_SURFACE ( 'NONE', #7021, 4.000000000000000000 ) ;
#10655 = DIRECTION ( 'NONE',  ( 0.000000000000000000, 0.000000000000000000, -1.000000000000000000 ) ) ;
#10656 = DIRECTION ( 'NONE',  ( -0.000000000000000000, -1.000000000000000000, -0.000000000000000000 ) ) ;
#10657 = EDGE_LOOP ( 'NONE', ( #938, #11331, #7761, #1953 ) ) ;
#10658 = DIRECTION ( 'NONE',  ( -0.7423286577013628040, 0.4285836503510564444, -0.5150380749100560429 ) ) ;
#10659 = B_SPLINE_CURVE_WITH_KNOTS ( 'NONE', 3,
 ( #8816, #5867, #10675, #1172, #9683, #11670, #2285, #6112, #368, #9624 ),
 .UNSPECIFIED., .F., .F.,
 ( 4, 2, 2, 2, 4 ),
 ( 2.307468050646258368E-07, 0.0001314299896011971759, 0.0002626292323973296880, 0.0003938284751934622544, 0.0005250277179895948207 ),
 .UNSPECIFIED. ) ;
#10660 = CIRCLE ( 'NONE', #5930, 1.000000000000000000 ) ;
#10661 = EDGE_CURVE ( 'NONE', #863, #2974, #3366, .T. ) ;
#10662 = DIRECTION ( 'NONE',  ( -1.000000000000000000, 0.000000000000000000, 0.000000000000000000 ) ) ;
#10663 = FACE_OUTER_BOUND ( 'NONE', #9406, .T. ) ;
#10664 = DIRECTION ( 'NONE',  ( -1.000000000000000000, -0.000000000000000000, -0.000000000000000000 ) ) ;
#10665 = PLANE ( 'NONE',  #10156 ) ;
#10666 = DIRECTION ( 'NONE',  ( -0.000000000000000000, -1.000000000000000000, -0.000000000000000000 ) ) ;
#10667 =( GEOMETRIC_REPRESENTATION_CONTEXT ( 3 ) GLOBAL_UNCERTAINTY_ASSIGNED_CONTEXT ( ( #9491 ) ) GLOBAL_UNIT_ASSIGNED_CONTEXT ( ( #4589, #3788, #3662 ) ) REPRESENTATION_CONTEXT ( 'NONE', 'WORKASPACE' ) );
#10668 = CARTESIAN_POINT ( 'NONE',  ( 7.500000000000002665, 0.8999999999999995781, -19.84529946162065173 ) ) ;
#10669 =( NAMED_UNIT ( * ) PLANE_ANGLE_UNIT ( ) SI_UNIT ( $, .RADIAN. ) );
#10670 = ORIENTED_EDGE ( 'NONE', *, *, #1432, .F. ) ;
#10671 = CARTESIAN_POINT ( 'NONE',  ( -16.00000000000000000, 0.000000000000000000, 0.000000000000000000 ) ) ;
#10672 = ORIENTED_EDGE ( 'NONE', *, *, #10345, .F. ) ;
#10673 = EDGE_CURVE ( 'NONE', #5086, #8083, #1923, .T. ) ;
#10674 = DIRECTION ( 'NONE',  ( 0.000000000000000000, 0.000000000000000000, 1.000000000000000000 ) ) ;
#10675 = CARTESIAN_POINT ( 'NONE',  ( -0.1955299650103700659, -0.6656873190922431016, -0.7493711177645847599 ) ) ;
#10676 = VERTEX_POINT ( 'NONE', #10936 ) ;
#10677 = LINE ( 'NONE', #423, #2475 ) ;
#10678 = VERTEX_POINT ( 'NONE', #5703 ) ;
#10679 = VERTEX_POINT ( 'NONE', #1870 ) ;
#10680 = APPLICATION_PROTOCOL_DEFINITION ( 'draft international standard', 'automotive_design', 1998, #8781 ) ;
#10681 = FACE_OUTER_BOUND ( 'NONE', #9510, .T. ) ;
#10682 = DIRECTION ( 'NONE',  ( -0.8660254037844385966, 0.000000000000000000, -0.5000000000000001110 ) ) ;
#10683 = ORIENTED_EDGE ( 'NONE', *, *, #1634, .T. ) ;
#10684 =( REPRESENTATION_RELATIONSHIP ('NONE','NONE', #912, #6746 ) REPRESENTATION_RELATIONSHIP_WITH_TRANSFORMATION ( #5608 )SHAPE_REPRESENTATION_RELATIONSHIP( ) );
#10685 = EDGE_CURVE ( 'NONE', #6634, #10851, #11070, .T. ) ;
#10686 = EDGE_CURVE ( 'NONE', #519, #2408, #2908, .T. ) ;
#10687 = ORIENTED_EDGE ( 'NONE', *, *, #7512, .T. ) ;
#10688 = CARTESIAN_POINT ( 'NONE',  ( 0.000000000000000000, 0.8999999999999995781, -19.84529946162065883 ) ) ;
#10689 = DIRECTION ( 'NONE',  ( 0.000000000000000000, 0.000000000000000000, -1.000000000000000000 ) ) ;
#10690 = ORIENTED_EDGE ( 'NONE', *, *, #1973, .T. ) ;
#10691 = DIRECTION ( 'NONE',  ( -0.000000000000000000, 1.224649721909276639E-16, -1.000000000000000000 ) ) ;
#10692 = CARTESIAN_POINT ( 'NONE',  ( 0.6592570625839772047, 1.928778834210482351, -1.600000000000001421 ) ) ;
#10693 = ORIENTED_EDGE ( 'NONE', *, *, #2652, .F. ) ;
#10694 = CARTESIAN_POINT ( 'NONE',  ( 2.000000000000000000, 9.199999999999999289, -17.00000000000000000 ) ) ;
#10695 = CARTESIAN_POINT ( 'NONE',  ( 0.9999999999999997780, 0.000000000000000000, 0.000000000000000000 ) ) ;
#10696 = CARTESIAN_POINT ( 'NONE',  ( -16.90914770952268498, -0.3502617553154951935, 1033.600000000007412 ) ) ;
#10697 = DIRECTION ( 'NONE',  ( -0.000000000000000000, 0.000000000000000000, -1.000000000000000000 ) ) ;
#10698 = DIRECTION ( 'NONE',  ( 0.000000000000000000, 0.000000000000000000, 1.000000000000000000 ) ) ;
#10699 = ORIENTED_EDGE ( 'NONE', *, *, #845, .F. ) ;
#10700 = DIRECTION ( 'NONE',  ( 0.000000000000000000, 0.000000000000000000, -1.000000000000000000 ) ) ;
#10701 = VERTEX_POINT ( 'NONE', #11199 ) ;
#10702 = AXIS2_PLACEMENT_3D ( 'NONE', #7919, #11688, #1384 ) ;
#10703 = VERTEX_POINT ( 'NONE', #1934 ) ;
#10704 = CYLINDRICAL_SURFACE ( 'NONE', #11395, 3.000000000000000444 ) ;
#10705 = VERTEX_POINT ( 'NONE', #3661 ) ;
#10706 = AXIS2_PLACEMENT_3D ( 'NONE', #1908, #2716, #3884 ) ;
#10707 = FACE_OUTER_BOUND ( 'NONE', #4804, .T. ) ;
#10708 = EDGE_CURVE ( 'NONE', #2088, #5210, #9331, .T. ) ;
#10709 = ADVANCED_FACE ( 'NONE', ( #11133 ), #884, .F. ) ;
#10710 = CARTESIAN_POINT ( 'NONE',  ( 1.549999999999999378, 17.00000000000000000, -8.732195743157015855 ) ) ;
#10711 = CARTESIAN_POINT ( 'NONE',  ( 1.169735307079673214, 1.634054082335443692, -1.600000000000000977 ) ) ;
#10712 = DIRECTION ( 'NONE',  ( 0.000000000000000000, 0.000000000000000000, -1.000000000000000000 ) ) ;
#10713 = CONICAL_SURFACE ( 'NONE', #11517, 0.7740000000000000213, 1.047197551196601628 ) ;
#10714 = DIRECTION ( 'NONE',  ( -1.000000000000000000, 0.000000000000000000, 0.000000000000000000 ) ) ;
#10715 = DIRECTION ( 'NONE',  ( -1.000000000000000000, 0.000000000000000000, 0.000000000000000000 ) ) ;
#10716 = CARTESIAN_POINT ( 'NONE',  ( -11.31370849898476116, 7.500000000000000000, -10.11613953566982715 ) ) ;
#10717 = CARTESIAN_POINT ( 'NONE',  ( 0.000000000000000000, 0.000000000000000000, 0.000000000000000000 ) ) ;
#10718 = CIRCLE ( 'NONE', #75, 1.099999999999996758 ) ;
#10719 = ORIENTED_EDGE ( 'NONE', *, *, #1302, .F. ) ;
#10720 = CARTESIAN_POINT ( 'NONE',  ( 0.7063323362395492744, -0.4078011644652419498, -0.1291166393111913002 ) ) ;
#10721 = EDGE_CURVE ( 'NONE', #10911, #8291, #4492, .T. ) ;
#10722 = LINE ( 'NONE', #2278, #9197 ) ;
#10723 = ORIENTED_EDGE ( 'NONE', *, *, #3165, .F. ) ;
#10724 = AXIS2_PLACEMENT_3D ( 'NONE', #5601, #9239, #10152 ) ;
#10725 = LINE ( 'NONE', #290, #5051 ) ;
#10726 = EDGE_LOOP ( 'NONE', ( #2803, #9495, #838, #8285, #10214, #11396, #9866, #9057, #555, #8643, #10041, #2036, #6958, #6907, #10440 ) ) ;
#10727 = ORIENTED_EDGE ( 'NONE', *, *, #5129, .T. ) ;
#10728 = CIRCLE ( 'NONE', #85, 1.000000000000000000 ) ;
#10729 = DIRECTION ( 'NONE',  ( -0.000000000000000000, -0.000000000000000000, 1.000000000000000000 ) ) ;
#10730 = CIRCLE ( 'NONE', #1875, 3.499999999999999556 ) ;
#10731 = EDGE_LOOP ( 'NONE', ( #4157, #2314, #11942, #4343, #1292 ) ) ;
#10732 = EDGE_CURVE ( 'NONE', #9636, #6127, #8397, .T. ) ;
#10733 = DIRECTION ( 'NONE',  ( -0.000000000000000000, -0.000000000000000000, 1.000000000000000000 ) ) ;
#10734 = ORIENTED_EDGE ( 'NONE', *, *, #10284, .F. ) ;
#10735 = AXIS2_PLACEMENT_3D ( 'NONE', #993, #9627, #8456 ) ;
#10736 = ORIENTED_EDGE ( 'NONE', *, *, #8958, .F. ) ;
#10737 = EDGE_LOOP ( 'NONE', ( #6717, #9030, #3476, #8027, #3900, #5219 ) ) ;
#10738 = ADVANCED_FACE ( 'NONE', ( #6506 ), #943, .T. ) ;
#10739 = AXIS2_PLACEMENT_3D ( 'NONE', #1244, #6743, #7674 ) ;
#10740 = PRODUCT_CONTEXT ( 'NONE', #3529, 'mechanical' ) ;
#10741 = CIRCLE ( 'NONE', #8565, 0.8156023289304824564 ) ;
#10742 = VECTOR ( 'NONE', #4511, 1000.000000000000000 ) ;
#10743 = DIRECTION ( 'NONE',  ( 0.000000000000000000, 0.000000000000000000, 1.000000000000000000 ) ) ;
#10744 = LINE ( 'NONE', #10116, #5564 ) ;
#10745 = ORIENTED_EDGE ( 'NONE', *, *, #431, .F. ) ;
#10746 = ORIENTED_EDGE ( 'NONE', *, *, #2699, .T. ) ;
#10747 = FACE_OUTER_BOUND ( 'NONE', #923, .T. ) ;
#10748 = AXIS2_PLACEMENT_3D ( 'NONE', #8069, #11841, #6276 ) ;
#10749 = ORIENTED_EDGE ( 'NONE', *, *, #2469, .T. ) ;
#10750 = CARTESIAN_POINT ( 'NONE',  ( 2.000000000000000000, 1.154700538379250130, -1.600000000000000089 ) ) ;
#10751 = EDGE_CURVE ( 'NONE', #2757, #846, #5581, .T. ) ;
#10752 = CONICAL_SURFACE ( 'NONE', #10160, 2.000000000000000000, 1.047197551196595855 ) ;
#10753 = EDGE_CURVE ( 'NONE', #10411, #3542, #3608, .T. ) ;
#10754 = PRODUCT_DEFINITION_CONTEXT ( 'detailed design', #11322, 'design' ) ;
#10755 = ORIENTED_EDGE ( 'NONE', *, *, #170, .T. ) ;
#10757 = DIRECTION ( 'NONE',  ( 0.000000000000000000, 0.000000000000000000, -1.000000000000000000 ) ) ;
#10756 = APPLICATION_CONTEXT ( 'automotive_design' ) ;
#10758 = FACE_OUTER_BOUND ( 'NONE', #8159, .T. ) ;
#10759 = SURFACE_STYLE_FILL_AREA ( #10821 ) ;
#10760 = AXIS2_PLACEMENT_3D ( 'NONE', #7312, #2636, #11220 ) ;
#10761 = CARTESIAN_POINT ( 'NONE',  ( 1.000000000000000000, 0.000000000000000000, 0.000000000000000000 ) ) ;
#10762 = CARTESIAN_POINT ( 'NONE',  ( 2.000000000000000000, -1.154700538379255015, -0.1786327949540832127 ) ) ;
#10763 = ORIENTED_EDGE ( 'NONE', *, *, #5360, .T. ) ;
#10764 = CIRCLE ( 'NONE', #6039, 2.500000000000000000 ) ;
#10765 = CARTESIAN_POINT ( 'NONE',  ( -0.1702769162167616090, -0.7403828156981311359, 0.000000000000000000 ) ) ;
#10766 = EDGE_LOOP ( 'NONE', ( #6623, #6687 ) ) ;
#10767 = LINE ( 'NONE', #11826, #9471 ) ;
#10768 = VECTOR ( 'NONE', #4063, 1000.000000000000000 ) ;
#10769 = ORIENTED_EDGE ( 'NONE', *, *, #6740, .F. ) ;
#10770 = LINE ( 'NONE', #11522, #7829 ) ;
#10771 = VERTEX_POINT ( 'NONE', #2619 ) ;
#10772 = CIRCLE ( 'NONE', #9195, 0.8156023289305076585 ) ;
#10773 = DIRECTION ( 'NONE',  ( 0.000000000000000000, 0.000000000000000000, -1.000000000000000000 ) ) ;
#10774 = VECTOR ( 'NONE', #6339, 1000.000000000000000 ) ;
#10775 = SURFACE_SIDE_STYLE ('',( #3500 ) ) ;
#10776 = DIRECTION ( 'NONE',  ( 0.000000000000000000, -1.224649721909276639E-16, 1.000000000000000000 ) ) ;
#10777 = VECTOR ( 'NONE', #5728, 1000.000000000000000 ) ;
#10778 = VERTEX_POINT ( 'NONE', #6370 ) ;
#10779 = VECTOR ( 'NONE', #3119, 1000.000000000000000 ) ;
#10780 = LINE ( 'NONE', #8727, #5091 ) ;
#10781 = VECTOR ( 'NONE', #1535, 1000.000000000000000 ) ;
#10782 = AXIS2_PLACEMENT_3D ( 'NONE', #7738, #11513, #10576 ) ;
#10783 = EDGE_CURVE ( 'NONE', #9990, #12109, #10129, .T. ) ;
#10784 = EDGE_CURVE ( 'NONE', #1260, #718, #11188, .T. ) ;
#10785 = CARTESIAN_POINT ( 'NONE',  ( -0.3271719972790577136, -2.120508236058134877, -1.530424537474095903 ) ) ;
#10786 = CARTESIAN_POINT ( 'NONE',  ( -2.000000000000000000, -0.9668978507697956193, -0.1244188288311465912 ) ) ;
#10787 = DIRECTION ( 'NONE',  ( 0.000000000000000000, 0.000000000000000000, -1.000000000000000000 ) ) ;
#10788 = VECTOR ( 'NONE', #852, 1000.000000000000000 ) ;
#10789 = DIRECTION ( 'NONE',  ( -0.5000000000000008882, -0.8660254037844382635, 0.000000000000000000 ) ) ;
#10790 = DIRECTION ( 'NONE',  ( -0.000000000000000000, 0.000000000000000000, -1.000000000000000000 ) ) ;
#10791 = LINE ( 'NONE', #6838, #10898 ) ;
#10792 = ORIENTED_EDGE ( 'NONE', *, *, #4497, .T. ) ;
#10793 = CIRCLE ( 'NONE', #7834, 2.500000000000002220 ) ;
#10794 = CARTESIAN_POINT ( 'NONE',  ( 0.000000000000000000, 2.821690854684141936, 0.9000000000000006883 ) ) ;
#10795 = VERTEX_POINT ( 'NONE', #11 ) ;
#10796 = VECTOR ( 'NONE', #10420, 1000.000000000000000 ) ;
#10797 = CARTESIAN_POINT ( 'NONE',  ( 1.000000000000000444, 0.000000000000000000, -1.199999999999999956 ) ) ;
#10798 = EDGE_CURVE ( 'NONE', #6507, #6572, #3787, .T. ) ;
#10799 = CARTESIAN_POINT ( 'NONE',  ( 3.500000000000000000, 0.000000000000000000, 0.000000000000000000 ) ) ;
#10800 = ORIENTED_EDGE ( 'NONE', *, *, #8037, .T. ) ;
#10801 = AXIS2_PLACEMENT_3D ( 'NONE', #2978, #8827, #5935 ) ;
#10802 = CARTESIAN_POINT ( 'NONE',  ( 9.478766225400515022E-17, -0.7739999999999994662, -2.000000000000000000 ) ) ;
#10803 = ORIENTED_EDGE ( 'NONE', *, *, #5663, .F. ) ;
#10804 = VERTEX_POINT ( 'NONE', #6436 ) ;
#10805 = CONICAL_SURFACE ( 'NONE', #12208, 1.000000000000000000, 1.047197551196604515 ) ;
#10806 = EDGE_CURVE ( 'NONE', #7901, #9044, #5121, .T. ) ;
#10807 = APPLICATION_PROTOCOL_DEFINITION ( 'draft international standard', 'automotive_design', 1998, #11717 ) ;
#10808 = AXIS2_PLACEMENT_3D ( 'NONE', #9437, #4752, #9723 ) ;
#10809 = DIRECTION ( 'NONE',  ( -1.000000000000000000, -0.000000000000000000, -0.000000000000000000 ) ) ;
#10810 = CARTESIAN_POINT ( 'NONE',  ( 0.9526279441628809908, -0.5500000000000001554, -0.3000000000000172529 ) ) ;
#10811 = ORIENTED_EDGE ( 'NONE', *, *, #7618, .T. ) ;
#10812 = EDGE_CURVE ( 'NONE', #11200, #335, #1754, .T. ) ;
#10813 = AXIS2_PLACEMENT_3D ( 'NONE', #5005, #5886, #9640 ) ;
#10814 = DIRECTION ( 'NONE',  ( 0.000000000000000000, 0.000000000000000000, 1.000000000000000000 ) ) ;
#10815 = VECTOR ( 'NONE', #5281, 1000.000000000000114 ) ;
#10816 = CONICAL_SURFACE ( 'NONE', #1955, 0.7740000000000000213, 1.047197551196601628 ) ;
#10817 = ORIENTED_EDGE ( 'NONE', *, *, #10491, .F. ) ;
#10818 = CARTESIAN_POINT ( 'NONE',  ( 0.000000000000000000, 0.7740000000000005764, -2.400000000000000355 ) ) ;
#10819 = ORIENTED_EDGE ( 'NONE', *, *, #6787, .T. ) ;
#10820 = FACE_OUTER_BOUND ( 'NONE', #10472, .T. ) ;
#10821 = FILL_AREA_STYLE ('',( #5084 ) ) ;
#10822 = AXIS2_PLACEMENT_3D ( 'NONE', #6361, #12185, #7341 ) ;
#10823 = DIRECTION ( 'NONE',  ( 0.000000000000000000, 0.000000000000000000, -1.000000000000000000 ) ) ;
#10824 = DIRECTION ( 'NONE',  ( 0.000000000000000000, 0.000000000000000000, -1.000000000000000000 ) ) ;
#10825 = ORIENTED_EDGE ( 'NONE', *, *, #8745, .T. ) ;
#10826 = EDGE_CURVE ( 'NONE', #6330, #11305, #832, .T. ) ;
#10827 = DIRECTION ( 'NONE',  ( 1.000000000000000000, 0.000000000000000000, 0.000000000000000000 ) ) ;
#10828 = EDGE_CURVE ( 'NONE', #3919, #5210, #10793, .T. ) ;
#10829 = ORIENTED_EDGE ( 'NONE', *, *, #3968, .F. ) ;
#10830 = FACE_OUTER_BOUND ( 'NONE', #2324, .T. ) ;
#10831 = VERTEX_POINT ( 'NONE', #6856 ) ;
#10832 = VERTEX_POINT ( 'NONE', #5812 ) ;
#10833 = CARTESIAN_POINT ( 'NONE',  ( 1.000000000000000000, 3.673940397442060361E-16, 3.000000000000000444 ) ) ;
#10834 = VERTEX_POINT ( 'NONE', #10555 ) ;
#10835 =( GEOMETRIC_REPRESENTATION_CONTEXT ( 3 ) GLOBAL_UNCERTAINTY_ASSIGNED_CONTEXT ( ( #2243 ) ) GLOBAL_UNIT_ASSIGNED_CONTEXT ( ( #607, #3331, #11905 ) ) REPRESENTATION_CONTEXT ( 'NONE', 'WORKASPACE' ) );
#10836 = CARTESIAN_POINT ( 'NONE',  ( 2.000000000000000000, -1.154700538379255015, -1.421367205045916737 ) ) ;
#10837 = CARTESIAN_POINT ( 'NONE',  ( -8.000000000000000000, 17.00000000000000000, -8.732195743157015855 ) ) ;
#10838 =( NAMED_UNIT ( * ) PLANE_ANGLE_UNIT ( ) SI_UNIT ( $, .RADIAN. ) );
#10839 = DIRECTION ( 'NONE',  ( -1.000000000000000000, 0.000000000000000000, 0.000000000000000000 ) ) ;
#10840 = EDGE_LOOP ( 'NONE', ( #983, #6119, #1693, #6799 ) ) ;
#10841 = DIRECTION ( 'NONE',  ( -1.000000000000000000, -0.000000000000000000, -0.000000000000000000 ) ) ;
#10842 = EDGE_CURVE ( 'NONE', #308, #5932, #1933, .T. ) ;
#10843 = EDGE_CURVE ( 'NONE', #9543, #7411, #1179, .T. ) ;
#10844 = CARTESIAN_POINT ( 'NONE',  ( 2.000000000000000000, 0.3931374000439454286, -1.582763861186367027 ) ) ;
#10845 = CARTESIAN_POINT ( 'NONE',  ( 0.4682615195961036259, -0.8110527431698564271, -500000.0000000000582 ) ) ;
#10846 = DIRECTION ( 'NONE',  ( -1.000000000000000000, -0.000000000000000000, -0.000000000000000000 ) ) ;
#10847 = CARTESIAN_POINT ( 'NONE',  ( -0.6741496830304615218, 0.1633139160587919470, -0.7494674507636197580 ) ) ;
#10848 = CARTESIAN_POINT ( 'NONE',  ( 5.500000000000000888, 0.000000000000000000, -18.00000000000000355 ) ) ;
#10849 =( REPRESENTATION_RELATIONSHIP ('NONE','NONE', #912, #8471 ) REPRESENTATION_RELATIONSHIP_WITH_TRANSFORMATION ( #2205 )SHAPE_REPRESENTATION_RELATIONSHIP( ) );
#10850 = LINE ( 'NONE', #8071, #726 ) ;
#10851 = VERTEX_POINT ( 'NONE', #9747 ) ;
#10852 = AXIS2_PLACEMENT_3D ( 'NONE', #8335, #11875, #1813 ) ;
#10853 = AXIS2_PLACEMENT_3D ( 'NONE', #11443, #5813, #246 ) ;
#10854 = CARTESIAN_POINT ( 'NONE',  ( 4.099999999999999645, -2.971690854684141847, -0.9000000000000006883 ) ) ;
#10855 = DIRECTION ( 'NONE',  ( 1.000000000000000000, 0.000000000000000000, 0.000000000000000000 ) ) ;
#10856 = DIRECTION ( 'NONE',  ( 0.000000000000000000, 1.000000000000000000, 2.168404344971008868E-16 ) ) ;
#10857 = CARTESIAN_POINT ( 'NONE',  ( 0.1631781751318166773, -2.215190113420280049, -0.1242400699092133382 ) ) ;
#10858 = ORIENTED_EDGE ( 'NONE', *, *, #3896, .T. ) ;
#10859 = FACE_OUTER_BOUND ( 'NONE', #11427, .T. ) ;
#10860 = CONICAL_SURFACE ( 'NONE', #11260, 2.000000000000000000, 1.047197551196595855 ) ;
#10861 = CARTESIAN_POINT ( 'NONE',  ( 0.000000000000000000, 2.500000000000000000, -6.000000000000000000 ) ) ;
#10862 = EDGE_LOOP ( 'NONE', ( #3932, #3144, #2082, #2224 ) ) ;
#10863 = ORIENTED_EDGE ( 'NONE', *, *, #11481, .T. ) ;
#10864 = DIRECTION ( 'NONE',  ( -0.000000000000000000, 1.224649721909276639E-16, -1.000000000000000000 ) ) ;
#10865 = EDGE_CURVE ( 'NONE', #5365, #987, #9691, .T. ) ;
#10866 = EDGE_CURVE ( 'NONE', #8038, #5768, #2112, .T. ) ;
#10867 = PLANE ( 'NONE',  #7041 ) ;
#10868 = CARTESIAN_POINT ( 'NONE',  ( 2.500000000000000000, 9.199999999999999289, -18.50000000000000355 ) ) ;
#10869 = VERTEX_POINT ( 'NONE', #10619 ) ;
#10870 = B_SPLINE_CURVE_WITH_KNOTS ( 'NONE', 3,
 ( #7228, #8041, #8152, #2559, #6247, #5329 ),
 .UNSPECIFIED., .F., .F.,
 ( 4, 2, 4 ),
 ( 0.001168606431211104352, 0.001750609284260045383, 0.002332612137308986630 ),
 .UNSPECIFIED. ) ;
#10871 = STYLED_ITEM ( 'NONE', ( #12 ), #1254 ) ;
#10872 = CARTESIAN_POINT ( 'NONE',  ( 0.6400838274320599375, 0.08743474090243265329, -0.7781214260140798533 ) ) ;
#10873 = DIRECTION ( 'NONE',  ( -1.000000000000000000, 0.000000000000000000, 0.000000000000000000 ) ) ;
#10874 = ORIENTED_EDGE ( 'NONE', *, *, #4374, .F. ) ;
#10875 = CARTESIAN_POINT ( 'NONE',  ( -1.000000000000001776, -1.732050807568876527, -1.600000000000000089 ) ) ;
#10876 = ORIENTED_EDGE ( 'NONE', *, *, #11732, .T. ) ;
#10877 = EDGE_CURVE ( 'NONE', #3993, #12075, #10996, .T. ) ;
#10878 = DIRECTION ( 'NONE',  ( 0.000000000000000000, 0.000000000000000000, -1.000000000000000000 ) ) ;
#10879 =( NAMED_UNIT ( * ) SI_UNIT ( $, .STERADIAN. ) SOLID_ANGLE_UNIT ( ) );
#10880 = DIRECTION ( 'NONE',  ( 0.000000000000000000, 1.000000000000000000, 0.000000000000000000 ) ) ;
#10881 = DIRECTION ( 'NONE',  ( -1.000000000000000000, -0.000000000000000000, -0.000000000000000000 ) ) ;
#10882 = VERTEX_POINT ( 'NONE', #8576 ) ;
#10883 = CARTESIAN_POINT ( 'NONE',  ( 0.000000000000000000, 0.000000000000000000, 3.000000000000000444 ) ) ;
#10884 = ORIENTED_EDGE ( 'NONE', *, *, #1073, .T. ) ;
#10885 = DIRECTION ( 'NONE',  ( -1.000000000000000000, 0.000000000000000000, 0.000000000000000000 ) ) ;
#10886 = ORIENTED_EDGE ( 'NONE', *, *, #4497, .F. ) ;
#10887 = ADVANCED_FACE ( 'NONE', ( #4087, #10681 ), #11618, .T. ) ;
#10888 = ORIENTED_EDGE ( 'NONE', *, *, #1615, .F. ) ;
#10889 = CARTESIAN_POINT ( 'NONE',  ( 0.1702769162167666883, -0.7403828156981310249, 0.000000000000000000 ) ) ;
#10890 = EDGE_LOOP ( 'NONE', ( #9351, #5301 ) ) ;
#10891 = CARTESIAN_POINT ( 'NONE',  ( 0.000000000000000000, 2.309401076758504701, -0.1786327949540832127 ) ) ;
#10892 = CARTESIAN_POINT ( 'NONE',  ( 0.000000000000000000, 5.058392604970359998E-16, -3.730481160836854215 ) ) ;
#10893 = EDGE_CURVE ( 'NONE', #4860, #379, #9561, .T. ) ;
#10894 = DIRECTION ( 'NONE',  ( 1.000000000000000000, 0.000000000000000000, 0.000000000000000000 ) ) ;
#10895 = ORIENTED_EDGE ( 'NONE', *, *, #4577, .F. ) ;
#10896 = ORIENTED_EDGE ( 'NONE', *, *, #1417, .T. ) ;
#10897 = DIRECTION ( 'NONE',  ( 0.000000000000000000, 1.000000000000000000, 0.000000000000000000 ) ) ;
#10898 = VECTOR ( 'NONE', #2217, 1000.000000000000000 ) ;
#10899 = VECTOR ( 'NONE', #1566, 1000.000000000000000 ) ;
#10900 = DIRECTION ( 'NONE',  ( 0.000000000000000000, 0.000000000000000000, -1.000000000000000000 ) ) ;
#10901 = LINE ( 'NONE', #9048, #3839 ) ;
#10902 = FACE_OUTER_BOUND ( 'NONE', #10136, .T. ) ;
#10903 = PRODUCT_DEFINITION_SHAPE ( 'NONE', 'NONE',  #12241 ) ;
#10904 = CARTESIAN_POINT ( 'NONE',  ( -17.30000000000000071, 0.000000000000000000, 0.000000000000000000 ) ) ;
#10905 = FACE_OUTER_BOUND ( 'NONE', #7308, .T. ) ;
#10906 = EDGE_CURVE ( 'NONE', #2757, #8390, #9224, .T. ) ;
#10907 = ADVANCED_FACE ( 'NONE', ( #6791 ), #8819, .F. ) ;
#10908 = VECTOR ( 'NONE', #8898, 1000.000000000000000 ) ;
#10909 = CARTESIAN_POINT ( 'NONE',  ( -2.000000000000000000, -0.8000000000000211386, -23.19999999999990692 ) ) ;
#10910 = CONICAL_SURFACE ( 'NONE', #662, 2.000000000000000000, 1.047197551196596299 ) ;
#10911 = VERTEX_POINT ( 'NONE', #4023 ) ;
#10912 = CARTESIAN_POINT ( 'NONE',  ( 2.000000000000000000, 0.9679918988505321620, -0.1247346533081146042 ) ) ;
#10913 = DIRECTION ( 'NONE',  ( -0.000000000000000000, 1.224649721909276639E-16, -1.000000000000000000 ) ) ;
#10914 = CARTESIAN_POINT ( 'NONE',  ( -0.5000000000000000000, 9.199999999999999289, -21.00000000000000000 ) ) ;
#10915 = ORIENTED_EDGE ( 'NONE', *, *, #921, .T. ) ;
#10916 = CARTESIAN_POINT ( 'NONE',  ( 0.6302730391908609731, -1.998312315407484031E-13, -0.7870467931649066662 ) ) ;
#10917 = CARTESIAN_POINT ( 'NONE',  ( 7.500000000000000000, 0.8999999999999986899, -1.845299461620641068 ) ) ;
#10918 = ORIENTED_EDGE ( 'NONE', *, *, #6960, .T. ) ;
#10919 = VECTOR ( 'NONE', #2027, 1000.000000000000000 ) ;
#10920 = ORIENTED_EDGE ( 'NONE', *, *, #4354, .T. ) ;
#10921 = ADVANCED_BREP_SHAPE_REPRESENTATION ( '', ( #9126, #8058 ), #11039 ) ;
#10922 = CYLINDRICAL_SURFACE ( 'NONE', #7077, 0.5000000000000000000 ) ;
#10923 = CARTESIAN_POINT ( 'NONE',  ( 2.000000000000000000, 9.199999999999999289, -16.00000000000000000 ) ) ;
#10924 = CARTESIAN_POINT ( 'NONE',  ( -17.30000000000000071, 0.000000000000000000, 1.550000000000000044 ) ) ;
#10925 = EDGE_LOOP ( 'NONE', ( #9773, #3934, #6556, #7914 ) ) ;
#10926 = AXIS2_PLACEMENT_3D ( 'NONE', #1834, #12149, #849 ) ;
#10927 = ADVANCED_FACE ( 'NONE', ( #2232 ), #7449, .F. ) ;
#10928 = PLANE ( 'NONE',  #7261 ) ;
#10929 = EDGE_CURVE ( 'NONE', #2579, #5879, #1116, .T. ) ;
#10930 = DIRECTION ( 'NONE',  ( 1.000000000000000000, -0.000000000000000000, -0.000000000000000000 ) ) ;
#10931 = AXIS2_PLACEMENT_3D ( 'NONE', #4494, #8246, #3917 ) ;
#10932 = CARTESIAN_POINT ( 'NONE',  ( 4.336808689942017736E-16, 2.500000000000000000, -22.15470053837916353 ) ) ;
#10933 =( GEOMETRIC_REPRESENTATION_CONTEXT ( 3 ) GLOBAL_UNCERTAINTY_ASSIGNED_CONTEXT ( ( #4802 ) ) GLOBAL_UNIT_ASSIGNED_CONTEXT ( ( #4697, #1044, #1986 ) ) REPRESENTATION_CONTEXT ( 'NONE', 'WORKASPACE' ) );
#10934 = VERTEX_POINT ( 'NONE', #8755 ) ;
#10935 = DIRECTION ( 'NONE',  ( 0.000000000000000000, 0.000000000000000000, 1.000000000000000000 ) ) ;
#10936 = CARTESIAN_POINT ( 'NONE',  ( 5.500000000000000888, 0.000000000000000000, -6.000000000000000000 ) ) ;
#10937 = CARTESIAN_POINT ( 'NONE',  ( 0.000000000000000000, 4.738805170303855086E-16, -1.469518839163146406 ) ) ;
#10938 = CONICAL_SURFACE ( 'NONE', #489, 0.7740000000000000213, 1.047197551196601628 ) ;
#10939 = DIRECTION ( 'NONE',  ( -0.5000000000000009992, 0.000000000000000000, -0.8660254037844380415 ) ) ;
#10940 = VERTEX_POINT ( 'NONE', #6736 ) ;
#10941 = CARTESIAN_POINT ( 'NONE',  ( 0.000000000000000000, 4.738805170303855086E-16, -3.869518839163146762 ) ) ;
#10942 = EDGE_LOOP ( 'NONE', ( #3825, #2774, #397, #241 ) ) ;
#10943 = CYLINDRICAL_SURFACE ( 'NONE', #12059, 1.500000000000001332 ) ;
#10944 = EDGE_CURVE ( 'NONE', #4809, #473, #4502, .T. ) ;
#10945 = VERTEX_POINT ( 'NONE', #2922 ) ;
#10946 = CARTESIAN_POINT ( 'NONE',  ( 2.000000000000000000, 1.154700538379254349, -0.1786327949540832127 ) ) ;
#10947 = ADVANCED_FACE ( 'NONE', ( #6685 ), #5760, .T. ) ;
#10948 = EDGE_LOOP ( 'NONE', ( #7478, #10474 ) ) ;
#10949 = CARTESIAN_POINT ( 'NONE',  ( 1.000000000000000000, 9.199999999999999289, -21.00000000000000000 ) ) ;
#10950 = CARTESIAN_POINT ( 'NONE',  ( 0.000000000000000000, 0.000000000000000000, -1.600000000000000089 ) ) ;
#10951 = CARTESIAN_POINT ( 'NONE',  ( 4.250000000000000000, 0.000000000000000000, 0.000000000000000000 ) ) ;
#10952 = EDGE_CURVE ( 'NONE', #11803, #11495, #195, .T. ) ;
#10953 = ORIENTED_EDGE ( 'NONE', *, *, #3205, .F. ) ;
#10954 = EDGE_LOOP ( 'NONE', ( #4128, #10896, #7121, #3272 ) ) ;
#10955 = FACE_OUTER_BOUND ( 'NONE', #2684, .T. ) ;
#10956 = VECTOR ( 'NONE', #899, 1000.000000000000000 ) ;
#10957 = EDGE_CURVE ( 'NONE', #2131, #4837, #9634, .T. ) ;
#10958 =( NAMED_UNIT ( * ) SI_UNIT ( $, .STERADIAN. ) SOLID_ANGLE_UNIT ( ) );
#10959 = FACE_OUTER_BOUND ( 'NONE', #267, .T. ) ;
#10960 = VECTOR ( 'NONE', #2711, 1000.000000000000000 ) ;
#10961 = CIRCLE ( 'NONE', #4264, 1.999999999999999556 ) ;
#10962 = LINE ( 'NONE', #1714, #5440 ) ;
#10963 = DIRECTION ( 'NONE',  ( -0.000000000000000000, 1.224649721909276639E-16, -1.000000000000000000 ) ) ;
#10964 = DIRECTION ( 'NONE',  ( 0.000000000000000000, 0.000000000000000000, -1.000000000000000000 ) ) ;
#10965 = AXIS2_PLACEMENT_3D ( 'NONE', #11385, #11321, #1009 ) ;
#10966 = DIRECTION ( 'NONE',  ( 0.000000000000000000, -1.000000000000000000, -0.000000000000000000 ) ) ;
#10967 = VECTOR ( 'NONE', #853, 1000.000000000000000 ) ;
#10968 = CONICAL_SURFACE ( 'NONE', #6831, 2.000000000000000000, 1.047197551196596299 ) ;
#10969 = ORIENTED_EDGE ( 'NONE', *, *, #9623, .F. ) ;
#10970 = CIRCLE ( 'NONE', #11976, 1.400000000000015898 ) ;
#10971 = CIRCLE ( 'NONE', #129, 1.000000000000000000 ) ;
#10972 = FACE_OUTER_BOUND ( 'NONE', #4965, .T. ) ;
#10973 = VECTOR ( 'NONE', #2820, 1000.000000000000000 ) ;
#10974 = EDGE_CURVE ( 'NONE', #10940, #1631, #493, .T. ) ;
#10975 = AXIS2_PLACEMENT_3D ( 'NONE', #9031, #3430, #6991 ) ;
#10976 = CARTESIAN_POINT ( 'NONE',  ( 0.8302646929203288950, -1.830047532802312249, -2.134523027080836115E-16 ) ) ;
#10978 = EDGE_LOOP ( 'NONE', ( #1666, #9449, #4340, #6779, #1677, #1684 ) ) ;
#10977 = CARTESIAN_POINT ( 'NONE',  ( -2.000000000000000000, -1.154700538379254349, -1.421367205045916737 ) ) ;
#10979 = EDGE_CURVE ( 'NONE', #5932, #308, #1537, .T. ) ;
#10980 = CARTESIAN_POINT ( 'NONE',  ( 2.000000000000000000, 0.000000000000000000, -1.600000000000000089 ) ) ;
#10981 = CARTESIAN_POINT ( 'NONE',  ( -0.1418526558449253183, 0.8097220972847202214, -0.6722170412650985138 ) ) ;
#10982 = VECTOR ( 'NONE', #7508, 999.9999999999998863 ) ;
#10983 = PRODUCT ( 'Eixo', 'Eixo', '', ( #3728 ) ) ;
#10984 = ORIENTED_EDGE ( 'NONE', *, *, #5913, .T. ) ;
#10985 = AXIS2_PLACEMENT_3D ( 'NONE', #5535, #5593, #1951 ) ;
#10986 = ORIENTED_EDGE ( 'NONE', *, *, #7542, .F. ) ;
#10987 = CARTESIAN_POINT ( 'NONE',  ( 0.000000000000000000, 23.00000000000000000, 0.000000000000000000 ) ) ;
#10988 = CARTESIAN_POINT ( 'NONE',  ( 14.81370849898476116, 17.00000000000000000, -12.73219574315701763 ) ) ;
#10989 = VECTOR ( 'NONE', #5841, 1000.000000000000000 ) ;
#10990 = AXIS2_PLACEMENT_3D ( 'NONE', #4097, #7855, #11685 ) ;
#10991 = VECTOR ( 'NONE', #9222, 1000.000000000000000 ) ;
#10992 = CARTESIAN_POINT ( 'NONE',  ( 5.500000000000000888, 2.500000000000000000, -21.00000000000000000 ) ) ;
#10993 = DIRECTION ( 'NONE',  ( 0.000000000000000000, -1.000000000000000000, 0.000000000000000000 ) ) ;
#10994 = ORIENTED_EDGE ( 'NONE', *, *, #71, .T. ) ;
#10995 = AXIS2_PLACEMENT_3D ( 'NONE', #4187, #1223, #10604 ) ;
#10996 = CIRCLE ( 'NONE', #3307, 3.499999999999997780 ) ;
#10997 = CARTESIAN_POINT ( 'NONE',  ( 0.6302730391908609731, -1.998312315407484031E-13, -0.7870467931649066662 ) ) ;
#10998 = FILL_AREA_STYLE ('',( #4395 ) ) ;
#10999 = CIRCLE ( 'NONE', #2726, 3.499999999999999556 ) ;
#11000 = ORIENTED_EDGE ( 'NONE', *, *, #1122, .T. ) ;
#11001 = CARTESIAN_POINT ( 'NONE',  ( -2.000000000000000000, 0.1952413320394012219, -1.600000000000000089 ) ) ;
#11002 = VECTOR ( 'NONE', #3134, 1000.000000000000000 ) ;
#11003 = ORIENTED_EDGE ( 'NONE', *, *, #9342, .T. ) ;
#11004 = CARTESIAN_POINT ( 'NONE',  ( 5.500000000000001776, 0.8999999999999986899, -4.099999999999890399 ) ) ;
#11005 = DIRECTION ( 'NONE',  ( -2.325405537193559661E-29, -0.9999572096300346491, -0.009250886925854391249 ) ) ;
#11006 = CARTESIAN_POINT ( 'NONE',  ( 2.000000000000000000, 9.199999999999999289, -18.50000000000000355 ) ) ;
#11007 = EDGE_CURVE ( 'NONE', #1301, #4364, #7098, .T. ) ;
#11008 = DIRECTION ( 'NONE',  ( 0.000000000000000000, -1.000000000000000000, -0.000000000000000000 ) ) ;
#11009 = ORIENTED_EDGE ( 'NONE', *, *, #2515, .F. ) ;
#11010 = ADVANCED_FACE ( 'NONE', ( #10056 ), #4294, .T. ) ;
#11011 = ORIENTED_EDGE ( 'NONE', *, *, #6604, .F. ) ;
#11012 = DIRECTION ( 'NONE',  ( 0.000000000000000000, -1.000000000000000000, 0.000000000000000000 ) ) ;
#11013 = ORIENTED_EDGE ( 'NONE', *, *, #8138, .T. ) ;
#11014 = LINE ( 'NONE', #585, #9782 ) ;
#11015 = AXIS2_PLACEMENT_3D ( 'NONE', #11637, #6873, #6989 ) ;
#11016 = ORIENTED_EDGE ( 'NONE', *, *, #11316, .T. ) ;
#11017 = DIRECTION ( 'NONE',  ( -0.000000000000000000, -0.000000000000000000, 1.000000000000000000 ) ) ;
#11018 = ORIENTED_EDGE ( 'NONE', *, *, #88, .T. ) ;
#11019 = CARTESIAN_POINT ( 'NONE',  ( 0.000000000000000000, 0.000000000000000000, 0.000000000000000000 ) ) ;
#11020 = DIRECTION ( 'NONE',  ( -0.000000000000000000, -0.000000000000000000, -1.000000000000000000 ) ) ;
#11021 = DIRECTION ( 'NONE',  ( 0.000000000000000000, 0.000000000000000000, -1.000000000000000000 ) ) ;
#11022 = STYLED_ITEM ( 'NONE', ( #9619 ), #3722 ) ;
#11023 = DIRECTION ( 'NONE',  ( 1.000000000000000000, 0.000000000000000000, 0.000000000000000000 ) ) ;
#11024 = EDGE_CURVE ( 'NONE', #5442, #8652, #8085, .T. ) ;
#11025 = ORIENTED_EDGE ( 'NONE', *, *, #5806, .T. ) ;
#11026 = ADVANCED_FACE ( 'NONE', ( #3416 ), #10867, .F. ) ;
#11027 = ORIENTED_EDGE ( 'NONE', *, *, #4940, .T. ) ;
#11028 = LINE ( 'NONE', #8300, #4510 ) ;
#11029 = AXIS2_PLACEMENT_3D ( 'NONE', #9790, #4183, #10787 ) ;
#11030 = FACE_OUTER_BOUND ( 'NONE', #5584, .T. ) ;
#11031 = LINE ( 'NONE', #1592, #4430 ) ;
#11032 = SURFACE_SIDE_STYLE ('',( #3445 ) ) ;
#11033 = DIRECTION ( 'NONE',  ( 0.000000000000000000, 0.000000000000000000, -1.000000000000000000 ) ) ;
#11034 = CARTESIAN_POINT ( 'NONE',  ( 0.000000000000000000, 0.000000000000000000, -1.600000000000000089 ) ) ;
#11035 = CARTESIAN_POINT ( 'NONE',  ( 2.000000000000000000, 0.9679918988505321620, -0.1247346533081146042 ) ) ;
#11036 = PLANE ( 'NONE',  #2096 ) ;
#11037 = ITEM_DEFINED_TRANSFORMATION ( 'NONE', 'NONE', #4346,  #8058 ) ;
#11038 = ADVANCED_FACE ( 'NONE', ( #3351 ), #10597, .T. ) ;
#11039 =( GEOMETRIC_REPRESENTATION_CONTEXT ( 3 ) GLOBAL_UNCERTAINTY_ASSIGNED_CONTEXT ( ( #4100 ) ) GLOBAL_UNIT_ASSIGNED_CONTEXT ( ( #10085, #4419, #7365 ) ) REPRESENTATION_CONTEXT ( 'NONE', 'WORKASPACE' ) );
#11040 = ORIENTED_EDGE ( 'NONE', *, *, #4613, .T. ) ;
#11041 = CARTESIAN_POINT ( 'NONE',  ( 3.499999999999998668, 0.8999999999999998002, -22.15470053837915998 ) ) ;
#11042 = DIRECTION ( 'NONE',  ( 0.000000000000000000, 0.000000000000000000, -1.000000000000000000 ) ) ;
#11043 = ORIENTED_EDGE ( 'NONE', *, *, #8600, .F. ) ;
#11044 = DIRECTION ( 'NONE',  ( 1.000000000000000000, 0.000000000000000000, 0.000000000000000000 ) ) ;
#11045 = EDGE_CURVE ( 'NONE', #10411, #7205, #9410, .T. ) ;
#11046 = DIRECTION ( 'NONE',  ( -1.000000000000000000, 0.000000000000000000, 0.000000000000000000 ) ) ;
#11047 = PRODUCT_DEFINITION_FORMATION_WITH_SPECIFIED_SOURCE ( 'ANY', '', #1035, .NOT_KNOWN. ) ;
#11048 = ORIENTED_EDGE ( 'NONE', *, *, #9799, .T. ) ;
#11049 = ORIENTED_EDGE ( 'NONE', *, *, #2638, .F. ) ;
#11050 = DIRECTION ( 'NONE',  ( 0.000000000000000000, 0.000000000000000000, 1.000000000000000000 ) ) ;
#11051 = CYLINDRICAL_SURFACE ( 'NONE', #5271, 3.499999999999999556 ) ;
#11052 = EDGE_CURVE ( 'NONE', #3171, #1936, #565, .T. ) ;
#11053 = CARTESIAN_POINT ( 'NONE',  ( -2.000000000000000888, 0.9000000000000003553, -0.6905989232413876078 ) ) ;
#11054 = PLANE ( 'NONE',  #8494 ) ;
#11055 = EDGE_LOOP ( 'NONE', ( #9810, #6759, #7870, #1577, #7983, #8945 ) ) ;
#11056 = SHAPE_REPRESENTATION ( 'CuboDeRoda', ( #8058 ), #969 ) ;
#11057 = AXIS2_PLACEMENT_3D ( 'NONE', #3093, #1177, #4995 ) ;
#11058 = DIRECTION ( 'NONE',  ( -0.8660254037844380415, 0.5000000000000008882, 0.000000000000000000 ) ) ;
#11059 = FACE_OUTER_BOUND ( 'NONE', #3619, .T. ) ;
#11060 = ORIENTED_EDGE ( 'NONE', *, *, #6733, .F. ) ;
#11061 = ORIENTED_EDGE ( 'NONE', *, *, #5920, .T. ) ;
#11062 = DIRECTION ( 'NONE',  ( 0.000000000000000000, 1.000000000000000000, 0.000000000000000000 ) ) ;
#11063 = VERTEX_POINT ( 'NONE', #1428 ) ;
#11064 = ORIENTED_EDGE ( 'NONE', *, *, #11578, .T. ) ;
#11065 = AXIS2_PLACEMENT_3D ( 'NONE', #8512, #4938, #62 ) ;
#11066 = DIRECTION ( 'NONE',  ( 0.000000000000000000, 0.000000000000000000, -1.000000000000000000 ) ) ;
#11067 = EDGE_CURVE ( 'NONE', #1748, #3919, #6058, .T. ) ;
#11068 = DIRECTION ( 'NONE',  ( 0.000000000000000000, 0.000000000000000000, 1.000000000000000000 ) ) ;
#11069 = EDGE_CURVE ( 'NONE', #7901, #3545, #11677, .T. ) ;
#11070 = LINE ( 'NONE', #12069, #8807 ) ;
#11071 = DIRECTION ( 'NONE',  ( 0.000000000000000000, 0.000000000000000000, 1.000000000000000000 ) ) ;
#11072 = ORIENTED_EDGE ( 'NONE', *, *, #10588, .T. ) ;
#11073 = VERTEX_POINT ( 'NONE', #6173 ) ;
#11074 = CARTESIAN_POINT ( 'NONE',  ( -0.7372415519787292038, -0.4732216720518186426, -0.6399611849858323209 ) ) ;
#11075 = FACE_OUTER_BOUND ( 'NONE', #1756, .T. ) ;
#11076 = ORIENTED_EDGE ( 'NONE', *, *, #8958, .T. ) ;
#11077 = EDGE_LOOP ( 'NONE', ( #8875, #5959, #452, #3681 ) ) ;
#11078 = PRODUCT_DEFINITION ( 'UNKNOWN', '', #7891, #3361 ) ;
#11079 = VERTEX_POINT ( 'NONE', #11861 ) ;
#11080 = B_SPLINE_CURVE_WITH_KNOTS ( 'NONE', 3,
 ( #4424, #3682, #7443, #11217, #10280, #4768 ),
 .UNSPECIFIED., .F., .F.,
 ( 4, 2, 4 ),
 ( 0.001168606431211099148, 0.001750609284260044515, 0.002332612137308990100 ),
 .UNSPECIFIED. ) ;
#11081 = DIRECTION ( 'NONE',  ( -0.000000000000000000, -0.000000000000000000, 1.000000000000000000 ) ) ;
#11082 = ORIENTED_EDGE ( 'NONE', *, *, #6862, .T. ) ;
#11083 = DIRECTION ( 'NONE',  ( -0.5000000000000004441, 0.8660254037844383745, 0.000000000000000000 ) ) ;
#11084 = ADVANCED_BREP_SHAPE_REPRESENTATION ( '', ( #1014, #8058 ), #187 ) ;
#11085 = CARTESIAN_POINT ( 'NONE',  ( -4.000000000000003553, 2.500000000000000000, -4.154700538379143993 ) ) ;
#11086 = CARTESIAN_POINT ( 'NONE',  ( 1.672282218993687231, 1.343908487461472401, -0.07933779981236054046 ) ) ;
#11087 = ORIENTED_EDGE ( 'NONE', *, *, #9996, .F. ) ;
#11088 = ORIENTED_EDGE ( 'NONE', *, *, #7084, .F. ) ;
#11089 = FACE_OUTER_BOUND ( 'NONE', #2331, .T. ) ;
#11090 = APPLICATION_CONTEXT ( 'automotive_design' ) ;
#11091 = CARTESIAN_POINT ( 'NONE',  ( 4.250000000000000000, 0.000000000000000000, 0.000000000000000000 ) ) ;
#11092 = PRODUCT ( 'Loc', 'Loc', '', ( #4882 ) ) ;
#11093 = CARTESIAN_POINT ( 'NONE',  ( -1.000000000000001776, -1.732050807568876527, -1.600000000000000089 ) ) ;
#11094 = DIRECTION ( 'NONE',  ( 0.000000000000000000, 1.000000000000000000, 0.000000000000000000 ) ) ;
#11095 = EDGE_CURVE ( 'NONE', #6594, #6616, #7481, .T. ) ;
#11096 = DIRECTION ( 'NONE',  ( 0.000000000000000000, 0.000000000000000000, 1.000000000000000000 ) ) ;
#11097 = EDGE_CURVE ( 'NONE', #2142, #1774, #5079, .T. ) ;
#11098 = DIRECTION ( 'NONE',  ( 0.000000000000000000, -0.000000000000000000, 1.000000000000000000 ) ) ;
#11099 = FACE_BOUND ( 'NONE', #6346, .T. ) ;
#11100 = CARTESIAN_POINT ( 'NONE',  ( 0.000000000000000000, 0.000000000000000000, 0.000000000000000000 ) ) ;
#11101 = ORIENTED_EDGE ( 'NONE', *, *, #8310, .T. ) ;
#11102 = CARTESIAN_POINT ( 'NONE',  ( 0.8000000000000000444, -0.8000000000000000444, -6.499999999999999112 ) ) ;
#11103 = VERTEX_POINT ( 'NONE', #6233 ) ;
#11104 = FILL_AREA_STYLE_COLOUR ( '', #8879 ) ;
#11105 = DIRECTION ( 'NONE',  ( -1.000000000000000000, 0.000000000000000000, 0.000000000000000000 ) ) ;
#11107 = VERTEX_POINT ( 'NONE', #4145 ) ;
#11106 = CARTESIAN_POINT ( 'NONE',  ( -1.000000000000000888, 1.732050807568876749, 0.000000000000000000 ) ) ;
#11108 = CARTESIAN_POINT ( 'NONE',  ( 0.000000000000000000, 17.00000000000000000, -14.23219574315701408 ) ) ;
#11109 = DIRECTION ( 'NONE',  ( -0.000000000000000000, -0.000000000000000000, 1.000000000000000000 ) ) ;
#11110 = ADVANCED_FACE ( 'NONE', ( #7036 ), #5317, .T. ) ;
#11111 = CARTESIAN_POINT ( 'NONE',  ( 1.949999999999999956, 0.000000000000000000, 0.000000000000000000 ) ) ;
#11112 = ORIENTED_EDGE ( 'NONE', *, *, #10091, .F. ) ;
#11113 = EDGE_LOOP ( 'NONE', ( #2261, #3483, #4120, #5164 ) ) ;
#11114 = B_SPLINE_CURVE_WITH_KNOTS ( 'NONE', 3,
 ( #1418, #5177, #5862, #2346, #1224, #7828 ),
 .UNSPECIFIED., .F., .F.,
 ( 4, 2, 4 ),
 ( 0.001168606431211103485, 0.001750609284260044515, 0.002332612137308985329 ),
 .UNSPECIFIED. ) ;
#11115 = CARTESIAN_POINT ( 'NONE',  ( 1.000000000000000000, 1.224646799147355426E-16, -1.730481160836854215 ) ) ;
#11116 = VECTOR ( 'NONE', #11292, 1000.000000000000000 ) ;
#11117 = CARTESIAN_POINT ( 'NONE',  ( 4.099999999999999645, 2.971690854684141847, 0.3999999999999968026 ) ) ;
#11118 = CARTESIAN_POINT ( 'NONE',  ( 1.500000000000000000, 0.000000000000000000, 0.000000000000000000 ) ) ;
#11119 = EDGE_CURVE ( 'NONE', #2580, #10331, #8885, .T. ) ;
#11120 = ORIENTED_EDGE ( 'NONE', *, *, #9716, .T. ) ;
#11121 = AXIS2_PLACEMENT_3D ( 'NONE', #6409, #9061, #3527 ) ;
#11122 = ORIENTED_EDGE ( 'NONE', *, *, #10509, .F. ) ;
#11123 = CARTESIAN_POINT ( 'NONE',  ( 3.499999999999999556, 7.500000000000000000, -0.6161395356698261550 ) ) ;
#11124 = DIRECTION ( 'NONE',  ( 1.000000000000000000, -0.000000000000000000, -0.000000000000000000 ) ) ;
#11125 = EDGE_CURVE ( 'NONE', #9337, #7343, #7959, .T. ) ;
#11126 = EDGE_LOOP ( 'NONE', ( #1998, #6067, #11064, #5213, #7248, #6060 ) ) ;
#11127 = VERTEX_POINT ( 'NONE', #9876 ) ;
#11128 = FACE_OUTER_BOUND ( 'NONE', #3496, .T. ) ;
#11129 = ORIENTED_EDGE ( 'NONE', *, *, #11228, .T. ) ;
#11130 = VERTEX_POINT ( 'NONE', #8943 ) ;
#11131 = DIRECTION ( 'NONE',  ( 0.000000000000000000, 0.000000000000000000, -1.000000000000000000 ) ) ;
#11132 =( NAMED_UNIT ( * ) SI_UNIT ( $, .STERADIAN. ) SOLID_ANGLE_UNIT ( ) );
#11133 = FACE_OUTER_BOUND ( 'NONE', #6512, .T. ) ;
#11134 = DIRECTION ( 'NONE',  ( 0.4999999999999987232, 0.000000000000000000, -0.8660254037844393737 ) ) ;
#11135 = VERTEX_POINT ( 'NONE', #4690 ) ;
#11136 = CARTESIAN_POINT ( 'NONE',  ( 7.500000000000000888, 0.8999999999999989120, -4.154700538379145769 ) ) ;
#11137 = CARTESIAN_POINT ( 'NONE',  ( -8.000000000000000000, 17.00000000000000000, -8.732195743157015855 ) ) ;
#11138 = AXIS2_PLACEMENT_3D ( 'NONE', #724, #5350, #10153 ) ;
#11139 = ORIENTED_EDGE ( 'NONE', *, *, #2739, .T. ) ;
#11140 = EDGE_CURVE ( 'NONE', #6616, #6124, #7240, .T. ) ;
#11141 = EDGE_CURVE ( 'NONE', #6317, #3311, #6665, .T. ) ;
#11142 = ORIENTED_EDGE ( 'NONE', *, *, #12011, .F. ) ;
#11143 = CARTESIAN_POINT ( 'NONE',  ( 5.500000000000001776, -0.8000000000000211386, -2.999999999999891642 ) ) ;
#11144 = CARTESIAN_POINT ( 'NONE',  ( -2.000000000000000000, 1.154700538379251240, -0.1786327949540822413 ) ) ;
#11145 = PLANE ( 'NONE',  #5260 ) ;
#11146 = LINE ( 'NONE', #12209, #4668 ) ;
#11147 = ORIENTED_EDGE ( 'NONE', *, *, #4117, .F. ) ;
#11148 = CARTESIAN_POINT ( 'NONE',  ( 3.000000000000000000, 0.000000000000000000, 0.000000000000000000 ) ) ;
#11149 = CARTESIAN_POINT ( 'NONE',  ( 5.500000000000000888, 0.000000000000000000, 0.000000000000000000 ) ) ;
#11150 = VECTOR ( 'NONE', #2039, 1000.000000000000000 ) ;
#11151 = CONICAL_SURFACE ( 'NONE', #4442, 2.000000000000000000, 1.047197551196595855 ) ;
#11152 = CARTESIAN_POINT ( 'NONE',  ( 0.000000000000000000, 0.000000000000000000, 0.000000000000000000 ) ) ;
#11153 = CARTESIAN_POINT ( 'NONE',  ( 0.000000000000000000, 0.7740000000000005764, -3.600000000000000089 ) ) ;
#11154 = AXIS2_PLACEMENT_3D ( 'NONE', #5998, #5480, #7553 ) ;
#11155 = CARTESIAN_POINT ( 'NONE',  ( -2.000000000000000000, 1.154700538379254349, -1.421367205045916737 ) ) ;
#11156 = DIRECTION ( 'NONE',  ( 0.000000000000000000, 0.000000000000000000, 1.000000000000000000 ) ) ;
#11157 = ORIENTED_EDGE ( 'NONE', *, *, #3205, .T. ) ;
#11158 = FACE_OUTER_BOUND ( 'NONE', #4096, .T. ) ;
#11159 = VECTOR ( 'NONE', #1313, 1000.000000000000227 ) ;
#11160 = CARTESIAN_POINT ( 'NONE',  ( 0.7263287850284178004, 0.2227272727272736064, 0.000000000000000000 ) ) ;
#11161 = SURFACE_STYLE_USAGE ( .BOTH. , #797 ) ;
#11162 = CARTESIAN_POINT ( 'NONE',  ( -2.000000000000001776, -0.7999999999999847233, -2.999999999999891642 ) ) ;
#11163 = ITEM_DEFINED_TRANSFORMATION ( 'NONE', 'NONE', #9065,  #8058 ) ;
#11164 = CARTESIAN_POINT ( 'NONE',  ( 2.000000000000000000, -0.3889866277140359152, -0.01677217554083863804 ) ) ;
#11165 = EDGE_CURVE ( 'NONE', #12104, #3368, #873, .T. ) ;
#11166 = ORIENTED_EDGE ( 'NONE', *, *, #2137, .T. ) ;
#11167 = ADVANCED_FACE ( 'NONE', ( #12175, #9266 ), #2663, .T. ) ;
#11168 = DIRECTION ( 'NONE',  ( 0.000000000000000000, 0.000000000000000000, -1.000000000000000000 ) ) ;
#11169 = PLANE ( 'NONE',  #4272 ) ;
#11170 = AXIS2_PLACEMENT_3D ( 'NONE', #8252, #7319, #8182 ) ;
#11171 = ORIENTED_EDGE ( 'NONE', *, *, #8286, .F. ) ;
#11172 = CONICAL_SURFACE ( 'NONE', #4854, 2.200000000000000622, 0.7853981633974473908 ) ;
#11173 = CARTESIAN_POINT ( 'NONE',  ( 2.000000000000000000, 9.199999999999999289, -18.50000000000000355 ) ) ;
#11175 = VERTEX_POINT ( 'NONE', #10302 ) ;
#11174 = CARTESIAN_POINT ( 'NONE',  ( -0.1631781751318187590, 2.215190113420277385, -0.1242400699092117422 ) ) ;
#11176 = CARTESIAN_POINT ( 'NONE',  ( 2.000000000000000000, 9.199999999999999289, -18.50000000000000355 ) ) ;
#11177 = AXIS2_PLACEMENT_3D ( 'NONE', #4861, #4584, #3657 ) ;
#11178 = CARTESIAN_POINT ( 'NONE',  ( 0.000000000000000000, 0.000000000000000000, -1.600000000000000089 ) ) ;
#11179 = CIRCLE ( 'NONE', #11969, 0.3062499999999996891 ) ;
#11180 = ORIENTED_EDGE ( 'NONE', *, *, #5964, .T. ) ;
#11181 = AXIS2_PLACEMENT_3D ( 'NONE', #9344, #9464, #12082 ) ;
#11182 = CARTESIAN_POINT ( 'NONE',  ( 0.000000000000000000, 0.000000000000000000, 0.000000000000000000 ) ) ;
#11183 = CIRCLE ( 'NONE', #1123, 1.099999999999998535 ) ;
#11184 = LINE ( 'NONE', #11053, #8615 ) ;
#11185 = VERTEX_POINT ( 'NONE', #2781 ) ;
#11186 = EDGE_CURVE ( 'NONE', #5768, #9162, #8229, .T. ) ;
#11187 = CARTESIAN_POINT ( 'NONE',  ( 2.000000000000000000, 1.154700538379254349, -1.421367205045916737 ) ) ;
#11188 = CIRCLE ( 'NONE', #4875, 2.500000000000002220 ) ;
#11189 = DIRECTION ( 'NONE',  ( -1.000000000000000000, -0.000000000000000000, -0.000000000000000000 ) ) ;
#11190 = CIRCLE ( 'NONE', #10360, 2.500000000000000000 ) ;
#11191 = CARTESIAN_POINT ( 'NONE',  ( -1.836821824868181352, -1.248911501717480332, -0.1242400699092116589 ) ) ;
#11192 = ORIENTED_EDGE ( 'NONE', *, *, #2118, .F. ) ;
#11193 = ORIENTED_EDGE ( 'NONE', *, *, #8847, .F. ) ;
#11194 = CARTESIAN_POINT ( 'NONE',  ( -2.000000000000000000, 1.154700538379254349, -1.421367205045916737 ) ) ;
#11195 = AXIS2_PLACEMENT_3D ( 'NONE', #8344, #1630, #4538 ) ;
#11196 = VERTEX_POINT ( 'NONE', #6553 ) ;
#11197 = CARTESIAN_POINT ( 'NONE',  ( 14.34085229047740029, -10.35026175531544546, 1049.100000000006958 ) ) ;
#11198 = PRODUCT_DEFINITION_SHAPE ( 'NONE', 'NONE',  #8497 ) ;
#11199 = CARTESIAN_POINT ( 'NONE',  ( 5.499999999999999112, 2.500000000000000000, -0.6905989232413867196 ) ) ;
#11200 = VERTEX_POINT ( 'NONE', #819 ) ;
#11201 = ADVANCED_FACE ( 'NONE', ( #685 ), #6417, .F. ) ;
#11202 = CARTESIAN_POINT ( 'NONE',  ( -2.000000000000000000, 0.3931374000439445404, -0.01723613881363289871 ) ) ;
#11203 = ORIENTED_EDGE ( 'NONE', *, *, #845, .T. ) ;
#11205 = CARTESIAN_POINT ( 'NONE',  ( 2.000000000000000000, 1.154700538379254349, -1.421367205045916737 ) ) ;
#11204 = AXIS2_PLACEMENT_3D ( 'NONE', #10525, #2072, #8718 ) ;
#11206 = B_SPLINE_CURVE_WITH_KNOTS ( 'NONE', 3,
 ( #10875, #573, #11929, #3360, #7106, #4341 ),
 .UNSPECIFIED., .F., .F.,
 ( 4, 2, 4 ),
 ( 0.001168606431211104352, 0.001750609284260045383, 0.002332612137308986630 ),
 .UNSPECIFIED. ) ;
#11207 = DIRECTION ( 'NONE',  ( 0.000000000000000000, 0.000000000000000000, -1.000000000000000000 ) ) ;
#11208 = CIRCLE ( 'NONE', #1942, 5.500000000000000000 ) ;
#11209 = ORIENTED_EDGE ( 'NONE', *, *, #3451, .F. ) ;
#11210 = LINE ( 'NONE', #9226, #9578 ) ;
#11211 = DIRECTION ( 'NONE',  ( 0.000000000000000000, -1.000000000000000000, 0.000000000000000000 ) ) ;
#11212 =( NAMED_UNIT ( * ) PLANE_ANGLE_UNIT ( ) SI_UNIT ( $, .RADIAN. ) );
#11213 = CARTESIAN_POINT ( 'NONE',  ( 0.1631781751318165108, -2.215190113420280937, -1.475759930090786654 ) ) ;
#11214 = EDGE_LOOP ( 'NONE', ( #1142, #12007, #7894, #12131 ) ) ;
#11215 = ORIENTED_EDGE ( 'NONE', *, *, #11216, .T. ) ;
#11216 = EDGE_CURVE ( 'NONE', #5034, #1968, #8326, .T. ) ;
#11217 = CARTESIAN_POINT ( 'NONE',  ( 0.3277177810063108265, -2.120193127676285982, -1.520662200187636870 ) ) ;
#11218 = CARTESIAN_POINT ( 'NONE',  ( 0.9526279441628808797, -0.5500000000000002665, -0.3000000000000181410 ) ) ;
#11219 = VECTOR ( 'NONE', #10641, 1000.000000000000000 ) ;
#11220 = DIRECTION ( 'NONE',  ( -1.000000000000000000, 0.000000000000000000, 0.000000000000000000 ) ) ;
#11221 = CARTESIAN_POINT ( 'NONE',  ( 0.1702769162167666883, -0.7403828156981310249, -0.7092725651034381684 ) ) ;
#11222 = DIRECTION ( 'NONE',  ( 1.000000000000000000, 0.000000000000000000, 0.000000000000000000 ) ) ;
#11223 = ORIENTED_EDGE ( 'NONE', *, *, #6966, .F. ) ;
#11224 = CARTESIAN_POINT ( 'NONE',  ( -0.9526279441628808797, 0.5500000000000002665, -3.300000000000018030 ) ) ;
#11225 = PRESENTATION_LAYER_ASSIGNMENT (  '', '', ( #6285 ) ) ;
#11226 = CARTESIAN_POINT ( 'NONE',  ( 0.000000000000000000, 0.000000000000000000, -1.600000000000000089 ) ) ;
#11227 = DIRECTION ( 'NONE',  ( 0.000000000000000000, 0.000000000000000000, -1.000000000000000000 ) ) ;
#11228 = EDGE_CURVE ( 'NONE', #9089, #503, #7524, .T. ) ;
#11229 = EDGE_CURVE ( 'NONE', #3731, #5392, #11184, .T. ) ;
#11230 = DIRECTION ( 'NONE',  ( 0.8660254037844385966, 0.5000000000000000000, 0.000000000000000000 ) ) ;
#11231 = CARTESIAN_POINT ( 'NONE',  ( -1.000000000000001776, -1.732050807568876527, 0.000000000000000000 ) ) ;
#11232 = COLOUR_RGB ( '',0.007843137254901960675, 0.2392156862745097867, 0.8235294117647058432 ) ;
#11233 = DIRECTION ( 'NONE',  ( 1.000000000000000000, 0.000000000000000000, 0.000000000000000000 ) ) ;
#11234 = ORIENTED_EDGE ( 'NONE', *, *, #2842, .T. ) ;
#11235 = FACE_OUTER_BOUND ( 'NONE', #5843, .T. ) ;
#11236 = DIRECTION ( 'NONE',  ( -0.000000000000000000, 0.000000000000000000, 1.000000000000000000 ) ) ;
#11237 = ORIENTED_EDGE ( 'NONE', *, *, #2495, .F. ) ;
#11238 = PRODUCT_DEFINITION ( 'UNKNOWN', '', #8472, #502 ) ;
#11239 =( LENGTH_UNIT ( ) NAMED_UNIT ( * ) SI_UNIT ( .MILLI., .METRE. ) );
#11240 = MECHANICAL_DESIGN_GEOMETRIC_PRESENTATION_REPRESENTATION (  '', ( #11832 ), #4731 ) ;
#11241 = LINE ( 'NONE', #9435, #4287 ) ;
#11242 = ADVANCED_BREP_SHAPE_REPRESENTATION ( '', ( #671, #8058 ), #2969 ) ;
#11243 = DIRECTION ( 'NONE',  ( 0.000000000000000000, 0.000000000000000000, -1.000000000000000000 ) ) ;
#11244 = EDGE_LOOP ( 'NONE', ( #365, #9563, #10400, #3200 ) ) ;
#11245 = CARTESIAN_POINT ( 'NONE',  ( 2.500000000000000000, 9.199999999999999289, -17.00000000000000000 ) ) ;
#11246 =( GEOMETRIC_REPRESENTATION_CONTEXT ( 3 ) GLOBAL_UNCERTAINTY_ASSIGNED_CONTEXT ( ( #2862 ) ) GLOBAL_UNIT_ASSIGNED_CONTEXT ( ( #5894, #10573, #11270 ) ) REPRESENTATION_CONTEXT ( 'NONE', 'WORKASPACE' ) );
#11247 = CARTESIAN_POINT ( 'NONE',  ( 0.000000000000000000, 0.000000000000000000, -0.3000000000000181410 ) ) ;
#11248 = DIRECTION ( 'NONE',  ( 1.000000000000000000, 0.000000000000000000, 0.000000000000000000 ) ) ;
#11249 = ORIENTED_EDGE ( 'NONE', *, *, #950, .T. ) ;
#11250 = EDGE_CURVE ( 'NONE', #1459, #7301, #9615, .T. ) ;
#11251 = ORIENTED_EDGE ( 'NONE', *, *, #10826, .T. ) ;
#11252 = EDGE_CURVE ( 'NONE', #11384, #9321, #6270, .T. ) ;
#11253 = VERTEX_POINT ( 'NONE', #4452 ) ;
#11254 = APPLICATION_PROTOCOL_DEFINITION ( 'draft international standard', 'automotive_design', 1998, #11090 ) ;
#11255 = PRODUCT_DEFINITION_FORMATION_WITH_SPECIFIED_SOURCE ( 'ANY', '', #744, .NOT_KNOWN. ) ;
#11256 = AXIS2_PLACEMENT_3D ( 'NONE', #9070, #9931, #5252 ) ;
#11257 = DIRECTION ( 'NONE',  ( 0.000000000000000000, 0.000000000000000000, 1.000000000000000000 ) ) ;
#11258 = LINE ( 'NONE', #2798, #5938 ) ;
#11259 = EDGE_LOOP ( 'NONE', ( #11139, #8271, #11998, #3260, #5389, #4297 ) ) ;
#11260 = AXIS2_PLACEMENT_3D ( 'NONE', #515, #11017, #8905 ) ;
#11261 = CARTESIAN_POINT ( 'NONE',  ( 1.500000000000000000, 3.061616997868383141E-16, -2.500000000000000000 ) ) ;
#11262 = CARTESIAN_POINT ( 'NONE',  ( -1.000000000000000000, 0.000000000000000000, 0.000000000000000000 ) ) ;
#11263 = VERTEX_POINT ( 'NONE', #5565 ) ;
#11264 = ORIENTED_EDGE ( 'NONE', *, *, #2865, .T. ) ;
#11265 = COLOUR_RGB ( '',0.007843137254901960675, 0.2392156862745097867, 0.8235294117647058432 ) ;
#11266 = DIRECTION ( 'NONE',  ( -1.000000000000000000, -0.000000000000000000, -0.000000000000000000 ) ) ;
#11267 = EDGE_CURVE ( 'NONE', #6969, #9660, #1547, .T. ) ;
#11268 = CARTESIAN_POINT ( 'NONE',  ( -2.000000000000000000, 0.7788341705667901627, -0.07984828284772985119 ) ) ;
#11269 = CARTESIAN_POINT ( 'NONE',  ( -4.000000000000003553, 2.500000000000000000, -22.15470053837915643 ) ) ;
#11270 =( NAMED_UNIT ( * ) SI_UNIT ( $, .STERADIAN. ) SOLID_ANGLE_UNIT ( ) );
#11271 = CARTESIAN_POINT ( 'NONE',  ( 1.340742937416024905, -1.535322780927274700, -2.470117744885353961E-16 ) ) ;
#11272 = VERTEX_POINT ( 'NONE', #10186 ) ;
#11273 = ORIENTED_EDGE ( 'NONE', *, *, #10491, .T. ) ;
#11274 = DIRECTION ( 'NONE',  ( 1.000000000000000000, 0.000000000000000000, 0.000000000000000000 ) ) ;
#11275 = CARTESIAN_POINT ( 'NONE',  ( -1.000000000000001776, -1.732050807568876527, 0.000000000000000000 ) ) ;
#11276 = EDGE_CURVE ( 'NONE', #3889, #631, #2727, .T. ) ;
#11277 = FACE_OUTER_BOUND ( 'NONE', #3603, .T. ) ;
#11278 = CARTESIAN_POINT ( 'NONE',  ( 0.000000000000000000, 0.000000000000000000, -1.500000000000000000 ) ) ;
#11279 = ORIENTED_EDGE ( 'NONE', *, *, #11141, .T. ) ;
#11280 = CARTESIAN_POINT ( 'NONE',  ( -17.94999999999999929, 4.286263797015736595E-16, 3.500000000000000000 ) ) ;
#11281 = ADVANCED_FACE ( 'NONE', ( #11994, #8270 ), #5441, .F. ) ;
#11282 = DIRECTION ( 'NONE',  ( 1.000000000000000000, 0.000000000000000000, 0.000000000000000000 ) ) ;
#11283 = CARTESIAN_POINT ( 'NONE',  ( 0.000000000000000000, 4.738805170303855086E-16, -3.069518839163146939 ) ) ;
#11284 =( NAMED_UNIT ( * ) PLANE_ANGLE_UNIT ( ) SI_UNIT ( $, .RADIAN. ) );
#11285 = CARTESIAN_POINT ( 'NONE',  ( 0.000000000000000000, 0.000000000000000000, 0.000000000000000000 ) ) ;
#11286 = ITEM_DEFINED_TRANSFORMATION ( 'NONE', 'NONE', #10852,  #8058 ) ;
#11287 = SURFACE_SIDE_STYLE ('',( #10531 ) ) ;
#11288 = CARTESIAN_POINT ( 'NONE',  ( 0.8302646929203288950, -1.830047532802312249, -2.134523027080836115E-16 ) ) ;
#11289 = VECTOR ( 'NONE', #1, 1000.000000000000114 ) ;
#11290 = CARTESIAN_POINT ( 'NONE',  ( 0.000000000000000000, 0.000000000000000000, 0.000000000000000000 ) ) ;
#11291 = CARTESIAN_POINT ( 'NONE',  ( 0.000000000000000000, 0.000000000000000000, 0.000000000000000000 ) ) ;
#11292 = DIRECTION ( 'NONE',  ( -1.000000000000000000, -0.000000000000000000, -0.000000000000000000 ) ) ;
#11293 = ORIENTED_EDGE ( 'NONE', *, *, #7512, .F. ) ;
#11294 = DIRECTION ( 'NONE',  ( -0.000000000000000000, 0.000000000000000000, -1.000000000000000000 ) ) ;
#11295 = LINE ( 'NONE', #2087, #7796 ) ;
#11296 = EDGE_CURVE ( 'NONE', #1300, #6507, #5290, .T. ) ;
#11297 = ADVANCED_FACE ( 'NONE', ( #10249 ), #1802, .F. ) ;
#11298 = PRODUCT_DEFINITION_SHAPE ( 'NONE', 'NONE',  #12217 ) ;
#11299 = ORIENTED_EDGE ( 'NONE', *, *, #8731, .T. ) ;
#11300 = DIRECTION ( 'NONE',  ( 0.000000000000000000, -1.000000000000000000, 0.000000000000000000 ) ) ;
#11301 = DIRECTION ( 'NONE',  ( 1.000000000000000000, -0.000000000000000000, -0.000000000000000000 ) ) ;
#11302 = ORIENTED_EDGE ( 'NONE', *, *, #10352, .T. ) ;
#11303 = CARTESIAN_POINT ( 'NONE',  ( 0.000000000000000000, 2.309401076758504701, -1.600000000000000089 ) ) ;
#11304 = CARTESIAN_POINT ( 'NONE',  ( 7.500000000000002665, 0.8999999999999995781, -22.15470053837915643 ) ) ;
#11305 = VERTEX_POINT ( 'NONE', #9783 ) ;
#11306 = FILL_AREA_STYLE_COLOUR ( '', #8645 ) ;
#11307 = CARTESIAN_POINT ( 'NONE',  ( -2.000000000000000000, 2.500000000000000000, -3.000000000000000000 ) ) ;
#11308 = ORIENTED_EDGE ( 'NONE', *, *, #8681, .T. ) ;
#11309 = ORIENTED_EDGE ( 'NONE', *, *, #6475, .F. ) ;
#11310 = SHAPE_DEFINITION_REPRESENTATION ( #2516, #1707 ) ;
#11311 = AXIS2_PLACEMENT_3D ( 'NONE', #11641, #7740, #9837 ) ;
#11312 = DIRECTION ( 'NONE',  ( -1.000000000000000000, -0.000000000000000000, -0.000000000000000000 ) ) ;
#11313 = LINE ( 'NONE', #12126, #2989 ) ;
#11314 = EDGE_LOOP ( 'NONE', ( #8829, #6267, #4949, #426 ) ) ;
#11315 = DIRECTION ( 'NONE',  ( -1.000000000000000000, -0.000000000000000000, -0.000000000000000000 ) ) ;
#11316 = EDGE_CURVE ( 'NONE', #10676, #5797, #764, .T. ) ;
#11317 = EDGE_CURVE ( 'NONE', #2016, #3593, #11208, .T. ) ;
#11318 = PLANE ( 'NONE',  #6660 ) ;
#11319 = CARTESIAN_POINT ( 'NONE',  ( 0.8000000000000000444, 0.000000000000000000, -1.500000000000000000 ) ) ;
#11320 = ORIENTED_EDGE ( 'NONE', *, *, #5609, .F. ) ;
#11321 = DIRECTION ( 'NONE',  ( 0.000000000000000000, 0.000000000000000000, -1.000000000000000000 ) ) ;
#11322 = APPLICATION_CONTEXT ( 'automotive_design' ) ;
#11323 = CARTESIAN_POINT ( 'NONE',  ( -0.6592570625839797582, -1.928778834210483462, -1.600000000000000089 ) ) ;
#11324 = CARTESIAN_POINT ( 'NONE',  ( 2.000000000000000000, -1.154700538379255015, -0.1786327949540832127 ) ) ;
#11325 = ORIENTED_EDGE ( 'NONE', *, *, #10294, .F. ) ;
#11326 = CARTESIAN_POINT ( 'NONE',  ( 5.500000000000000888, 0.000000000000000000, -21.00000000000000000 ) ) ;
#11327 = CIRCLE ( 'NONE', #11740, 10.00000000000000000 ) ;
#11328 = ADVANCED_FACE ( 'NONE', ( #7937, #6828 ), #2209, .T. ) ;
#11329 = DIRECTION ( 'NONE',  ( 0.000000000000000000, 1.000000000000000000, 0.000000000000000000 ) ) ;
#11330 = VECTOR ( 'NONE', #10438, 1000.000000000000000 ) ;
#11331 = ORIENTED_EDGE ( 'NONE', *, *, #1077, .F. ) ;
#11332 = EDGE_CURVE ( 'NONE', #3731, #4762, #10780, .T. ) ;
#11333 = CYLINDRICAL_SURFACE ( 'NONE', #8739, 1.000000000000000000 ) ;
#11334 = VERTEX_POINT ( 'NONE', #7879 ) ;
#11335 = CARTESIAN_POINT ( 'NONE',  ( -1.000000000000000000, 0.000000000000000000, -2.500000000000000000 ) ) ;
#11336 = EDGE_LOOP ( 'NONE', ( #10589, #8572, #5476, #5132 ) ) ;
#11337 = DIRECTION ( 'NONE',  ( 1.000000000000000000, 0.000000000000000000, 0.000000000000000000 ) ) ;
#11338 = EDGE_CURVE ( 'NONE', #7954, #7586, #5876, .T. ) ;
#11339 = FACE_OUTER_BOUND ( 'NONE', #8221, .T. ) ;
#11340 =( NAMED_UNIT ( * ) PLANE_ANGLE_UNIT ( ) SI_UNIT ( $, .RADIAN. ) );
#11341 = VECTOR ( 'NONE', #3460, 1000.000000000000000 ) ;
#11342 = CYLINDRICAL_SURFACE ( 'NONE', #716, 1.000000000000000444 ) ;
#11343 = ITEM_DEFINED_TRANSFORMATION ( 'NONE', 'NONE', #1590,  #8058 ) ;
#11344 = ORIENTED_EDGE ( 'NONE', *, *, #6475, .T. ) ;
#11345 = PRESENTATION_STYLE_ASSIGNMENT (( #5672 ) ) ;
#11346 = ADVANCED_FACE ( 'NONE', ( #349 ), #50, .T. ) ;
#11347 = CARTESIAN_POINT ( 'NONE',  ( 0.6062177826491110810, -0.3500000000000007550, 0.000000000000000000 ) ) ;
#11348 = CARTESIAN_POINT ( 'NONE',  ( -0.6592570625839798693, -1.928778834210483462, -4.615899523244127080E-17 ) ) ;
#11349 = CARTESIAN_POINT ( 'NONE',  ( -0.5000000000000000000, 9.199999999999999289, -18.50000000000000355 ) ) ;
#11350 = CARTESIAN_POINT ( 'NONE',  ( 0.8000000000000000444, 0.000000000000000000, -6.500000000000000888 ) ) ;
#11351 = AXIS2_PLACEMENT_3D ( 'NONE', #9908, #1646, #5414 ) ;
#11352 = LINE ( 'NONE', #3387, #1285 ) ;
#11353 = VERTEX_POINT ( 'NONE', #9851 ) ;
#11354 = EDGE_CURVE ( 'NONE', #1977, #412, #12203, .T. ) ;
#11355 = DIRECTION ( 'NONE',  ( -1.000000000000000000, 0.000000000000000000, 0.000000000000000000 ) ) ;
#11356 = AXIS2_PLACEMENT_3D ( 'NONE', #3712, #5622, #926 ) ;
#11357 = DIRECTION ( 'NONE',  ( 0.000000000000000000, 0.000000000000000000, -1.000000000000000000 ) ) ;
#11358 = ORIENTED_EDGE ( 'NONE', *, *, #8334, .T. ) ;
#11359 = EDGE_CURVE ( 'NONE', #5525, #4707, #6025, .T. ) ;
#11360 = EDGE_CURVE ( 'NONE', #10778, #9223, #3829, .T. ) ;
#11361 = PLANE ( 'NONE',  #1903 ) ;
#11362 = DIRECTION ( 'NONE',  ( -0.000000000000000000, -0.000000000000000000, -1.000000000000000000 ) ) ;
#11363 = ORIENTED_EDGE ( 'NONE', *, *, #170, .F. ) ;
#11364 = FACE_OUTER_BOUND ( 'NONE', #1185, .T. ) ;
#11365 = CARTESIAN_POINT ( 'NONE',  ( -0.6062177826491067512, -0.3500000000000009770, 0.000000000000000000 ) ) ;
#11366 = ORIENTED_EDGE ( 'NONE', *, *, #3470, .T. ) ;
#11367 = AXIS2_PLACEMENT_3D ( 'NONE', #10671, #8740, #7948 ) ;
#11368 = ORIENTED_EDGE ( 'NONE', *, *, #8168, .F. ) ;
#11369 = CIRCLE ( 'NONE', #1305, 10.00000000000000000 ) ;
#11370 = CYLINDRICAL_SURFACE ( 'NONE', #12067, 1.000000000000000444 ) ;
#11371 = VECTOR ( 'NONE', #12076, 1000.000000000000000 ) ;
#11372 = SHAPE_DEFINITION_REPRESENTATION ( #6563, #5093 ) ;
#11373 = CARTESIAN_POINT ( 'NONE',  ( 0.000000000000000000, 0.000000000000000000, -0.2999999999999842792 ) ) ;
#11374 = DIRECTION ( 'NONE',  ( 0.000000000000000000, 1.000000000000000000, -0.000000000000000000 ) ) ;
#11375 = VERTEX_POINT ( 'NONE', #3254 ) ;
#11376 = EDGE_CURVE ( 'NONE', #11937, #10427, #1349, .T. ) ;
#11377 = CIRCLE ( 'NONE', #3689, 0.7740000000000000213 ) ;
#11378 = CIRCLE ( 'NONE', #2105, 1.400000000000014122 ) ;
#11379 = ORIENTED_EDGE ( 'NONE', *, *, #684, .T. ) ;
#11380 = AXIS2_PLACEMENT_3D ( 'NONE', #10892, #7068, #592 ) ;
#11381 = CARTESIAN_POINT ( 'NONE',  ( -1.340742937416024905, 1.535322780927271813, 8.545038780570239278E-16 ) ) ;
#11382 = CARTESIAN_POINT ( 'NONE',  ( -0.9526279441628808797, -0.5499999999999999334, -1.600000000000000089 ) ) ;
#11383 = VECTOR ( 'NONE', #11630, 1000.000000000000227 ) ;
#11384 = VERTEX_POINT ( 'NONE', #11771 ) ;
#11385 = CARTESIAN_POINT ( 'NONE',  ( 4.099999999999999645, -2.971690854684141847, 0.8999999999999992450 ) ) ;
#11386 = CONICAL_SURFACE ( 'NONE', #7435, 0.7799999999999996936, 0.9599310885968785900 ) ;
#11387 = AXIS2_PLACEMENT_3D ( 'NONE', #2797, #9217, #4643 ) ;
#11388 = DIRECTION ( 'NONE',  ( -1.000000000000000000, 0.000000000000000000, 0.000000000000000000 ) ) ;
#11389 = ADVANCED_FACE ( 'NONE', ( #460 ), #6892, .F. ) ;
#11390 = EDGE_LOOP ( 'NONE', ( #837, #4054, #10672 ) ) ;
#11391 = EDGE_CURVE ( 'NONE', #4539, #242, #7250, .T. ) ;
#11392 = CARTESIAN_POINT ( 'NONE',  ( 3.499999999999999556, 7.500000000000000000, -6.116139535669825378 ) ) ;
#11393 = DIRECTION ( 'NONE',  ( 0.000000000000000000, 0.000000000000000000, 1.000000000000000000 ) ) ;
#11394 = CYLINDRICAL_SURFACE ( 'NONE', #2310, 1.500000000000001332 ) ;
#11395 = AXIS2_PLACEMENT_3D ( 'NONE', #2259, #2325, #9661 ) ;
#11396 = ORIENTED_EDGE ( 'NONE', *, *, #4855, .F. ) ;
#11397 = AXIS2_PLACEMENT_3D ( 'NONE', #8519, #7600, #5180 ) ;
#11398 = DIRECTION ( 'NONE',  ( -1.000000000000000000, -0.000000000000000000, -0.000000000000000000 ) ) ;
#11399 = CIRCLE ( 'NONE', #12023, 2.500000000000000000 ) ;
#11400 = AXIS2_PLACEMENT_3D ( 'NONE', #1854, #5624, #7276 ) ;
#11401 = DIRECTION ( 'NONE',  ( -1.000000000000000000, -0.000000000000000000, -0.000000000000000000 ) ) ;
#11402 = ORIENTED_EDGE ( 'NONE', *, *, #2350, .F. ) ;
#11403 = CARTESIAN_POINT ( 'NONE',  ( 0.000000000000000000, 0.7740000000000005764, -2.000000000000000000 ) ) ;
#11404 = ORIENTED_EDGE ( 'NONE', *, *, #10732, .F. ) ;
#11405 = CARTESIAN_POINT ( 'NONE',  ( 3.500000000000000000, 23.00000000000000000, 0.000000000000000000 ) ) ;
#11406 = EDGE_CURVE ( 'NONE', #7718, #7392, #2393, .T. ) ;
#11407 = EDGE_CURVE ( 'NONE', #640, #851, #8826, .T. ) ;
#11408 = SURFACE_STYLE_FILL_AREA ( #2822 ) ;
#11409 =( LENGTH_UNIT ( ) NAMED_UNIT ( * ) SI_UNIT ( .MILLI., .METRE. ) );
#11410 = CARTESIAN_POINT ( 'NONE',  ( 2.000000000000000000, -0.3889866277140361928, -1.583227824459161326 ) ) ;
#11411 = AXIS2_PLACEMENT_3D ( 'NONE', #3621, #1530, #10897 ) ;
#11412 = CYLINDRICAL_SURFACE ( 'NONE', #4479, 1.099999999999996758 ) ;
#11413 = EDGE_LOOP ( 'NONE', ( #4701, #3078, #5211, #12121 ) ) ;
#11414 = CARTESIAN_POINT ( 'NONE',  ( 0.1631781751318166773, -2.215190113420280049, -0.1242400699092133382 ) ) ;
#11415 = FACE_OUTER_BOUND ( 'NONE', #10154, .T. ) ;
#11416 = DIRECTION ( 'NONE',  ( -1.000000000000000000, -0.000000000000000000, -0.000000000000000000 ) ) ;
#11417 = DIRECTION ( 'NONE',  ( -1.000000000000000000, 0.000000000000000000, 0.000000000000000000 ) ) ;
#11418 = VECTOR ( 'NONE', #2680, 1000.000000000000114 ) ;
#11419 = CARTESIAN_POINT ( 'NONE',  ( 1.500000000000000000, 0.000000000000000000, 2.500000000000000000 ) ) ;
#11420 = ORIENTED_EDGE ( 'NONE', *, *, #10686, .F. ) ;
#11421 = CARTESIAN_POINT ( 'NONE',  ( 2.000000000000000000, -1.154700538379255015, -0.1786327949540832127 ) ) ;
#11422 = EDGE_CURVE ( 'NONE', #11200, #10224, #8047, .T. ) ;
#11423 = DIRECTION ( 'NONE',  ( 0.000000000000000000, 0.000000000000000000, 1.000000000000000000 ) ) ;
#11424 = CIRCLE ( 'NONE', #965, 2.000000000000000000 ) ;
#11425 = DIRECTION ( 'NONE',  ( 0.000000000000000000, 0.000000000000000000, -1.000000000000000000 ) ) ;
#11426 = VECTOR ( 'NONE', #342, 1000.000000000000000 ) ;
#11427 = EDGE_LOOP ( 'NONE', ( #6252, #1782, #9916 ) ) ;
#11428 = VERTEX_POINT ( 'NONE', #5106 ) ;
#11429 = EDGE_CURVE ( 'NONE', #4715, #4724, #8858, .T. ) ;
#11430 = FACE_OUTER_BOUND ( 'NONE', #9648, .T. ) ;
#11431 = EDGE_LOOP ( 'NONE', ( #9000, #1001 ) ) ;
#11432 = B_SPLINE_CURVE_WITH_KNOTS ( 'NONE', 3,
 ( #9921, #2168, #1230, #11727, #8748, #7899 ),
 .UNSPECIFIED., .F., .F.,
 ( 4, 2, 4 ),
 ( 0.003228283429323684436, 0.003812703409393313706, 0.004397123389462942976 ),
 .UNSPECIFIED. ) ;
#11433 = DIRECTION ( 'NONE',  ( 1.000000000000000000, 0.000000000000000000, 0.000000000000000000 ) ) ;
#11434 = DIRECTION ( 'NONE',  ( 0.000000000000000000, 0.000000000000000000, 1.000000000000000000 ) ) ;
#11435 = STYLED_ITEM ( 'NONE', ( #7259 ), #4018 ) ;
#11436 = EDGE_LOOP ( 'NONE', ( #8155, #5103 ) ) ;
#11437 = ORIENTED_EDGE ( 'NONE', *, *, #3472, .T. ) ;
#11438 = ADVANCED_FACE ( 'NONE', ( #7249 ), #1702, .T. ) ;
#11439 = ORIENTED_EDGE ( 'NONE', *, *, #11267, .F. ) ;
#11440 = CARTESIAN_POINT ( 'NONE',  ( -1.340742937416024017, 1.535322780927272257, -1.600000000000000977 ) ) ;
#11441 = SHAPE_DEFINITION_REPRESENTATION ( #10202, #3835 ) ;
#11442 = DIRECTION ( 'NONE',  ( 1.000000000000000000, 0.000000000000000000, 0.000000000000000000 ) ) ;
#11443 = CARTESIAN_POINT ( 'NONE',  ( 0.000000000000000000, 0.000000000000000000, 0.000000000000000000 ) ) ;
#11444 = EDGE_LOOP ( 'NONE', ( #3777, #11829 ) ) ;
#11445 = AXIS2_PLACEMENT_3D ( 'NONE', #2976, #3157, #243 ) ;
#11446 = ORIENTED_EDGE ( 'NONE', *, *, #11024, .T. ) ;
#11447 = CARTESIAN_POINT ( 'NONE',  ( 14.05000000000000071, 0.000000000000000000, 0.000000000000000000 ) ) ;
#11448 = DIRECTION ( 'NONE',  ( 1.000000000000000000, -0.000000000000000000, -0.000000000000000000 ) ) ;
#11449 = DIRECTION ( 'NONE',  ( 1.000000000000000000, -0.000000000000000000, -0.000000000000000000 ) ) ;
#11450 = DIRECTION ( 'NONE',  ( 0.000000000000000000, 1.000000000000000000, 0.000000000000000000 ) ) ;
#11451 = CARTESIAN_POINT ( 'NONE',  ( -5.000000000000000000, 0.000000000000000000, -3.000000000000000000 ) ) ;
#11452 = ORIENTED_EDGE ( 'NONE', *, *, #6580, .T. ) ;
#11453 = DIRECTION ( 'NONE',  ( 0.000000000000000000, 1.000000000000000000, 0.000000000000000000 ) ) ;
#11454 = EDGE_CURVE ( 'NONE', #9898, #2058, #9234, .T. ) ;
#11455 = EDGE_CURVE ( 'NONE', #1616, #1100, #4519, .T. ) ;
#11456 = AXIS2_PLACEMENT_3D ( 'NONE', #12003, #4400, #831 ) ;
#11457 = DIRECTION ( 'NONE',  ( -1.000000000000000000, -0.000000000000000000, -0.000000000000000000 ) ) ;
#11458 = ORIENTED_EDGE ( 'NONE', *, *, #545, .F. ) ;
#11459 = FACE_OUTER_BOUND ( 'NONE', #10040, .T. ) ;
#11460 = DIRECTION ( 'NONE',  ( 0.000000000000000000, 1.000000000000000000, 0.000000000000000000 ) ) ;
#11461 = DIRECTION ( 'NONE',  ( 1.000000000000000000, 0.000000000000000000, 0.000000000000000000 ) ) ;
#11462 = VERTEX_POINT ( 'NONE', #7133 ) ;
#11463 = CARTESIAN_POINT ( 'NONE',  ( 1.169735307079673214, 1.634054082335443692, 1.229256564702802973E-15 ) ) ;
#11464 = CARTESIAN_POINT ( 'NONE',  ( 3.000000000000000000, 1.224646799147353207E-16, -1.000000000000000000 ) ) ;
#11465 = ORIENTED_EDGE ( 'NONE', *, *, #2530, .F. ) ;
#11466 = PRODUCT_DEFINITION ( 'UNKNOWN', '', #5734, #8655 ) ;
#11467 = PRESENTATION_LAYER_ASSIGNMENT (  '', '', ( #7900 ) ) ;
#11468 = DIRECTION ( 'NONE',  ( 0.000000000000000000, 0.000000000000000000, 1.000000000000000000 ) ) ;
#11469 = VERTEX_POINT ( 'NONE', #8979 ) ;
#11470 = DIRECTION ( 'NONE',  ( 0.000000000000000000, 0.000000000000000000, 1.000000000000000000 ) ) ;
#11471 = VERTEX_POINT ( 'NONE', #9103 ) ;
#11472 = DIRECTION ( 'NONE',  ( 0.000000000000000000, 0.000000000000000000, -1.000000000000000000 ) ) ;
#11473 = CARTESIAN_POINT ( 'NONE',  ( 0.000000000000000000, 0.000000000000000000, 0.000000000000000000 ) ) ;
#11474 = SURFACE_SIDE_STYLE ('',( #7563 ) ) ;
#11475 = DIRECTION ( 'NONE',  ( 1.000000000000000000, 0.000000000000000000, 0.000000000000000000 ) ) ;
#11476 = VECTOR ( 'NONE', #8026, 1000.000000000000000 ) ;
#11477 = CYLINDRICAL_SURFACE ( 'NONE', #9391, 1.099999999999997202 ) ;
#11478 = MECHANICAL_DESIGN_GEOMETRIC_PRESENTATION_REPRESENTATION (  '', ( #1008 ), #829 ) ;
#11479 = ORIENTED_EDGE ( 'NONE', *, *, #2368, .T. ) ;
#11480 = EDGE_CURVE ( 'NONE', #2930, #1404, #10213, .T. ) ;
#11481 = EDGE_CURVE ( 'NONE', #510, #8725, #10416, .T. ) ;
#11482 = DIRECTION ( 'NONE',  ( 0.000000000000000000, 0.000000000000000000, -1.000000000000000000 ) ) ;
#11483 = DIRECTION ( 'NONE',  ( -0.000000000000000000, 1.000000000000000000, 0.000000000000000000 ) ) ;
#11484 = DIRECTION ( 'NONE',  ( -1.000000000000000000, -0.000000000000000000, -0.000000000000000000 ) ) ;
#11485 = ORIENTED_EDGE ( 'NONE', *, *, #1287, .T. ) ;
#11486 = FACE_OUTER_BOUND ( 'NONE', #3212, .T. ) ;
#11487 = CARTESIAN_POINT ( 'NONE',  ( 0.000000000000000000, 0.000000000000000000, -0.1540456584061371259 ) ) ;
#11488 = FACE_OUTER_BOUND ( 'NONE', #4474, .T. ) ;
#11489 = AXIS2_PLACEMENT_3D ( 'NONE', #3019, #6773, #4925 ) ;
#11490 = ORIENTED_EDGE ( 'NONE', *, *, #8706, .T. ) ;
#11491 = VERTEX_POINT ( 'NONE', #6209 ) ;
#11492 =( REPRESENTATION_RELATIONSHIP ('NONE','NONE', #912, #8396 ) REPRESENTATION_RELATIONSHIP_WITH_TRANSFORMATION ( #4021 )SHAPE_REPRESENTATION_RELATIONSHIP( ) );
#11493 = EDGE_CURVE ( 'NONE', #9319, #8995, #11028, .T. ) ;
#11494 = DIRECTION ( 'NONE',  ( 2.220446049250312588E-16, 0.000000000000000000, 1.000000000000000000 ) ) ;
#11495 = VERTEX_POINT ( 'NONE', #8062 ) ;
#11496 = ORIENTED_EDGE ( 'NONE', *, *, #4282, .T. ) ;
#11497 = EDGE_LOOP ( 'NONE', ( #9555, #6192, #2411, #4197 ) ) ;
#11498 = ADVANCED_FACE ( 'NONE', ( #8241, #10955 ), #5405, .F. ) ;
#11499 = DIRECTION ( 'NONE',  ( 0.000000000000000000, 0.000000000000000000, 1.000000000000000000 ) ) ;
#11500 = PRODUCT_CONTEXT ( 'NONE', #5243, 'mechanical' ) ;
#11501 = CARTESIAN_POINT ( 'NONE',  ( 5.499999999999997335, 2.500000000000000000, -5.309401076758394566 ) ) ;
#11502 = FACE_OUTER_BOUND ( 'NONE', #263, .T. ) ;
#11503 = ORIENTED_EDGE ( 'NONE', *, *, #9355, .T. ) ;
#11504 = EDGE_CURVE ( 'NONE', #8976, #1641, #6331, .T. ) ;
#11505 = LINE ( 'NONE', #1186, #750 ) ;
#11506 = FACE_OUTER_BOUND ( 'NONE', #84, .T. ) ;
#11507 = CYLINDRICAL_SURFACE ( 'NONE', #6999, 3.000000000000000444 ) ;
#11508 = EDGE_LOOP ( 'NONE', ( #12074, #11320, #6946, #1431 ) ) ;
#11509 = CARTESIAN_POINT ( 'NONE',  ( 0.000000000000000000, 0.000000000000000000, 0.000000000000000000 ) ) ;
#11510 = CARTESIAN_POINT ( 'NONE',  ( 0.000000000000000000, 0.000000000000000000, -0.1291166393111736477 ) ) ;
#11511 = ORIENTED_EDGE ( 'NONE', *, *, #231, .F. ) ;
#11512 = DIRECTION ( 'NONE',  ( 0.000000000000000000, 0.000000000000000000, 1.000000000000000000 ) ) ;
#11513 = DIRECTION ( 'NONE',  ( -0.000000000000000000, 1.224649721909276639E-16, -1.000000000000000000 ) ) ;
#11514 = DIRECTION ( 'NONE',  ( 0.000000000000000000, 1.000000000000000000, 0.000000000000000000 ) ) ;
#11515 = ADVANCED_FACE ( 'NONE', ( #3506 ), #12084, .T. ) ;
#11516 = EDGE_CURVE ( 'NONE', #4446, #1307, #2135, .T. ) ;
#11517 = AXIS2_PLACEMENT_3D ( 'NONE', #3408, #5184, #8818 ) ;
#11518 = ORIENTED_EDGE ( 'NONE', *, *, #10957, .T. ) ;
#11519 = PLANE ( 'NONE',  #7372 ) ;
#11520 = CONICAL_SURFACE ( 'NONE', #8729, 2.000000000000000000, 1.047197551196596299 ) ;
#11521 = ORIENTED_EDGE ( 'NONE', *, *, #10426, .F. ) ;
#11522 = CARTESIAN_POINT ( 'NONE',  ( 1.000000000000000444, 1.224646799147353947E-16, 0.000000000000000000 ) ) ;
#11523 = ORIENTED_EDGE ( 'NONE', *, *, #3138, .T. ) ;
#11524 = LINE ( 'NONE', #6942, #12021 ) ;
#11525 = CARTESIAN_POINT ( 'NONE',  ( -11.31370849898476116, 7.500000000000000888, -2.116139535669824934 ) ) ;
#11526 = CARTESIAN_POINT ( 'NONE',  ( 0.000000000000000000, 1.000000000000000444, -1.730481160836854215 ) ) ;
#11527 = ORIENTED_EDGE ( 'NONE', *, *, #4703, .F. ) ;
#11528 = AXIS2_PLACEMENT_3D ( 'NONE', #8357, #5661, #3808 ) ;
#11529 = CARTESIAN_POINT ( 'NONE',  ( 0.000000000000000000, 2.971690854684141847, -0.8999999999999992450 ) ) ;
#11530 = DIRECTION ( 'NONE',  ( -1.000000000000000000, 0.000000000000000000, -0.000000000000000000 ) ) ;
#11531 = DIRECTION ( 'NONE',  ( 0.8660254037844381525, -0.5000000000000007772, 0.000000000000000000 ) ) ;
#11532 = VECTOR ( 'NONE', #9934, 1000.000000000000000 ) ;
#11533 = DIRECTION ( 'NONE',  ( 1.000000000000000000, 0.000000000000000000, 2.775557561562890858E-16 ) ) ;
#11534 = PLANE ( 'NONE',  #10995 ) ;
#11535 = EDGE_CURVE ( 'NONE', #8462, #10945, #4547, .T. ) ;
#11536 = CARTESIAN_POINT ( 'NONE',  ( 0.000000000000000000, 0.000000000000000000, 0.000000000000000000 ) ) ;
#11537 = EDGE_CURVE ( 'NONE', #6087, #3931, #9813, .T. ) ;
#11538 = AXIS2_PLACEMENT_3D ( 'NONE', #142, #11222, #4029 ) ;
#11539 = ORIENTED_EDGE ( 'NONE', *, *, #9310, .F. ) ;
#11540 = AXIS2_PLACEMENT_3D ( 'NONE', #7836, #11800, #2410 ) ;
#11541 = CARTESIAN_POINT ( 'NONE',  ( 4.099999999999999645, -2.821690854684141936, 0.8999999999999992450 ) ) ;
#11542 = ORIENTED_EDGE ( 'NONE', *, *, #8477, .F. ) ;
#11543 = DIRECTION ( 'NONE',  ( 1.060575238724909257E-16, -0.8660254037844404840, -0.4999999999999967248 ) ) ;
#11544 = EDGE_LOOP ( 'NONE', ( #1484, #844, #7647, #7967 ) ) ;
#11545 = VERTEX_POINT ( 'NONE', #11149 ) ;
#11546 = ADVANCED_FACE ( 'NONE', ( #11089 ), #2635, .T. ) ;
#11547 = DIRECTION ( 'NONE',  ( -1.000000000000000000, 0.000000000000000000, 0.000000000000000000 ) ) ;
#11548 = APPLICATION_PROTOCOL_DEFINITION ( 'draft international standard', 'automotive_design', 1998, #4548 ) ;
#11549 = DIRECTION ( 'NONE',  ( -0.000000000000000000, -0.000000000000000000, 1.000000000000000000 ) ) ;
#11550 = CARTESIAN_POINT ( 'NONE',  ( 4.099999999999999645, -2.971690854684141847, 0.3999999999999987454 ) ) ;
#11551 = ORIENTED_EDGE ( 'NONE', *, *, #7251, .F. ) ;
#11552 = ADVANCED_FACE ( 'NONE', ( #5220 ), #2448, .F. ) ;
#11553 = CIRCLE ( 'NONE', #6026, 3.000000000000000444 ) ;
#11554 = CARTESIAN_POINT ( 'NONE',  ( -3.129822080702421140E-16, -2.309401076758506477, -1.600000000000000089 ) ) ;
#11555 = CIRCLE ( 'NONE', #2494, 1.899999999999999689 ) ;
#11556 = FACE_OUTER_BOUND ( 'NONE', #7031, .T. ) ;
#11557 = LINE ( 'NONE', #10286, #2474 ) ;
#11558 = ORIENTED_EDGE ( 'NONE', *, *, #11603, .T. ) ;
#11559 = DIRECTION ( 'NONE',  ( 7.511572993685793184E-16, 0.000000000000000000, 1.000000000000000000 ) ) ;
#11560 = AXIS2_PLACEMENT_3D ( 'NONE', #9155, #6323, #10081 ) ;
#11561 = CARTESIAN_POINT ( 'NONE',  ( 0.000000000000000000, 0.000000000000000000, -1.600000000000000089 ) ) ;
#11562 = ORIENTED_EDGE ( 'NONE', *, *, #3424, .F. ) ;
#11563 = CARTESIAN_POINT ( 'NONE',  ( 0.000000000000000000, 0.000000000000000000, -0.3000000000000172529 ) ) ;
#11564 = EDGE_CURVE ( 'NONE', #6692, #10267, #4379, .T. ) ;
#11565 = CARTESIAN_POINT ( 'NONE',  ( 0.000000000000000000, 0.000000000000000000, -6.500000000000000888 ) ) ;
#11566 = SHAPE_REPRESENTATION_RELATIONSHIP ( 'NONE' , 'NONE' ,  #8471, #11242 ) ;
#11567 = VECTOR ( 'NONE', #8365, 1000.000000000000000 ) ;
#11568 = AXIS2_PLACEMENT_3D ( 'NONE', #3010, #1262, #11042 ) ;
#11569 = CIRCLE ( 'NONE', #1110, 1.999999999999999556 ) ;
#11570 = CARTESIAN_POINT ( 'NONE',  ( -2.000000000000000000, -0.8000000000000194733, -22.09999999999990550 ) ) ;
#11571 = ORIENTED_EDGE ( 'NONE', *, *, #6794, .F. ) ;
#11572 = VECTOR ( 'NONE', #3059, 1000.000000000000000 ) ;
#11573 = AXIS2_PLACEMENT_3D ( 'NONE', #22, #3855, #11388 ) ;
#11574 = DIRECTION ( 'NONE',  ( -0.000000000000000000, 1.000000000000000000, -0.000000000000000000 ) ) ;
#11575 = VECTOR ( 'NONE', #9352, 1000.000000000000000 ) ;
#11576 = CARTESIAN_POINT ( 'NONE',  ( 7.500000000000000000, 0.8999999999999986899, -1.845299461620641068 ) ) ;
#11577 = VERTEX_POINT ( 'NONE', #86 ) ;
#11578 = EDGE_CURVE ( 'NONE', #3341, #2114, #3636, .T. ) ;
#11579 = CARTESIAN_POINT ( 'NONE',  ( 2.000000000000000000, 3.673940397442060361E-16, -3.000000000000000444 ) ) ;
#11580 = AXIS2_PLACEMENT_3D ( 'NONE', #699, #12004, #10823 ) ;
#11581 = ORIENTED_EDGE ( 'NONE', *, *, #2423, .T. ) ;
#11582 = CARTESIAN_POINT ( 'NONE',  ( 2.000000000000000000, 11.70000000000000107, -7.200000000000000178 ) ) ;
#11583 = DIRECTION ( 'NONE',  ( -1.000000000000000000, 0.000000000000000000, 0.000000000000000000 ) ) ;
#11584 = ORIENTED_EDGE ( 'NONE', *, *, #4180, .T. ) ;
#11585 = CARTESIAN_POINT ( 'NONE',  ( 0.000000000000000000, 0.000000000000000000, -0.1540456584061371259 ) ) ;
#11586 = DIRECTION ( 'NONE',  ( 1.000000000000000000, 0.000000000000000000, 0.000000000000000000 ) ) ;
#11587 = EDGE_CURVE ( 'NONE', #9767, #1497, #7462, .T. ) ;
#11588 = CIRCLE ( 'NONE', #940, 4.000000000000000000 ) ;
#11589 = FACE_OUTER_BOUND ( 'NONE', #9199, .T. ) ;
#11590 = ORIENTED_EDGE ( 'NONE', *, *, #1990, .T. ) ;
#11591 = DIRECTION ( 'NONE',  ( -0.000000000000000000, -1.000000000000000000, -0.000000000000000000 ) ) ;
#11592 = DIRECTION ( 'NONE',  ( 1.000000000000000000, 0.000000000000000000, 0.000000000000000000 ) ) ;
#11593 = VECTOR ( 'NONE', #1297, 1000.000000000000000 ) ;
#11594 = CIRCLE ( 'NONE', #8426, 1.000000000000000000 ) ;
#11595 = DIRECTION ( 'NONE',  ( -0.000000000000000000, 0.000000000000000000, -1.000000000000000000 ) ) ;
#11596 = FACE_OUTER_BOUND ( 'NONE', #11975, .T. ) ;
#11597 = FACE_OUTER_BOUND ( 'NONE', #6254, .T. ) ;
#11598 = ORIENTED_EDGE ( 'NONE', *, *, #684, .F. ) ;
#11599 = AXIS2_PLACEMENT_3D ( 'NONE', #8478, #6526, #28 ) ;
#11600 = DIRECTION ( 'NONE',  ( 0.000000000000000000, 1.000000000000000000, -2.168404344971008868E-15 ) ) ;
#11601 = CARTESIAN_POINT ( 'NONE',  ( 14.05000000000000071, 1.224646799147353207E-16, -1.000000000000000000 ) ) ;
#11602 = EDGE_CURVE ( 'NONE', #2993, #12099, #8188, .T. ) ;
#11603 = EDGE_CURVE ( 'NONE', #9781, #1712, #8623, .T. ) ;
#11604 = DIRECTION ( 'NONE',  ( 0.000000000000000000, 0.000000000000000000, 1.000000000000000000 ) ) ;
#11605 = CLOSED_SHELL ( 'NONE', ( #2347, #3108, #2973, #10308, #6628, #4267, #1608, #6002, #9284, #3002, #6934, #7762, #11713, #1415, #2628, #5594, #6878, #1006, #2723, #10065, #3626, #10738, #7840, #6673, #7717, #10447, #6308, #7908, #1356, #5596, #9909, #12080, #11870, #10532, #1434, #5157, #12135, #55, #3339, #269, #986, #6549, #4043, #9467, #1982, #11010, #12181, #5206, #1720, #1784, #3065, #2296, #4012, #5857, #9163, #5789, #9971, #11438, #11297, #4216, #11916, #7813, #10134 ) ) ;
#11606 = ORIENTED_EDGE ( 'NONE', *, *, #5623, .F. ) ;
#11607 = FACE_OUTER_BOUND ( 'NONE', #3645, .T. ) ;
#11608 = CONICAL_SURFACE ( 'NONE', #7255, 2.000000000000000000, 1.047197551196596299 ) ;
#11609 = CARTESIAN_POINT ( 'NONE',  ( 0.9000000000000000222, 0.000000000000000000, 0.000000000000000000 ) ) ;
#11610 = VERTEX_POINT ( 'NONE', #9525 ) ;
#11611 = CARTESIAN_POINT ( 'NONE',  ( 3.000000000000000000, 6.123233995736766036E-17, -0.5000000000000000000 ) ) ;
#11612 = FACE_OUTER_BOUND ( 'NONE', #8424, .T. ) ;
#11613 = AXIS2_PLACEMENT_3D ( 'NONE', #5571, #4525, #935 ) ;
#11614 = ORIENTED_EDGE ( 'NONE', *, *, #1322, .F. ) ;
#11615 = ORIENTED_EDGE ( 'NONE', *, *, #5530, .T. ) ;
#11616 = FACE_OUTER_BOUND ( 'NONE', #6403, .T. ) ;
#11617 = ITEM_DEFINED_TRANSFORMATION ( 'NONE', 'NONE', #1191,  #8058 ) ;
#11618 = PLANE ( 'NONE',  #9012 ) ;
#11619 = CYLINDRICAL_SURFACE ( 'NONE', #12058, 1.000000000000000000 ) ;
#11620 = ORIENTED_EDGE ( 'NONE', *, *, #4376, .T. ) ;
#11621 = VECTOR ( 'NONE', #5351, 1000.000000000000000 ) ;
#11622 = VERTEX_POINT ( 'NONE', #12144 ) ;
#11623 = DIRECTION ( 'NONE',  ( 1.000000000000000000, -0.000000000000000000, -0.000000000000000000 ) ) ;
#11624 = STYLED_ITEM ( 'NONE', ( #9478 ), #11084 ) ;
#11625 = EDGE_CURVE ( 'NONE', #6107, #6258, #1887, .T. ) ;
#11626 = CARTESIAN_POINT ( 'NONE',  ( 0.000000000000000000, 0.000000000000000000, -6.000000000000000000 ) ) ;
#11627 = ADVANCED_FACE ( 'NONE', ( #5657 ), #4605, .T. ) ;
#11628 = CARTESIAN_POINT ( 'NONE',  ( 3.599999999999999201, -2.971690854684141847, 0.8999999999999992450 ) ) ;
#11629 = VERTEX_POINT ( 'NONE', #9408 ) ;
#11630 = DIRECTION ( 'NONE',  ( 0.8660254037844390407, 0.000000000000000000, -0.4999999999999992228 ) ) ;
#11631 = DIRECTION ( 'NONE',  ( -0.000000000000000000, -1.000000000000000000, -0.000000000000000000 ) ) ;
#11632 = PRODUCT_DEFINITION_CONTEXT ( 'detailed design', #11090, 'design' ) ;
#11633 = VERTEX_POINT ( 'NONE', #11218 ) ;
#11634 = SURFACE_STYLE_USAGE ( .BOTH. , #7610 ) ;
#11635 = DIRECTION ( 'NONE',  ( -0.000000000000000000, -0.000000000000000000, -1.000000000000000000 ) ) ;
#11636 = DIRECTION ( 'NONE',  ( 0.000000000000000000, 0.000000000000000000, -1.000000000000000000 ) ) ;
#11637 = CARTESIAN_POINT ( 'NONE',  ( 0.000000000000000000, 0.000000000000000000, 0.000000000000000000 ) ) ;
#11638 = EDGE_LOOP ( 'NONE', ( #5287, #8872, #616, #11837 ) ) ;
#11639 = B_SPLINE_CURVE_WITH_KNOTS ( 'NONE', 3,
 ( #11421, #2031, #5795, #2089 ),
 .UNSPECIFIED., .F., .F.,
 ( 4, 4 ),
 ( 2.380749485076419225E-07, 0.001168606431211098931 ),
 .UNSPECIFIED. ) ;
#11640 = DIRECTION ( 'NONE',  ( -1.000000000000000000, -0.000000000000000000, -0.000000000000000000 ) ) ;
#11641 = CARTESIAN_POINT ( 'NONE',  ( 0.000000000000000000, 0.000000000000000000, 0.000000000000000000 ) ) ;
#11642 = VERTEX_POINT ( 'NONE', #4662 ) ;
#11643 = ADVANCED_FACE ( 'NONE', ( #4834 ), #4725, .T. ) ;
#11644 = AXIS2_PLACEMENT_3D ( 'NONE', #4283, #2247, #1440 ) ;
#11645 = ORIENTED_EDGE ( 'NONE', *, *, #951, .T. ) ;
#11646 = LINE ( 'NONE', #11582, #9601 ) ;
#11647 = ORIENTED_EDGE ( 'NONE', *, *, #2547, .T. ) ;
#11648 = DIRECTION ( 'NONE',  ( -0.000000000000000000, 0.000000000000000000, 1.000000000000000000 ) ) ;
#11649 = LINE ( 'NONE', #8854, #5846 ) ;
#11650 = CARTESIAN_POINT ( 'NONE',  ( -0.3277177810063121588, 2.120193127676282430, -1.520662200187637758 ) ) ;
#11651 = EDGE_CURVE ( 'NONE', #2148, #6313, #8599, .T. ) ;
#11652 = ORIENTED_EDGE ( 'NONE', *, *, #1447, .T. ) ;
#11653 = CARTESIAN_POINT ( 'NONE',  ( 0.7812177826497540556, 0.3500000000114287246, -0.6513934606268929617 ) ) ;
#11654 = EDGE_CURVE ( 'NONE', #4772, #11130, #9264, .T. ) ;
#11655 = EDGE_CURVE ( 'NONE', #622, #7659, #1146, .T. ) ;
#11656 = PLANE ( 'NONE',  #6968 ) ;
#11657 = CARTESIAN_POINT ( 'NONE',  ( -2.000000000000000000, 1.154700538379251240, -0.1786327949540822413 ) ) ;
#11658 = CARTESIAN_POINT ( 'NONE',  ( 0.000000000000000000, 0.000000000000000000, -0.3000000000000181410 ) ) ;
#11659 = VECTOR ( 'NONE', #2546, 1000.000000000000114 ) ;
#11660 = DIRECTION ( 'NONE',  ( 0.000000000000000000, -1.000000000000000000, 0.000000000000000000 ) ) ;
#11661 = DIRECTION ( 'NONE',  ( 0.000000000000000000, 0.000000000000000000, 1.000000000000000000 ) ) ;
#11662 =( LENGTH_UNIT ( ) NAMED_UNIT ( * ) SI_UNIT ( .MILLI., .METRE. ) );
#11663 = EDGE_LOOP ( 'NONE', ( #7535, #746 ) ) ;
#11664 = CARTESIAN_POINT ( 'NONE',  ( 1.340742937416024905, -1.535322780927274700, -2.470117744885353961E-16 ) ) ;
#11665 = CIRCLE ( 'NONE', #5563, 0.7740000000000000213 ) ;
#11666 = ORIENTED_EDGE ( 'NONE', *, *, #8730, .F. ) ;
#11667 = CYLINDRICAL_SURFACE ( 'NONE', #5649, 0.1749999999999997946 ) ;
#11668 = ORIENTED_EDGE ( 'NONE', *, *, #5230, .T. ) ;
#11669 = EDGE_CURVE ( 'NONE', #2421, #10082, #5723, .T. ) ;
#11670 = CARTESIAN_POINT ( 'NONE',  ( -0.3525258066250347988, -0.5241567285109588470, -0.7871156235680550894 ) ) ;
#11671 = ORIENTED_EDGE ( 'NONE', *, *, #822, .T. ) ;
#11672 = EDGE_CURVE ( 'NONE', #718, #1260, #5888, .T. ) ;
#11673 = DIRECTION ( 'NONE',  ( -0.000000000000000000, -0.000000000000000000, -1.000000000000000000 ) ) ;
#11674 = EDGE_LOOP ( 'NONE', ( #3658, #2876, #9212, #2846 ) ) ;
#11675 = EDGE_LOOP ( 'NONE', ( #868, #4110 ) ) ;
#11676 = B_SPLINE_CURVE_WITH_KNOTS ( 'NONE', 3,
 ( #2605, #10112, #1611, #9124, #3463, #5436 ),
 .UNSPECIFIED., .F., .F.,
 ( 4, 2, 4 ),
 ( 0.003228283429323684436, 0.003812703409393313706, 0.004397123389462942976 ),
 .UNSPECIFIED. ) ;
#11677 = LINE ( 'NONE', #2545, #3515 ) ;
#11678 = DIRECTION ( 'NONE',  ( -0.000000000000000000, -1.000000000000000000, 0.000000000000000000 ) ) ;
#11679 = ORIENTED_EDGE ( 'NONE', *, *, #9818, .T. ) ;
#11680 = ORIENTED_EDGE ( 'NONE', *, *, #10053, .T. ) ;
#11681 = DIRECTION ( 'NONE',  ( 0.000000000000000000, -0.000000000000000000, 1.000000000000000000 ) ) ;
#11682 = DIRECTION ( 'NONE',  ( -1.000000000000000000, 0.000000000000000000, 0.000000000000000000 ) ) ;
#11683 = CARTESIAN_POINT ( 'NONE',  ( 3.000000000000000000, 0.000000000000000000, 1.000000000000000000 ) ) ;
#11684 = ORIENTED_EDGE ( 'NONE', *, *, #3023, .T. ) ;
#11685 = DIRECTION ( 'NONE',  ( 0.000000000000000000, 0.000000000000000000, -1.000000000000000000 ) ) ;
#11686 = ORIENTED_EDGE ( 'NONE', *, *, #9668, .F. ) ;
#11687 = CARTESIAN_POINT ( 'NONE',  ( 9.478766225400515022E-17, -0.7739999999999994662, -1.599999999999999867 ) ) ;
#11688 = DIRECTION ( 'NONE',  ( 0.000000000000000000, 0.000000000000000000, 1.000000000000000000 ) ) ;
#11689 = CARTESIAN_POINT ( 'NONE',  ( -22.15914770952258905, -0.3502617553154639962, 1033.600000000006958 ) ) ;
#11690 = FACE_OUTER_BOUND ( 'NONE', #4527, .T. ) ;
#11691 = EDGE_CURVE ( 'NONE', #1353, #5708, #6702, .T. ) ;
#11692 = EDGE_CURVE ( 'NONE', #12099, #12202, #236, .T. ) ;
#11693 = CARTESIAN_POINT ( 'NONE',  ( -2.000000000000000000, 0.000000000000000000, 0.000000000000000000 ) ) ;
#11694 = ORIENTED_EDGE ( 'NONE', *, *, #12160, .F. ) ;
#11695 = PLANE ( 'NONE',  #4086 ) ;
#11696 = ORIENTED_EDGE ( 'NONE', *, *, #9690, .F. ) ;
#11697 = FACE_OUTER_BOUND ( 'NONE', #3862, .T. ) ;
#11698 = B_SPLINE_CURVE_WITH_KNOTS ( 'NONE', 3,
 ( #12053, #1738, #6074, #5507, #10248, #11992 ),
 .UNSPECIFIED., .F., .F.,
 ( 4, 2, 4 ),
 ( 0.001168606431211100015, 0.001750609284260043648, 0.002332612137308987497 ),
 .UNSPECIFIED. ) ;
#11699 = VERTEX_POINT ( 'NONE', #1388 ) ;
#11700 = FACE_OUTER_BOUND ( 'NONE', #5807, .T. ) ;
#11701 = ORIENTED_EDGE ( 'NONE', *, *, #2208, .F. ) ;
#11702 = DIRECTION ( 'NONE',  ( 1.000000000000000000, 0.000000000000000000, 0.000000000000000000 ) ) ;
#11703 = LINE ( 'NONE', #5030, #11572 ) ;
#11704 =( NAMED_UNIT ( * ) PLANE_ANGLE_UNIT ( ) SI_UNIT ( $, .RADIAN. ) );
#11705 = CYLINDRICAL_SURFACE ( 'NONE', #1520, 5.500000000000000000 ) ;
#11706 = ORIENTED_EDGE ( 'NONE', *, *, #7637, .T. ) ;
#11707 = EDGE_CURVE ( 'NONE', #4178, #8170, #3130, .T. ) ;
#11708 = DIRECTION ( 'NONE',  ( 0.000000000000000000, 0.000000000000000000, 1.000000000000000000 ) ) ;
#11709 = AXIS2_PLACEMENT_3D ( 'NONE', #4568, #6484, #7200 ) ;
#11710 = CARTESIAN_POINT ( 'NONE',  ( 0.000000000000000000, 0.000000000000000000, -0.1291166393111727595 ) ) ;
#11711 = DIRECTION ( 'NONE',  ( -0.000000000000000000, -0.000000000000000000, -1.000000000000000000 ) ) ;
#11712 = CARTESIAN_POINT ( 'NONE',  ( 0.9365230391922044761, 2.153161244606388866E-16, 0.000000000000000000 ) ) ;
#11713 = ADVANCED_FACE ( 'NONE', ( #5899 ), #10816, .T. ) ;
#11714 = CARTESIAN_POINT ( 'NONE',  ( -2.000000000000000000, 1.154700538379251240, -1.600000000000000089 ) ) ;
#11715 = ORIENTED_EDGE ( 'NONE', *, *, #11007, .T. ) ;
#11716 = CARTESIAN_POINT ( 'NONE',  ( -1.999999999999999556, 0.000000000000000000, 0.000000000000000000 ) ) ;
#11717 = APPLICATION_CONTEXT ( 'automotive_design' ) ;
#11718 = DIRECTION ( 'NONE',  ( 0.000000000000000000, 0.000000000000000000, -1.000000000000000000 ) ) ;
#11719 = ORIENTED_EDGE ( 'NONE', *, *, #2919, .F. ) ;
#11720 = DIRECTION ( 'NONE',  ( -1.000000000000000000, -0.000000000000000000, -0.000000000000000000 ) ) ;
#11721 = EDGE_CURVE ( 'NONE', #11699, #8602, #683, .T. ) ;
#11722 = ORIENTED_EDGE ( 'NONE', *, *, #4412, .T. ) ;
#11723 = ORIENTED_EDGE ( 'NONE', *, *, #11930, .F. ) ;
#11724 = CARTESIAN_POINT ( 'NONE',  ( 4.250000000000000000, 1.347111479062088405E-15, -11.00000000000000000 ) ) ;
#11725 = DIRECTION ( 'NONE',  ( 1.000000000000000000, 0.000000000000000000, 0.000000000000000000 ) ) ;
#11726 = ORIENTED_EDGE ( 'NONE', *, *, #3737, .F. ) ;
#11727 = CARTESIAN_POINT ( 'NONE',  ( -2.000000000000000000, 0.7788341705667923831, -1.520151717152269599 ) ) ;
#11728 = COLOUR_RGB ( '',0.4980392156862745168, 0.4980392156862745168, 0.4980392156862745168 ) ;
#11729 = DIRECTION ( 'NONE',  ( 0.000000000000000000, 1.000000000000000000, 0.000000000000000000 ) ) ;
#11730 = VERTEX_POINT ( 'NONE', #5833 ) ;
#11731 = ORIENTED_EDGE ( 'NONE', *, *, #7544, .T. ) ;
#11732 = EDGE_CURVE ( 'NONE', #6169, #6313, #10095, .T. ) ;
#11733 = APPLICATION_PROTOCOL_DEFINITION ( 'draft international standard', 'automotive_design', 1998, #3529 ) ;
#11734 = ADVANCED_FACE ( 'NONE', ( #7795 ), #9590, .T. ) ;
#11735 =( GEOMETRIC_REPRESENTATION_CONTEXT ( 3 ) GLOBAL_UNCERTAINTY_ASSIGNED_CONTEXT ( ( #3827 ) ) GLOBAL_UNIT_ASSIGNED_CONTEXT ( ( #4259, #239, #8937 ) ) REPRESENTATION_CONTEXT ( 'NONE', 'WORKASPACE' ) );
#11736 = CARTESIAN_POINT ( 'NONE',  ( 3.500000000000000000, 23.00000000000000000, 0.000000000000000000 ) ) ;
#11737 = CARTESIAN_POINT ( 'NONE',  ( 3.500000000000000000, 23.00000000000000000, 0.000000000000000000 ) ) ;
#11738 = ORIENTED_EDGE ( 'NONE', *, *, #1700, .T. ) ;
#11739 = ORIENTED_EDGE ( 'NONE', *, *, #10798, .T. ) ;
#11740 = AXIS2_PLACEMENT_3D ( 'NONE', #4238, #2211, #6896 ) ;
#11741 = CARTESIAN_POINT ( 'NONE',  ( -5.000000000000000000, 0.000000000000000000, -3.000000000000000000 ) ) ;
#11742 = VECTOR ( 'NONE', #8176, 1000.000000000000000 ) ;
#11743 = CIRCLE ( 'NONE', #6621, 4.000000000000000000 ) ;
#11744 = ORIENTED_EDGE ( 'NONE', *, *, #25, .F. ) ;
#11745 = CARTESIAN_POINT ( 'NONE',  ( -2.000000000000000000, 0.000000000000000000, -1.600000000000000089 ) ) ;
#11746 = ORIENTED_EDGE ( 'NONE', *, *, #2829, .T. ) ;
#11747 = LINE ( 'NONE', #7110, #8728 ) ;
#11748 = EDGE_CURVE ( 'NONE', #3840, #6877, #3177, .T. ) ;
#11749 = DIRECTION ( 'NONE',  ( -1.000000000000000000, -1.753162518385025036E-16, -9.365873361625324698E-16 ) ) ;
#11750 = PLANE ( 'NONE',  #2517 ) ;
#11751 = EDGE_LOOP ( 'NONE', ( #4637, #11088, #10734, #11439, #7629, #2621 ) ) ;
#11752 = DIRECTION ( 'NONE',  ( -1.000000000000000000, 0.000000000000000000, 0.000000000000000000 ) ) ;
#11753 = ORIENTED_EDGE ( 'NONE', *, *, #2014, .F. ) ;
#11754 = AXIS2_PLACEMENT_3D ( 'NONE', #98, #10417, #2024 ) ;
#11755 = DIRECTION ( 'NONE',  ( 0.000000000000000000, 1.000000000000000000, 0.000000000000000000 ) ) ;
#11756 = ORIENTED_EDGE ( 'NONE', *, *, #3653, .T. ) ;
#11757 = DIRECTION ( 'NONE',  ( 1.000000000000000000, -0.000000000000000000, -0.000000000000000000 ) ) ;
#11758 = AXIS2_PLACEMENT_3D ( 'NONE', #6573, #8522, #7546 ) ;
#11759 = PRODUCT_RELATED_PRODUCT_CATEGORY ( 'part', '', ( #1035 ) ) ;
#11760 = ORIENTED_EDGE ( 'NONE', *, *, #1159, .T. ) ;
#11761 = CARTESIAN_POINT ( 'NONE',  ( 1.339247740005896636, 1.536186033554500785, -0.01710519872702162547 ) ) ;
#11762 = CONICAL_SURFACE ( 'NONE', #6441, 0.7799999999999996936, 0.9599310885968785900 ) ;
#11763 = ORIENTED_EDGE ( 'NONE', *, *, #11564, .T. ) ;
#11764 = VECTOR ( 'NONE', #10086, 1000.000000000000000 ) ;
#11765 = CARTESIAN_POINT ( 'NONE',  ( 2.099999999999999645, -2.971690854684141847, -0.4999999999999991673 ) ) ;
#11766 = VECTOR ( 'NONE', #7379, 1000.000000000000000 ) ;
#11767 = DIRECTION ( 'NONE',  ( -1.000000000000000000, 0.000000000000000000, -0.000000000000000000 ) ) ;
#11768 = UNCERTAINTY_MEASURE_WITH_UNIT (LENGTH_MEASURE( 1.000000000000000082E-05 ), #8092, 'distance_accuracy_value', 'NONE');
#11769 = LINE ( 'NONE', #9958, #8402 ) ;
#11770 = ORIENTED_EDGE ( 'NONE', *, *, #3293, .T. ) ;
#11771 = CARTESIAN_POINT ( 'NONE',  ( 0.000000000000000000, 1.285879139104720831E-15, 10.50000000000000000 ) ) ;
#11772 = AXIS2_PLACEMENT_3D ( 'NONE', #4786, #3754, #3008 ) ;
#11773 = AXIS2_PLACEMENT_3D ( 'NONE', #7483, #1682, #1814 ) ;
#11774 = COLOUR_RGB ( '',1.000000000000000000, 0.9490196078431372140, 0.9098039215686274384 ) ;
#11775 = CARTESIAN_POINT ( 'NONE',  ( 1.086261710843702231E-16, -0.7739999999999994662, -2.799999999999999822 ) ) ;
#11776 = DIRECTION ( 'NONE',  ( 0.000000000000000000, 0.000000000000000000, -1.000000000000000000 ) ) ;
#11777 = FACE_OUTER_BOUND ( 'NONE', #3790, .T. ) ;
#11778 = ADVANCED_FACE ( 'NONE', ( #8901 ), #442, .T. ) ;
#11779 = DIRECTION ( 'NONE',  ( -0.8660254037844380415, 0.5000000000000008882, 0.000000000000000000 ) ) ;
#11780 = ADVANCED_FACE ( 'NONE', ( #333 ), #264, .F. ) ;
#11781 = AXIS2_PLACEMENT_3D ( 'NONE', #8035, #8094, #9018 ) ;
#11782 = VECTOR ( 'NONE', #3791, 1000.000000000000000 ) ;
#11783 = ORIENTED_EDGE ( 'NONE', *, *, #10268, .F. ) ;
#11784 = FACE_OUTER_BOUND ( 'NONE', #182, .T. ) ;
#11785 = LINE ( 'NONE', #10159, #10774 ) ;
#11786 = PRESENTATION_STYLE_ASSIGNMENT (( #5355 ) ) ;
#11787 = ORIENTED_EDGE ( 'NONE', *, *, #2093, .T. ) ;
#11788 = AXIS2_PLACEMENT_3D ( 'NONE', #8544, #11337, #2878 ) ;
#11789 = AXIS2_PLACEMENT_3D ( 'NONE', #6972, #8141, #8025 ) ;
#11790 = LINE ( 'NONE', #4010, #6631 ) ;
#11791 = ORIENTED_EDGE ( 'NONE', *, *, #3248, .T. ) ;
#11792 = ORIENTED_EDGE ( 'NONE', *, *, #2587, .T. ) ;
#11793 = AXIS2_PLACEMENT_3D ( 'NONE', #5885, #4769, #10388 ) ;
#11794 = DIRECTION ( 'NONE',  ( 0.000000000000000000, 0.000000000000000000, 1.000000000000000000 ) ) ;
#11795 = FACE_BOUND ( 'NONE', #2845, .T. ) ;
#11796 = DIRECTION ( 'NONE',  ( 0.000000000000000000, 1.000000000000000000, 0.000000000000000000 ) ) ;
#11797 = EDGE_LOOP ( 'NONE', ( #9036, #7334, #2162, #6524 ) ) ;
#11798 = CARTESIAN_POINT ( 'NONE',  ( 4.250000000000000000, 0.000000000000000000, 10.00000000000000000 ) ) ;
#11799 = AXIS2_PLACEMENT_3D ( 'NONE', #12027, #4307, #4426 ) ;
#11800 = DIRECTION ( 'NONE',  ( -0.000000000000000000, -1.000000000000000000, -0.000000000000000000 ) ) ;
#11801 = EDGE_CURVE ( 'NONE', #11545, #7957, #6810, .T. ) ;
#11802 = EDGE_LOOP ( 'NONE', ( #11223, #6152, #10755, #6858 ) ) ;
#11803 = VERTEX_POINT ( 'NONE', #6753 ) ;
#11804 = SHAPE_DEFINITION_REPRESENTATION ( #3709, #11056 ) ;
#11805 = AXIS2_PLACEMENT_3D ( 'NONE', #10011, #8045, #6253 ) ;
#11806 = DIRECTION ( 'NONE',  ( 0.000000000000000000, 0.000000000000000000, 1.000000000000000000 ) ) ;
#11807 = CARTESIAN_POINT ( 'NONE',  ( 2.099999999999999645, 4.001000000000000334, 0.4999999999999991673 ) ) ;
#11808 = EDGE_CURVE ( 'NONE', #10795, #8266, #10519, .T. ) ;
#11810 = VERTEX_POINT ( 'NONE', #213 ) ;
#11809 = B_SPLINE_CURVE_WITH_KNOTS ( 'NONE', 3,
 ( #9611, #6950, #2269, #8799, #4004, #6895 ),
 .UNSPECIFIED., .F., .F.,
 ( 4, 2, 4 ),
 ( 0.003228283429323684436, 0.003812703409393311971, 0.004397123389462939506 ),
 .UNSPECIFIED. ) ;
#11811 = CARTESIAN_POINT ( 'NONE',  ( 1.000000000000000000, 9.199999999999999289, -18.50000000000000355 ) ) ;
#11812 = SURFACE_SIDE_STYLE ('',( #8603 ) ) ;
#11813 = ADVANCED_FACE ( 'NONE', ( #3117, #4218, #2193 ), #9766, .F. ) ;
#11814 = MECHANICAL_DESIGN_GEOMETRIC_PRESENTATION_REPRESENTATION (  '', ( #10026 ), #6874 ) ;
#11815 = ORIENTED_EDGE ( 'NONE', *, *, #231, .T. ) ;
#11816 = DIRECTION ( 'NONE',  ( 0.000000000000000000, 1.000000000000000000, 0.000000000000000000 ) ) ;
#11817 = ORIENTED_EDGE ( 'NONE', *, *, #8669, .F. ) ;
#11818 = CARTESIAN_POINT ( 'NONE',  ( 0.8000000000000000444, 0.000000000000000000, -6.500000000000000888 ) ) ;
#11819 = DIRECTION ( 'NONE',  ( 0.000000000000000000, 1.000000000000000000, 0.000000000000000000 ) ) ;
#11820 = CARTESIAN_POINT ( 'NONE',  ( 0.9526279441628799916, 0.5499999999999986011, -0.2999999999999842792 ) ) ;
#11821 = VERTEX_POINT ( 'NONE', #5088 ) ;
#11822 = CARTESIAN_POINT ( 'NONE',  ( -5.000000000000000000, 2.500000000000000000, -3.000000000000000000 ) ) ;
#11823 = EDGE_LOOP ( 'NONE', ( #6445, #1816, #8408, #3276 ) ) ;
#11824 = CARTESIAN_POINT ( 'NONE',  ( 5.500000000000001776, -0.8000000000000211386, -0.7999999999998893552 ) ) ;
#11825 = ORIENTED_EDGE ( 'NONE', *, *, #6740, .T. ) ;
#11826 = CARTESIAN_POINT ( 'NONE',  ( -0.5000000000000000000, 9.199999999999999289, -14.50000000000000178 ) ) ;
#11827 = EDGE_CURVE ( 'NONE', #1497, #3651, #9501, .T. ) ;
#11828 = EDGE_CURVE ( 'NONE', #11263, #2437, #3428, .T. ) ;
#11829 = ORIENTED_EDGE ( 'NONE', *, *, #10828, .F. ) ;
#11830 = DIRECTION ( 'NONE',  ( 0.000000000000000000, 0.000000000000000000, 1.000000000000000000 ) ) ;
#11831 = ORIENTED_EDGE ( 'NONE', *, *, #3415, .F. ) ;
#11832 = STYLED_ITEM ( 'NONE', ( #7612 ), #10921 ) ;
#11833 = CARTESIAN_POINT ( 'NONE',  ( 0.000000000000000000, 0.000000000000000000, -3.300000000000018030 ) ) ;
#11834 = CARTESIAN_POINT ( 'NONE',  ( 0.000000000000000000, 4.738805170303855086E-16, -1.869518839163146762 ) ) ;
#11835 = PRESENTATION_STYLE_ASSIGNMENT (( #3250 ) ) ;
#11836 = CARTESIAN_POINT ( 'NONE',  ( 2.000000000000000000, 1.154700538379254349, -1.421367205045916737 ) ) ;
#11837 = ORIENTED_EDGE ( 'NONE', *, *, #1898, .T. ) ;
#11838 = ORIENTED_EDGE ( 'NONE', *, *, #11007, .F. ) ;
#11839 = CARTESIAN_POINT ( 'NONE',  ( 0.6607522599941045849, -1.927915581583256932, -0.01710519872702329428 ) ) ;
#11840 = DIRECTION ( 'NONE',  ( 1.000000000000000000, 0.000000000000000000, 0.000000000000000000 ) ) ;
#11841 = DIRECTION ( 'NONE',  ( -0.000000000000000000, 1.224649721909276639E-16, -1.000000000000000000 ) ) ;
#11842 = FACE_BOUND ( 'NONE', #9994, .T. ) ;
#11843 = DIRECTION ( 'NONE',  ( -0.8660254037844385966, 0.000000000000000000, -0.5000000000000001110 ) ) ;
#11844 = SURFACE_STYLE_FILL_AREA ( #7757 ) ;
#11845 = AXIS2_PLACEMENT_3D ( 'NONE', #7290, #5383, #6505 ) ;
#11846 = CIRCLE ( 'NONE', #3579, 2.000000000000000000 ) ;
#11847 = CARTESIAN_POINT ( 'NONE',  ( 3.699999999999999289, -4.001000000000000334, -0.4999999999999991673 ) ) ;
#11848 = ADVANCED_FACE ( 'NONE', ( #9147 ), #11938, .T. ) ;
#11849 = VERTEX_POINT ( 'NONE', #4406 ) ;
#11850 = ORIENTED_EDGE ( 'NONE', *, *, #5983, .T. ) ;
#11851 = EDGE_CURVE ( 'NONE', #8817, #10804, #10014, .T. ) ;
#11852 = CARTESIAN_POINT ( 'NONE',  ( 11.50000000000000000, 7.500000000000000000, -10.11613953566982715 ) ) ;
#11853 =( NAMED_UNIT ( * ) PLANE_ANGLE_UNIT ( ) SI_UNIT ( $, .RADIAN. ) );
#11854 = CARTESIAN_POINT ( 'NONE',  ( 1.000000000000001998, 1.732050807568876083, 0.000000000000000000 ) ) ;
#11855 = ORIENTED_EDGE ( 'NONE', *, *, #3390, .T. ) ;
#11856 = DIRECTION ( 'NONE',  ( -1.000000000000000000, -0.000000000000000000, -0.000000000000000000 ) ) ;
#11857 = CARTESIAN_POINT ( 'NONE',  ( -0.1702769162167621364, 0.7403828156981309139, -0.7092725651034388346 ) ) ;
#11858 = ORIENTED_EDGE ( 'NONE', *, *, #11429, .T. ) ;
#11859 = EDGE_LOOP ( 'NONE', ( #3724, #1996, #4894, #6723 ) ) ;
#11860 = CARTESIAN_POINT ( 'NONE',  ( 0.000000000000000000, 4.898598887637106556E-16, -3.200000000000000178 ) ) ;
#11861 = CARTESIAN_POINT ( 'NONE',  ( 3.499999999999999556, 7.500000000000000888, -11.61613953566982538 ) ) ;
#11862 = CARTESIAN_POINT ( 'NONE',  ( 2.000000000000000000, 1.154700538379254349, -1.421367205045916737 ) ) ;
#11863 = ORIENTED_EDGE ( 'NONE', *, *, #1655, .F. ) ;
#11864 = CIRCLE ( 'NONE', #6725, 1.099999999999998535 ) ;
#11865 = EDGE_CURVE ( 'NONE', #8881, #1673, #4468, .T. ) ;
#11866 = EDGE_CURVE ( 'NONE', #9932, #11730, #2544, .T. ) ;
#11867 = CARTESIAN_POINT ( 'NONE',  ( -2.000000000000000000, -0.7745510564695443634, -1.521052330702031608 ) ) ;
#11868 = CARTESIAN_POINT ( 'NONE',  ( 0.7263287850284178004, 0.2227272727272736064, -0.7092725651034372802 ) ) ;
#11869 = FACE_OUTER_BOUND ( 'NONE', #11544, .T. ) ;
#11870 = ADVANCED_FACE ( 'NONE', ( #5333 ), #7662, .T. ) ;
#11871 = ORIENTED_EDGE ( 'NONE', *, *, #6592, .T. ) ;
#11872 = CARTESIAN_POINT ( 'NONE',  ( 0.000000000000000000, 5.058392604970359998E-16, -2.930481160836854393 ) ) ;
#11873 = EDGE_LOOP ( 'NONE', ( #10311, #1065, #204, #11011 ) ) ;
#11874 = DIRECTION ( 'NONE',  ( -0.000000000000000000, 1.224649721909276639E-16, -1.000000000000000000 ) ) ;
#11875 = DIRECTION ( 'NONE',  ( 0.000000000000000000, -1.000000000000000000, 6.123233995736766036E-17 ) ) ;
#11877 = SHAPE_REPRESENTATION ( 'hex nut style 1 gradeab_iso_ISO - 4032 - M2 - D - N', ( #8058 ), #11039 ) ;
#11876 = PRODUCT ( 'MancalDireito', 'MancalDireito', '', ( #1868 ) ) ;
#11878 = CARTESIAN_POINT ( 'NONE',  ( 2.500000000000000000, 9.199999999999999289, -18.50000000000000355 ) ) ;
#11879 = EDGE_CURVE ( 'NONE', #2218, #7100, #8049, .T. ) ;
#11880 = CARTESIAN_POINT ( 'NONE',  ( -1.999999999999999556, -0.1951254011572753355, -1.058791184067874808E-17 ) ) ;
#11881 = EDGE_LOOP ( 'NONE', ( #1233, #9136, #487, #9693, #780, #8112 ) ) ;
#11882 = CIRCLE ( 'NONE', #43, 2.500000000000000000 ) ;
#11883 = LINE ( 'NONE', #11824, #1718 ) ;
#11884 = ORIENTED_EDGE ( 'NONE', *, *, #7174, .F. ) ;
#11885 = CARTESIAN_POINT ( 'NONE',  ( 0.000000000000000000, 4.898598887637106556E-16, -2.799999999999999822 ) ) ;
#11886 = ORIENTED_EDGE ( 'NONE', *, *, #10053, .F. ) ;
#11887 = LINE ( 'NONE', #453, #8793 ) ;
#11888 = VERTEX_POINT ( 'NONE', #9029 ) ;
#11889 = B_SPLINE_CURVE_WITH_KNOTS ( 'NONE', 3,
 ( #1981, #7025, #6845, #2222 ),
 .UNSPECIFIED., .F., .F.,
 ( 4, 4 ),
 ( 2.380749485071512786E-07, 0.001168606431211099582 ),
 .UNSPECIFIED. ) ;
#11890 = CARTESIAN_POINT ( 'NONE',  ( 0.000000000000000000, 0.000000000000000000, 1.000000000000000000 ) ) ;
#11891 = CARTESIAN_POINT ( 'NONE',  ( -17.30000000000000071, 0.000000000000000000, 0.000000000000000000 ) ) ;
#11892 = CARTESIAN_POINT ( 'NONE',  ( 0.000000000000000000, 4.738805170303855086E-16, -3.469518839163146406 ) ) ;
#11893 = ORIENTED_EDGE ( 'NONE', *, *, #7405, .F. ) ;
#11894 = B_SPLINE_CURVE_WITH_KNOTS ( 'NONE', 3,
 ( #2751, #5647, #10394, #9397, #6514, #1824 ),
 .UNSPECIFIED., .F., .F.,
 ( 4, 2, 4 ),
 ( 0.003228283429323685304, 0.003812703409393314574, 0.004397123389462943843 ),
 .UNSPECIFIED. ) ;
#11895 = VERTEX_POINT ( 'NONE', #11822 ) ;
#11896 = ADVANCED_FACE ( 'NONE', ( #8156 ), #5388, .F. ) ;
#11897 = EDGE_CURVE ( 'NONE', #7655, #11196, #1751, .T. ) ;
#11898 = CARTESIAN_POINT ( 'NONE',  ( 0.3277177810063109376, -2.120193127676285538, -0.07933779981236312173 ) ) ;
#11899 = SURFACE_STYLE_FILL_AREA ( #8980 ) ;
#11900 = FACE_OUTER_BOUND ( 'NONE', #9139, .T. ) ;
#11901 = FILL_AREA_STYLE_COLOUR ( '', #975 ) ;
#11902 = CARTESIAN_POINT ( 'NONE',  ( 1.224646799147353454E-16, -0.9999999999999997780, -1.730481160836854215 ) ) ;
#11903 = DIRECTION ( 'NONE',  ( 0.000000000000000000, 0.000000000000000000, 1.000000000000000000 ) ) ;
#11904 = DIRECTION ( 'NONE',  ( 0.000000000000000000, -0.7071067811865474617, -0.7071067811865474617 ) ) ;
#11905 =( NAMED_UNIT ( * ) SI_UNIT ( $, .STERADIAN. ) SOLID_ANGLE_UNIT ( ) );
#11906 = AXIS2_PLACEMENT_3D ( 'NONE', #8954, #7050, #10068 ) ;
#11907 = CARTESIAN_POINT ( 'NONE',  ( 4.099999999999999645, 0.000000000000000000, 0.000000000000000000 ) ) ;
#11908 = AXIS2_PLACEMENT_3D ( 'NONE', #11710, #4124, #7700 ) ;
#11909 = ORIENTED_EDGE ( 'NONE', *, *, #4476, .T. ) ;
#11910 = LINE ( 'NONE', #11041, #8183 ) ;
#11911 = FACE_OUTER_BOUND ( 'NONE', #10073, .T. ) ;
#11912 = ORIENTED_EDGE ( 'NONE', *, *, #2902, .T. ) ;
#11913 = DIRECTION ( 'NONE',  ( -0.000000000000000000, 1.000000000000000000, 0.000000000000000000 ) ) ;
#11914 = CARTESIAN_POINT ( 'NONE',  ( 0.000000000000000000, 0.000000000000000000, 0.000000000000000000 ) ) ;
#11915 = EDGE_LOOP ( 'NONE', ( #8606, #468, #7848, #7905, #3213, #1861 ) ) ;
#11916 = ADVANCED_FACE ( 'NONE', ( #3554 ), #2492, .T. ) ;
#11917 = ORIENTED_EDGE ( 'NONE', *, *, #4134, .T. ) ;
#11918 = EDGE_CURVE ( 'NONE', #11353, #9455, #3596, .T. ) ;
#11919 = DIRECTION ( 'NONE',  ( 0.000000000000000000, 0.000000000000000000, 1.000000000000000000 ) ) ;
#11920 = DIRECTION ( 'NONE',  ( 0.000000000000000000, 1.000000000000000000, 0.000000000000000000 ) ) ;
#11921 = CARTESIAN_POINT ( 'NONE',  ( -3.000000000000000000, 0.000000000000000000, 0.000000000000000000 ) ) ;
#11922 = LINE ( 'NONE', #11807, #6140 ) ;
#11923 = CARTESIAN_POINT ( 'NONE',  ( -2.000000000000000000, -0.1951254011572752800, -1.600000000000000089 ) ) ;
#11924 = CARTESIAN_POINT ( 'NONE',  ( -1.000000000000001776, -1.732050807568876527, -1.600000000000000089 ) ) ;
#11925 = DIRECTION ( 'NONE',  ( 0.000000000000000000, 1.000000000000000000, 0.000000000000000000 ) ) ;
#11926 = CARTESIAN_POINT ( 'NONE',  ( 5.499999999999998224, 2.500000000000000000, -23.30940107675841233 ) ) ;
#11927 = ADVANCED_FACE ( 'NONE', ( #7054 ), #1361, .T. ) ;
#11928 = ORIENTED_EDGE ( 'NONE', *, *, #1527, .T. ) ;
#11929 = CARTESIAN_POINT ( 'NONE',  ( -1.339247740005897747, -1.536186033554502339, -1.582894801272977325 ) ) ;
#11930 = EDGE_CURVE ( 'NONE', #9735, #8291, #7401, .T. ) ;
#11931 = CIRCLE ( 'NONE', #6605, 1.000000000000000444 ) ;
#11932 = ORIENTED_EDGE ( 'NONE', *, *, #7347, .T. ) ;
#11933 = DIRECTION ( 'NONE',  ( 0.000000000000000000, 0.000000000000000000, -1.000000000000000000 ) ) ;
#11934 = DIRECTION ( 'NONE',  ( 1.000000000000000000, 0.000000000000000000, 0.000000000000000000 ) ) ;
#11935 = CARTESIAN_POINT ( 'NONE',  ( -0.1957081692030781805, 0.6653345985147054442, -0.7495475072762702862 ) ) ;
#11936 = DIRECTION ( 'NONE',  ( 1.000000000000000000, 0.000000000000000000, 0.000000000000000000 ) ) ;
#11937 = VERTEX_POINT ( 'NONE', #509 ) ;
#11938 = PLANE ( 'NONE',  #774 ) ;
#11939 = VERTEX_POINT ( 'NONE', #10883 ) ;
#11940 = DIRECTION ( 'NONE',  ( 1.000000000000000000, 0.000000000000000000, 0.000000000000000000 ) ) ;
#11941 = VECTOR ( 'NONE', #6849, 1000.000000000000000 ) ;
#11942 = ORIENTED_EDGE ( 'NONE', *, *, #11828, .T. ) ;
#11943 = DIRECTION ( 'NONE',  ( 0.000000000000000000, 1.000000000000000000, 0.000000000000000000 ) ) ;
#11944 = VERTEX_POINT ( 'NONE', #2431 ) ;
#11945 = DIRECTION ( 'NONE',  ( -0.000000000000000000, 0.000000000000000000, -1.000000000000000000 ) ) ;
#11946 = ADVANCED_FACE ( 'NONE', ( #1506 ), #3733, .T. ) ;
#11947 = AXIS2_PLACEMENT_3D ( 'NONE', #9864, #3269, #479 ) ;
#11948 = ORIENTED_EDGE ( 'NONE', *, *, #11252, .F. ) ;
#11949 = CARTESIAN_POINT ( 'NONE',  ( 2.000000000000000000, -0.3889866277140361928, -1.583227824459161326 ) ) ;
#11950 = CARTESIAN_POINT ( 'NONE',  ( 0.000000000000000000, 5.058392604970359998E-16, -3.330481160836854304 ) ) ;
#11951 = FILL_AREA_STYLE_COLOUR ( '', #2977 ) ;
#11952 = CIRCLE ( 'NONE', #8973, 1.500000000000001332 ) ;
#11953 = CONICAL_SURFACE ( 'NONE', #8382, 1.099999999999998535, 1.029744258676652757 ) ;
#11954 = CARTESIAN_POINT ( 'NONE',  ( 0.000000000000000000, 4.738805170303855086E-16, -1.869518839163146762 ) ) ;
#11955 = ORIENTED_EDGE ( 'NONE', *, *, #5349, .F. ) ;
#11956 = ORIENTED_EDGE ( 'NONE', *, *, #2817, .F. ) ;
#11957 = DIRECTION ( 'NONE',  ( -1.000000000000000000, -0.000000000000000000, -0.000000000000000000 ) ) ;
#11958 = DIRECTION ( 'NONE',  ( -0.000000000000000000, 1.224649721909276639E-16, -1.000000000000000000 ) ) ;
#11959 = CIRCLE ( 'NONE', #721, 10.50000000000000000 ) ;
#11960 =( REPRESENTATION_RELATIONSHIP ('NONE','NONE', #912, #2177 ) REPRESENTATION_RELATIONSHIP_WITH_TRANSFORMATION ( #4199 )SHAPE_REPRESENTATION_RELATIONSHIP( ) );
#11961 = FILL_AREA_STYLE_COLOUR ( '', #668 ) ;
#11962 = DIRECTION ( 'NONE',  ( 0.000000000000000000, 0.000000000000000000, -1.000000000000000000 ) ) ;
#11963 = PLANE ( 'NONE',  #6099 ) ;
#11964 = VECTOR ( 'NONE', #11227, 1000.000000000000000 ) ;
#11965 = FACE_OUTER_BOUND ( 'NONE', #9072, .T. ) ;
#11966 = EDGE_CURVE ( 'NONE', #5247, #3953, #4702, .T. ) ;
#11967 = CARTESIAN_POINT ( 'NONE',  ( 0.7063323362395722560, 0.4078011644652548284, -0.1291166393111727595 ) ) ;
#11968 = FACE_BOUND ( 'NONE', #5858, .T. ) ;
#11969 = AXIS2_PLACEMENT_3D ( 'NONE', #8969, #8909, #8106 ) ;
#11970 = PRESENTATION_STYLE_ASSIGNMENT (( #12093 ) ) ;
#11971 = AXIS2_PLACEMENT_3D ( 'NONE', #2772, #7461, #9424 ) ;
#11972 = DIRECTION ( 'NONE',  ( 0.000000000000000000, 0.000000000000000000, -1.000000000000000000 ) ) ;
#11973 = AXIS2_PLACEMENT_3D ( 'NONE', #12090, #8250, #9053 ) ;
#11974 = CIRCLE ( 'NONE', #2115, 0.3062499999999996891 ) ;
#11975 = EDGE_LOOP ( 'NONE', ( #8511, #7273, #9475, #11048 ) ) ;
#11976 = AXIS2_PLACEMENT_3D ( 'NONE', #7177, #6202, #6326 ) ;
#11977 = FACE_BOUND ( 'NONE', #4228, .T. ) ;
#11978 = AXIS2_PLACEMENT_3D ( 'NONE', #9842, #7803, #5905 ) ;
#11979 = DIRECTION ( 'NONE',  ( -0.5000000000000004441, 0.000000000000000000, 0.8660254037844383745 ) ) ;
#11980 = DIRECTION ( 'NONE',  ( 0.000000000000000000, 0.000000000000000000, -1.000000000000000000 ) ) ;
#11982 = ORIENTED_EDGE ( 'NONE', *, *, #9398, .T. ) ;
#11981 = DIRECTION ( 'NONE',  ( -0.000000000000000000, -0.000000000000000000, 1.000000000000000000 ) ) ;
#11983 = DIRECTION ( 'NONE',  ( 1.000000000000000000, -0.000000000000000000, -0.000000000000000000 ) ) ;
#11984 = CARTESIAN_POINT ( 'NONE',  ( -2.000000000000000444, 0.8999999999999998002, -18.69059892324140293 ) ) ;
#11985 = EDGE_CURVE ( 'NONE', #5210, #3919, #1554, .T. ) ;
#11986 = EDGE_CURVE ( 'NONE', #5142, #3752, #1937, .T. ) ;
#11987 = PRODUCT ( 'Pneu', 'Pneu', '', ( #4765 ) ) ;
#11988 = VERTEX_POINT ( 'NONE', #835 ) ;
#11989 = AXIS2_PLACEMENT_3D ( 'NONE', #6932, #10697, #2249 ) ;
#11990 = ORIENTED_EDGE ( 'NONE', *, *, #8534, .T. ) ;
#11991 = DIRECTION ( 'NONE',  ( 1.000000000000000000, 0.000000000000000000, -0.000000000000000000 ) ) ;
#11992 = CARTESIAN_POINT ( 'NONE',  ( 0.000000000000000000, 2.309401076758504701, -1.421367205045916737 ) ) ;
#11993 = AXIS2_PLACEMENT_3D ( 'NONE', #7242, #7173, #5339 ) ;
#11994 = FACE_BOUND ( 'NONE', #6353, .T. ) ;
#11995 = ORIENTED_EDGE ( 'NONE', *, *, #6500, .F. ) ;
#11996 = AXIS2_PLACEMENT_3D ( 'NONE', #1741, #2837, #7472 ) ;
#11997 = CARTESIAN_POINT ( 'NONE',  ( -2.000000000000000000, 0.000000000000000000, -21.00000000000000000 ) ) ;
#11998 = ORIENTED_EDGE ( 'NONE', *, *, #5788, .T. ) ;
#11999 = FACE_OUTER_BOUND ( 'NONE', #9592, .T. ) ;
#12000 = AXIS2_PLACEMENT_3D ( 'NONE', #279, #4179, #11708 ) ;
#12001 = VERTEX_POINT ( 'NONE', #10265 ) ;
#12002 = CARTESIAN_POINT ( 'NONE',  ( 2.000000000000000000, 0.000000000000000000, 3.000000000000000444 ) ) ;
#12003 = CARTESIAN_POINT ( 'NONE',  ( -16.65914770952259261, -10.35026175531544190, 1031.100000000006958 ) ) ;
#12004 = DIRECTION ( 'NONE',  ( 1.000000000000000000, -0.000000000000000000, -0.000000000000000000 ) ) ;
#12005 = CARTESIAN_POINT ( 'NONE',  ( 0.000000000000000000, 0.000000000000000000, 0.000000000000000000 ) ) ;
#12006 = EDGE_LOOP ( 'NONE', ( #6090, #6492, #8289, #8536 ) ) ;
#12007 = ORIENTED_EDGE ( 'NONE', *, *, #8180, .F. ) ;
#12008 = CLOSED_SHELL ( 'NONE', ( #11389, #4248, #11328, #2231, #5105, #10253 ) ) ;
#12009 = CARTESIAN_POINT ( 'NONE',  ( 0.7799999999999996936, 0.000000000000000000, -0.1540456584061371259 ) ) ;
#12010 = EDGE_CURVE ( 'NONE', #7205, #2218, #7540, .T. ) ;
#12011 = EDGE_CURVE ( 'NONE', #10832, #6851, #2800, .T. ) ;
#12012 = CARTESIAN_POINT ( 'NONE',  ( -4.000000000000001776, 0.9000000000000005773, -1.845299461620639958 ) ) ;
#12013 = AXIS2_PLACEMENT_3D ( 'NONE', #582, #10133, #6314 ) ;
#12014 = ORIENTED_EDGE ( 'NONE', *, *, #2376, .F. ) ;
#12015 = ORIENTED_EDGE ( 'NONE', *, *, #5349, .T. ) ;
#12016 = ORIENTED_EDGE ( 'NONE', *, *, #3875, .T. ) ;
#12017 = DIRECTION ( 'NONE',  ( 1.000000000000000000, 0.000000000000000000, 0.000000000000000000 ) ) ;
#12018 = VECTOR ( 'NONE', #7476, 1000.000000000000000 ) ;
#12019 = ORIENTED_EDGE ( 'NONE', *, *, #2596, .T. ) ;
#12020 = DIRECTION ( 'NONE',  ( 0.000000000000000000, -0.8660254037844420383, 0.4999999999999939493 ) ) ;
#12021 = VECTOR ( 'NONE', #5907, 1000.000000000000114 ) ;
#12022 = LINE ( 'NONE', #3438, #10387 ) ;
#12023 = AXIS2_PLACEMENT_3D ( 'NONE', #179, #6106, #4009 ) ;
#12024 = DIRECTION ( 'NONE',  ( -1.000000000000000000, 0.000000000000000000, 0.000000000000000000 ) ) ;
#12025 = ORIENTED_EDGE ( 'NONE', *, *, #937, .T. ) ;
#12026 = ORIENTED_EDGE ( 'NONE', *, *, #5616, .F. ) ;
#12027 = CARTESIAN_POINT ( 'NONE',  ( 0.000000000000000000, 2.309401076758504701, 0.000000000000000000 ) ) ;
#12028 = ADVANCED_FACE ( 'NONE', ( #6567 ), #11608, .T. ) ;
#12029 = CONICAL_SURFACE ( 'NONE', #3344, 1.099999999999998535, 1.029744258676652757 ) ;
#12030 = DIRECTION ( 'NONE',  ( 1.000000000000000000, 0.000000000000000000, 0.000000000000000000 ) ) ;
#12031 = CARTESIAN_POINT ( 'NONE',  ( 0.000000000000000000, 1.000000000000000444, -3.330481160836854304 ) ) ;
#12032 = LINE ( 'NONE', #603, #8452 ) ;
#12033 = PRESENTATION_LAYER_ASSIGNMENT (  '', '', ( #11624 ) ) ;
#12034 = LINE ( 'NONE', #3575, #301 ) ;
#12035 = CARTESIAN_POINT ( 'NONE',  ( 0.000000000000000000, 0.000000000000000000, 0.000000000000000000 ) ) ;
#12036 = EDGE_CURVE ( 'NONE', #5378, #8685, #887, .T. ) ;
#12037 = DIRECTION ( 'NONE',  ( -0.000000000000000000, 1.000000000000000000, 0.000000000000000000 ) ) ;
#12038 = DIRECTION ( 'NONE',  ( 0.000000000000000000, 0.000000000000000000, 1.000000000000000000 ) ) ;
#12039 = CONTEXT_DEPENDENT_SHAPE_REPRESENTATION ( #7060, #7844 ) ;
#12040 = STYLED_ITEM ( 'NONE', ( #1336 ), #10490 ) ;
#12041 = EDGE_LOOP ( 'NONE', ( #9888, #5188, #10623, #5994, #1094, #9178 ) ) ;
#12042 = EDGE_CURVE ( 'NONE', #643, #3169, #8400, .T. ) ;
#12043 = LINE ( 'NONE', #1542, #7607 ) ;
#12044 = CARTESIAN_POINT ( 'NONE',  ( 1.224646799147353207E-16, 1.000000000000000444, -3.469518839163146406 ) ) ;
#12046 = ORIENTED_EDGE ( 'NONE', *, *, #8616, .T. ) ;
#12045 = DIRECTION ( 'NONE',  ( 0.000000000000000000, -1.000000000000000000, 0.000000000000000000 ) ) ;
#12047 = DIRECTION ( 'NONE',  ( 0.000000000000000000, 0.000000000000000000, 1.000000000000000000 ) ) ;
#12048 = CARTESIAN_POINT ( 'NONE',  ( -2.000000000000002665, 0.8999999999999998002, -23.30940107675841233 ) ) ;
#12049 = VERTEX_POINT ( 'NONE', #10318 ) ;
#12050 = AXIS2_PLACEMENT_3D ( 'NONE', #3972, #11374, #1298 ) ;
#12051 = EDGE_LOOP ( 'NONE', ( #8686, #761, #11344, #7409, #7309 ) ) ;
#12052 = CARTESIAN_POINT ( 'NONE',  ( 2.000000000000000000, 1.154700538379254349, -0.1786327949540832127 ) ) ;
#12053 = CARTESIAN_POINT ( 'NONE',  ( -1.000000000000000888, 1.732050807568876749, -1.600000000000000089 ) ) ;
#12054 = CARTESIAN_POINT ( 'NONE',  ( 4.099999999999999645, 2.821690854684141936, -0.8999999999999992450 ) ) ;
#12055 = ORIENTED_EDGE ( 'NONE', *, *, #11655, .T. ) ;
#12056 = ADVANCED_FACE ( 'NONE', ( #7355 ), #1817, .T. ) ;
#12057 = EDGE_CURVE ( 'NONE', #2408, #3385, #9454, .T. ) ;
#12058 = AXIS2_PLACEMENT_3D ( 'NONE', #6917, #6059, #9877 ) ;
#12059 = AXIS2_PLACEMENT_3D ( 'NONE', #2501, #3433, #6088 ) ;
#12060 = B_SPLINE_CURVE_WITH_KNOTS ( 'NONE', 3,
 ( #3271, #1421, #7027, #2353 ),
 .UNSPECIFIED., .F., .F.,
 ( 4, 4 ),
 ( 2.380749485065221449E-07, 0.001168606431211103485 ),
 .UNSPECIFIED. ) ;
#12061 = DIRECTION ( 'NONE',  ( 0.000000000000000000, 0.000000000000000000, -1.000000000000000000 ) ) ;
#12062 = DIRECTION ( 'NONE',  ( 0.000000000000000000, 0.000000000000000000, -1.000000000000000000 ) ) ;
#12063 = ORIENTED_EDGE ( 'NONE', *, *, #2425, .F. ) ;
#12064 = ORIENTED_EDGE ( 'NONE', *, *, #2681, .T. ) ;
#12065 = CARTESIAN_POINT ( 'NONE',  ( 7.500000000000000000, 2.500000000000000000, -4.154700538379145769 ) ) ;
#12066 = B_SPLINE_CURVE_WITH_KNOTS ( 'NONE', 3,
 ( #8110, #8237, #6151, #4304, #458, #11836 ),
 .UNSPECIFIED., .F., .F.,
 ( 4, 2, 4 ),
 ( 0.001168606431211103485, 0.001750609284260044515, 0.002332612137308985329 ),
 .UNSPECIFIED. ) ;
#12067 = AXIS2_PLACEMENT_3D ( 'NONE', #8695, #4020, #11547 ) ;
#12068 = DIRECTION ( 'NONE',  ( 0.9999363202837162623, -6.910182219422616578E-19, -0.01128518397995855599 ) ) ;
#12069 = CARTESIAN_POINT ( 'NONE',  ( 2.000000000000000000, 1.154700538379250130, -1.600000000000000089 ) ) ;
#12070 = EDGE_LOOP ( 'NONE', ( #1609, #7214, #3225, #6425, #11122 ) ) ;
#12071 = LINE ( 'NONE', #11136, #11418 ) ;
#12072 = DIRECTION ( 'NONE',  ( 1.000000000000000000, -0.000000000000000000, -0.000000000000000000 ) ) ;
#12073 = AXIS2_PLACEMENT_3D ( 'NONE', #7737, #9763, #9705 ) ;
#12074 = ORIENTED_EDGE ( 'NONE', *, *, #2078, .F. ) ;
#12075 = VERTEX_POINT ( 'NONE', #8341 ) ;
#12076 = DIRECTION ( 'NONE',  ( -1.000000000000000000, -0.000000000000000000, -0.000000000000000000 ) ) ;
#12077 = PRODUCT_DEFINITION_SHAPE ( 'NONE', 'NONE',  #12227 ) ;
#12078 = CARTESIAN_POINT ( 'NONE',  ( 2.000000000000000000, -0.1951254011572754188, -1.600000000000000089 ) ) ;
#12079 = EDGE_CURVE ( 'NONE', #3434, #8211, #12071, .T. ) ;
#12080 = ADVANCED_FACE ( 'NONE', ( #10208 ), #8632, .T. ) ;
#12081 = DIRECTION ( 'NONE',  ( 1.060575238724911106E-16, 0.8660254037844419273, 0.4999999999999942268 ) ) ;
#12082 = DIRECTION ( 'NONE',  ( 1.000000000000000000, 0.000000000000000000, 0.000000000000000000 ) ) ;
#12083 = ORIENTED_EDGE ( 'NONE', *, *, #7263, .T. ) ;
#12084 = PLANE ( 'NONE',  #8242 ) ;
#12085 = DIRECTION ( 'NONE',  ( 1.000000000000000000, 0.000000000000000000, 0.000000000000000000 ) ) ;
#12086 = PRODUCT_DEFINITION_SHAPE ( 'NONE', 'NONE',  #12218 ) ;
#12087 = DIRECTION ( 'NONE',  ( 0.000000000000000000, 0.000000000000000000, -1.000000000000000000 ) ) ;
#12088 = CARTESIAN_POINT ( 'NONE',  ( -0.8156023289305088797, 1.111735790324613713E-16, -0.1291166393111727595 ) ) ;
#12089 = DIRECTION ( 'NONE',  ( -1.000000000000000000, 0.000000000000000000, -0.000000000000000000 ) ) ;
#12090 = CARTESIAN_POINT ( 'NONE',  ( 3.500000000000000000, 0.000000000000000000, 0.000000000000000000 ) ) ;
#12091 = EDGE_CURVE ( 'NONE', #8291, #10371, #6519, .T. ) ;
#12092 =( NAMED_UNIT ( * ) SI_UNIT ( $, .STERADIAN. ) SOLID_ANGLE_UNIT ( ) );
#12093 = SURFACE_STYLE_USAGE ( .BOTH. , #3695 ) ;
#12094 = CARTESIAN_POINT ( 'NONE',  ( 2.000000000000000000, 0.1952413320394011109, -1.600000000000000089 ) ) ;
#12095 = CONTEXT_DEPENDENT_SHAPE_REPRESENTATION ( #8946, #5974 ) ;
#12096 = ORIENTED_EDGE ( 'NONE', *, *, #8262, .T. ) ;
#12097 = DIRECTION ( 'NONE',  ( 0.000000000000000000, 0.000000000000000000, 1.000000000000000000 ) ) ;
#12098 = DIRECTION ( 'NONE',  ( 0.000000000000000000, 0.000000000000000000, 1.000000000000000000 ) ) ;
#12099 = VERTEX_POINT ( 'NONE', #5315 ) ;
#12100 = CARTESIAN_POINT ( 'NONE',  ( 0.6302730391922551911, -0.04368000243696955331, -0.7870467931636622172 ) ) ;
#12101 = CARTESIAN_POINT ( 'NONE',  ( -0.8156023289304824564, 1.111735790324597443E-16, -0.1291166393111913002 ) ) ;
#12102 = CIRCLE ( 'NONE', #8927, 3.499999999999997780 ) ;
#12103 = EDGE_LOOP ( 'NONE', ( #6315, #9681, #7571, #418 ) ) ;
#12104 = VERTEX_POINT ( 'NONE', #8136 ) ;
#12105 = EDGE_CURVE ( 'NONE', #4504, #5805, #9005, .T. ) ;
#12106 =( NAMED_UNIT ( * ) SI_UNIT ( $, .STERADIAN. ) SOLID_ANGLE_UNIT ( ) );
#12107 = CARTESIAN_POINT ( 'NONE',  ( 0.000000000000000000, 0.000000000000000000, -0.1291166393111907729 ) ) ;
#12108 = DIRECTION ( 'NONE',  ( 1.000000000000000000, -0.000000000000000000, -0.000000000000000000 ) ) ;
#12109 = VERTEX_POINT ( 'NONE', #1551 ) ;
#12110 = ADVANCED_FACE ( 'NONE', ( #8267 ), #5248, .F. ) ;
#12111 = B_SPLINE_CURVE_WITH_KNOTS ( 'NONE', 3,
 ( #5548, #10295, #5554, #5677, #8492, #2955 ),
 .UNSPECIFIED., .F., .F.,
 ( 4, 2, 4 ),
 ( 0.003228283429323685737, 0.003812703409393315007, 0.004397123389462943843 ),
 .UNSPECIFIED. ) ;
#12112 = MECHANICAL_DESIGN_GEOMETRIC_PRESENTATION_REPRESENTATION (  '', ( #4416 ), #876 ) ;
#12113 = DIRECTION ( 'NONE',  ( -0.000000000000000000, 0.000000000000000000, -1.000000000000000000 ) ) ;
#12114 = LINE ( 'NONE', #11926, #10336 ) ;
#12115 = ORIENTED_EDGE ( 'NONE', *, *, #5530, .F. ) ;
#12116 = VERTEX_POINT ( 'NONE', #11115 ) ;
#12117 = CARTESIAN_POINT ( 'NONE',  ( -1.000000000000000888, 1.732050807568876749, -1.600000000000000089 ) ) ;
#12118 = EDGE_CURVE ( 'NONE', #4762, #2579, #2661, .T. ) ;
#12119 = EDGE_CURVE ( 'NONE', #5782, #4403, #2145, .T. ) ;
#12120 = AXIS2_PLACEMENT_3D ( 'NONE', #6714, #9486, #10483 ) ;
#12121 = ORIENTED_EDGE ( 'NONE', *, *, #10378, .F. ) ;
#12122 =( REPRESENTATION_RELATIONSHIP ('NONE','NONE', #912, #2177 ) REPRESENTATION_RELATIONSHIP_WITH_TRANSFORMATION ( #8368 )SHAPE_REPRESENTATION_RELATIONSHIP( ) );
#12123 = DIRECTION ( 'NONE',  ( 1.000000000000000000, 0.000000000000000000, 0.000000000000000000 ) ) ;
#12124 = CIRCLE ( 'NONE', #10926, 0.1749999999999998224 ) ;
#12125 = CARTESIAN_POINT ( 'NONE',  ( 0.8000000000000000444, -0.8000000000000000444, -1.500000000000000000 ) ) ;
#12126 = CARTESIAN_POINT ( 'NONE',  ( -1.899999999999999689, 0.000000000000000000, 0.000000000000000000 ) ) ;
#12127 = VERTEX_POINT ( 'NONE', #4448 ) ;
#12128 = CARTESIAN_POINT ( 'NONE',  ( -2.000000000000000000, 0.000000000000000000, 0.000000000000000000 ) ) ;
#12129 = LINE ( 'NONE', #7357, #11782 ) ;
#12130 = CONICAL_SURFACE ( 'NONE', #8364, 1.099999999999998757, 1.029744258676652091 ) ;
#12131 = ORIENTED_EDGE ( 'NONE', *, *, #2604, .T. ) ;
#12132 =( GEOMETRIC_REPRESENTATION_CONTEXT ( 3 ) GLOBAL_UNCERTAINTY_ASSIGNED_CONTEXT ( ( #11768 ) ) GLOBAL_UNIT_ASSIGNED_CONTEXT ( ( #8092, #8210, #6362 ) ) REPRESENTATION_CONTEXT ( 'NONE', 'WORKASPACE' ) );
#12133 = ORIENTED_EDGE ( 'NONE', *, *, #865, .F. ) ;
#12134 = CARTESIAN_POINT ( 'NONE',  ( 0.000000000000000000, 0.000000000000000000, 0.000000000000000000 ) ) ;
#12135 = ADVANCED_FACE ( 'NONE', ( #6414 ), #12213, .T. ) ;
#12136 = EDGE_CURVE ( 'NONE', #11103, #1810, #5295, .T. ) ;
#12137 = LINE ( 'NONE', #1948, #3930 ) ;
#12138 = DIRECTION ( 'NONE',  ( 1.000000000000000000, 0.000000000000000000, 0.000000000000000000 ) ) ;
#12139 = FILL_AREA_STYLE_COLOUR ( '', #1791 ) ;
#12140 = CARTESIAN_POINT ( 'NONE',  ( 0.1702769162167666883, -0.7403828156981310249, -500000.0000000000582 ) ) ;
#12141 = ORIENTED_EDGE ( 'NONE', *, *, #9456, .T. ) ;
#12142 = VERTEX_POINT ( 'NONE', #3349 ) ;
#12143 = DIRECTION ( 'NONE',  ( 0.000000000000000000, 0.000000000000000000, 1.000000000000000000 ) ) ;
#12144 = CARTESIAN_POINT ( 'NONE',  ( 0.000000000000000000, 1.224646799147353256E-15, -10.00000000000000000 ) ) ;
#12145 = VECTOR ( 'NONE', #11673, 1000.000000000000000 ) ;
#12146 = FACE_OUTER_BOUND ( 'NONE', #4623, .T. ) ;
#12147 = PRODUCT_DEFINITION ( 'UNKNOWN', '', #4560, #9647 ) ;
#12148 = CIRCLE ( 'NONE', #9953, 1.000000000000000000 ) ;
#12149 = DIRECTION ( 'NONE',  ( -0.000000000000000000, 0.000000000000000000, 1.000000000000000000 ) ) ;
#12150 = FACE_OUTER_BOUND ( 'NONE', #9588, .T. ) ;
#12151 = EDGE_LOOP ( 'NONE', ( #5985, #10015 ) ) ;
#12152 = FACE_OUTER_BOUND ( 'NONE', #67, .T. ) ;
#12153 = AXIS2_PLACEMENT_3D ( 'NONE', #8474, #2059, #2934 ) ;
#12154 = CARTESIAN_POINT ( 'NONE',  ( -5.000000000000000000, 0.000000000000000000, -21.00000000000000000 ) ) ;
#12155 =( NAMED_UNIT ( * ) PLANE_ANGLE_UNIT ( ) SI_UNIT ( $, .RADIAN. ) );
#12156 = CARTESIAN_POINT ( 'NONE',  ( -17.94999999999999929, 0.000000000000000000, 1.550000000000000044 ) ) ;
#12157 = CARTESIAN_POINT ( 'NONE',  ( 0.000000000000000000, 0.000000000000000000, -0.2999999999999842792 ) ) ;
#12158 = CARTESIAN_POINT ( 'NONE',  ( 0.000000000000000000, 0.000000000000000000, -24.00000000000000000 ) ) ;
#12159 = AXIS2_PLACEMENT_3D ( 'NONE', #5234, #667, #7260 ) ;
#12160 = EDGE_CURVE ( 'NONE', #6866, #6, #9929, .T. ) ;
#12161 = ADVANCED_FACE ( 'NONE', ( #680 ), #10922, .F. ) ;
#12162 = CARTESIAN_POINT ( 'NONE',  ( -2.000000000000001776, 0.3000000000000172529, -1.899999999999894884 ) ) ;
#12164 = ORIENTED_EDGE ( 'NONE', *, *, #3700, .F. ) ;
#12163 = CARTESIAN_POINT ( 'NONE',  ( -0.8302646929203290060, 1.830047532802309806, 9.328656192427350549E-16 ) ) ;
#12165 = CARTESIAN_POINT ( 'NONE',  ( 3.499999999999996003, 0.8999999999999989120, -1.845299461620641734 ) ) ;
#12166 = VECTOR ( 'NONE', #5976, 1000.000000000000000 ) ;
#12167 = CYLINDRICAL_SURFACE ( 'NONE', #2869, 1.949999999999999734 ) ;
#12168 = AXIS2_PLACEMENT_3D ( 'NONE', #8409, #1691, #839 ) ;
#12169 = ORIENTED_EDGE ( 'NONE', *, *, #6404, .F. ) ;
#12170 =( LENGTH_UNIT ( ) NAMED_UNIT ( * ) SI_UNIT ( .MILLI., .METRE. ) );
#12171 = AXIS2_PLACEMENT_3D ( 'NONE', #382, #1130, #8703 ) ;
#12172 = CIRCLE ( 'NONE', #10181, 3.000000000000000444 ) ;
#12173 = DIRECTION ( 'NONE',  ( -0.5000000000000004441, 0.8660254037844383745, 0.000000000000000000 ) ) ;
#12174 = AXIS2_PLACEMENT_3D ( 'NONE', #11891, #5400, #4418 ) ;
#12175 = FACE_BOUND ( 'NONE', #9895, .T. ) ;
#12176 = AXIS2_PLACEMENT_3D ( 'NONE', #7453, #6584, #7628 ) ;
#12177 = ORIENTED_EDGE ( 'NONE', *, *, #11455, .F. ) ;
#12178 = CIRCLE ( 'NONE', #3095, 1.099999999999998757 ) ;
#12179 = CIRCLE ( 'NONE', #8627, 0.5000000000000000000 ) ;
#12180 = ORIENTED_EDGE ( 'NONE', *, *, #10685, .F. ) ;
#12181 = ADVANCED_FACE ( 'NONE', ( #9194 ), #7672, .F. ) ;
#12182 = LINE ( 'NONE', #11304, #6013 ) ;
#12183 = AXIS2_PLACEMENT_3D ( 'NONE', #10653, #10773, #1154 ) ;
#12184 = VECTOR ( 'NONE', #1013, 1000.000000000000000 ) ;
#12185 = DIRECTION ( 'NONE',  ( -0.000000000000000000, 1.000000000000000000, 0.000000000000000000 ) ) ;
#12186 = AXIS2_PLACEMENT_3D ( 'NONE', #2994, #9649, #10570 ) ;
#12187 = SURFACE_SIDE_STYLE ('',( #10368 ) ) ;
#12188 = ORIENTED_EDGE ( 'NONE', *, *, #11897, .F. ) ;
#12189 = ORIENTED_EDGE ( 'NONE', *, *, #1747, .F. ) ;
#12190 = ADVANCED_FACE ( 'NONE', ( #747 ), #8447, .T. ) ;
#12191 = CYLINDRICAL_SURFACE ( 'NONE', #266, 2.500000000000000000 ) ;
#12192 = APPLICATION_PROTOCOL_DEFINITION ( 'draft international standard', 'automotive_design', 1998, #10756 ) ;
#12193 = PRODUCT ( 'hex nut style 1 gradeab_iso_ISO - 4032 - M2 - D - N', 'hex nut style 1 gradeab_iso_ISO - 4032 - M2 - D - N', '', ( #6789 ) ) ;
#12194 = VECTOR ( 'NONE', #4814, 1000.000000000000000 ) ;
#12195 = CARTESIAN_POINT ( 'NONE',  ( -2.000000000000003997, 0.9000000000000005773, -5.309401076758396343 ) ) ;
#12196 = SURFACE_STYLE_USAGE ( .BOTH. , #8461 ) ;
#12197 = ORIENTED_EDGE ( 'NONE', *, *, #10732, .T. ) ;
#12198 = DIRECTION ( 'NONE',  ( -1.000000000000000000, 0.000000000000000000, 0.000000000000000000 ) ) ;
#12199 = EDGE_CURVE ( 'NONE', #11469, #2235, #4516, .T. ) ;
#12201 = DIRECTION ( 'NONE',  ( 0.000000000000000000, -0.000000000000000000, 1.000000000000000000 ) ) ;
#12200 = VECTOR ( 'NONE', #11583, 1000.000000000000000 ) ;
#12202 = VERTEX_POINT ( 'NONE', #12052 ) ;
#12203 = CIRCLE ( 'NONE', #4883, 1.000000000000000000 ) ;
#12204 = ORIENTED_EDGE ( 'NONE', *, *, #9244, .F. ) ;
#12205 = DIRECTION ( 'NONE',  ( 0.000000000000000000, 1.000000000000000000, 2.168404344971008868E-16 ) ) ;
#12206 = CARTESIAN_POINT ( 'NONE',  ( -2.000000000000000000, 0.000000000000000000, -18.00000000000000355 ) ) ;
#12207 = CARTESIAN_POINT ( 'NONE',  ( -17.30000000000000071, 0.000000000000000000, 0.000000000000000000 ) ) ;
#12208 = AXIS2_PLACEMENT_3D ( 'NONE', #7779, #4028, #4821 ) ;
#12209 = CARTESIAN_POINT ( 'NONE',  ( 3.500000000000000000, 0.000000000000000000, -24.00000000000000000 ) ) ;
#12210 = ORIENTED_EDGE ( 'NONE', *, *, #2917, .F. ) ;
#12211 = ORIENTED_EDGE ( 'NONE', *, *, #5491, .F. ) ;
#12212 = CARTESIAN_POINT ( 'NONE',  ( -4.000000000000001776, 0.8999999999999995781, -19.84529946162065173 ) ) ;
#12213 = CONICAL_SURFACE ( 'NONE', #1772, 0.7740000000000000213, 1.047197551196601628 ) ;
#12214 = EDGE_CURVE ( 'NONE', #4809, #1381, #11676, .T. ) ;
#12215 = VERTEX_POINT ( 'NONE', #6489 ) ;
#12216 = NEXT_ASSEMBLY_USAGE_OCCURRENCE ( 'NAUO1', ' ', ' ', #2257, #8123, $ ) ;
#12217 = NEXT_ASSEMBLY_USAGE_OCCURRENCE ( 'NAUO2', ' ', ' ', #2257, #10162, $ ) ;
#12218 = NEXT_ASSEMBLY_USAGE_OCCURRENCE ( 'NAUO3', ' ', ' ', #2257, #2102, $ ) ;
#12219 = NEXT_ASSEMBLY_USAGE_OCCURRENCE ( 'NAUO4', ' ', ' ', #2257, #12147, $ ) ;
#12220 = NEXT_ASSEMBLY_USAGE_OCCURRENCE ( 'NAUO5', ' ', ' ', #2257, #1193, $ ) ;
#12221 = NEXT_ASSEMBLY_USAGE_OCCURRENCE ( 'NAUO6', ' ', ' ', #2257, #9411, $ ) ;
#12222 = NEXT_ASSEMBLY_USAGE_OCCURRENCE ( 'NAUO7', ' ', ' ', #2257, #1735, $ ) ;
#12223 = NEXT_ASSEMBLY_USAGE_OCCURRENCE ( 'NAUO8', ' ', ' ', #2257, #1735, $ ) ;
#12224 = NEXT_ASSEMBLY_USAGE_OCCURRENCE ( 'NAUO9', ' ', ' ', #2257, #11466, $ ) ;
#12225 = NEXT_ASSEMBLY_USAGE_OCCURRENCE ( 'NAUO10', ' ', ' ', #2257, #1579, $ ) ;
#12226 = NEXT_ASSEMBLY_USAGE_OCCURRENCE ( 'NAUO11', ' ', ' ', #2257, #3769, $ ) ;
#12227 = NEXT_ASSEMBLY_USAGE_OCCURRENCE ( 'NAUO12', ' ', ' ', #2257, #3399, $ ) ;
#12228 = NEXT_ASSEMBLY_USAGE_OCCURRENCE ( 'NAUO13', ' ', ' ', #2257, #11078, $ ) ;
#12229 = NEXT_ASSEMBLY_USAGE_OCCURRENCE ( 'NAUO14', ' ', ' ', #2257, #11078, $ ) ;
#12230 = NEXT_ASSEMBLY_USAGE_OCCURRENCE ( 'NAUO15', ' ', ' ', #2257, #3228, $ ) ;
#12231 = NEXT_ASSEMBLY_USAGE_OCCURRENCE ( 'NAUO16', ' ', ' ', #2257, #10162, $ ) ;
#12232 = NEXT_ASSEMBLY_USAGE_OCCURRENCE ( 'NAUO17', ' ', ' ', #2257, #2102, $ ) ;
#12233 = NEXT_ASSEMBLY_USAGE_OCCURRENCE ( 'NAUO18', ' ', ' ', #2257, #12147, $ ) ;
#12234 = NEXT_ASSEMBLY_USAGE_OCCURRENCE ( 'NAUO19', ' ', ' ', #2257, #1193, $ ) ;
#12235 = NEXT_ASSEMBLY_USAGE_OCCURRENCE ( 'NAUO20', ' ', ' ', #2257, #9411, $ ) ;
#12236 = NEXT_ASSEMBLY_USAGE_OCCURRENCE ( 'NAUO21', ' ', ' ', #2257, #1735, $ ) ;
#12237 = NEXT_ASSEMBLY_USAGE_OCCURRENCE ( 'NAUO22', ' ', ' ', #2257, #1735, $ ) ;
#12238 = NEXT_ASSEMBLY_USAGE_OCCURRENCE ( 'NAUO23', ' ', ' ', #2257, #11466, $ ) ;
#12239 = NEXT_ASSEMBLY_USAGE_OCCURRENCE ( 'NAUO24', ' ', ' ', #2257, #1579, $ ) ;
#12240 = NEXT_ASSEMBLY_USAGE_OCCURRENCE ( 'NAUO25', ' ', ' ', #2257, #8497, $ ) ;
#12241 = NEXT_ASSEMBLY_USAGE_OCCURRENCE ( 'NAUO26', ' ', ' ', #2257, #5582, $ ) ;
#12242 = NEXT_ASSEMBLY_USAGE_OCCURRENCE ( 'NAUO27', ' ', ' ', #2257, #11078, $ ) ;
#12243 = NEXT_ASSEMBLY_USAGE_OCCURRENCE ( 'NAUO28', ' ', ' ', #2257, #11078, $ ) ;
#12244 = NEXT_ASSEMBLY_USAGE_OCCURRENCE ( 'NAUO29', ' ', ' ', #2257, #11238, $ ) ;
#12245 = NEXT_ASSEMBLY_USAGE_OCCURRENCE ( 'NAUO30', ' ', ' ', #2257, #11238, $ ) ;
ENDSEC;
END-ISO-10303-21;
