ISO-10303-21;
HEADER;
FILE_DESCRIPTION (( 'STEP AP214' ),
    '1' );
FILE_NAME ('MicrasAssembly.STEP',
    '2025-11-14T06:37:54',
    ( '' ),
    ( '' ),
    'SwSTEP 2.0',
    'SolidWorks 2025',
    '' );
FILE_SCHEMA (( 'AUTOMOTIVE_DESIGN' ));
ENDSEC;

DATA;
#1 = CARTESIAN_POINT ( 'NONE',  ( 0.000000000000000000, 0.000000000000000000, 1.000000000000000000 ) ) ;
#2 = CARTESIAN_POINT ( 'NONE',  ( 2.000000000000000000, 1.154700538379254349, -0.1786327949540832127 ) ) ;
#3 = AXIS2_PLACEMENT_3D ( 'NONE', #1728, #715, #11693 ) ;
#4 = ADVANCED_FACE ( 'NONE', ( #6476 ), #10079, .F. ) ;
#5 = EDGE_CURVE ( 'NONE', #4702, #3405, #5374, .T. ) ;
#6 = EDGE_CURVE ( 'NONE', #4346, #6222, #929, .T. ) ;
#7 = EDGE_CURVE ( 'NONE', #6224, #11205, #8962, .T. ) ;
#8 = ADVANCED_FACE ( 'NONE', ( #4809, #9380 ), #5831, .T. ) ;
#9 = ORIENTED_EDGE ( 'NONE', *, *, #7341, .T. ) ;
#10 = CIRCLE ( 'NONE', #8354, 4.000000000000000888 ) ;
#11 = PRODUCT_DEFINITION_SHAPE ( 'NONE', 'NONE',  #11738 ) ;
#12 = CARTESIAN_POINT ( 'NONE',  ( 2.000000000000000000, 1.154700538379254349, -1.421367205045916737 ) ) ;
#13 = DIRECTION ( 'NONE',  ( 0.000000000000000000, 0.000000000000000000, -1.000000000000000000 ) ) ;
#14 = CARTESIAN_POINT ( 'NONE',  ( 3.000000000000000000, 1.224646799147353207E-16, -1.000000000000000000 ) ) ;
#15 = DIRECTION ( 'NONE',  ( -1.000000000000000000, 0.000000000000000000, 0.000000000000000000 ) ) ;
#16 = ORIENTED_EDGE ( 'NONE', *, *, #7843, .F. ) ;
#17 = AXIS2_PLACEMENT_3D ( 'NONE', #3978, #7589, #2192 ) ;
#18 = CARTESIAN_POINT ( 'NONE',  ( 0.000000000000000000, 4.738805170303855086E-16, -3.069518839163146939 ) ) ;
#19 = VERTEX_POINT ( 'NONE', #3808 ) ;
#20 = ADVANCED_FACE ( 'NONE', ( #8491 ), #11157, .F. ) ;
#21 = FACE_BOUND ( 'NONE', #7287, .T. ) ;
#22 = ADVANCED_FACE ( 'NONE', ( #4754 ), #11029, .T. ) ;
#23 = ORIENTED_EDGE ( 'NONE', *, *, #676, .F. ) ;
#24 =( LENGTH_UNIT ( ) NAMED_UNIT ( * ) SI_UNIT ( .MILLI., .METRE. ) );
#25 = CARTESIAN_POINT ( 'NONE',  ( -0.7528384805853879369, -0.2477452492985879606, -0.6896367705662612702 ) ) ;
#26 = DIRECTION ( 'NONE',  ( -1.000000000000000000, -0.000000000000000000, -0.000000000000000000 ) ) ;
#27 = CARTESIAN_POINT ( 'NONE',  ( -17.94999999999999929, 1.898202538678397459E-16, -1.550000000000000044 ) ) ;
#28 = LINE ( 'NONE', #2060, #4375 ) ;
#29 = ORIENTED_EDGE ( 'NONE', *, *, #2039, .T. ) ;
#30 = DIRECTION ( 'NONE',  ( 0.000000000000000000, 0.000000000000000000, 1.000000000000000000 ) ) ;
#31 = ORIENTED_EDGE ( 'NONE', *, *, #9816, .F. ) ;
#32 = CARTESIAN_POINT ( 'NONE',  ( -2.000000000000000000, 0.9679918988505297195, -0.1247346533081140629 ) ) ;
#33 = ORIENTED_EDGE ( 'NONE', *, *, #3716, .T. ) ;
#34 = CARTESIAN_POINT ( 'NONE',  ( 0.000000000000000000, 5.058392604970359998E-16, -2.930481160836854393 ) ) ;
#35 = ORIENTED_EDGE ( 'NONE', *, *, #5765, .F. ) ;
#36 = AXIS2_PLACEMENT_3D ( 'NONE', #8325, #3819, #7429 ) ;
#37 = CARTESIAN_POINT ( 'NONE',  ( 1.899999999999999689, 2.326828918379970872E-16, 0.000000000000000000 ) ) ;
#38 = AXIS2_PLACEMENT_3D ( 'NONE', #4084, #4142, #7757 ) ;
#39 = DIRECTION ( 'NONE',  ( -1.000000000000000000, 0.000000000000000000, -0.000000000000000000 ) ) ;
#40 = MECHANICAL_DESIGN_GEOMETRIC_PRESENTATION_REPRESENTATION (  '', ( #1187 ), #6690 ) ;
#41 = AXIS2_PLACEMENT_3D ( 'NONE', #1463, #11313, #3249 ) ;
#42 = FACE_OUTER_BOUND ( 'NONE', #3210, .T. ) ;
#43 = CARTESIAN_POINT ( 'NONE',  ( 0.000000000000000000, 0.000000000000000000, -0.3000000000000172529 ) ) ;
#44 = ORIENTED_EDGE ( 'NONE', *, *, #10607, .T. ) ;
#45 = DIRECTION ( 'NONE',  ( -1.000000000000000000, 0.000000000000000000, 0.000000000000000000 ) ) ;
#46 = CLOSED_SHELL ( 'NONE', ( #6853, #7712, #8859, #7123, #10882, #7559 ) ) ;
#47 = DIRECTION ( 'NONE',  ( -0.000000000000000000, -0.000000000000000000, 1.000000000000000000 ) ) ;
#48 = CONICAL_SURFACE ( 'NONE', #1186, 1.000000000000000000, 1.047197551196604515 ) ;
#49 = VECTOR ( 'NONE', #8078, 1000.000000000000000 ) ;
#50 = EDGE_CURVE ( 'NONE', #4504, #7967, #10090, .T. ) ;
#51 = CARTESIAN_POINT ( 'NONE',  ( 14.05000000000000071, 0.000000000000000000, 0.000000000000000000 ) ) ;
#52 = VERTEX_POINT ( 'NONE', #7543 ) ;
#53 = CIRCLE ( 'NONE', #2730, 11.00000000000000000 ) ;
#54 = EDGE_CURVE ( 'NONE', #2124, #1354, #8438, .T. ) ;
#55 = DIRECTION ( 'NONE',  ( 0.000000000000000000, 0.000000000000000000, 1.000000000000000000 ) ) ;
#56 = AXIS2_PLACEMENT_3D ( 'NONE', #258, #3717, #198 ) ;
#57 = FACE_OUTER_BOUND ( 'NONE', #6535, .T. ) ;
#58 = CARTESIAN_POINT ( 'NONE',  ( -2.000000000000000000, -0.7745510564695445854, -0.07894766929796916133 ) ) ;
#59 = AXIS2_PLACEMENT_3D ( 'NONE', #7405, #6525, #10016 ) ;
#60 = ORIENTED_EDGE ( 'NONE', *, *, #8808, .F. ) ;
#61 = CARTESIAN_POINT ( 'NONE',  ( 0.1955299650103742293, 0.6656873190922431016, -0.7493711177645839827 ) ) ;
#62 = CIRCLE ( 'NONE', #8222, 3.000000000000000000 ) ;
#63 = CIRCLE ( 'NONE', #1603, 1.099999999999998535 ) ;
#64 =( LENGTH_UNIT ( ) NAMED_UNIT ( * ) SI_UNIT ( .MILLI., .METRE. ) );
#65 = AXIS2_PLACEMENT_3D ( 'NONE', #9596, #8398, #3246 ) ;
#66 = ORIENTED_EDGE ( 'NONE', *, *, #374, .T. ) ;
#67 = SHAPE_DEFINITION_REPRESENTATION ( #8634, #1805 ) ;
#68 = EDGE_CURVE ( 'NONE', #9505, #3604, #6538, .T. ) ;
#69 = B_SPLINE_CURVE_WITH_KNOTS ( 'NONE', 3,
 ( #5029, #11073, #6760, #9546 ),
 .UNSPECIFIED., .F., .F.,
 ( 4, 4 ),
 ( 2.380749485120258738E-07, 0.001168606431211104352 ),
 .UNSPECIFIED. ) ;
#70 = DIRECTION ( 'NONE',  ( 0.000000000000000000, 0.000000000000000000, -1.000000000000000000 ) ) ;
#71 = CYLINDRICAL_SURFACE ( 'NONE', #8957, 4.000000000000000888 ) ;
#72 = EDGE_CURVE ( 'NONE', #270, #10835, #10479, .T. ) ;
#73 = FACE_OUTER_BOUND ( 'NONE', #7688, .T. ) ;
#74 = CARTESIAN_POINT ( 'NONE',  ( 0.000000000000000000, 0.000000000000000000, 0.000000000000000000 ) ) ;
#75 = AXIS2_PLACEMENT_3D ( 'NONE', #1276, #8341, #203 ) ;
#76 = CARTESIAN_POINT ( 'NONE',  ( -3.000000000000000000, 0.000000000000000000, 0.000000000000000000 ) ) ;
#77 = EDGE_LOOP ( 'NONE', ( #11304, #3713, #171, #6079 ) ) ;
#78 = DIRECTION ( 'NONE',  ( 0.000000000000000000, 0.000000000000000000, 1.000000000000000000 ) ) ;
#79 = LINE ( 'NONE', #10995, #1580 ) ;
#80 = ORIENTED_EDGE ( 'NONE', *, *, #11158, .F. ) ;
#81 = DIRECTION ( 'NONE',  ( 0.000000000000000000, 1.000000000000000000, 0.000000000000000000 ) ) ;
#82 = DIRECTION ( 'NONE',  ( 0.000000000000000000, -0.7071067811865474617, -0.7071067811865474617 ) ) ;
#83 = ORIENTED_EDGE ( 'NONE', *, *, #6482, .T. ) ;
#84 = PRESENTATION_STYLE_ASSIGNMENT (( #1932 ) ) ;
#85 = EDGE_CURVE ( 'NONE', #9600, #1736, #2340, .T. ) ;
#86 = DIRECTION ( 'NONE',  ( 0.000000000000000000, 0.000000000000000000, 1.000000000000000000 ) ) ;
#87 = CARTESIAN_POINT ( 'NONE',  ( 3.499999999999999556, 17.00000000000000000, -8.732195743157015855 ) ) ;
#88 =( NAMED_UNIT ( * ) SI_UNIT ( $, .STERADIAN. ) SOLID_ANGLE_UNIT ( ) );
#89 = DIRECTION ( 'NONE',  ( 1.000000000000000000, -0.000000000000000000, -0.000000000000000000 ) ) ;
#90 = DIRECTION ( 'NONE',  ( 1.000000000000000000, 0.000000000000000000, 0.000000000000000000 ) ) ;
#91 = EDGE_CURVE ( 'NONE', #6173, #6808, #5951, .T. ) ;
#92 = CIRCLE ( 'NONE', #4094, 2.499999999999998668 ) ;
#93 = EDGE_CURVE ( 'NONE', #8792, #8024, #3855, .T. ) ;
#94 = VERTEX_POINT ( 'NONE', #7943 ) ;
#95 = VECTOR ( 'NONE', #8763, 1000.000000000000114 ) ;
#96 = CARTESIAN_POINT ( 'NONE',  ( 4.099999999999999645, -2.971690854684141847, -0.3999999999999968026 ) ) ;
#97 = ORIENTED_EDGE ( 'NONE', *, *, #6058, .F. ) ;
#98 = CARTESIAN_POINT ( 'NONE',  ( 0.000000000000000000, 0.000000000000000000, 0.000000000000000000 ) ) ;
#99 = ORIENTED_EDGE ( 'NONE', *, *, #4247, .T. ) ;
#100 = LINE ( 'NONE', #7345, #1861 ) ;
#101 = ORIENTED_EDGE ( 'NONE', *, *, #9543, .F. ) ;
#102 = CARTESIAN_POINT ( 'NONE',  ( -17.30000000000000071, 0.000000000000000000, 0.000000000000000000 ) ) ;
#103 = AXIS2_PLACEMENT_3D ( 'NONE', #7444, #6566, #3898 ) ;
#104 = CARTESIAN_POINT ( 'NONE',  ( -4.000000000000003553, 2.500000000000000000, -4.154700538379143993 ) ) ;
#105 =( LENGTH_UNIT ( ) NAMED_UNIT ( * ) SI_UNIT ( .MILLI., .METRE. ) );
#106 = DIRECTION ( 'NONE',  ( -1.000000000000000000, 0.000000000000000000, 0.000000000000000000 ) ) ;
#107 = CARTESIAN_POINT ( 'NONE',  ( -2.000000000000000000, 0.000000000000000000, -18.00000000000000355 ) ) ;
#108 = ADVANCED_FACE ( 'NONE', ( #11675 ), #8055, .F. ) ;
#109 = VERTEX_POINT ( 'NONE', #4045 ) ;
#110 = CARTESIAN_POINT ( 'NONE',  ( 0.000000000000000000, 0.000000000000000000, -1.600000000000000089 ) ) ;
#111 = LINE ( 'NONE', #9260, #5956 ) ;
#112 = AXIS2_PLACEMENT_3D ( 'NONE', #6250, #3522, #11582 ) ;
#113 = AXIS2_PLACEMENT_3D ( 'NONE', #8268, #8506, #3762 ) ;
#114 = PRODUCT_DEFINITION_SHAPE ( 'NONE', 'NONE',  #11737 ) ;
#115 = UNCERTAINTY_MEASURE_WITH_UNIT (LENGTH_MEASURE( 1.000000000000000082E-05 ), #64, 'distance_accuracy_value', 'NONE');
#116 = ORIENTED_EDGE ( 'NONE', *, *, #4453, .T. ) ;
#117 = DIRECTION ( 'NONE',  ( 1.000000000000000000, -0.000000000000000000, 0.000000000000000000 ) ) ;
#118 = ORIENTED_EDGE ( 'NONE', *, *, #8510, .F. ) ;
#119 = AXIS2_PLACEMENT_3D ( 'NONE', #4770, #8454, #3892 ) ;
#120 = AXIS2_PLACEMENT_3D ( 'NONE', #4812, #5709, #9322 ) ;
#121 = DIRECTION ( 'NONE',  ( -1.000000000000000000, 0.000000000000000000, 0.000000000000000000 ) ) ;
#122 = FACE_BOUND ( 'NONE', #10218, .T. ) ;
#123 = DIRECTION ( 'NONE',  ( 0.000000000000000000, 1.000000000000000000, 0.000000000000000000 ) ) ;
#124 = PRODUCT_DEFINITION ( 'UNKNOWN', '', #1528, #9472 ) ;
#125 = ORIENTED_EDGE ( 'NONE', *, *, #7426, .T. ) ;
#126 = DIRECTION ( 'NONE',  ( 0.000000000000000000, -0.000000000000000000, -1.000000000000000000 ) ) ;
#127 = COLOUR_RGB ( '',0.7764705882352941346, 0.7568627450980391913, 0.7372549019607843590 ) ;
#128 = CONICAL_SURFACE ( 'NONE', #11318, 2.000000000000000000, 1.047197551196595855 ) ;
#129 = ORIENTED_EDGE ( 'NONE', *, *, #894, .T. ) ;
#130 = APPLICATION_PROTOCOL_DEFINITION ( 'draft international standard', 'automotive_design', 1998, #2782 ) ;
#131 = FACE_OUTER_BOUND ( 'NONE', #8890, .T. ) ;
#132 = DIRECTION ( 'NONE',  ( 0.8660254037844383745, 0.5000000000000005551, 0.000000000000000000 ) ) ;
#133 = DIRECTION ( 'NONE',  ( -1.000000000000000000, 0.000000000000000000, 0.000000000000000000 ) ) ;
#134 = DIRECTION ( 'NONE',  ( 0.000000000000000000, 0.000000000000000000, -1.000000000000000000 ) ) ;
#135 = AXIS2_PLACEMENT_3D ( 'NONE', #10784, #9120, #8173 ) ;
#136 = CARTESIAN_POINT ( 'NONE',  ( -2.000000000000000000, 0.9000000000000003553, -5.309401076758394566 ) ) ;
#137 = CIRCLE ( 'NONE', #6792, 0.8156023289304831225 ) ;
#138 = ORIENTED_EDGE ( 'NONE', *, *, #1138, .F. ) ;
#139 = B_SPLINE_CURVE_WITH_KNOTS ( 'NONE', 3,
 ( #1692, #9931, #5430, #8147, #7154, #12 ),
 .UNSPECIFIED., .F., .F.,
 ( 4, 2, 4 ),
 ( 0.001168606431211103485, 0.001750609284260044515, 0.002332612137308985329 ),
 .UNSPECIFIED. ) ;
#140 = CARTESIAN_POINT ( 'NONE',  ( -2.000000000000000000, 2.500000000000000000, -21.00000000000000000 ) ) ;
#141 = EDGE_LOOP ( 'NONE', ( #4928, #3647, #8032, #512 ) ) ;
#142 = CARTESIAN_POINT ( 'NONE',  ( 1.550000000000000266, 0.000000000000000000, 0.000000000000000000 ) ) ;
#143 = CARTESIAN_POINT ( 'NONE',  ( 0.000000000000000000, 4.898598887637106556E-16, -2.799999999999999822 ) ) ;
#144 = ORIENTED_EDGE ( 'NONE', *, *, #11049, .T. ) ;
#145 = CARTESIAN_POINT ( 'NONE',  ( 2.000000000000000000, -0.9668978507697956193, -1.475581171168852679 ) ) ;
#146 = CIRCLE ( 'NONE', #10195, 1.999999999999999556 ) ;
#147 = LINE ( 'NONE', #11002, #2914 ) ;
#148 = PLANE ( 'NONE',  #4646 ) ;
#149 = DIRECTION ( 'NONE',  ( -1.000000000000000000, 0.000000000000000000, 0.000000000000000000 ) ) ;
#150 = DIRECTION ( 'NONE',  ( 1.000000000000000000, 0.000000000000000000, 0.000000000000000000 ) ) ;
#151 = ORIENTED_EDGE ( 'NONE', *, *, #1498, .T. ) ;
#152 = FACE_OUTER_BOUND ( 'NONE', #1578, .T. ) ;
#153 = EDGE_CURVE ( 'NONE', #6848, #7744, #5183, .T. ) ;
#154 = ORIENTED_EDGE ( 'NONE', *, *, #5628, .T. ) ;
#155 = AXIS2_PLACEMENT_3D ( 'NONE', #10489, #5819, #1296 ) ;
#156 = CARTESIAN_POINT ( 'NONE',  ( 0.6302730391908609731, -1.998312315407484031E-13, -0.7870467931649066662 ) ) ;
#157 = ADVANCED_FACE ( 'NONE', ( #8885 ), #7114, .T. ) ;
#158 = EDGE_CURVE ( 'NONE', #2345, #2124, #7893, .T. ) ;
#159 = VERTEX_POINT ( 'NONE', #1304 ) ;
#160 = CARTESIAN_POINT ( 'NONE',  ( -4.000000000000003553, 2.500000000000000000, -19.84529946162065883 ) ) ;
#161 = EDGE_LOOP ( 'NONE', ( #7934, #691, #9623, #594 ) ) ;
#162 = EDGE_CURVE ( 'NONE', #11267, #3956, #3430, .T. ) ;
#163 = EDGE_CURVE ( 'NONE', #285, #4504, #7656, .T. ) ;
#164 = FACE_BOUND ( 'NONE', #8281, .T. ) ;
#165 = FILL_AREA_STYLE ('',( #7352 ) ) ;
#166 = DIRECTION ( 'NONE',  ( 0.000000000000000000, 0.000000000000000000, -1.000000000000000000 ) ) ;
#167 = FACE_OUTER_BOUND ( 'NONE', #1831, .T. ) ;
#168 = CARTESIAN_POINT ( 'NONE',  ( 0.000000000000000000, 0.000000000000000000, 0.000000000000000000 ) ) ;
#169 = ORIENTED_EDGE ( 'NONE', *, *, #6915, .F. ) ;
#170 = DIRECTION ( 'NONE',  ( -1.000000000000000000, 2.664535259100375697E-15, 0.000000000000000000 ) ) ;
#171 = ORIENTED_EDGE ( 'NONE', *, *, #8744, .T. ) ;
#172 = LINE ( 'NONE', #6594, #1193 ) ;
#173 = MECHANICAL_DESIGN_GEOMETRIC_PRESENTATION_REPRESENTATION (  '', ( #5300 ), #10025 ) ;
#174 = ORIENTED_EDGE ( 'NONE', *, *, #10678, .T. ) ;
#175 = EDGE_CURVE ( 'NONE', #6074, #4713, #757, .T. ) ;
#176 = DIRECTION ( 'NONE',  ( 0.000000000000000000, 1.000000000000000000, 0.000000000000000000 ) ) ;
#177 = DIRECTION ( 'NONE',  ( 1.000000000000000000, 0.000000000000000000, 0.000000000000000000 ) ) ;
#178 = LINE ( 'NONE', #6539, #2979 ) ;
#179 = COLOUR_RGB ( '',1.000000000000000000, 0.9490196078431372140, 0.9098039215686274384 ) ;
#180 = CARTESIAN_POINT ( 'NONE',  ( -0.5000000000000000000, 9.199999999999999289, -16.00000000000000355 ) ) ;
#181 = ORIENTED_EDGE ( 'NONE', *, *, #8208, .T. ) ;
#182 = DIRECTION ( 'NONE',  ( 0.000000000000000000, 0.000000000000000000, 1.000000000000000000 ) ) ;
#183 = PRODUCT_DEFINITION_FORMATION_WITH_SPECIFIED_SOURCE ( 'ANY', '', #384, .NOT_KNOWN. ) ;
#184 = ORIENTED_EDGE ( 'NONE', *, *, #5606, .F. ) ;
#185 = DIRECTION ( 'NONE',  ( 0.000000000000000000, 1.000000000000000000, 0.000000000000000000 ) ) ;
#186 = APPLICATION_CONTEXT ( 'automotive_design' ) ;
#187 = CARTESIAN_POINT ( 'NONE',  ( 2.000000000000000000, 1.154700538379254349, -0.1786327949540832127 ) ) ;
#188 = AXIS2_PLACEMENT_3D ( 'NONE', #9902, #7068, #4516 ) ;
#189 = CARTESIAN_POINT ( 'NONE',  ( -2.000000000000000000, 2.500000000000000000, -24.00000000000000000 ) ) ;
#190 = CARTESIAN_POINT ( 'NONE',  ( 0.6592570625839772047, 1.928778834210482351, 1.192706214622512997E-15 ) ) ;
#191 = CARTESIAN_POINT ( 'NONE',  ( 0.000000000000000000, 0.000000000000000000, -1.600000000000000089 ) ) ;
#192 = ORIENTED_EDGE ( 'NONE', *, *, #4447, .T. ) ;
#193 = CARTESIAN_POINT ( 'NONE',  ( 0.000000000000000000, 3.673940397442060361E-16, -3.000000000000000444 ) ) ;
#194 = DIRECTION ( 'NONE',  ( -1.000000000000000000, -0.000000000000000000, -0.000000000000000000 ) ) ;
#195 = VECTOR ( 'NONE', #11018, 1000.000000000000000 ) ;
#196 = EDGE_LOOP ( 'NONE', ( #2243, #5544, #11270, #5842 ) ) ;
#197 = DIRECTION ( 'NONE',  ( 1.000000000000000000, -0.000000000000000000, -0.000000000000000000 ) ) ;
#198 = DIRECTION ( 'NONE',  ( 0.000000000000000000, 0.000000000000000000, -1.000000000000000000 ) ) ;
#199 = ORIENTED_EDGE ( 'NONE', *, *, #6919, .T. ) ;
#200 = SURFACE_SIDE_STYLE ('',( #7386 ) ) ;
#201 = DIRECTION ( 'NONE',  ( 0.000000000000000000, 1.000000000000000000, 0.000000000000000000 ) ) ;
#202 = CARTESIAN_POINT ( 'NONE',  ( -3.000000000000000000, 0.000000000000000000, 0.000000000000000000 ) ) ;
#203 = DIRECTION ( 'NONE',  ( 0.000000000000000000, 0.000000000000000000, 1.000000000000000000 ) ) ;
#204 = CARTESIAN_POINT ( 'NONE',  ( 3.500000000000000000, 9.199999999999999289, -18.50000000000000355 ) ) ;
#205 = DIRECTION ( 'NONE',  ( 0.000000000000000000, 0.000000000000000000, -1.000000000000000000 ) ) ;
#206 = ADVANCED_FACE ( 'NONE', ( #9834, #418 ), #8936, .F. ) ;
#207 = AXIS2_PLACEMENT_3D ( 'NONE', #3695, #10030, #10082 ) ;
#208 = ORIENTED_EDGE ( 'NONE', *, *, #1845, .T. ) ;
#209 = DIRECTION ( 'NONE',  ( 1.000000000000000000, 0.000000000000000000, 0.000000000000000000 ) ) ;
#210 = ORIENTED_EDGE ( 'NONE', *, *, #1263, .F. ) ;
#211 = CARTESIAN_POINT ( 'NONE',  ( 0.000000000000000000, 0.000000000000000000, 0.000000000000000000 ) ) ;
#212 = ORIENTED_EDGE ( 'NONE', *, *, #9830, .T. ) ;
#213 = CARTESIAN_POINT ( 'NONE',  ( 1.086261710843702231E-16, -0.7739999999999994662, -2.400000000000000355 ) ) ;
#214 = ORIENTED_EDGE ( 'NONE', *, *, #6146, .T. ) ;
#215 = LINE ( 'NONE', #10189, #11287 ) ;
#216 = DIRECTION ( 'NONE',  ( 1.000000000000000000, 0.000000000000000000, 0.000000000000000000 ) ) ;
#217 = CARTESIAN_POINT ( 'NONE',  ( 0.000000000000000000, 0.000000000000000000, -0.1291166393111736477 ) ) ;
#218 = EDGE_CURVE ( 'NONE', #5827, #2491, #10144, .T. ) ;
#219 = EDGE_CURVE ( 'NONE', #4898, #3614, #4987, .T. ) ;
#220 = CYLINDRICAL_SURFACE ( 'NONE', #4881, 1.000000000000000000 ) ;
#221 = DIRECTION ( 'NONE',  ( -0.8660254037844380415, 0.5000000000000008882, 0.000000000000000000 ) ) ;
#222 = ORIENTED_EDGE ( 'NONE', *, *, #7146, .F. ) ;
#223 = CARTESIAN_POINT ( 'NONE',  ( -1.723518695392517009E-16, 2.110701653583067908E-32, -1.165753041649121524 ) ) ;
#224 = EDGE_CURVE ( 'NONE', #3843, #10863, #831, .T. ) ;
#225 = ORIENTED_EDGE ( 'NONE', *, *, #85, .F. ) ;
#226 = CARTESIAN_POINT ( 'NONE',  ( -11.31370849898476116, 7.500000000000000888, -2.116139535669824934 ) ) ;
#227 = ORIENTED_EDGE ( 'NONE', *, *, #2585, .T. ) ;
#228 = AXIS2_PLACEMENT_3D ( 'NONE', #5545, #3599, #1872 ) ;
#229 = CYLINDRICAL_SURFACE ( 'NONE', #6537, 0.1749999999999999056 ) ;
#230 = EDGE_LOOP ( 'NONE', ( #2661, #4787, #7306, #9698 ) ) ;
#231 = EDGE_CURVE ( 'NONE', #6532, #2197, #6106, .T. ) ;
#232 = VECTOR ( 'NONE', #4483, 1000.000000000000000 ) ;
#233 = DIRECTION ( 'NONE',  ( 0.000000000000000000, 0.000000000000000000, -1.000000000000000000 ) ) ;
#234 = CYLINDRICAL_SURFACE ( 'NONE', #5548, 10.00000000000000000 ) ;
#235 = ORIENTED_EDGE ( 'NONE', *, *, #7138, .F. ) ;
#236 = CARTESIAN_POINT ( 'NONE',  ( 4.099999999999999645, 2.971690854684141847, 0.9000000000000006883 ) ) ;
#237 = VECTOR ( 'NONE', #7047, 1000.000000000000000 ) ;
#238 = EDGE_CURVE ( 'NONE', #3697, #517, #3106, .T. ) ;
#239 = AXIS2_PLACEMENT_3D ( 'NONE', #9446, #3710, #6438 ) ;
#240 = EDGE_CURVE ( 'NONE', #3890, #4816, #147, .T. ) ;
#241 = AXIS2_PLACEMENT_3D ( 'NONE', #10205, #1964, #2205 ) ;
#242 = VERTEX_POINT ( 'NONE', #5498 ) ;
#243 = CONTEXT_DEPENDENT_SHAPE_REPRESENTATION ( #6969, #1437 ) ;
#244 = AXIS2_PLACEMENT_3D ( 'NONE', #2664, #5455, #875 ) ;
#245 = LINE ( 'NONE', #2987, #9016 ) ;
#246 = CARTESIAN_POINT ( 'NONE',  ( -2.000000000000000000, -0.3889866277140360817, -1.583227824459161326 ) ) ;
#247 = AXIS2_PLACEMENT_3D ( 'NONE', #6882, #9611, #2188 ) ;
#248 = CARTESIAN_POINT ( 'NONE',  ( 0.000000000000000000, 0.000000000000000000, 0.000000000000000000 ) ) ;
#249 = CYLINDRICAL_SURFACE ( 'NONE', #8020, 2.999999999999999112 ) ;
#250 = DIRECTION ( 'NONE',  ( -0.5000000000000002220, 0.000000000000000000, 0.8660254037844385966 ) ) ;
#251 = EDGE_CURVE ( 'NONE', #10257, #11249, #5958, .T. ) ;
#252 = ORIENTED_EDGE ( 'NONE', *, *, #3292, .T. ) ;
#253 = VECTOR ( 'NONE', #9180, 1000.000000000000000 ) ;
#254 = DIRECTION ( 'NONE',  ( 0.000000000000000000, 0.000000000000000000, 1.000000000000000000 ) ) ;
#255 = COLOUR_RGB ( '',0.4980392156862745168, 0.4980392156862745168, 0.4980392156862745168 ) ;
#256 = ORIENTED_EDGE ( 'NONE', *, *, #6721, .F. ) ;
#257 = CARTESIAN_POINT ( 'NONE',  ( 0.8156023289305088797, 0.000000000000000000, -0.1291166393111727595 ) ) ;
#258 = CARTESIAN_POINT ( 'NONE',  ( 0.000000000000000000, 0.000000000000000000, 0.000000000000000000 ) ) ;
#259 = VERTEX_POINT ( 'NONE', #2708 ) ;
#260 = CARTESIAN_POINT ( 'NONE',  ( -29.95914770951926087, -0.3502617553154468988, 1033.600000000006958 ) ) ;
#261 = DIRECTION ( 'NONE',  ( 0.000000000000000000, -0.000000000000000000, 1.000000000000000000 ) ) ;
#262 = DIRECTION ( 'NONE',  ( 0.000000000000000000, -1.000000000000000000, -0.000000000000000000 ) ) ;
#263 = VECTOR ( 'NONE', #4311, 1000.000000000000000 ) ;
#264 = CARTESIAN_POINT ( 'NONE',  ( 3.499999999999999112, 0.8999999999999995781, -22.15470053837915998 ) ) ;
#265 = LINE ( 'NONE', #5861, #5737 ) ;
#266 = CARTESIAN_POINT ( 'NONE',  ( 0.000000000000000000, 2.821690854684141936, 0.9000000000000006883 ) ) ;
#267 = EDGE_CURVE ( 'NONE', #1452, #8469, #2797, .T. ) ;
#268 = VERTEX_POINT ( 'NONE', #9886 ) ;
#269 = LINE ( 'NONE', #10895, #5663 ) ;
#270 = VERTEX_POINT ( 'NONE', #923 ) ;
#271 = DIRECTION ( 'NONE',  ( -1.000000000000000000, 0.000000000000000000, 0.000000000000000000 ) ) ;
#272 = VECTOR ( 'NONE', #7482, 1000.000000000000000 ) ;
#273 = ORIENTED_EDGE ( 'NONE', *, *, #3224, .T. ) ;
#274 = CARTESIAN_POINT ( 'NONE',  ( 0.000000000000000000, 0.000000000000000000, 0.000000000000000000 ) ) ;
#275 = ORIENTED_EDGE ( 'NONE', *, *, #11636, .F. ) ;
#276 =( NAMED_UNIT ( * ) PLANE_ANGLE_UNIT ( ) SI_UNIT ( $, .RADIAN. ) );
#277 =( REPRESENTATION_RELATIONSHIP ('NONE','NONE', #9860, #1805 ) REPRESENTATION_RELATIONSHIP_WITH_TRANSFORMATION ( #3227 )SHAPE_REPRESENTATION_RELATIONSHIP( ) );
#278 = CARTESIAN_POINT ( 'NONE',  ( 0.8302646929203288950, -1.830047532802312249, -2.134523027080836115E-16 ) ) ;
#279 = CARTESIAN_POINT ( 'NONE',  ( 0.000000000000000000, 4.898598887637106556E-16, -2.000000000000000000 ) ) ;
#280 = CARTESIAN_POINT ( 'NONE',  ( -2.000000000000000000, 0.000000000000000000, -1.600000000000000089 ) ) ;
#281 = STYLED_ITEM ( 'NONE', ( #6108 ), #9209 ) ;
#282 = CIRCLE ( 'NONE', #8251, 1.999999999999999556 ) ;
#283 = CARTESIAN_POINT ( 'NONE',  ( -2.000000000000001776, 0.000000000000000000, -2.999999999999891642 ) ) ;
#284 = DIRECTION ( 'NONE',  ( 0.000000000000000000, -1.000000000000000000, 0.000000000000000000 ) ) ;
#285 = VERTEX_POINT ( 'NONE', #1762 ) ;
#286 = CARTESIAN_POINT ( 'NONE',  ( 1.836821824868180020, 1.248911501717478334, -0.1242400699092101324 ) ) ;
#287 = ORIENTED_EDGE ( 'NONE', *, *, #9164, .F. ) ;
#288 = CARTESIAN_POINT ( 'NONE',  ( 1.999999999999999556, 0.7788341705667920500, -1.520151717152269377 ) ) ;
#289 = ORIENTED_EDGE ( 'NONE', *, *, #10382, .T. ) ;
#290 = AXIS2_PLACEMENT_3D ( 'NONE', #8694, #3186, #6809 ) ;
#291 = ORIENTED_EDGE ( 'NONE', *, *, #10060, .T. ) ;
#292 =( NAMED_UNIT ( * ) PLANE_ANGLE_UNIT ( ) SI_UNIT ( $, .RADIAN. ) );
#293 = DIRECTION ( 'NONE',  ( -1.000000000000000000, -0.000000000000000000, -0.000000000000000000 ) ) ;
#294 = CARTESIAN_POINT ( 'NONE',  ( -0.3277177810063121588, 2.120193127676282430, -0.07933779981236163681 ) ) ;
#295 = B_SPLINE_CURVE_WITH_KNOTS ( 'NONE', 3,
 ( #1004, #3578, #2853, #9915, #9019, #8135, #6536, #946, #10142, #767 ),
 .UNSPECIFIED., .F., .F.,
 ( 4, 2, 2, 2, 4 ),
 ( 2.307468050646258368E-07, 0.0001314299896011971759, 0.0002626292323973296880, 0.0003938284751934622544, 0.0005250277179895948207 ),
 .UNSPECIFIED. ) ;
#296 = DIRECTION ( 'NONE',  ( 0.000000000000000000, 0.000000000000000000, 1.000000000000000000 ) ) ;
#297 = DIRECTION ( 'NONE',  ( 0.000000000000000000, 0.000000000000000000, 1.000000000000000000 ) ) ;
#298 = AXIS2_PLACEMENT_3D ( 'NONE', #10930, #2808, #6432 ) ;
#299 = ORIENTED_EDGE ( 'NONE', *, *, #3938, .F. ) ;
#300 = CARTESIAN_POINT ( 'NONE',  ( 3.699999999999999289, 4.001000000000000334, 0.4999999999999991673 ) ) ;
#301 = EDGE_CURVE ( 'NONE', #6971, #7684, #3831, .T. ) ;
#302 = EDGE_CURVE ( 'NONE', #6460, #3921, #5557, .T. ) ;
#303 = EDGE_CURVE ( 'NONE', #4007, #1483, #1788, .T. ) ;
#304 = AXIS2_PLACEMENT_3D ( 'NONE', #11671, #4600, #10109 ) ;
#305 = CONICAL_SURFACE ( 'NONE', #2749, 1.000000000000000000, 1.047197551196604515 ) ;
#306 = ORIENTED_EDGE ( 'NONE', *, *, #2716, .F. ) ;
#307 = ITEM_DEFINED_TRANSFORMATION ( 'NONE', 'NONE', #10412,  #4873 ) ;
#308 = EDGE_CURVE ( 'NONE', #674, #1266, #4810, .T. ) ;
#309 = DIRECTION ( 'NONE',  ( 0.000000000000000000, 1.000000000000000000, 0.000000000000000000 ) ) ;
#310 = ADVANCED_FACE ( 'NONE', ( #9053, #6390 ), #7274, .T. ) ;
#311 = LINE ( 'NONE', #8504, #6891 ) ;
#312 = ORIENTED_EDGE ( 'NONE', *, *, #2358, .T. ) ;
#313 = DIRECTION ( 'NONE',  ( -1.000000000000000000, 0.000000000000000000, 0.000000000000000000 ) ) ;
#314 = DIRECTION ( 'NONE',  ( -1.000000000000000000, -0.000000000000000000, -0.000000000000000000 ) ) ;
#315 = FACE_OUTER_BOUND ( 'NONE', #5411, .T. ) ;
#316 = ORIENTED_EDGE ( 'NONE', *, *, #638, .F. ) ;
#317 = AXIS2_PLACEMENT_3D ( 'NONE', #6199, #10920, #8027 ) ;
#318 = B_SPLINE_CURVE_WITH_KNOTS ( 'NONE', 3,
 ( #10923, #5531, #8257, #8371, #7546, #2917 ),
 .UNSPECIFIED., .F., .F.,
 ( 4, 2, 4 ),
 ( -9.192220367672872695E-05, 7.683935319752186236E-05, 0.0002456009100717723975 ),
 .UNSPECIFIED. ) ;
#319 = CARTESIAN_POINT ( 'NONE',  ( 0.6302730391908609731, -1.998312315407484031E-13, -0.7870467931649066662 ) ) ;
#320 = ADVANCED_BREP_SHAPE_REPRESENTATION ( '', ( #1077, #4873 ), #1313 ) ;
#321 = VERTEX_POINT ( 'NONE', #7388 ) ;
#322 = CARTESIAN_POINT ( 'NONE',  ( 2.000000000000000000, -0.3889866277140361928, -1.583227824459161326 ) ) ;
#323 = ORIENTED_EDGE ( 'NONE', *, *, #2650, .T. ) ;
#324 = DIRECTION ( 'NONE',  ( 0.000000000000000000, 0.000000000000000000, 1.000000000000000000 ) ) ;
#325 =( GEOMETRIC_REPRESENTATION_CONTEXT ( 3 ) GLOBAL_UNCERTAINTY_ASSIGNED_CONTEXT ( ( #7360 ) ) GLOBAL_UNIT_ASSIGNED_CONTEXT ( ( #7201, #7310, #2687 ) ) REPRESENTATION_CONTEXT ( 'NONE', 'WORKASPACE' ) );
#326 = FACE_OUTER_BOUND ( 'NONE', #6056, .T. ) ;
#327 = ADVANCED_FACE ( 'NONE', ( #3720 ), #5388, .T. ) ;
#328 = CARTESIAN_POINT ( 'NONE',  ( 0.000000000000000000, 0.000000000000000000, 0.000000000000000000 ) ) ;
#329 = AXIS2_PLACEMENT_3D ( 'NONE', #1365, #4988, #7726 ) ;
#330 = LINE ( 'NONE', #10287, #5972 ) ;
#331 = PLANE ( 'NONE',  #10680 ) ;
#332 = AXIS2_PLACEMENT_3D ( 'NONE', #11051, #2934, #1136 ) ;
#333 = DIRECTION ( 'NONE',  ( 1.000000000000000000, -0.000000000000000000, -0.000000000000000000 ) ) ;
#334 = ORIENTED_EDGE ( 'NONE', *, *, #5111, .T. ) ;
#335 = CARTESIAN_POINT ( 'NONE',  ( 5.499999999999998224, -0.7999999999999847233, -20.99999999999990763 ) ) ;
#336 = ORIENTED_EDGE ( 'NONE', *, *, #1552, .F. ) ;
#337 = FACE_BOUND ( 'NONE', #872, .T. ) ;
#338 = CIRCLE ( 'NONE', #7516, 3.499999999999999556 ) ;
#339 = ORIENTED_EDGE ( 'NONE', *, *, #301, .T. ) ;
#340 = LINE ( 'NONE', #11256, #877 ) ;
#341 = VECTOR ( 'NONE', #1446, 1000.000000000000000 ) ;
#342 = ORIENTED_EDGE ( 'NONE', *, *, #8676, .T. ) ;
#343 = CARTESIAN_POINT ( 'NONE',  ( 0.000000000000000000, -0.9999999999999997780, -1.869518839163146984 ) ) ;
#344 = UNCERTAINTY_MEASURE_WITH_UNIT (LENGTH_MEASURE( 1.000000000000000082E-05 ), #2958, 'distance_accuracy_value', 'NONE');
#345 = CARTESIAN_POINT ( 'NONE',  ( -0.5560518688116490305, -0.5176555429708573630, -0.7092725651034397227 ) ) ;
#346 =( NAMED_UNIT ( * ) PLANE_ANGLE_UNIT ( ) SI_UNIT ( $, .RADIAN. ) );
#347 = DIRECTION ( 'NONE',  ( 0.000000000000000000, 0.8660254037844407060, -0.4999999999999963918 ) ) ;
#348 = DIRECTION ( 'NONE',  ( 0.000000000000000000, 0.000000000000000000, -1.000000000000000000 ) ) ;
#349 = CARTESIAN_POINT ( 'NONE',  ( -2.000000000000000000, -1.154700538379254349, -0.1786327949540832127 ) ) ;
#350 = AXIS2_PLACEMENT_3D ( 'NONE', #9074, #2559, #6187 ) ;
#351 = ORIENTED_EDGE ( 'NONE', *, *, #4313, .F. ) ;
#352 = DIRECTION ( 'NONE',  ( -1.000000000000000000, -0.000000000000000000, -0.000000000000000000 ) ) ;
#353 = ORIENTED_EDGE ( 'NONE', *, *, #6700, .T. ) ;
#354 = DIRECTION ( 'NONE',  ( 0.000000000000000000, 0.000000000000000000, 1.000000000000000000 ) ) ;
#355 = ORIENTED_EDGE ( 'NONE', *, *, #9518, .F. ) ;
#356 = ORIENTED_EDGE ( 'NONE', *, *, #9809, .F. ) ;
#358 = AXIS2_PLACEMENT_3D ( 'NONE', #7535, #11148, #6648 ) ;
#357 = CARTESIAN_POINT ( 'NONE',  ( 1.500000000000000000, 3.061616997868383141E-16, -2.500000000000000000 ) ) ;
#359 = CARTESIAN_POINT ( 'NONE',  ( 0.000000000000000000, 0.000000000000000000, 0.000000000000000000 ) ) ;
#360 = CARTESIAN_POINT ( 'NONE',  ( -1.000000000000000000, 9.629649721936179265E-32, -1.469518839163146406 ) ) ;
#361 = DIRECTION ( 'NONE',  ( 0.5000000000000003331, -0.8660254037844385966, 0.000000000000000000 ) ) ;
#362 = ORIENTED_EDGE ( 'NONE', *, *, #8938, .F. ) ;
#363 = EDGE_CURVE ( 'NONE', #7716, #1392, #2946, .T. ) ;
#364 = DIRECTION ( 'NONE',  ( 1.000000000000000000, 0.000000000000000000, 0.000000000000000000 ) ) ;
#365 = B_SPLINE_CURVE_WITH_KNOTS ( 'NONE', 3,
 ( #3267, #6890, #10492, #1485 ),
 .UNSPECIFIED., .F., .F.,
 ( 4, 4 ),
 ( 9.235562132690490326E-05, 0.0002456012378765414579 ),
 .UNSPECIFIED. ) ;
#366 = ORIENTED_EDGE ( 'NONE', *, *, #6868, .T. ) ;
#367 = ITEM_DEFINED_TRANSFORMATION ( 'NONE', 'NONE', #8902,  #4873 ) ;
#368 = CARTESIAN_POINT ( 'NONE',  ( 0.000000000000000000, 0.000000000000000000, 0.000000000000000000 ) ) ;
#369 = CARTESIAN_POINT ( 'NONE',  ( 1.169735307079673214, 1.634054082335443692, 1.229256564702802973E-15 ) ) ;
#370 = ORIENTED_EDGE ( 'NONE', *, *, #8514, .T. ) ;
#371 = DIRECTION ( 'NONE',  ( 0.000000000000000000, -1.224649721909276639E-16, 1.000000000000000000 ) ) ;
#372 = CARTESIAN_POINT ( 'NONE',  ( 0.000000000000000000, 2.309401076758504701, -0.1786327949540832127 ) ) ;
#373 = EDGE_CURVE ( 'NONE', #5985, #321, #2349, .T. ) ;
#374 = EDGE_CURVE ( 'NONE', #9271, #7321, #4553, .T. ) ;
#375 = CARTESIAN_POINT ( 'NONE',  ( 0.000000000000000000, 9.199999999999999289, -14.50000000000000178 ) ) ;
#376 = ORIENTED_EDGE ( 'NONE', *, *, #3247, .F. ) ;
#377 = AXIS2_PLACEMENT_3D ( 'NONE', #11361, #9763, #6033 ) ;
#378 = EDGE_CURVE ( 'NONE', #4346, #7347, #10671, .T. ) ;
#379 = LINE ( 'NONE', #10344, #4041 ) ;
#380 = ORIENTED_EDGE ( 'NONE', *, *, #3870, .T. ) ;
#381 = LINE ( 'NONE', #4008, #888 ) ;
#382 = ORIENTED_EDGE ( 'NONE', *, *, #11028, .T. ) ;
#383 = AXIS2_PLACEMENT_3D ( 'NONE', #5561, #3010, #2002 ) ;
#384 = PRODUCT ( 'Maxon_DCX8M', 'Maxon_DCX8M', '', ( #7314 ) ) ;
#385 = DIRECTION ( 'NONE',  ( 4.718075014243390737E-16, -0.9229626196295621643, -0.3848895981532056143 ) ) ;
#386 = LINE ( 'NONE', #2944, #5614 ) ;
#387 = CARTESIAN_POINT ( 'NONE',  ( 1.000000000000000000, 3.673940397442060361E-16, 3.000000000000000444 ) ) ;
#388 = DIRECTION ( 'NONE',  ( 1.000000000000000000, 0.000000000000000000, 0.000000000000000000 ) ) ;
#389 = PRODUCT_DEFINITION_FORMATION_WITH_SPECIFIED_SOURCE ( 'ANY', '', #11079, .NOT_KNOWN. ) ;
#390 = DIRECTION ( 'NONE',  ( 0.000000000000000000, -0.000000000000000000, 1.000000000000000000 ) ) ;
#391 = VERTEX_POINT ( 'NONE', #1880 ) ;
#392 = DIRECTION ( 'NONE',  ( 0.000000000000000000, 1.000000000000000000, 0.000000000000000000 ) ) ;
#393 = AXIS2_PLACEMENT_3D ( 'NONE', #8180, #284, #9193 ) ;
#394 = EDGE_CURVE ( 'NONE', #5100, #4689, #3867, .T. ) ;
#395 = ORIENTED_EDGE ( 'NONE', *, *, #4671, .T. ) ;
#396 = EDGE_CURVE ( 'NONE', #10221, #1633, #11138, .T. ) ;
#397 = CYLINDRICAL_SURFACE ( 'NONE', #5197, 4.000000000000000000 ) ;
#398 = ORIENTED_EDGE ( 'NONE', *, *, #821, .F. ) ;
#399 = B_SPLINE_CURVE_WITH_KNOTS ( 'NONE', 3,
 ( #5999, #4921, #6709, #7592, #8599, #1353 ),
 .UNSPECIFIED., .F., .F.,
 ( 4, 2, 4 ),
 ( 0.002060137505873420923, 0.002644210467598553330, 0.003228283429323685737 ),
 .UNSPECIFIED. ) ;
#400 = CARTESIAN_POINT ( 'NONE',  ( -2.000000000000001776, -0.7999999999999864997, -2.999999999999891642 ) ) ;
#401 = ORIENTED_EDGE ( 'NONE', *, *, #7791, .T. ) ;
#402 =( NAMED_UNIT ( * ) PLANE_ANGLE_UNIT ( ) SI_UNIT ( $, .RADIAN. ) );
#403 = CARTESIAN_POINT ( 'NONE',  ( 4.099999999999999645, 0.000000000000000000, 0.3999999999999987454 ) ) ;
#404 = AXIS2_PLACEMENT_3D ( 'NONE', #7027, #1683, #4179 ) ;
#405 =( LENGTH_UNIT ( ) NAMED_UNIT ( * ) SI_UNIT ( .MILLI., .METRE. ) );
#406 = CARTESIAN_POINT ( 'NONE',  ( 1.000000000000000000, 1.224646799147354933E-16, -3.469518839163146406 ) ) ;
#407 = CARTESIAN_POINT ( 'NONE',  ( -4.000000000000001776, 0.8999999999999995781, -19.84529946162065173 ) ) ;
#408 = DIRECTION ( 'NONE',  ( -0.000000000000000000, -1.000000000000000000, -0.000000000000000000 ) ) ;
#409 = CARTESIAN_POINT ( 'NONE',  ( -1.836821824868181352, -1.248911501717480332, -0.1242400699092116589 ) ) ;
#410 = EDGE_LOOP ( 'NONE', ( #11430, #10181 ) ) ;
#411 = CARTESIAN_POINT ( 'NONE',  ( -1.169735307079674547, -1.634054082335445690, -1.276902167985857268E-16 ) ) ;
#412 = ORIENTED_EDGE ( 'NONE', *, *, #2635, .T. ) ;
#413 = FACE_OUTER_BOUND ( 'NONE', #8157, .T. ) ;
#414 = AXIS2_PLACEMENT_3D ( 'NONE', #7945, #11679, #7173 ) ;
#415 = ORIENTED_EDGE ( 'NONE', *, *, #8775, .T. ) ;
#416 = ORIENTED_EDGE ( 'NONE', *, *, #4949, .F. ) ;
#417 = FACE_OUTER_BOUND ( 'NONE', #4565, .T. ) ;
#418 = FACE_OUTER_BOUND ( 'NONE', #8393, .T. ) ;
#419 = CARTESIAN_POINT ( 'NONE',  ( 8.500000000000000000, 2.500000000000000000, -18.00000000000000355 ) ) ;
#420 = DIRECTION ( 'NONE',  ( -1.000000000000000000, 0.000000000000000000, 0.000000000000000000 ) ) ;
#421 = VERTEX_POINT ( 'NONE', #8285 ) ;
#422 = CARTESIAN_POINT ( 'NONE',  ( 0.000000000000000000, 0.000000000000000000, -0.1540456584061371259 ) ) ;
#423 = EDGE_CURVE ( 'NONE', #2686, #10478, #10490, .T. ) ;
#424 = DIRECTION ( 'NONE',  ( -1.000000000000000000, 0.000000000000000000, 0.000000000000000000 ) ) ;
#425 = ORIENTED_EDGE ( 'NONE', *, *, #11573, .F. ) ;
#426 = CONTEXT_DEPENDENT_SHAPE_REPRESENTATION ( #10208, #11 ) ;
#427 = CARTESIAN_POINT ( 'NONE',  ( -0.9526279441628807687, 0.5500000000000003775, -1.600000000000000089 ) ) ;
#428 = EDGE_LOOP ( 'NONE', ( #3230, #7329 ) ) ;
#429 = DIRECTION ( 'NONE',  ( -0.000000000000000000, 0.000000000000000000, -1.000000000000000000 ) ) ;
#430 = AXIS2_PLACEMENT_3D ( 'NONE', #11160, #3753, #4639 ) ;
#431 = CARTESIAN_POINT ( 'NONE',  ( -1.340742937416024905, 1.535322780927271813, 8.545038780570239278E-16 ) ) ;
#432 = VECTOR ( 'NONE', #11353, 1000.000000000000000 ) ;
#433 = DIRECTION ( 'NONE',  ( 1.000000000000000000, 0.000000000000000000, 0.000000000000000000 ) ) ;
#434 = ORIENTED_EDGE ( 'NONE', *, *, #2992, .T. ) ;
#435 = CARTESIAN_POINT ( 'NONE',  ( 2.000000000000000000, 0.3931374000439454286, -1.582763861186367027 ) ) ;
#436 = AXIS2_PLACEMENT_3D ( 'NONE', #11399, #6134, #11644 ) ;
#437 = EDGE_LOOP ( 'NONE', ( #11024, #3248, #5338 ) ) ;
#438 = EDGE_CURVE ( 'NONE', #3585, #9208, #9531, .T. ) ;
#439 = AXIS2_PLACEMENT_3D ( 'NONE', #7240, #1676, #6415 ) ;
#440 = FACE_OUTER_BOUND ( 'NONE', #4021, .T. ) ;
#441 = ORIENTED_EDGE ( 'NONE', *, *, #3111, .T. ) ;
#442 = DIRECTION ( 'NONE',  ( -1.000000000000000000, -1.753162518385025036E-16, -9.365873361625324698E-16 ) ) ;
#443 = DIRECTION ( 'NONE',  ( 1.000000000000000000, 0.000000000000000000, 0.000000000000000000 ) ) ;
#444 = FACE_OUTER_BOUND ( 'NONE', #8060, .T. ) ;
#445 = VECTOR ( 'NONE', #2880, 1000.000000000000114 ) ;
#446 = PRODUCT_DEFINITION_CONTEXT ( 'detailed design', #7480, 'design' ) ;
#447 = FACE_OUTER_BOUND ( 'NONE', #2093, .T. ) ;
#448 = FACE_OUTER_BOUND ( 'NONE', #10717, .T. ) ;
#449 = CIRCLE ( 'NONE', #4431, 1.500000000000001332 ) ;
#450 = ORIENTED_EDGE ( 'NONE', *, *, #7624, .F. ) ;
#451 = DIRECTION ( 'NONE',  ( 1.000000000000000000, 0.000000000000000000, 0.000000000000000000 ) ) ;
#452 = ORIENTED_EDGE ( 'NONE', *, *, #6846, .F. ) ;
#453 = PLANE ( 'NONE',  #38 ) ;
#454 = EDGE_LOOP ( 'NONE', ( #9940, #3309, #1742, #9450, #11163 ) ) ;
#455 = ADVANCED_FACE ( 'NONE', ( #1396, #444 ), #11180, .T. ) ;
#456 = DIRECTION ( 'NONE',  ( 0.000000000000000000, 0.000000000000000000, -1.000000000000000000 ) ) ;
#457 = VECTOR ( 'NONE', #1095, 1000.000000000000000 ) ;
#458 = ORIENTED_EDGE ( 'NONE', *, *, #4793, .F. ) ;
#459 = AXIS2_PLACEMENT_3D ( 'NONE', #1219, #2067, #10064 ) ;
#460 = CARTESIAN_POINT ( 'NONE',  ( -0.9526279441628808797, -0.5499999999999999334, -1.600000000000000089 ) ) ;
#461 = FACE_OUTER_BOUND ( 'NONE', #10413, .T. ) ;
#462 = EDGE_CURVE ( 'NONE', #2796, #9896, #3007, .T. ) ;
#463 = CARTESIAN_POINT ( 'NONE',  ( -2.000000000000000000, 1.154700538379251240, -0.1786327949540822413 ) ) ;
#464 = ADVANCED_FACE ( 'NONE', ( #3899, #11307 ), #10409, .F. ) ;
#465 = LINE ( 'NONE', #580, #1348 ) ;
#466 = LINE ( 'NONE', #10368, #2492 ) ;
#467 = EDGE_LOOP ( 'NONE', ( #10955, #8970 ) ) ;
#468 = AXIS2_PLACEMENT_3D ( 'NONE', #6954, #650, #6008 ) ;
#469 = LINE ( 'NONE', #5042, #4902 ) ;
#470 = ORIENTED_EDGE ( 'NONE', *, *, #8676, .F. ) ;
#471 = DIRECTION ( 'NONE',  ( 0.000000000000000000, 1.000000000000000000, 0.000000000000000000 ) ) ;
#472 = ORIENTED_EDGE ( 'NONE', *, *, #7970, .F. ) ;
#473 = VERTEX_POINT ( 'NONE', #4775 ) ;
#474 = ADVANCED_BREP_SHAPE_REPRESENTATION ( '', ( #1779, #4873 ), #6782 ) ;
#475 = FILL_AREA_STYLE ('',( #11213 ) ) ;
#476 = DIRECTION ( 'NONE',  ( 0.8660254037844384856, 0.5000000000000002220, 0.000000000000000000 ) ) ;
#477 = VECTOR ( 'NONE', #11496, 1000.000000000000000 ) ;
#478 = EDGE_CURVE ( 'NONE', #2594, #2814, #53, .T. ) ;
#479 = CARTESIAN_POINT ( 'NONE',  ( 2.099999999999999645, 2.821690854684141936, -0.4999999999999991673 ) ) ;
#480 = LINE ( 'NONE', #7780, #2152 ) ;
#481 = EDGE_LOOP ( 'NONE', ( #11153, #3160, #10634, #6650 ) ) ;
#482 = FACE_OUTER_BOUND ( 'NONE', #3424, .T. ) ;
#483 = CIRCLE ( 'NONE', #9198, 2.500000000000002220 ) ;
#484 = SURFACE_SIDE_STYLE ('',( #5110 ) ) ;
#485 = AXIS2_PLACEMENT_3D ( 'NONE', #5073, #8635, #681 ) ;
#486 = PRODUCT_DEFINITION_SHAPE ( 'NONE', 'NONE',  #124 ) ;
#487 = CYLINDRICAL_SURFACE ( 'NONE', #9148, 1.500000000000001332 ) ;
#488 = EDGE_LOOP ( 'NONE', ( #5916, #11585, #7414, #2230 ) ) ;
#489 = CONTEXT_DEPENDENT_SHAPE_REPRESENTATION ( #11273, #7979 ) ;
#490 = LINE ( 'NONE', #10508, #9789 ) ;
#491 = CARTESIAN_POINT ( 'NONE',  ( -2.000000000000000000, 0.8999999999999995781, -19.89999999999990976 ) ) ;
#492 = PRODUCT_RELATED_PRODUCT_CATEGORY ( 'part', '', ( #1996 ) ) ;
#493 = CONICAL_SURFACE ( 'NONE', #290, 2.000000000000000000, 1.047197551196596299 ) ;
#494 = EDGE_LOOP ( 'NONE', ( #9930, #3523, #7152, #865 ) ) ;
#495 = DIRECTION ( 'NONE',  ( -1.000000000000000000, 0.000000000000000000, 0.000000000000000000 ) ) ;
#496 = DIRECTION ( 'NONE',  ( 0.000000000000000000, 0.000000000000000000, -1.000000000000000000 ) ) ;
#497 = DIRECTION ( 'NONE',  ( -0.000000000000000000, 0.000000000000000000, 1.000000000000000000 ) ) ;
#498 = ORIENTED_EDGE ( 'NONE', *, *, #3739, .F. ) ;
#499 =( GEOMETRIC_REPRESENTATION_CONTEXT ( 3 ) GLOBAL_UNCERTAINTY_ASSIGNED_CONTEXT ( ( #9258 ) ) GLOBAL_UNIT_ASSIGNED_CONTEXT ( ( #1314, #2218, #10448 ) ) REPRESENTATION_CONTEXT ( 'NONE', 'WORKASPACE' ) );
#500 = AXIS2_PLACEMENT_3D ( 'NONE', #10396, #1560, #665 ) ;
#501 = ORIENTED_EDGE ( 'NONE', *, *, #7425, .F. ) ;
#502 = CARTESIAN_POINT ( 'NONE',  ( 2.099999999999999645, 2.971690854684141847, -0.4999999999999991673 ) ) ;
#503 = ORIENTED_EDGE ( 'NONE', *, *, #231, .F. ) ;
#504 = CARTESIAN_POINT ( 'NONE',  ( 0.1420668001776681788, 0.8093834734528496666, -0.6723905438247465005 ) ) ;
#505 = DIRECTION ( 'NONE',  ( -1.000000000000000000, 0.000000000000000000, 0.000000000000000000 ) ) ;
#506 = DIRECTION ( 'NONE',  ( 0.000000000000000000, -0.000000000000000000, 1.000000000000000000 ) ) ;
#507 = CARTESIAN_POINT ( 'NONE',  ( -8.000000000000000000, 17.00000000000000000, -14.23219574315701408 ) ) ;
#508 = AXIS2_PLACEMENT_3D ( 'NONE', #4130, #2344, #7746 ) ;
#509 = AXIS2_PLACEMENT_3D ( 'NONE', #2980, #10206, #2087 ) ;
#510 = ORIENTED_EDGE ( 'NONE', *, *, #2862, .T. ) ;
#511 = LINE ( 'NONE', #3969, #7431 ) ;
#512 = ORIENTED_EDGE ( 'NONE', *, *, #6194, .F. ) ;
#513 = DIRECTION ( 'NONE',  ( -1.000000000000000000, -0.000000000000000000, -0.000000000000000000 ) ) ;
#514 = ORIENTED_EDGE ( 'NONE', *, *, #5099, .F. ) ;
#515 = DIRECTION ( 'NONE',  ( 0.8660254037844385966, 0.5000000000000000000, 0.000000000000000000 ) ) ;
#516 = VECTOR ( 'NONE', #11080, 1000.000000000000000 ) ;
#517 = VERTEX_POINT ( 'NONE', #6567 ) ;
#518 = CARTESIAN_POINT ( 'NONE',  ( 0.3277177810063109376, -2.120193127676285538, -0.07933779981236312173 ) ) ;
#519 = CARTESIAN_POINT ( 'NONE',  ( 0.000000000000000000, 0.000000000000000000, 0.000000000000000000 ) ) ;
#520 = CARTESIAN_POINT ( 'NONE',  ( 5.499999999999998224, 0.3000000000000172529, -22.09999999999990550 ) ) ;
#521 = CARTESIAN_POINT ( 'NONE',  ( -1.672282218993687675, -1.343908487461474177, -0.07933779981236170620 ) ) ;
#522 = EDGE_CURVE ( 'NONE', #3050, #5100, #3187, .T. ) ;
#523 = EDGE_CURVE ( 'NONE', #1877, #2796, #7091, .T. ) ;
#524 = AXIS2_PLACEMENT_3D ( 'NONE', #4564, #7400, #9063 ) ;
#525 = VERTEX_POINT ( 'NONE', #5920 ) ;
#526 = CARTESIAN_POINT ( 'NONE',  ( -4.000000000000003553, 0.9000000000000003553, -4.154700538379143993 ) ) ;
#527 = EDGE_CURVE ( 'NONE', #6593, #9312, #1965, .T. ) ;
#528 = ORIENTED_EDGE ( 'NONE', *, *, #977, .F. ) ;
#529 = CIRCLE ( 'NONE', #8678, 0.3062499999999996891 ) ;
#530 = DIRECTION ( 'NONE',  ( 0.000000000000000000, 0.000000000000000000, -1.000000000000000000 ) ) ;
#531 = ADVANCED_FACE ( 'NONE', ( #9471 ), #10857, .T. ) ;
#532 = ORIENTED_EDGE ( 'NONE', *, *, #6766, .T. ) ;
#533 = EDGE_CURVE ( 'NONE', #9571, #3167, #4239, .T. ) ;
#534 = EDGE_LOOP ( 'NONE', ( #2851, #2517, #10209, #4066 ) ) ;
#535 = FILL_AREA_STYLE_COLOUR ( '', #6216 ) ;
#536 = CARTESIAN_POINT ( 'NONE',  ( 0.000000000000000000, 4.738805170303855086E-16, -3.869518839163146762 ) ) ;
#537 = CIRCLE ( 'NONE', #7177, 1.999999999999999556 ) ;
#538 = CARTESIAN_POINT ( 'NONE',  ( 0.000000000000000000, 0.000000000000000000, 0.000000000000000000 ) ) ;
#539 = FACE_OUTER_BOUND ( 'NONE', #9476, .T. ) ;
#540 = ORIENTED_EDGE ( 'NONE', *, *, #10587, .T. ) ;
#541 = DIRECTION ( 'NONE',  ( -1.000000000000000000, 0.000000000000000000, 0.000000000000000000 ) ) ;
#542 = DIRECTION ( 'NONE',  ( 0.000000000000000000, 1.000000000000000000, 0.000000000000000000 ) ) ;
#543 = EDGE_CURVE ( 'NONE', #1633, #3421, #6724, .T. ) ;
#544 = EDGE_CURVE ( 'NONE', #1772, #6413, #1599, .T. ) ;
#545 = AXIS2_PLACEMENT_3D ( 'NONE', #1829, #4724, #1043 ) ;
#546 = CARTESIAN_POINT ( 'NONE',  ( 2.500000000000000000, 9.199999999999999289, -16.00000000000000000 ) ) ;
#547 = ORIENTED_EDGE ( 'NONE', *, *, #4915, .F. ) ;
#548 = CONTEXT_DEPENDENT_SHAPE_REPRESENTATION ( #5132, #8731 ) ;
#549 = CARTESIAN_POINT ( 'NONE',  ( -16.00000000000000000, 0.000000000000000000, 0.000000000000000000 ) ) ;
#550 = DIRECTION ( 'NONE',  ( -0.000000000000000000, 1.224649721909276639E-16, -1.000000000000000000 ) ) ;
#551 = ORIENTED_EDGE ( 'NONE', *, *, #2176, .F. ) ;
#552 = LINE ( 'NONE', #1507, #9212 ) ;
#553 = DIRECTION ( 'NONE',  ( 0.000000000000000000, 0.000000000000000000, 1.000000000000000000 ) ) ;
#554 = CARTESIAN_POINT ( 'NONE',  ( 0.000000000000000000, 4.738805170303855086E-16, -2.669518839163146584 ) ) ;
#555 = ORIENTED_EDGE ( 'NONE', *, *, #5177, .T. ) ;
#556 = VERTEX_POINT ( 'NONE', #3964 ) ;
#557 = FACE_OUTER_BOUND ( 'NONE', #11474, .T. ) ;
#558 = EDGE_LOOP ( 'NONE', ( #4672, #8064 ) ) ;
#559 = DIRECTION ( 'NONE',  ( 0.000000000000000000, -0.1573652956354999743, -0.9875404618189330685 ) ) ;
#560 = CARTESIAN_POINT ( 'NONE',  ( 0.1702769162167659112, 0.7403828156981310249, -0.7092725651034382794 ) ) ;
#561 = B_SPLINE_CURVE_WITH_KNOTS ( 'NONE', 3,
 ( #463, #4093, #3081, #11322 ),
 .UNSPECIFIED., .F., .F.,
 ( 4, 4 ),
 ( 2.380749485071512786E-07, 0.001168606431211099582 ),
 .UNSPECIFIED. ) ;
#562 = DIRECTION ( 'NONE',  ( -1.000000000000000000, 0.000000000000000000, 0.000000000000000000 ) ) ;
#563 = CARTESIAN_POINT ( 'NONE',  ( 0.000000000000000000, 2.309401076758504701, -0.1786327949540832127 ) ) ;
#564 = SURFACE_SIDE_STYLE ('',( #9703 ) ) ;
#565 = AXIS2_PLACEMENT_3D ( 'NONE', #6923, #8693, #736 ) ;
#566 = VERTEX_POINT ( 'NONE', #7750 ) ;
#567 = CARTESIAN_POINT ( 'NONE',  ( 0.000000000000000000, 0.000000000000000000, 0.000000000000000000 ) ) ;
#568 = VERTEX_POINT ( 'NONE', #10173 ) ;
#569 = CARTESIAN_POINT ( 'NONE',  ( -1.836821824868181352, -1.248911501717480332, -0.1242400699092116589 ) ) ;
#570 = B_SPLINE_CURVE_WITH_KNOTS ( 'NONE', 3,
 ( #9920, #4473, #8086, #11706 ),
 .UNSPECIFIED., .F., .F.,
 ( 4, 4 ),
 ( 2.380749485120318031E-07, 0.001168606431211104352 ),
 .UNSPECIFIED. ) ;
#571 = ORIENTED_EDGE ( 'NONE', *, *, #2176, .T. ) ;
#572 = CARTESIAN_POINT ( 'NONE',  ( -0.6302730391922004571, 0.000000000000000000, 0.000000000000000000 ) ) ;
#573 = ORIENTED_EDGE ( 'NONE', *, *, #8008, .T. ) ;
#574 = ORIENTED_EDGE ( 'NONE', *, *, #4227, .T. ) ;
#575 = SURFACE_STYLE_USAGE ( .BOTH. , #8706 ) ;
#576 = CARTESIAN_POINT ( 'NONE',  ( -1.000000000000001776, -1.732050807568876527, -1.600000000000000089 ) ) ;
#577 = EDGE_CURVE ( 'NONE', #5820, #1539, #62, .T. ) ;
#578 = DIRECTION ( 'NONE',  ( 1.000000000000000000, 0.000000000000000000, 0.000000000000000000 ) ) ;
#579 = CARTESIAN_POINT ( 'NONE',  ( 1.500000000000000000, 9.199999999999999289, -18.50000000000000355 ) ) ;
#580 = CARTESIAN_POINT ( 'NONE',  ( 0.7812177826491106813, 0.3500000000000013656, -500000.0000000000582 ) ) ;
#581 = AXIS2_PLACEMENT_3D ( 'NONE', #9846, #1726, #4459 ) ;
#582 = ORIENTED_EDGE ( 'NONE', *, *, #5266, .F. ) ;
#583 = CARTESIAN_POINT ( 'NONE',  ( -1.672282218993687675, -1.343908487461474177, -0.07933779981236170620 ) ) ;
#584 = ORIENTED_EDGE ( 'NONE', *, *, #10006, .F. ) ;
#585 = CARTESIAN_POINT ( 'NONE',  ( 11.50000000000000000, 7.500000000000000000, -6.116139535669825378 ) ) ;
#586 = EDGE_LOOP ( 'NONE', ( #9091, #5512 ) ) ;
#587 = VERTEX_POINT ( 'NONE', #10286 ) ;
#588 = VECTOR ( 'NONE', #3027, 1000.000000000000000 ) ;
#589 = ADVANCED_FACE ( 'NONE', ( #2172 ), #5800, .F. ) ;
#590 = DIRECTION ( 'NONE',  ( 0.000000000000000000, 1.000000000000000000, 0.000000000000000000 ) ) ;
#591 = DIRECTION ( 'NONE',  ( 0.8660254037844381525, -0.5000000000000007772, 0.000000000000000000 ) ) ;
#592 = ADVANCED_FACE ( 'NONE', ( #4903 ), #8520, .T. ) ;
#593 = CARTESIAN_POINT ( 'NONE',  ( 0.000000000000000000, 0.000000000000000000, -1.600000000000000089 ) ) ;
#594 = ORIENTED_EDGE ( 'NONE', *, *, #7856, .T. ) ;
#595 = DIRECTION ( 'NONE',  ( -0.000000000000000000, -0.000000000000000000, 1.000000000000000000 ) ) ;
#596 = VECTOR ( 'NONE', #2742, 999.9999999999998863 ) ;
#597 = ADVANCED_FACE ( 'NONE', ( #682 ), #2161, .T. ) ;
#598 = CARTESIAN_POINT ( 'NONE',  ( 0.000000000000000000, 2.388061258337338643E-16, -1.949999999999999734 ) ) ;
#599 = VERTEX_POINT ( 'NONE', #5074 ) ;
#600 = CARTESIAN_POINT ( 'NONE',  ( -0.7063323362395722560, -0.4078011644652549395, -0.1291166393111727595 ) ) ;
#601 = DIRECTION ( 'NONE',  ( 0.000000000000000000, 0.000000000000000000, 1.000000000000000000 ) ) ;
#602 = ORIENTED_EDGE ( 'NONE', *, *, #6268, .T. ) ;
#603 = LINE ( 'NONE', #11529, #6764 ) ;
#605 = EDGE_CURVE ( 'NONE', #5700, #765, #1693, .T. ) ;
#604 = FACE_OUTER_BOUND ( 'NONE', #5925, .T. ) ;
#606 = EDGE_CURVE ( 'NONE', #1555, #1633, #9715, .T. ) ;
#607 = CARTESIAN_POINT ( 'NONE',  ( -2.000000000000000000, -0.1951254011572752800, -1.600000000000000089 ) ) ;
#608 = EDGE_LOOP ( 'NONE', ( #8532, #1279, #222, #10091 ) ) ;
#609 = CIRCLE ( 'NONE', #2325, 1.999999999999999556 ) ;
#610 = VERTEX_POINT ( 'NONE', #4248 ) ;
#611 = CARTESIAN_POINT ( 'NONE',  ( 0.1631781751318165108, -2.215190113420280937, -1.475759930090786654 ) ) ;
#612 = ORIENTED_EDGE ( 'NONE', *, *, #8182, .F. ) ;
#613 = DIRECTION ( 'NONE',  ( 0.000000000000000000, -1.000000000000000000, 6.123233995736766036E-17 ) ) ;
#614 = VECTOR ( 'NONE', #11230, 1000.000000000000227 ) ;
#615 = AXIS2_PLACEMENT_3D ( 'NONE', #335, #2240, #7634 ) ;
#616 = FACE_OUTER_BOUND ( 'NONE', #9622, .T. ) ;
#617 = CARTESIAN_POINT ( 'NONE',  ( 2.099999999999999645, -2.971690854684141847, 0.4999999999999991673 ) ) ;
#618 = LINE ( 'NONE', #2350, #3877 ) ;
#619 = DIRECTION ( 'NONE',  ( 0.000000000000000000, 0.000000000000000000, 1.000000000000000000 ) ) ;
#620 = ADVANCED_FACE ( 'NONE', ( #10697 ), #2523, .F. ) ;
#621 = DIRECTION ( 'NONE',  ( -0.000000000000000000, 1.224649721909276639E-16, -1.000000000000000000 ) ) ;
#622 = EDGE_LOOP ( 'NONE', ( #8362, #10125, #6368, #4476 ) ) ;
#623 = DIRECTION ( 'NONE',  ( -0.8660254037844381525, 0.5000000000000007772, 0.000000000000000000 ) ) ;
#624 = AXIS2_PLACEMENT_3D ( 'NONE', #5492, #4654, #7380 ) ;
#625 = AXIS2_PLACEMENT_3D ( 'NONE', #5905, #8507, #3115 ) ;
#626 = EDGE_LOOP ( 'NONE', ( #7756, #9414, #10434, #2246 ) ) ;
#627 = CARTESIAN_POINT ( 'NONE',  ( -1.999999999999999556, -0.8000000000000211386, -18.79999999999990834 ) ) ;
#628 = ORIENTED_EDGE ( 'NONE', *, *, #175, .F. ) ;
#629 = DIRECTION ( 'NONE',  ( -1.000000000000000000, 0.000000000000000000, 0.000000000000000000 ) ) ;
#630 = ORIENTED_EDGE ( 'NONE', *, *, #5612, .T. ) ;
#631 = AXIS2_PLACEMENT_3D ( 'NONE', #7513, #4957, #7692 ) ;
#632 = LINE ( 'NONE', #7883, #477 ) ;
#633 = CARTESIAN_POINT ( 'NONE',  ( -0.6607522599941050290, 1.927915581583253601, -0.01710519872702210772 ) ) ;
#634 = AXIS2_PLACEMENT_3D ( 'NONE', #11347, #3772, #3828 ) ;
#635 = DIRECTION ( 'NONE',  ( 1.000000000000000000, 0.000000000000000000, 0.000000000000000000 ) ) ;
#636 = CARTESIAN_POINT ( 'NONE',  ( 2.099999999999999645, -4.001000000000000334, 0.4999999999999991673 ) ) ;
#637 = AXIS2_PLACEMENT_3D ( 'NONE', #10254, #2972, #6651 ) ;
#638 = EDGE_CURVE ( 'NONE', #6503, #5818, #7435, .T. ) ;
#639 = VECTOR ( 'NONE', #10192, 1000.000000000000000 ) ;
#640 = FACE_OUTER_BOUND ( 'NONE', #8314, .T. ) ;
#641 = ORIENTED_EDGE ( 'NONE', *, *, #4400, .T. ) ;
#642 = DIRECTION ( 'NONE',  ( -0.000000000000000000, 1.224649721909276639E-16, -1.000000000000000000 ) ) ;
#643 = AXIS2_PLACEMENT_3D ( 'NONE', #6750, #10351, #10524 ) ;
#644 = VERTEX_POINT ( 'NONE', #4366 ) ;
#645 = DIRECTION ( 'NONE',  ( -0.000000000000000000, -1.000000000000000000, -0.000000000000000000 ) ) ;
#646 = EDGE_CURVE ( 'NONE', #4911, #5707, #5363, .T. ) ;
#647 = ORIENTED_EDGE ( 'NONE', *, *, #5754, .T. ) ;
#648 = AXIS2_PLACEMENT_3D ( 'NONE', #7003, #8993, #759 ) ;
#649 = ORIENTED_EDGE ( 'NONE', *, *, #9744, .F. ) ;
#650 = DIRECTION ( 'NONE',  ( 1.000000000000000000, 0.000000000000000000, 0.000000000000000000 ) ) ;
#651 = CARTESIAN_POINT ( 'NONE',  ( 2.000000000000000000, 1.154700538379254349, -0.1786327949540832127 ) ) ;
#652 = AXIS2_PLACEMENT_3D ( 'NONE', #856, #9873, #1694 ) ;
#653 = CARTESIAN_POINT ( 'NONE',  ( 0.000000000000000000, -0.9999999999999995559, -3.069518839163146939 ) ) ;
#654 = LINE ( 'NONE', #11635, #9683 ) ;
#655 = VERTEX_POINT ( 'NONE', #4424 ) ;
#656 = FACE_OUTER_BOUND ( 'NONE', #8501, .T. ) ;
#657 = DIRECTION ( 'NONE',  ( 1.000000000000000000, 0.000000000000000000, 0.000000000000000000 ) ) ;
#658 = AXIS2_PLACEMENT_3D ( 'NONE', #5745, #10129, #2127 ) ;
#659 = FACE_OUTER_BOUND ( 'NONE', #1234, .T. ) ;
#660 = ORIENTED_EDGE ( 'NONE', *, *, #3644, .F. ) ;
#661 = CONTEXT_DEPENDENT_SHAPE_REPRESENTATION ( #8847, #9972 ) ;
#662 = CARTESIAN_POINT ( 'NONE',  ( -1.999999999999999556, -0.1951254011572753355, -1.058791184067874808E-17 ) ) ;
#663 = DIRECTION ( 'NONE',  ( -0.000000000000000000, 0.000000000000000000, -1.000000000000000000 ) ) ;
#664 = ORIENTED_EDGE ( 'NONE', *, *, #2274, .T. ) ;
#665 = DIRECTION ( 'NONE',  ( 0.000000000000000000, 0.000000000000000000, 1.000000000000000000 ) ) ;
#666 = DIRECTION ( 'NONE',  ( -1.000000000000000000, 1.776356839400250465E-15, 0.000000000000000000 ) ) ;
#667 = COLOUR_RGB ( '',1.000000000000000000, 0.9490196078431372140, 0.9098039215686274384 ) ;
#668 = UNCERTAINTY_MEASURE_WITH_UNIT (LENGTH_MEASURE( 1.000000000000000082E-05 ), #7220, 'distance_accuracy_value', 'NONE');
#669 = CIRCLE ( 'NONE', #10132, 5.500000000000000000 ) ;
#670 = CARTESIAN_POINT ( 'NONE',  ( -2.000000000000000000, -1.154700538379254349, -1.421367205045916737 ) ) ;
#671 = EDGE_CURVE ( 'NONE', #5707, #9376, #609, .T. ) ;
#672 = B_SPLINE_CURVE_WITH_KNOTS ( 'NONE', 3,
 ( #3475, #858, #7102, #8046 ),
 .UNSPECIFIED., .F., .F.,
 ( 4, 4 ),
 ( 2.380749485086116428E-07, 0.001168606431211100015 ),
 .UNSPECIFIED. ) ;
#673 = EDGE_CURVE ( 'NONE', #2610, #7716, #2894, .T. ) ;
#674 = VERTEX_POINT ( 'NONE', #8922 ) ;
#675 = ORIENTED_EDGE ( 'NONE', *, *, #9890, .T. ) ;
#676 = EDGE_CURVE ( 'NONE', #1342, #5202, #6071, .T. ) ;
#677 = CARTESIAN_POINT ( 'NONE',  ( 5.500000000000000888, 0.000000000000000000, -24.00000000000000000 ) ) ;
#678 = EDGE_CURVE ( 'NONE', #7744, #6848, #10080, .T. ) ;
#679 = VECTOR ( 'NONE', #8574, 1000.000000000000000 ) ;
#680 = ORIENTED_EDGE ( 'NONE', *, *, #4887, .F. ) ;
#681 = DIRECTION ( 'NONE',  ( 0.000000000000000000, 0.000000000000000000, -1.000000000000000000 ) ) ;
#682 = FACE_OUTER_BOUND ( 'NONE', #7300, .T. ) ;
#683 = LINE ( 'NONE', #3190, #263 ) ;
#684 = CARTESIAN_POINT ( 'NONE',  ( -17.30000000000000071, 0.000000000000000000, 0.000000000000000000 ) ) ;
#685 = VERTEX_POINT ( 'NONE', #6093 ) ;
#686 = AXIS2_PLACEMENT_3D ( 'NONE', #2154, #11165, #9151 ) ;
#687 = CONICAL_SURFACE ( 'NONE', #5812, 2.000000000000000000, 1.047197551196595855 ) ;
#688 = CARTESIAN_POINT ( 'NONE',  ( -0.6607522599941050290, 1.927915581583253601, -0.01710519872702210772 ) ) ;
#689 = VERTEX_POINT ( 'NONE', #9594 ) ;
#690 = CARTESIAN_POINT ( 'NONE',  ( 0.000000000000000000, 7.500000000000000000, -6.116139535669825378 ) ) ;
#691 = ORIENTED_EDGE ( 'NONE', *, *, #3452, .F. ) ;
#692 = DIRECTION ( 'NONE',  ( 0.000000000000000000, 1.000000000000000000, 0.000000000000000000 ) ) ;
#693 = ADVANCED_FACE ( 'NONE', ( #795, #9701 ), #8043, .F. ) ;
#694 = ORIENTED_EDGE ( 'NONE', *, *, #1992, .T. ) ;
#695 = SHAPE_REPRESENTATION_RELATIONSHIP ( 'NONE' , 'NONE' ,  #2660, #7829 ) ;
#696 = VECTOR ( 'NONE', #3001, 1000.000000000000000 ) ;
#697 = CARTESIAN_POINT ( 'NONE',  ( 0.000000000000000000, 0.000000000000000000, 0.000000000000000000 ) ) ;
#698 = DIRECTION ( 'NONE',  ( -0.000000000000000000, -1.000000000000000000, -0.000000000000000000 ) ) ;
#699 = COLOUR_RGB ( '',1.000000000000000000, 1.000000000000000000, 1.000000000000000000 ) ;
#700 = DIRECTION ( 'NONE',  ( -1.000000000000000000, 0.000000000000000000, 0.000000000000000000 ) ) ;
#701 = DIRECTION ( 'NONE',  ( 0.000000000000000000, 0.000000000000000000, 1.000000000000000000 ) ) ;
#702 = ORIENTED_EDGE ( 'NONE', *, *, #5308, .T. ) ;
#703 = DIRECTION ( 'NONE',  ( 1.000000000000000000, 0.000000000000000000, 0.000000000000000000 ) ) ;
#704 = ORIENTED_EDGE ( 'NONE', *, *, #933, .F. ) ;
#705 = CYLINDRICAL_SURFACE ( 'NONE', #4241, 4.000000000000000000 ) ;
#706 = AXIS2_PLACEMENT_3D ( 'NONE', #3868, #11092, #6602 ) ;
#707 = VERTEX_POINT ( 'NONE', #10465 ) ;
#708 = PRODUCT_RELATED_PRODUCT_CATEGORY ( 'part', '', ( #9390 ) ) ;
#709 = EDGE_LOOP ( 'NONE', ( #2452, #6118, #8495, #8816 ) ) ;
#710 = FILL_AREA_STYLE ('',( #4276 ) ) ;
#711 = DIRECTION ( 'NONE',  ( 1.000000000000000000, 0.000000000000000000, 0.000000000000000000 ) ) ;
#712 = FACE_OUTER_BOUND ( 'NONE', #973, .T. ) ;
#713 = AXIS2_PLACEMENT_3D ( 'NONE', #3099, #1431, #6725 ) ;
#714 = DIRECTION ( 'NONE',  ( -1.000000000000000000, 0.000000000000000000, 0.000000000000000000 ) ) ;
#715 = DIRECTION ( 'NONE',  ( -1.000000000000000000, -0.000000000000000000, -0.000000000000000000 ) ) ;
#716 = VECTOR ( 'NONE', #6801, 1000.000000000000000 ) ;
#717 = ORIENTED_EDGE ( 'NONE', *, *, #1718, .F. ) ;
#718 = CARTESIAN_POINT ( 'NONE',  ( 3.500000000000000000, 2.500000000000000000, -24.00000000000000000 ) ) ;
#719 = DIRECTION ( 'NONE',  ( 1.000000000000000000, 0.000000000000000000, 0.000000000000000000 ) ) ;
#721 = AXIS2_PLACEMENT_3D ( 'NONE', #9739, #3043, #5228 ) ;
#720 = CARTESIAN_POINT ( 'NONE',  ( 0.000000000000000000, 0.000000000000000000, -0.1291166393111727595 ) ) ;
#722 = ORIENTED_EDGE ( 'NONE', *, *, #10460, .F. ) ;
#723 = ITEM_DEFINED_TRANSFORMATION ( 'NONE', 'NONE', #2657,  #4873 ) ;
#724 = LINE ( 'NONE', #4408, #5811 ) ;
#725 = EDGE_CURVE ( 'NONE', #3070, #2046, #4360, .T. ) ;
#726 = VERTEX_POINT ( 'NONE', #2412 ) ;
#727 = CARTESIAN_POINT ( 'NONE',  ( 0.000000000000000000, 1.224646799147353207E-16, -1.000000000000000000 ) ) ;
#728 = DIRECTION ( 'NONE',  ( 0.000000000000000000, 0.000000000000000000, -1.000000000000000000 ) ) ;
#729 = ORIENTED_EDGE ( 'NONE', *, *, #10158, .T. ) ;
#730 = CARTESIAN_POINT ( 'NONE',  ( 11.50000000000000000, 7.500000000000000888, -11.61613953566982538 ) ) ;
#731 = CIRCLE ( 'NONE', #6242, 0.8156023289304824564 ) ;
#732 = EDGE_LOOP ( 'NONE', ( #4244, #3118, #11301, #6005 ) ) ;
#733 = ORIENTED_EDGE ( 'NONE', *, *, #11397, .F. ) ;
#734 = APPLICATION_CONTEXT ( 'automotive_design' ) ;
#735 = EDGE_LOOP ( 'NONE', ( #6636, #10574, #7846, #10256, #9436 ) ) ;
#736 = DIRECTION ( 'NONE',  ( 1.000000000000000000, 0.000000000000000000, 0.000000000000000000 ) ) ;
#737 = EDGE_CURVE ( 'NONE', #1539, #874, #6035, .T. ) ;
#738 = PLANE ( 'NONE',  #6944 ) ;
#739 = CIRCLE ( 'NONE', #4350, 10.50000000000000000 ) ;
#740 = DIRECTION ( 'NONE',  ( 0.000000000000000000, 0.000000000000000000, 1.000000000000000000 ) ) ;
#741 = EDGE_CURVE ( 'NONE', #8915, #7654, #7866, .T. ) ;
#742 = LINE ( 'NONE', #1518, #7473 ) ;
#743 = CARTESIAN_POINT ( 'NONE',  ( 3.000000000000000000, 0.000000000000000000, 0.5000000000000000000 ) ) ;
#744 = LINE ( 'NONE', #9428, #7600 ) ;
#745 = EDGE_CURVE ( 'NONE', #11192, #6889, #9036, .T. ) ;
#746 = ORIENTED_EDGE ( 'NONE', *, *, #956, .F. ) ;
#747 = CARTESIAN_POINT ( 'NONE',  ( 0.000000000000000000, 5.058392604970359998E-16, -3.730481160836854215 ) ) ;
#748 =( GEOMETRIC_REPRESENTATION_CONTEXT ( 3 ) GLOBAL_UNCERTAINTY_ASSIGNED_CONTEXT ( ( #8413 ) ) GLOBAL_UNIT_ASSIGNED_CONTEXT ( ( #8648, #11258, #6821 ) ) REPRESENTATION_CONTEXT ( 'NONE', 'WORKASPACE' ) );
#749 = ORIENTED_EDGE ( 'NONE', *, *, #11456, .T. ) ;
#750 = DIRECTION ( 'NONE',  ( 0.000000000000000000, 1.000000000000000000, -0.000000000000000000 ) ) ;
#751 = ORIENTED_EDGE ( 'NONE', *, *, #10364, .F. ) ;
#752 = CARTESIAN_POINT ( 'NONE',  ( -1.000000000000000888, 1.732050807568876749, -1.600000000000000089 ) ) ;
#753 = ORIENTED_EDGE ( 'NONE', *, *, #7641, .T. ) ;
#754 =( NAMED_UNIT ( * ) PLANE_ANGLE_UNIT ( ) SI_UNIT ( $, .RADIAN. ) );
#755 = ADVANCED_FACE ( 'NONE', ( #5540 ), #9217, .F. ) ;
#756 = CARTESIAN_POINT ( 'NONE',  ( 2.000000000000000000, 1.154700538379254349, -0.1786327949540832127 ) ) ;
#757 = LINE ( 'NONE', #8612, #4249 ) ;
#758 = DIRECTION ( 'NONE',  ( -0.5000000000000004441, 0.000000000000000000, 0.8660254037844383745 ) ) ;
#759 = DIRECTION ( 'NONE',  ( 1.000000000000000000, 0.000000000000000000, 0.000000000000000000 ) ) ;
#760 = CARTESIAN_POINT ( 'NONE',  ( 3.599999999999999201, 2.971690854684141847, -0.8999999999999992450 ) ) ;
#761 = ADVANCED_FACE ( 'NONE', ( #10986 ), #11717, .T. ) ;
#762 = EDGE_CURVE ( 'NONE', #9600, #2404, #6488, .T. ) ;
#763 = EDGE_LOOP ( 'NONE', ( #4528, #1743, #4548, #5424 ) ) ;
#764 = CARTESIAN_POINT ( 'NONE',  ( 0.000000000000000000, 0.000000000000000000, 1.949999999999999734 ) ) ;
#765 = VERTEX_POINT ( 'NONE', #1810 ) ;
#766 = CARTESIAN_POINT ( 'NONE',  ( 1.000000000000000444, -1.732050807568876971, -1.600000000000000089 ) ) ;
#767 = CARTESIAN_POINT ( 'NONE',  ( -0.5560518688116490305, -0.5176555429708573630, -0.7092725651034397227 ) ) ;
#768 = ORIENTED_EDGE ( 'NONE', *, *, #1151, .F. ) ;
#769 = ORIENTED_EDGE ( 'NONE', *, *, #2991, .F. ) ;
#770 = CARTESIAN_POINT ( 'NONE',  ( 14.05000000000000071, 0.000000000000000000, 1.000000000000000000 ) ) ;
#771 = CIRCLE ( 'NONE', #2670, 0.7740000000000000213 ) ;
#772 = CARTESIAN_POINT ( 'NONE',  ( 1.000000000000001998, 1.732050807568876083, 0.000000000000000000 ) ) ;
#773 = FACE_OUTER_BOUND ( 'NONE', #2210, .T. ) ;
#774 = DIRECTION ( 'NONE',  ( 0.000000000000000000, 1.000000000000000000, 0.000000000000000000 ) ) ;
#775 = VERTEX_POINT ( 'NONE', #909 ) ;
#776 = FACE_BOUND ( 'NONE', #1487, .T. ) ;
#777 = LINE ( 'NONE', #8184, #11428 ) ;
#778 = PRODUCT_DEFINITION_SHAPE ( 'NONE', 'NONE',  #11747 ) ;
#779 = CARTESIAN_POINT ( 'NONE',  ( -0.3277177810063121588, 2.120193127676282430, -0.07933779981236163681 ) ) ;
#780 = EDGE_LOOP ( 'NONE', ( #9339, #1582, #5452, #7506, #6135 ) ) ;
#781 = DIRECTION ( 'NONE',  ( 0.5000000000000009992, 0.8660254037844380415, -0.000000000000000000 ) ) ;
#782 = AXIS2_PLACEMENT_3D ( 'NONE', #4207, #9664, #8711 ) ;
#783 = VERTEX_POINT ( 'NONE', #8149 ) ;
#784 = PLANE ( 'NONE',  #4118 ) ;
#785 = CARTESIAN_POINT ( 'NONE',  ( 4.250000000000000000, 0.000000000000000000, 0.000000000000000000 ) ) ;
#786 = ADVANCED_FACE ( 'NONE', ( #10098 ), #71, .F. ) ;
#787 = ORIENTED_EDGE ( 'NONE', *, *, #6935, .T. ) ;
#788 = CARTESIAN_POINT ( 'NONE',  ( 2.000000000000000000, -0.1951254011572754188, -1.600000000000000089 ) ) ;
#789 = ORIENTED_EDGE ( 'NONE', *, *, #5016, .F. ) ;
#790 = ORIENTED_EDGE ( 'NONE', *, *, #8277, .F. ) ;
#791 = FILL_AREA_STYLE ('',( #3929 ) ) ;
#792 = ORIENTED_EDGE ( 'NONE', *, *, #54, .F. ) ;
#793 = DIRECTION ( 'NONE',  ( 1.000000000000000000, 0.000000000000000000, 0.000000000000000000 ) ) ;
#794 = DIRECTION ( 'NONE',  ( -1.000000000000000000, 0.000000000000000000, 0.000000000000000000 ) ) ;
#795 = FACE_BOUND ( 'NONE', #3823, .T. ) ;
#796 = CARTESIAN_POINT ( 'NONE',  ( 2.070622276826203227E-15, 0.7000000000000020650, 0.000000000000000000 ) ) ;
#797 = FACE_OUTER_BOUND ( 'NONE', #9949, .T. ) ;
#798 = ORIENTED_EDGE ( 'NONE', *, *, #162, .T. ) ;
#799 = DIRECTION ( 'NONE',  ( -0.000000000000000000, 1.224649721909276639E-16, -1.000000000000000000 ) ) ;
#800 = ADVANCED_FACE ( 'NONE', ( #2868 ), #6495, .F. ) ;
#801 = DIRECTION ( 'NONE',  ( 0.000000000000000000, 1.000000000000000000, 0.000000000000000000 ) ) ;
#802 = ADVANCED_FACE ( 'NONE', ( #1019 ), #2809, .T. ) ;
#803 = ORIENTED_EDGE ( 'NONE', *, *, #9921, .T. ) ;
#804 = AXIS2_PLACEMENT_3D ( 'NONE', #7521, #209, #6343 ) ;
#805 = CARTESIAN_POINT ( 'NONE',  ( 0.000000000000000000, 4.738805170303855086E-16, -3.469518839163146406 ) ) ;
#806 = ORIENTED_EDGE ( 'NONE', *, *, #10089, .T. ) ;
#807 = FACE_OUTER_BOUND ( 'NONE', #8154, .T. ) ;
#808 = CARTESIAN_POINT ( 'NONE',  ( 0.000000000000000000, 0.000000000000000000, -1.600000000000000089 ) ) ;
#809 = VECTOR ( 'NONE', #3357, 1000.000000000000000 ) ;
#810 = DIRECTION ( 'NONE',  ( 0.000000000000000000, 0.000000000000000000, 1.000000000000000000 ) ) ;
#811 = CARTESIAN_POINT ( 'NONE',  ( -1.339247740005897747, -1.536186033554502339, -1.582894801272977325 ) ) ;
#812 = CARTESIAN_POINT ( 'NONE',  ( 1.000000000000000444, -1.732050807568876971, 0.000000000000000000 ) ) ;
#813 = VECTOR ( 'NONE', #194, 1000.000000000000000 ) ;
#814 = CIRCLE ( 'NONE', #4792, 1.999999999999999556 ) ;
#815 = VECTOR ( 'NONE', #1310, 1000.000000000000114 ) ;
#816 = ORIENTED_EDGE ( 'NONE', *, *, #9238, .T. ) ;
#817 = DIRECTION ( 'NONE',  ( 0.000000000000000000, 0.000000000000000000, 1.000000000000000000 ) ) ;
#818 = EDGE_CURVE ( 'NONE', #2592, #11172, #6477, .T. ) ;
#819 = VERTEX_POINT ( 'NONE', #3594 ) ;
#820 = CARTESIAN_POINT ( 'NONE',  ( 1.549999999999999378, 17.00000000000000000, -8.732195743157015855 ) ) ;
#821 = EDGE_CURVE ( 'NONE', #2829, #8444, #10812, .T. ) ;
#822 = AXIS2_PLACEMENT_3D ( 'NONE', #1590, #11497, #1652 ) ;
#823 = ORIENTED_EDGE ( 'NONE', *, *, #11643, .T. ) ;
#824 = VERTEX_POINT ( 'NONE', #5486 ) ;
#825 = EDGE_CURVE ( 'NONE', #8883, #11589, #8187, .T. ) ;
#826 = CIRCLE ( 'NONE', #7661, 1.949999999999999734 ) ;
#827 = ADVANCED_FACE ( 'NONE', ( #1747 ), #9094, .T. ) ;
#828 = DIRECTION ( 'NONE',  ( -1.000000000000000000, 0.000000000000000000, 0.000000000000000000 ) ) ;
#829 = CIRCLE ( 'NONE', #4620, 2.499999999999998668 ) ;
#830 = FACE_OUTER_BOUND ( 'NONE', #1521, .T. ) ;
#831 = CIRCLE ( 'NONE', #8780, 0.8156023289304824564 ) ;
#832 = LINE ( 'NONE', #7957, #2036 ) ;
#833 = CARTESIAN_POINT ( 'NONE',  ( 1.500000000000000000, 0.000000000000000000, 0.000000000000000000 ) ) ;
#834 = ORIENTED_EDGE ( 'NONE', *, *, #8059, .T. ) ;
#835 = CARTESIAN_POINT ( 'NONE',  ( -2.168404344971008868E-15, 0.9000000000000005773, -1.845299461620634407 ) ) ;
#836 = CIRCLE ( 'NONE', #10105, 4.000000000000000000 ) ;
#837 = AXIS2_PLACEMENT_3D ( 'NONE', #3422, #2648, #10824 ) ;
#838 = CARTESIAN_POINT ( 'NONE',  ( 4.000000000000000000, 9.199999999999999289, -18.50000000000000355 ) ) ;
#839 = CONICAL_SURFACE ( 'NONE', #648, 0.7799999999999996936, 0.9599310885968785900 ) ;
#840 = EDGE_CURVE ( 'NONE', #3890, #9527, #4540, .T. ) ;
#841 = CARTESIAN_POINT ( 'NONE',  ( 2.000000000000000000, 0.000000000000000000, 0.000000000000000000 ) ) ;
#842 = CONICAL_SURFACE ( 'NONE', #9935, 1.000000000000000444, 0.7853981633974499443 ) ;
#843 = ORIENTED_EDGE ( 'NONE', *, *, #3149, .F. ) ;
#844 = ORIENTED_EDGE ( 'NONE', *, *, #1827, .F. ) ;
#845 = CARTESIAN_POINT ( 'NONE',  ( -0.04188853298408327930, -0.8749216220463295057, -0.6400376753912196959 ) ) ;
#846 = PLANE ( 'NONE',  #11395 ) ;
#847 = DIRECTION ( 'NONE',  ( 1.000000000000000000, 0.000000000000000000, 0.000000000000000000 ) ) ;
#848 = ORIENTED_EDGE ( 'NONE', *, *, #3292, .F. ) ;
#849 = AXIS2_PLACEMENT_3D ( 'NONE', #102, #6238, #9122 ) ;
#850 = PRODUCT_DEFINITION ( 'UNKNOWN', '', #4370, #8132 ) ;
#851 = EDGE_LOOP ( 'NONE', ( #3674, #2649 ) ) ;
#852 = SHAPE_DEFINITION_REPRESENTATION ( #9591, #957 ) ;
#853 = CYLINDRICAL_SURFACE ( 'NONE', #8443, 3.499999999999999556 ) ;
#854 = DIRECTION ( 'NONE',  ( 0.000000000000000000, 0.000000000000000000, -1.000000000000000000 ) ) ;
#855 = VECTOR ( 'NONE', #7221, 1000.000000000000000 ) ;
#856 = CARTESIAN_POINT ( 'NONE',  ( 4.099999999999999645, 0.000000000000000000, -0.3999999999999968026 ) ) ;
#857 = CARTESIAN_POINT ( 'NONE',  ( 2.500000000000000000, 9.199999999999999289, -21.00000000000000355 ) ) ;
#858 = CARTESIAN_POINT ( 'NONE',  ( -1.672828002720945673, 1.343593379079621064, -1.530424537474096791 ) ) ;
#859 = ORIENTED_EDGE ( 'NONE', *, *, #158, .F. ) ;
#860 = DIRECTION ( 'NONE',  ( -0.8191520442889902442, 1.003171929053522651E-16, 0.5735764363510482688 ) ) ;
#861 = DIRECTION ( 'NONE',  ( 0.000000000000000000, 0.000000000000000000, 1.000000000000000000 ) ) ;
#862 = CIRCLE ( 'NONE', #1436, 1.000000000000000000 ) ;
#863 = ORIENTED_EDGE ( 'NONE', *, *, #11473, .T. ) ;
#864 = DIRECTION ( 'NONE',  ( 0.000000000000000000, 0.000000000000000000, 1.000000000000000000 ) ) ;
#865 = ORIENTED_EDGE ( 'NONE', *, *, #4543, .F. ) ;
#866 = LINE ( 'NONE', #7273, #855 ) ;
#867 = CARTESIAN_POINT ( 'NONE',  ( 0.000000000000000000, 0.000000000000000000, 0.000000000000000000 ) ) ;
#868 = CYLINDRICAL_SURFACE ( 'NONE', #8613, 5.500000000000000000 ) ;
#869 =( NAMED_UNIT ( * ) PLANE_ANGLE_UNIT ( ) SI_UNIT ( $, .RADIAN. ) );
#870 = CIRCLE ( 'NONE', #7505, 5.500000000000000000 ) ;
#871 = CARTESIAN_POINT ( 'NONE',  ( 2.000000000000000000, 1.154700538379250130, -1.600000000000000089 ) ) ;
#872 = EDGE_LOOP ( 'NONE', ( #8402, #8607 ) ) ;
#873 = CARTESIAN_POINT ( 'NONE',  ( -2.000000000000000000, 1.154700538379251240, -0.1786327949540822413 ) ) ;
#874 = VERTEX_POINT ( 'NONE', #1920 ) ;
#875 = DIRECTION ( 'NONE',  ( 0.000000000000000000, 0.000000000000000000, 1.000000000000000000 ) ) ;
#876 = ORIENTED_EDGE ( 'NONE', *, *, #5670, .T. ) ;
#877 = VECTOR ( 'NONE', #11317, 1000.000000000000000 ) ;
#878 = LINE ( 'NONE', #5401, #4517 ) ;
#879 = VECTOR ( 'NONE', #9551, 1000.000000000000000 ) ;
#880 = AXIS2_PLACEMENT_3D ( 'NONE', #5720, #6670, #313 ) ;
#881 = ORIENTED_EDGE ( 'NONE', *, *, #7341, .F. ) ;
#882 = DIRECTION ( 'NONE',  ( -0.000000000000000000, 1.000000000000000000, 0.000000000000000000 ) ) ;
#883 = DIRECTION ( 'NONE',  ( 0.000000000000000000, 0.000000000000000000, 1.000000000000000000 ) ) ;
#884 = ADVANCED_FACE ( 'NONE', ( #6316 ), #9932, .F. ) ;
#885 = EDGE_CURVE ( 'NONE', #8293, #6149, #2505, .T. ) ;
#886 = DIRECTION ( 'NONE',  ( -1.000000000000000000, 0.000000000000000000, -0.000000000000000000 ) ) ;
#887 = CARTESIAN_POINT ( 'NONE',  ( 0.000000000000000000, 7.500000000000000000, -9.616139535669825378 ) ) ;
#888 = VECTOR ( 'NONE', #10405, 1000.000000000000000 ) ;
#889 = CIRCLE ( 'NONE', #2599, 0.5000000000000000000 ) ;
#890 = ORIENTED_EDGE ( 'NONE', *, *, #8358, .F. ) ;
#891 = DIRECTION ( 'NONE',  ( -0.8660254037844392627, 0.000000000000000000, -0.4999999999999986677 ) ) ;
#892 = EDGE_CURVE ( 'NONE', #2124, #7938, #311, .T. ) ;
#893 =( REPRESENTATION_RELATIONSHIP ('NONE','NONE', #9860, #2660 ) REPRESENTATION_RELATIONSHIP_WITH_TRANSFORMATION ( #3944 )SHAPE_REPRESENTATION_RELATIONSHIP( ) );
#894 = EDGE_CURVE ( 'NONE', #7623, #7654, #5718, .T. ) ;
#895 = PRODUCT_DEFINITION_CONTEXT ( 'detailed design', #3011, 'design' ) ;
#896 = DIRECTION ( 'NONE',  ( 1.000000000000000000, 0.000000000000000000, 0.000000000000000000 ) ) ;
#897 = AXIS2_PLACEMENT_3D ( 'NONE', #5579, #6466, #7470 ) ;
#898 = ORIENTED_EDGE ( 'NONE', *, *, #251, .F. ) ;
#899 = FACE_OUTER_BOUND ( 'NONE', #7941, .T. ) ;
#900 = FACE_OUTER_BOUND ( 'NONE', #6778, .T. ) ;
#901 = EDGE_LOOP ( 'NONE', ( #2299, #10428 ) ) ;
#902 = CARTESIAN_POINT ( 'NONE',  ( 2.000000000000000000, 0.000000000000000000, -1.600000000000000089 ) ) ;
#903 = EDGE_CURVE ( 'NONE', #1238, #2970, #8764, .T. ) ;
#904 = EDGE_CURVE ( 'NONE', #4087, #8015, #4220, .T. ) ;
#905 = CIRCLE ( 'NONE', #9048, 3.499999999999997780 ) ;
#906 = CIRCLE ( 'NONE', #7923, 1.000000000000000000 ) ;
#907 = EDGE_LOOP ( 'NONE', ( #6001, #6177 ) ) ;
#908 = CARTESIAN_POINT ( 'NONE',  ( -0.5560518688116493635, 0.5176555429708574740, 0.000000000000000000 ) ) ;
#909 = CARTESIAN_POINT ( 'NONE',  ( -3.000000000000000000, 1.285879139104720831E-15, 10.50000000000000000 ) ) ;
#910 = DIRECTION ( 'NONE',  ( -1.000000000000000000, 0.000000000000000000, 0.000000000000000000 ) ) ;
#911 = CARTESIAN_POINT ( 'NONE',  ( 4.099999999999999645, 0.000000000000000000, 0.000000000000000000 ) ) ;
#912 = AXIS2_PLACEMENT_3D ( 'NONE', #10980, #3812, #1126 ) ;
#913 = CYLINDRICAL_SURFACE ( 'NONE', #4882, 3.000000000000000444 ) ;
#914 = ORIENTED_EDGE ( 'NONE', *, *, #10744, .F. ) ;
#915 =( LENGTH_UNIT ( ) NAMED_UNIT ( * ) SI_UNIT ( .MILLI., .METRE. ) );
#916 = CARTESIAN_POINT ( 'NONE',  ( -0.9526279441628797695, -0.5499999999999987121, -0.2999999999999842792 ) ) ;
#917 = ORIENTED_EDGE ( 'NONE', *, *, #2927, .T. ) ;
#918 = DIRECTION ( 'NONE',  ( 0.000000000000000000, 0.000000000000000000, -1.000000000000000000 ) ) ;
#919 = VECTOR ( 'NONE', #4744, 1000.000000000000000 ) ;
#920 = ORIENTED_EDGE ( 'NONE', *, *, #3268, .T. ) ;
#921 = PRESENTATION_STYLE_ASSIGNMENT (( #9050 ) ) ;
#922 = CARTESIAN_POINT ( 'NONE',  ( 0.000000000000000000, 0.000000000000000000, 0.000000000000000000 ) ) ;
#923 = CARTESIAN_POINT ( 'NONE',  ( -3.000000000000000000, 1.224646799147353207E-16, 1.000000000000000000 ) ) ;
#924 = CARTESIAN_POINT ( 'NONE',  ( 0.000000000000000000, 0.000000000000000000, 0.000000000000000000 ) ) ;
#925 = EDGE_LOOP ( 'NONE', ( #798, #6548, #876, #11061, #7285, #8560 ) ) ;
#926 = CYLINDRICAL_SURFACE ( 'NONE', #3394, 1.500000000000001332 ) ;
#927 = ORIENTED_EDGE ( 'NONE', *, *, #933, .T. ) ;
#928 = DIRECTION ( 'NONE',  ( -1.000000000000000000, -0.000000000000000000, -0.000000000000000000 ) ) ;
#929 = B_SPLINE_CURVE_WITH_KNOTS ( 'NONE', 3,
 ( #9321, #5590, #2143, #294, #2029, #9265 ),
 .UNSPECIFIED., .F., .F.,
 ( 4, 2, 4 ),
 ( 0.001168606431211099582, 0.001750609284260043214, 0.002332612137308987497 ),
 .UNSPECIFIED. ) ;
#930 = ORIENTED_EDGE ( 'NONE', *, *, #1976, .T. ) ;
#931 = CARTESIAN_POINT ( 'NONE',  ( 5.499999999999998224, -0.7999999999999864997, -18.79999999999990834 ) ) ;
#932 = VERTEX_POINT ( 'NONE', #5660 ) ;
#933 = EDGE_CURVE ( 'NONE', #10478, #2686, #4788, .T. ) ;
#934 = DIRECTION ( 'NONE',  ( 1.000000000000000000, 0.000000000000000000, 0.000000000000000000 ) ) ;
#935 = FACE_OUTER_BOUND ( 'NONE', #10342, .T. ) ;
#936 = LINE ( 'NONE', #7128, #1071 ) ;
#937 = DIRECTION ( 'NONE',  ( -0.000000000000000000, 0.000000000000000000, -1.000000000000000000 ) ) ;
#938 = ORIENTED_EDGE ( 'NONE', *, *, #3645, .F. ) ;
#939 = CARTESIAN_POINT ( 'NONE',  ( 0.000000000000000000, 0.000000000000000000, 0.000000000000000000 ) ) ;
#940 = AXIS2_PLACEMENT_3D ( 'NONE', #11539, #2410, #11414 ) ;
#941 = CARTESIAN_POINT ( 'NONE',  ( -0.8156023289304831225, 1.111735790324597936E-16, -0.1291166393111907729 ) ) ;
#942 = EDGE_CURVE ( 'NONE', #10863, #11464, #4940, .T. ) ;
#943 = UNCERTAINTY_MEASURE_WITH_UNIT (LENGTH_MEASURE( 1.000000000000000082E-05 ), #5285, 'distance_accuracy_value', 'NONE');
#944 = EDGE_CURVE ( 'NONE', #9376, #765, #9032, .T. ) ;
#945 = AXIS2_PLACEMENT_3D ( 'NONE', #8343, #8166, #5733 ) ;
#946 = CARTESIAN_POINT ( 'NONE',  ( -0.4783426259903523770, -0.5021555460428437367, -0.7495474879056738260 ) ) ;
#947 = VERTEX_POINT ( 'NONE', #427 ) ;
#948 = EDGE_CURVE ( 'NONE', #2885, #4412, #3048, .T. ) ;
#949 = B_SPLINE_CURVE_WITH_KNOTS ( 'NONE', 3,
 ( #10547, #10372, #9494, #3982 ),
 .UNSPECIFIED., .F., .F.,
 ( 4, 4 ),
 ( 2.380749485071512786E-07, 0.001168606431211099582 ),
 .UNSPECIFIED. ) ;
#950 = CARTESIAN_POINT ( 'NONE',  ( -2.000000000000000000, 0.000000000000000000, -21.00000000000000000 ) ) ;
#951 = FACE_BOUND ( 'NONE', #10694, .T. ) ;
#952 = FACE_OUTER_BOUND ( 'NONE', #2100, .T. ) ;
#953 = EDGE_LOOP ( 'NONE', ( #3652, #3815, #10012 ) ) ;
#954 = CARTESIAN_POINT ( 'NONE',  ( 3.903127820947815962E-15, 0.8999999999999998002, -19.84529946162065883 ) ) ;
#955 = VECTOR ( 'NONE', #10177, 1000.000000000000000 ) ;
#956 = EDGE_CURVE ( 'NONE', #4643, #3617, #7825, .T. ) ;
#957 = SHAPE_REPRESENTATION ( 'CuboDeRoda', ( #4873 ), #9417 ) ;
#958 = ORIENTED_EDGE ( 'NONE', *, *, #8182, .T. ) ;
#959 = VECTOR ( 'NONE', #4462, 1000.000000000000000 ) ;
#960 = PRODUCT_DEFINITION_SHAPE ( 'NONE', 'NONE',  #11739 ) ;
#961 = PRODUCT_CONTEXT ( 'NONE', #4221, 'mechanical' ) ;
#962 = EDGE_CURVE ( 'NONE', #3088, #11461, #7243, .T. ) ;
#963 = CARTESIAN_POINT ( 'NONE',  ( 4.250000000000000000, 0.000000000000000000, 0.000000000000000000 ) ) ;
#964 = EDGE_CURVE ( 'NONE', #6989, #6532, #5844, .T. ) ;
#965 = CARTESIAN_POINT ( 'NONE',  ( -2.000000000000000000, -0.7745510564695443634, -1.521052330702031608 ) ) ;
#966 = DIRECTION ( 'NONE',  ( -0.000000000000000000, -1.000000000000000000, -0.000000000000000000 ) ) ;
#967 = CARTESIAN_POINT ( 'NONE',  ( 1.672828002720946117, -1.343593379079623285, -0.06957546252590439406 ) ) ;
#968 = DIRECTION ( 'NONE',  ( 0.000000000000000000, 0.000000000000000000, -1.000000000000000000 ) ) ;
#969 = ORIENTED_EDGE ( 'NONE', *, *, #438, .T. ) ;
#970 = CARTESIAN_POINT ( 'NONE',  ( 0.7812177826497540556, 0.3500000000114287246, -0.6513934606268929617 ) ) ;
#971 = CIRCLE ( 'NONE', #10059, 3.500000000000000000 ) ;
#972 = DIRECTION ( 'NONE',  ( -1.000000000000000000, 0.000000000000000000, 0.000000000000000000 ) ) ;
#973 = EDGE_LOOP ( 'NONE', ( #881, #10530 ) ) ;
#974 = DIRECTION ( 'NONE',  ( -1.000000000000000000, -0.000000000000000000, -0.000000000000000000 ) ) ;
#975 = ORIENTED_EDGE ( 'NONE', *, *, #3768, .F. ) ;
#976 = CARTESIAN_POINT ( 'NONE',  ( 0.000000000000000000, 0.000000000000000000, -1.600000000000000089 ) ) ;
#977 = EDGE_CURVE ( 'NONE', #5681, #3993, #5163, .T. ) ;
#978 = CARTESIAN_POINT ( 'NONE',  ( 4.250000000000000000, 1.224646799147353256E-15, -10.00000000000000000 ) ) ;
#979 = DIRECTION ( 'NONE',  ( -1.000000000000000000, 0.000000000000000000, 0.000000000000000000 ) ) ;
#980 = CARTESIAN_POINT ( 'NONE',  ( -1.836821824868181352, -1.248911501717480554, -1.475759930090788652 ) ) ;
#981 = CARTESIAN_POINT ( 'NONE',  ( 0.000000000000000000, 4.898598887637106556E-16, -3.200000000000000178 ) ) ;
#982 = ORIENTED_EDGE ( 'NONE', *, *, #10165, .T. ) ;
#983 = DIRECTION ( 'NONE',  ( 1.000000000000000000, 0.000000000000000000, 2.775557561562890858E-16 ) ) ;
#984 = ORIENTED_EDGE ( 'NONE', *, *, #894, .F. ) ;
#985 = CARTESIAN_POINT ( 'NONE',  ( 0.000000000000000000, 0.000000000000000000, -1.199999999999999956 ) ) ;
#986 = ORIENTED_EDGE ( 'NONE', *, *, #8070, .T. ) ;
#987 = DIRECTION ( 'NONE',  ( -0.000000000000000000, -0.000000000000000000, 1.000000000000000000 ) ) ;
#988 = ORIENTED_EDGE ( 'NONE', *, *, #10222, .T. ) ;
#989 = CONICAL_SURFACE ( 'NONE', #4038, 2.000000000000000000, 1.047197551196595855 ) ;
#990 = SHAPE_REPRESENTATION_RELATIONSHIP ( 'NONE' , 'NONE' ,  #9464, #8551 ) ;
#991 = CARTESIAN_POINT ( 'NONE',  ( 0.000000000000000000, 0.000000000000000000, 0.000000000000000000 ) ) ;
#992 = EDGE_CURVE ( 'NONE', #8944, #2497, #9327, .T. ) ;
#993 = AXIS2_PLACEMENT_3D ( 'NONE', #3367, #8817, #7992 ) ;
#994 = DIRECTION ( 'NONE',  ( -0.8660254037844380415, 0.5000000000000009992, 0.000000000000000000 ) ) ;
#995 = DIRECTION ( 'NONE',  ( -0.4999999999999986122, 0.000000000000000000, -0.8660254037844394848 ) ) ;
#996 = VECTOR ( 'NONE', #7157, 1000.000000000000000 ) ;
#997 = CARTESIAN_POINT ( 'NONE',  ( 1.000000000000000444, -1.732050807568876971, -1.600000000000000089 ) ) ;
#998 = FACE_OUTER_BOUND ( 'NONE', #11252, .T. ) ;
#999 = ORIENTED_EDGE ( 'NONE', *, *, #2633, .F. ) ;
#1000 = CARTESIAN_POINT ( 'NONE',  ( 2.000000000000000000, 1.154700538379254349, -0.1786327949540832127 ) ) ;
#1001 = CIRCLE ( 'NONE', #2528, 2.999999999999999112 ) ;
#1002 = CONICAL_SURFACE ( 'NONE', #10666, 2.000000000000000000, 1.047197551196596299 ) ;
#1003 = VERTEX_POINT ( 'NONE', #9274 ) ;
#1004 = CARTESIAN_POINT ( 'NONE',  ( -0.1702769162167616090, -0.7403828156981311359, -0.7092725651034388346 ) ) ;
#1005 = VERTEX_POINT ( 'NONE', #11226 ) ;
#1006 = VECTOR ( 'NONE', #4329, 1000.000000000000114 ) ;
#1007 = CARTESIAN_POINT ( 'NONE',  ( 1.000000000000000444, -1.732050807568876971, -1.600000000000000089 ) ) ;
#1008 = DIRECTION ( 'NONE',  ( 0.000000000000000000, -0.000000000000000000, 1.000000000000000000 ) ) ;
#1009 = CARTESIAN_POINT ( 'NONE',  ( -17.94999999999999929, 0.000000000000000000, -3.500000000000000000 ) ) ;
#1010 = AXIS2_PLACEMENT_3D ( 'NONE', #9955, #2488, #7120 ) ;
#1011 = PRESENTATION_LAYER_ASSIGNMENT (  '', '', ( #2910 ) ) ;
#1012 = ORIENTED_EDGE ( 'NONE', *, *, #10164, .T. ) ;
#1013 = EDGE_CURVE ( 'NONE', #3293, #1407, #10737, .T. ) ;
#1014 = LINE ( 'NONE', #3041, #5281 ) ;
#1015 = CONICAL_SURFACE ( 'NONE', #8419, 0.7740000000000000213, 1.047197551196601628 ) ;
#1016 = ORIENTED_EDGE ( 'NONE', *, *, #267, .T. ) ;
#1017 = APPLICATION_PROTOCOL_DEFINITION ( 'draft international standard', 'automotive_design', 1998, #10727 ) ;
#1018 = CARTESIAN_POINT ( 'NONE',  ( 0.000000000000000000, 4.738805170303855086E-16, -1.869518839163146762 ) ) ;
#1019 = FACE_OUTER_BOUND ( 'NONE', #6048, .T. ) ;
#1020 = LINE ( 'NONE', #6611, #2403 ) ;
#1021 = DIRECTION ( 'NONE',  ( -1.000000000000000000, 0.000000000000000000, 0.000000000000000000 ) ) ;
#1022 = EDGE_CURVE ( 'NONE', #8645, #2534, #4593, .T. ) ;
#1023 = ADVANCED_FACE ( 'NONE', ( #11045 ), #989, .T. ) ;
#1024 = VECTOR ( 'NONE', #3965, 1000.000000000000000 ) ;
#1025 = CARTESIAN_POINT ( 'NONE',  ( 0.000000000000000000, 0.000000000000000000, -1.600000000000000089 ) ) ;
#1026 = ORIENTED_EDGE ( 'NONE', *, *, #373, .T. ) ;
#1027 = LINE ( 'NONE', #10939, #11026 ) ;
#1028 = EDGE_CURVE ( 'NONE', #7174, #6773, #7553, .T. ) ;
#1029 = EDGE_CURVE ( 'NONE', #11464, #947, #11463, .T. ) ;
#1030 = DIRECTION ( 'NONE',  ( 0.000000000000000000, 1.000000000000000000, 0.000000000000000000 ) ) ;
#1031 = SHAPE_REPRESENTATION ( 'MancalEsquerdo', ( #4873 ), #5258 ) ;
#1032 = ORIENTED_EDGE ( 'NONE', *, *, #605, .F. ) ;
#1033 = CARTESIAN_POINT ( 'NONE',  ( 4.099999999999999645, 2.971690854684141847, 0.3999999999999968026 ) ) ;
#1034 = AXIS2_PLACEMENT_3D ( 'NONE', #10855, #7241, #5473 ) ;
#1035 = CARTESIAN_POINT ( 'NONE',  ( 5.500000000000000888, 2.500000000000000000, -3.000000000000000000 ) ) ;
#1036 = ORIENTED_EDGE ( 'NONE', *, *, #7420, .T. ) ;
#1037 = CARTESIAN_POINT ( 'NONE',  ( -2.000000000000000000, 0.1952413320394012219, -1.600000000000000089 ) ) ;
#1038 = CARTESIAN_POINT ( 'NONE',  ( -1.000000000000001776, -1.732050807568876527, 0.000000000000000000 ) ) ;
#1039 = CARTESIAN_POINT ( 'NONE',  ( 0.000000000000000000, 0.000000000000000000, 0.000000000000000000 ) ) ;
#1040 = CARTESIAN_POINT ( 'NONE',  ( 0.000000000000000000, 0.8999999999999995781, -22.15470053837916353 ) ) ;
#1041 =( GEOMETRIC_REPRESENTATION_CONTEXT ( 3 ) GLOBAL_UNCERTAINTY_ASSIGNED_CONTEXT ( ( #6418 ) ) GLOBAL_UNIT_ASSIGNED_CONTEXT ( ( #11558, #3776, #88 ) ) REPRESENTATION_CONTEXT ( 'NONE', 'WORKASPACE' ) );
#1042 = VERTEX_POINT ( 'NONE', #491 ) ;
#1043 = DIRECTION ( 'NONE',  ( 1.000000000000000000, 0.000000000000000000, 0.000000000000000000 ) ) ;
#1044 = EDGE_LOOP ( 'NONE', ( #3909, #5071, #3875, #3141 ) ) ;
#1045 = EDGE_CURVE ( 'NONE', #10184, #1328, #7073, .T. ) ;
#1046 = CARTESIAN_POINT ( 'NONE',  ( -0.9999999999999997780, 1.224646799147352961E-16, 0.000000000000000000 ) ) ;
#1047 = ORIENTED_EDGE ( 'NONE', *, *, #10751, .T. ) ;
#1048 = FACE_OUTER_BOUND ( 'NONE', #8806, .T. ) ;
#1049 = ORIENTED_EDGE ( 'NONE', *, *, #7779, .T. ) ;
#1050 = CYLINDRICAL_SURFACE ( 'NONE', #849, 1.550000000000000044 ) ;
#1051 = AXIS2_PLACEMENT_3D ( 'NONE', #10464, #2347, #11478 ) ;
#1052 = CARTESIAN_POINT ( 'NONE',  ( 5.499999999999998224, -0.7999999999999864997, -20.99999999999990763 ) ) ;
#1053 = CARTESIAN_POINT ( 'NONE',  ( -0.6607522599941049180, 1.927915581583253601, -1.582894801272977992 ) ) ;
#1054 = DIRECTION ( 'NONE',  ( 0.000000000000000000, 0.000000000000000000, 1.000000000000000000 ) ) ;
#1055 = ORIENTED_EDGE ( 'NONE', *, *, #1830, .T. ) ;
#1056 = CARTESIAN_POINT ( 'NONE',  ( 4.099999999999999645, 2.971690854684141847, -0.3999999999999987454 ) ) ;
#1057 = UNCERTAINTY_MEASURE_WITH_UNIT (LENGTH_MEASURE( 1.000000000000000082E-05 ), #3284, 'distance_accuracy_value', 'NONE');
#1058 = ORIENTED_EDGE ( 'NONE', *, *, #3343, .F. ) ;
#1059 = DIRECTION ( 'NONE',  ( 0.000000000000000000, 0.000000000000000000, 1.000000000000000000 ) ) ;
#1060 = CONICAL_SURFACE ( 'NONE', #8079, 1.000000000000000000, 1.047197551196604515 ) ;
#1061 = VECTOR ( 'NONE', #9582, 1000.000000000000114 ) ;
#1062 = ORIENTED_EDGE ( 'NONE', *, *, #3016, .F. ) ;
#1063 = CYLINDRICAL_SURFACE ( 'NONE', #1967, 1.000000000000000444 ) ;
#1064 = ORIENTED_EDGE ( 'NONE', *, *, #8038, .T. ) ;
#1065 = CIRCLE ( 'NONE', #3550, 1.000000000000000000 ) ;
#1066 = FACE_OUTER_BOUND ( 'NONE', #1681, .T. ) ;
#1067 = CARTESIAN_POINT ( 'NONE',  ( -2.000000000000000000, -0.9668978507697956193, -0.1244188288311465912 ) ) ;
#1068 = EDGE_LOOP ( 'NONE', ( #11289, #3181, #8588, #3034, #9269 ) ) ;
#1069 = LINE ( 'NONE', #1185, #5656 ) ;
#1070 = STYLED_ITEM ( 'NONE', ( #2804 ), #11076 ) ;
#1071 = VECTOR ( 'NONE', #9904, 1000.000000000000000 ) ;
#1072 = ORIENTED_EDGE ( 'NONE', *, *, #10529, .T. ) ;
#1073 = EDGE_CURVE ( 'NONE', #8001, #6321, #6970, .T. ) ;
#1074 = APPLICATION_PROTOCOL_DEFINITION ( 'draft international standard', 'automotive_design', 1998, #2177 ) ;
#1075 = DIRECTION ( 'NONE',  ( 0.8191520442889902442, 0.000000000000000000, 0.5735764363510482688 ) ) ;
#1076 = CARTESIAN_POINT ( 'NONE',  ( -1.000000000000000444, 0.000000000000000000, 0.000000000000000000 ) ) ;
#1077 = MANIFOLD_SOLID_BREP ( 'EndChamfer', #1955 ) ;
#1078 = PLANE ( 'NONE',  #11103 ) ;
#1079 = AXIS2_PLACEMENT_3D ( 'NONE', #7460, #8589, #456 ) ;
#1080 = LINE ( 'NONE', #5664, #7170 ) ;
#1081 = VECTOR ( 'NONE', #8260, 1000.000000000000000 ) ;
#1082 = ORIENTED_EDGE ( 'NONE', *, *, #4685, .T. ) ;
#1083 = SURFACE_SIDE_STYLE ('',( #2815 ) ) ;
#1084 = PLANE ( 'NONE',  #5175 ) ;
#1085 = EDGE_LOOP ( 'NONE', ( #9942, #6270, #1506, #9857 ) ) ;
#1086 = ADVANCED_FACE ( 'NONE', ( #9689 ), #2395, .T. ) ;
#1087 = DIRECTION ( 'NONE',  ( -0.000000000000000000, -0.000000000000000000, -1.000000000000000000 ) ) ;
#1088 = EDGE_CURVE ( 'NONE', #4584, #9324, #3661, .T. ) ;
#1089 = DIRECTION ( 'NONE',  ( -1.000000000000000000, -0.000000000000000000, -0.000000000000000000 ) ) ;
#1090 = ORIENTED_EDGE ( 'NONE', *, *, #10399, .F. ) ;
#1091 =( LENGTH_UNIT ( ) NAMED_UNIT ( * ) SI_UNIT ( .MILLI., .METRE. ) );
#1092 = CARTESIAN_POINT ( 'NONE',  ( -2.000000000000000000, 0.9679918988505324950, -1.475265346691885471 ) ) ;
#1093 = AXIS2_PLACEMENT_3D ( 'NONE', #8784, #8727, #6901 ) ;
#1094 = DIRECTION ( 'NONE',  ( 0.000000000000000000, 0.000000000000000000, 1.000000000000000000 ) ) ;
#1095 = DIRECTION ( 'NONE',  ( 0.000000000000000000, 0.000000000000000000, -1.000000000000000000 ) ) ;
#1096 = EDGE_CURVE ( 'NONE', #1585, #6674, #10862, .T. ) ;
#1097 = DIRECTION ( 'NONE',  ( 0.000000000000000000, 0.000000000000000000, 1.000000000000000000 ) ) ;
#1098 = CARTESIAN_POINT ( 'NONE',  ( 0.000000000000000000, 0.000000000000000000, 0.000000000000000000 ) ) ;
#1099 = ORIENTED_EDGE ( 'NONE', *, *, #6914, .F. ) ;
#1100 = DIRECTION ( 'NONE',  ( 0.000000000000000000, 0.000000000000000000, 1.000000000000000000 ) ) ;
#1101 = EDGE_LOOP ( 'NONE', ( #4611, #10000, #7975, #4652 ) ) ;
#1102 = VECTOR ( 'NONE', #1153, 1000.000000000000114 ) ;
#1103 = FACE_OUTER_BOUND ( 'NONE', #1068, .T. ) ;
#1104 = ORIENTED_EDGE ( 'NONE', *, *, #7420, .F. ) ;
#1105 = EDGE_CURVE ( 'NONE', #8329, #7677, #8796, .T. ) ;
#1106 = LINE ( 'NONE', #931, #3188 ) ;
#1107 = EDGE_LOOP ( 'NONE', ( #4274, #9064 ) ) ;
#1108 =( REPRESENTATION_RELATIONSHIP ('NONE','NONE', #9860, #9464 ) REPRESENTATION_RELATIONSHIP_WITH_TRANSFORMATION ( #307 )SHAPE_REPRESENTATION_RELATIONSHIP( ) );
#1109 = CARTESIAN_POINT ( 'NONE',  ( 0.000000000000000000, 9.199999999999999289, -18.50000000000000355 ) ) ;
#1110 = CARTESIAN_POINT ( 'NONE',  ( 0.000000000000000000, 0.000000000000000000, -1.600000000000000089 ) ) ;
#1111 = EDGE_CURVE ( 'NONE', #9998, #2985, #6137, .T. ) ;
#1112 = EDGE_CURVE ( 'NONE', #3983, #2549, #9743, .T. ) ;
#1113 = FACE_BOUND ( 'NONE', #6677, .T. ) ;
#1114 = LINE ( 'NONE', #2787, #7036 ) ;
#1115 = ORIENTED_EDGE ( 'NONE', *, *, #6065, .F. ) ;
#1116 = CARTESIAN_POINT ( 'NONE',  ( 3.500000000000000000, 2.500000000000000000, 0.000000000000000000 ) ) ;
#1117 = ORIENTED_EDGE ( 'NONE', *, *, #6630, .T. ) ;
#1118 = CARTESIAN_POINT ( 'NONE',  ( 0.000000000000000000, 0.000000000000000000, 0.000000000000000000 ) ) ;
#1119 = ORIENTED_EDGE ( 'NONE', *, *, #4164, .T. ) ;
#1120 = CARTESIAN_POINT ( 'NONE',  ( -0.3535437582668252698, 0.5237481732016157077, -0.7869770969977789576 ) ) ;
#1121 = DIRECTION ( 'NONE',  ( 1.000000000000000000, -0.000000000000000000, -0.000000000000000000 ) ) ;
#1122 = EDGE_CURVE ( 'NONE', #2610, #11606, #2785, .T. ) ;
#1123 = CARTESIAN_POINT ( 'NONE',  ( 0.7063323362395492744, -0.4078011644652419498, -0.1291166393111913002 ) ) ;
#1124 = DIRECTION ( 'NONE',  ( -0.000000000000000000, -1.000000000000000000, -0.000000000000000000 ) ) ;
#1125 = VERTEX_POINT ( 'NONE', #3916 ) ;
#1126 = DIRECTION ( 'NONE',  ( 0.8660254037844383745, 0.5000000000000005551, 0.000000000000000000 ) ) ;
#1127 = PRODUCT_DEFINITION_FORMATION_WITH_SPECIFIED_SOURCE ( 'ANY', '', #7590, .NOT_KNOWN. ) ;
#1128 = EDGE_LOOP ( 'NONE', ( #5971, #1411, #6828, #647, #11208, #2938 ) ) ;
#1129 = CONTEXT_DEPENDENT_SHAPE_REPRESENTATION ( #8384, #4390 ) ;
#1130 = CARTESIAN_POINT ( 'NONE',  ( 3.400000000000000355, 0.000000000000000000, 0.000000000000000000 ) ) ;
#1131 = CARTESIAN_POINT ( 'NONE',  ( 1.672282218993687231, 1.343908487461472401, -0.07933779981236054046 ) ) ;
#1132 = ADVANCED_FACE ( 'NONE', ( #8415 ), #9251, .F. ) ;
#1133 = CIRCLE ( 'NONE', #2288, 4.000000000000000000 ) ;
#1134 = CARTESIAN_POINT ( 'NONE',  ( 0.000000000000000000, 1.224646799147353207E-16, -1.000000000000000000 ) ) ;
#1135 = CARTESIAN_POINT ( 'NONE',  ( 5.500000000000002665, 0.8999999999999995781, -23.30940107675840878 ) ) ;
#1136 = DIRECTION ( 'NONE',  ( 0.000000000000000000, 0.000000000000000000, -1.000000000000000000 ) ) ;
#1137 = ORIENTED_EDGE ( 'NONE', *, *, #3465, .F. ) ;
#1138 = EDGE_CURVE ( 'NONE', #11504, #3786, #3791, .T. ) ;
#1139 = CARTESIAN_POINT ( 'NONE',  ( 1.000000000000000000, 1.224646799147354933E-16, -2.130481160836854126 ) ) ;
#1140 = VECTOR ( 'NONE', #10250, 1000.000000000000000 ) ;
#1141 = ORIENTED_EDGE ( 'NONE', *, *, #1655, .T. ) ;
#1142 = CARTESIAN_POINT ( 'NONE',  ( 2.000000000000000000, -0.1951254011572754188, -1.600000000000000089 ) ) ;
#1143 = DIRECTION ( 'NONE',  ( 0.000000000000000000, 0.000000000000000000, -1.000000000000000000 ) ) ;
#1144 = ORIENTED_EDGE ( 'NONE', *, *, #11524, .T. ) ;
#1145 = CARTESIAN_POINT ( 'NONE',  ( -22.70914770952258621, -2.050261755315463841, 1045.983860464337113 ) ) ;
#1146 = CARTESIAN_POINT ( 'NONE',  ( -0.7063323362395713678, -0.4078011644652541068, -0.1291166393111736477 ) ) ;
#1147 = CARTESIAN_POINT ( 'NONE',  ( 1.000000000000000000, 0.000000000000000000, 0.000000000000000000 ) ) ;
#1148 = CARTESIAN_POINT ( 'NONE',  ( 0.000000000000000000, 0.000000000000000000, 0.000000000000000000 ) ) ;
#1149 = CARTESIAN_POINT ( 'NONE',  ( 3.699999999999999289, -4.001000000000000334, 0.4999999999999991673 ) ) ;
#1150 = AXIS2_PLACEMENT_3D ( 'NONE', #3083, #9613, #7651 ) ;
#1151 = EDGE_CURVE ( 'NONE', #7427, #6856, #829, .T. ) ;
#1152 = VERTEX_POINT ( 'NONE', #11143 ) ;
#1153 = DIRECTION ( 'NONE',  ( 0.7071067811865500152, -0.000000000000000000, 0.7071067811865451302 ) ) ;
#1154 = EDGE_CURVE ( 'NONE', #1042, #2974, #11016, .T. ) ;
#1155 = VERTEX_POINT ( 'NONE', #4622 ) ;
#1156 = CARTESIAN_POINT ( 'NONE',  ( -0.7263287850284133595, -0.2227272727272733011, -500000.0000000000582 ) ) ;
#1157 = EDGE_LOOP ( 'NONE', ( #6818, #5665, #316, #1221, #9777 ) ) ;
#1158 = CARTESIAN_POINT ( 'NONE',  ( 0.000000000000000000, 0.000000000000000000, -0.2999999999999842792 ) ) ;
#1159 = EDGE_LOOP ( 'NONE', ( #10148, #9617, #8739 ) ) ;
#1160 = SURFACE_SIDE_STYLE ('',( #6879 ) ) ;
#1161 = CARTESIAN_POINT ( 'NONE',  ( 1.500000000000000000, 0.000000000000000000, 2.500000000000000000 ) ) ;
#1162 = UNCERTAINTY_MEASURE_WITH_UNIT (LENGTH_MEASURE( 1.000000000000000082E-05 ), #10901, 'distance_accuracy_value', 'NONE');
#1163 = PLANE ( 'NONE',  #4489 ) ;
#1164 = SURFACE_SIDE_STYLE ('',( #11078 ) ) ;
#1165 = DIRECTION ( 'NONE',  ( -1.000000000000000000, -0.000000000000000000, -0.000000000000000000 ) ) ;
#1166 = DIRECTION ( 'NONE',  ( -0.000000000000000000, 0.000000000000000000, -1.000000000000000000 ) ) ;
#1167 = ADVANCED_FACE ( 'NONE', ( #5517 ), #5462, .F. ) ;
#1168 = ADVANCED_FACE ( 'NONE', ( #935 ), #6586, .F. ) ;
#1169 = ORIENTED_EDGE ( 'NONE', *, *, #2168, .T. ) ;
#1170 = CARTESIAN_POINT ( 'NONE',  ( -0.9526279441628808797, 0.5500000000000002665, -3.300000000000018030 ) ) ;
#1171 = EDGE_LOOP ( 'NONE', ( #9384, #938, #7381, #7438 ) ) ;
#1172 = CARTESIAN_POINT ( 'NONE',  ( 5.499999999999998224, 0.000000000000000000, -20.99999999999990763 ) ) ;
#1173 = AXIS2_PLACEMENT_3D ( 'NONE', #10268, #8377, #6668 ) ;
#1174 = EDGE_CURVE ( 'NONE', #1003, #8312, #1961, .T. ) ;
#1175 = ORIENTED_EDGE ( 'NONE', *, *, #8649, .F. ) ;
#1176 = EDGE_CURVE ( 'NONE', #11205, #6224, #5562, .T. ) ;
#1177 = EDGE_LOOP ( 'NONE', ( #10237, #6908, #4978, #9373, #2996, #10225 ) ) ;
#1178 = CIRCLE ( 'NONE', #1572, 1.000000000000000000 ) ;
#1179 = CARTESIAN_POINT ( 'NONE',  ( 0.000000000000000000, 0.000000000000000000, -0.1540456584061371259 ) ) ;
#1180 = DIRECTION ( 'NONE',  ( -0.8660254037844381525, 0.5000000000000007772, 0.000000000000000000 ) ) ;
#1181 = AXIS2_PLACEMENT_3D ( 'NONE', #3110, #8563, #3176 ) ;
#1182 = CARTESIAN_POINT ( 'NONE',  ( 1.340742937416024905, -1.535322780927274700, -1.599999999999999867 ) ) ;
#1183 = FACE_OUTER_BOUND ( 'NONE', #9711, .T. ) ;
#1184 = VERTEX_POINT ( 'NONE', #5639 ) ;
#1185 = CARTESIAN_POINT ( 'NONE',  ( 3.500000000000000000, 0.000000000000000000, -24.00000000000000000 ) ) ;
#1186 = AXIS2_PLACEMENT_3D ( 'NONE', #9463, #1323, #1969 ) ;
#1187 = STYLED_ITEM ( 'NONE', ( #8754 ), #1779 ) ;
#1188 = COLOUR_RGB ( '',0.8980392156862745390, 0.9176470588235293713, 0.9294117647058823817 ) ;
#1189 = EDGE_CURVE ( 'NONE', #7119, #473, #4243, .T. ) ;
#1190 = AXIS2_PLACEMENT_3D ( 'NONE', #6600, #177, #11091 ) ;
#1191 = ORIENTED_EDGE ( 'NONE', *, *, #7491, .F. ) ;
#1192 = ITEM_DEFINED_TRANSFORMATION ( 'NONE', 'NONE', #5687,  #4873 ) ;
#1193 = VECTOR ( 'NONE', #5760, 999.9999999999998863 ) ;
#1194 = LINE ( 'NONE', #8376, #3712 ) ;
#1195 = DIRECTION ( 'NONE',  ( -0.000000000000000000, -1.000000000000000000, 0.000000000000000000 ) ) ;
#1196 = STYLED_ITEM ( 'NONE', ( #5578 ), #1197 ) ;
#1197 = MANIFOLD_SOLID_BREP ( 'EndChamfer', #2525 ) ;
#1198 = DIRECTION ( 'NONE',  ( 0.000000000000000000, -1.000000000000000000, 0.000000000000000000 ) ) ;
#1199 = CARTESIAN_POINT ( 'NONE',  ( -11.31370849898476116, 7.500000000000000000, -10.11613953566982715 ) ) ;
#1200 = CARTESIAN_POINT ( 'NONE',  ( 0.000000000000000000, 0.000000000000000000, 0.000000000000000000 ) ) ;
#1201 = AXIS2_PLACEMENT_3D ( 'NONE', #7569, #7628, #11363 ) ;
#1202 = EDGE_LOOP ( 'NONE', ( #9840, #498 ) ) ;
#1203 = AXIS2_PLACEMENT_3D ( 'NONE', #2832, #10183, #2008 ) ;
#1204 = PRODUCT_DEFINITION ( 'UNKNOWN', '', #1127, #6143 ) ;
#1205 = DIRECTION ( 'NONE',  ( 0.000000000000000000, 1.000000000000000000, 0.000000000000000000 ) ) ;
#1206 = CIRCLE ( 'NONE', #7467, 3.999999999999996447 ) ;
#1207 = EDGE_LOOP ( 'NONE', ( #3328, #2385, #3461, #11491, #9536, #4316 ) ) ;
#1208 = DIRECTION ( 'NONE',  ( -1.000000000000000000, -0.000000000000000000, -0.000000000000000000 ) ) ;
#1209 = ORIENTED_EDGE ( 'NONE', *, *, #8193, .T. ) ;
#1210 = DIRECTION ( 'NONE',  ( -0.5000000000000001110, 0.000000000000000000, 0.8660254037844384856 ) ) ;
#1211 = CARTESIAN_POINT ( 'NONE',  ( -1.999999999999999556, 0.000000000000000000, -24.00000000000000000 ) ) ;
#1212 = AXIS2_PLACEMENT_3D ( 'NONE', #4191, #7802, #5130 ) ;
#1213 = CARTESIAN_POINT ( 'NONE',  ( 8.500000000000000000, 2.500000000000000000, -24.00000000000000000 ) ) ;
#1214 = LINE ( 'NONE', #3901, #4255 ) ;
#1215 = CYLINDRICAL_SURFACE ( 'NONE', #8914, 4.000000000000001776 ) ;
#1216 = ORIENTED_EDGE ( 'NONE', *, *, #7731, .T. ) ;
#1217 = CARTESIAN_POINT ( 'NONE',  ( 3.499999999999996891, 0.8999999999999986899, -4.154700538379140440 ) ) ;
#1218 = ORIENTED_EDGE ( 'NONE', *, *, #10035, .F. ) ;
#1219 = CARTESIAN_POINT ( 'NONE',  ( 0.000000000000000000, 0.000000000000000000, -1.600000000000000089 ) ) ;
#1220 = CIRCLE ( 'NONE', #9379, 10.50000000000000000 ) ;
#1221 = ORIENTED_EDGE ( 'NONE', *, *, #11277, .F. ) ;
#1222 = CARTESIAN_POINT ( 'NONE',  ( 1.836821824868180020, 1.248911501717478334, -0.1242400699092101324 ) ) ;
#1223 = ORIENTED_EDGE ( 'NONE', *, *, #8427, .T. ) ;
#1224 = DIRECTION ( 'NONE',  ( 0.000000000000000000, 0.000000000000000000, 1.000000000000000000 ) ) ;
#1225 = EDGE_CURVE ( 'NONE', #6149, #6742, #8191, .T. ) ;
#1226 = DIRECTION ( 'NONE',  ( -0.000000000000000000, -0.000000000000000000, 1.000000000000000000 ) ) ;
#1227 = DIRECTION ( 'NONE',  ( -1.000000000000000000, -1.776356839400250465E-15, 0.000000000000000000 ) ) ;
#1228 = MECHANICAL_DESIGN_GEOMETRIC_PRESENTATION_REPRESENTATION (  '', ( #281 ), #1041 ) ;
#1229 = CONICAL_SURFACE ( 'NONE', #4095, 0.7740000000000000213, 1.047197551196601628 ) ;
#1230 = DIRECTION ( 'NONE',  ( 0.000000000000000000, 1.000000000000000000, 0.000000000000000000 ) ) ;
#1231 = PRODUCT_DEFINITION_SHAPE ( 'NONE', 'NONE',  #2238 ) ;
#1232 = DIRECTION ( 'NONE',  ( 1.000000000000000000, 0.000000000000000000, 0.000000000000000000 ) ) ;
#1233 = DIRECTION ( 'NONE',  ( 0.000000000000000000, 0.000000000000000000, 1.000000000000000000 ) ) ;
#1234 = EDGE_LOOP ( 'NONE', ( #975, #395, #5440, #225, #2942 ) ) ;
#1235 = LINE ( 'NONE', #2255, #8126 ) ;
#1236 = ORIENTED_EDGE ( 'NONE', *, *, #1263, .T. ) ;
#1237 = DIRECTION ( 'NONE',  ( 0.000000000000000000, 0.000000000000000000, -1.000000000000000000 ) ) ;
#1238 = VERTEX_POINT ( 'NONE', #1476 ) ;
#1239 = AXIS2_PLACEMENT_3D ( 'NONE', #3413, #10408, #9593 ) ;
#1240 = MANIFOLD_SOLID_BREP ( 'Ressalto-extrus\X2\00e3\X0\o1', #7082 ) ;
#1241 = ORIENTED_EDGE ( 'NONE', *, *, #50, .T. ) ;
#1242 =( NAMED_UNIT ( * ) PLANE_ANGLE_UNIT ( ) SI_UNIT ( $, .RADIAN. ) );
#1243 = EDGE_CURVE ( 'NONE', #10507, #4346, #561, .T. ) ;
#1244 = LINE ( 'NONE', #11090, #4077 ) ;
#1245 = ADVANCED_FACE ( 'NONE', ( #10304 ), #11439, .T. ) ;
#1246 = CARTESIAN_POINT ( 'NONE',  ( 5.500000000000000888, 2.500000000000000000, -21.00000000000000000 ) ) ;
#1247 = CARTESIAN_POINT ( 'NONE',  ( 3.000000000000000000, 0.000000000000000000, 0.000000000000000000 ) ) ;
#1248 = ADVANCED_FACE ( 'NONE', ( #5933 ), #5035, .T. ) ;
#1249 = DIRECTION ( 'NONE',  ( 0.000000000000000000, 0.000000000000000000, -1.000000000000000000 ) ) ;
#1250 = AXIS2_PLACEMENT_3D ( 'NONE', #6909, #5060, #4059 ) ;
#1251 = EDGE_LOOP ( 'NONE', ( #5298, #6326, #10674 ) ) ;
#1252 = CARTESIAN_POINT ( 'NONE',  ( 1.224646799147353454E-16, 1.000000000000000666, -2.269518839163146673 ) ) ;
#1253 = CIRCLE ( 'NONE', #2030, 0.8156023289305088797 ) ;
#1254 = AXIS2_PLACEMENT_3D ( 'NONE', #4266, #11612, #9716 ) ;
#1255 = CONICAL_SURFACE ( 'NONE', #10912, 2.200000000000000622, 0.7853981633974473908 ) ;
#1256 = ORIENTED_EDGE ( 'NONE', *, *, #1013, .T. ) ;
#1257 = ITEM_DEFINED_TRANSFORMATION ( 'NONE', 'NONE', #565,  #4873 ) ;
#1258 = CARTESIAN_POINT ( 'NONE',  ( 2.000000000000000000, -0.3889866277140359152, -0.01677217554083863804 ) ) ;
#1259 = CARTESIAN_POINT ( 'NONE',  ( 0.000000000000000000, 5.058392604970359998E-16, -1.730481160836854215 ) ) ;
#1260 = ORIENTED_EDGE ( 'NONE', *, *, #7612, .F. ) ;
#1261 = LINE ( 'NONE', #2221, #10152 ) ;
#1263 = EDGE_CURVE ( 'NONE', #11704, #7599, #5748, .T. ) ;
#1262 = FACE_OUTER_BOUND ( 'NONE', #9907, .T. ) ;
#1264 = EDGE_CURVE ( 'NONE', #10863, #6231, #1784, .T. ) ;
#1265 = CARTESIAN_POINT ( 'NONE',  ( 0.1631781751318166773, -2.215190113420280049, -0.1242400699092133382 ) ) ;
#1266 = VERTEX_POINT ( 'NONE', #406 ) ;
#1267 = AXIS2_PLACEMENT_3D ( 'NONE', #5104, #1546, #5158 ) ;
#1268 = DIRECTION ( 'NONE',  ( -1.000000000000000000, -0.000000000000000000, -0.000000000000000000 ) ) ;
#1269 = ORIENTED_EDGE ( 'NONE', *, *, #3315, .F. ) ;
#1270 = CARTESIAN_POINT ( 'NONE',  ( 1.224646799147353454E-16, -0.9999999999999997780, -3.330481160836854304 ) ) ;
#1271 = ORIENTED_EDGE ( 'NONE', *, *, #818, .F. ) ;
#1272 =( GEOMETRIC_REPRESENTATION_CONTEXT ( 3 ) GLOBAL_UNCERTAINTY_ASSIGNED_CONTEXT ( ( #11432 ) ) GLOBAL_UNIT_ASSIGNED_CONTEXT ( ( #1666, #9844, #7831 ) ) REPRESENTATION_CONTEXT ( 'NONE', 'WORKASPACE' ) );
#1273 = CARTESIAN_POINT ( 'NONE',  ( -21.50000000000000000, 0.000000000000000000, 0.000000000000000000 ) ) ;
#1274 = DIRECTION ( 'NONE',  ( -1.000000000000000000, 0.000000000000000000, -0.000000000000000000 ) ) ;
#1275 = VECTOR ( 'NONE', #1165, 1000.000000000000000 ) ;
#1276 = CARTESIAN_POINT ( 'NONE',  ( 1.500000000000000000, 0.000000000000000000, 0.000000000000000000 ) ) ;
#1277 = CARTESIAN_POINT ( 'NONE',  ( 2.000000000000000000, 0.7788341705667923831, -0.07984828284773053120 ) ) ;
#1278 = AXIS2_PLACEMENT_3D ( 'NONE', #1025, #10275, #2160 ) ;
#1279 = ORIENTED_EDGE ( 'NONE', *, *, #11236, .F. ) ;
#1280 = CARTESIAN_POINT ( 'NONE',  ( -1.000000000000001776, -1.732050807568876527, -1.600000000000000089 ) ) ;
#1281 = ORIENTED_EDGE ( 'NONE', *, *, #10815, .T. ) ;
#1282 = CARTESIAN_POINT ( 'NONE',  ( 8.500000000000000000, 0.000000000000000000, -3.000000000000000000 ) ) ;
#1283 = B_SPLINE_CURVE_WITH_KNOTS ( 'NONE', 3,
 ( #4573, #8185, #4469, #10026, #3630, #841 ),
 .UNSPECIFIED., .F., .F.,
 ( 4, 2, 4 ),
 ( 0.002060137505873420923, 0.002644210467598553330, 0.003228283429323685737 ),
 .UNSPECIFIED. ) ;
#1284 = VERTEX_POINT ( 'NONE', #10365 ) ;
#1285 = DIRECTION ( 'NONE',  ( 1.000000000000000000, 0.000000000000000000, 0.000000000000000000 ) ) ;
#1286 = AXIS2_PLACEMENT_3D ( 'NONE', #4991, #8618, #1549 ) ;
#1287 = ORIENTED_EDGE ( 'NONE', *, *, #3795, .F. ) ;
#1288 = CARTESIAN_POINT ( 'NONE',  ( -2.000000000000000000, 2.500000000000000000, -21.00000000000000000 ) ) ;
#1289 = CARTESIAN_POINT ( 'NONE',  ( -2.000000000000000000, 1.154700538379254349, -1.421367205045916737 ) ) ;
#1290 = EDGE_CURVE ( 'NONE', #2609, #8814, #10247, .T. ) ;
#1291 = DIRECTION ( 'NONE',  ( 0.000000000000000000, 0.000000000000000000, -1.000000000000000000 ) ) ;
#1292 = LINE ( 'NONE', #9491, #10935 ) ;
#1293 = CARTESIAN_POINT ( 'NONE',  ( 5.500000000000001776, 0.8999999999999986899, -2.999999999999891642 ) ) ;
#1294 = CONICAL_SURFACE ( 'NONE', #5858, 2.000000000000000000, 1.047197551196596299 ) ;
#1295 = ORIENTED_EDGE ( 'NONE', *, *, #2335, .T. ) ;
#1296 = DIRECTION ( 'NONE',  ( 1.000000000000000000, 0.000000000000000000, 0.000000000000000000 ) ) ;
#1297 = EDGE_LOOP ( 'NONE', ( #11427, #2421 ) ) ;
#1298 = DIRECTION ( 'NONE',  ( 0.000000000000000000, 0.000000000000000000, -1.000000000000000000 ) ) ;
#1299 = EDGE_CURVE ( 'NONE', #9505, #1155, #5957, .T. ) ;
#1300 = ORIENTED_EDGE ( 'NONE', *, *, #6560, .T. ) ;
#1301 = ORIENTED_EDGE ( 'NONE', *, *, #3952, .F. ) ;
#1303 = CIRCLE ( 'NONE', #6428, 2.000000000000000000 ) ;
#1302 = PLANE ( 'NONE',  #4460 ) ;
#1304 = CARTESIAN_POINT ( 'NONE',  ( 0.000000000000000000, -2.971690854684141847, -0.9000000000000006883 ) ) ;
#1305 = PLANE ( 'NONE',  #9040 ) ;
#1306 = CARTESIAN_POINT ( 'NONE',  ( 4.099999999999999645, -2.971690854684141847, -0.3999999999999968026 ) ) ;
#1307 = ORIENTED_EDGE ( 'NONE', *, *, #7200, .F. ) ;
#1308 = DIRECTION ( 'NONE',  ( 0.000000000000000000, -1.000000000000000000, -0.000000000000000000 ) ) ;
#1309 = EDGE_CURVE ( 'NONE', #1266, #5985, #8968, .T. ) ;
#1310 = DIRECTION ( 'NONE',  ( 0.8660254037844382635, 0.000000000000000000, 0.5000000000000006661 ) ) ;
#1311 = VERTEX_POINT ( 'NONE', #2369 ) ;
#1312 = ITEM_DEFINED_TRANSFORMATION ( 'NONE', 'NONE', #5500,  #4873 ) ;
#1313 =( GEOMETRIC_REPRESENTATION_CONTEXT ( 3 ) GLOBAL_UNCERTAINTY_ASSIGNED_CONTEXT ( ( #3404 ) ) GLOBAL_UNIT_ASSIGNED_CONTEXT ( ( #9285, #7748, #3961 ) ) REPRESENTATION_CONTEXT ( 'NONE', 'WORKASPACE' ) );
#1314 =( LENGTH_UNIT ( ) NAMED_UNIT ( * ) SI_UNIT ( .MILLI., .METRE. ) );
#1315 = DIRECTION ( 'NONE',  ( 0.000000000000000000, 0.000000000000000000, 1.000000000000000000 ) ) ;
#1316 = ORIENTED_EDGE ( 'NONE', *, *, #7856, .F. ) ;
#1317 = CARTESIAN_POINT ( 'NONE',  ( 0.9526279441628809908, -0.5500000000000001554, -3.300000000000018030 ) ) ;
#1318 = DIRECTION ( 'NONE',  ( 0.000000000000000000, -1.000000000000000000, 0.000000000000000000 ) ) ;
#1319 = LINE ( 'NONE', #2280, #9994 ) ;
#1320 = EDGE_CURVE ( 'NONE', #3405, #9478, #10485, .T. ) ;
#1321 = ORIENTED_EDGE ( 'NONE', *, *, #8207, .T. ) ;
#1322 = PRODUCT_DEFINITION_FORMATION_WITH_SPECIFIED_SOURCE ( 'ANY', '', #1996, .NOT_KNOWN. ) ;
#1323 = DIRECTION ( 'NONE',  ( 0.000000000000000000, -1.224649721909276639E-16, 1.000000000000000000 ) ) ;
#1324 = ORIENTED_EDGE ( 'NONE', *, *, #523, .T. ) ;
#1325 = ADVANCED_FACE ( 'NONE', ( #2129 ), #4806, .T. ) ;
#1326 = CARTESIAN_POINT ( 'NONE',  ( 2.000000000000000000, 0.000000000000000000, -1.600000000000000089 ) ) ;
#1327 = EDGE_CURVE ( 'NONE', #10136, #4141, #9425, .T. ) ;
#1328 = VERTEX_POINT ( 'NONE', #5872 ) ;
#1329 = CIRCLE ( 'NONE', #383, 0.5000000000000000000 ) ;
#1330 = PRODUCT ( 'hex nut style 1 gradeab_iso_ISO - 4032 - M2 - D - N', 'hex nut style 1 gradeab_iso_ISO - 4032 - M2 - D - N', '', ( #2807 ) ) ;
#1331 = CARTESIAN_POINT ( 'NONE',  ( 0.000000000000000000, 0.000000000000000000, 0.000000000000000000 ) ) ;
#1332 = DIRECTION ( 'NONE',  ( 0.000000000000000000, 0.000000000000000000, 1.000000000000000000 ) ) ;
#1333 = CARTESIAN_POINT ( 'NONE',  ( 0.000000000000000000, 0.000000000000000000, 0.000000000000000000 ) ) ;
#1334 = LINE ( 'NONE', #4904, #9370 ) ;
#1335 = CARTESIAN_POINT ( 'NONE',  ( -2.000000000000000000, -0.8000000000000211386, -23.19999999999990692 ) ) ;
#1336 =( REPRESENTATION_RELATIONSHIP ('NONE','NONE', #9860, #1805 ) REPRESENTATION_RELATIONSHIP_WITH_TRANSFORMATION ( #6734 )SHAPE_REPRESENTATION_RELATIONSHIP( ) );
#1337 = ORIENTED_EDGE ( 'NONE', *, *, #10880, .T. ) ;
#1338 = PLANE ( 'NONE',  #41 ) ;
#1339 = AXIS2_PLACEMENT_3D ( 'NONE', #1293, #6645, #7768 ) ;
#1340 = ORIENTED_EDGE ( 'NONE', *, *, #8729, .T. ) ;
#1341 = CARTESIAN_POINT ( 'NONE',  ( -1.672282218993687675, -1.343908487461474177, -0.07933779981236170620 ) ) ;
#1342 = VERTEX_POINT ( 'NONE', #9488 ) ;
#1343 = CARTESIAN_POINT ( 'NONE',  ( 7.499999999999998224, 2.500000000000000000, -19.84529946162064817 ) ) ;
#1344 = ADVANCED_FACE ( 'NONE', ( #1350 ), #7944, .F. ) ;
#1345 = ORIENTED_EDGE ( 'NONE', *, *, #11618, .F. ) ;
#1346 =( NAMED_UNIT ( * ) SI_UNIT ( $, .STERADIAN. ) SOLID_ANGLE_UNIT ( ) );
#1347 = CARTESIAN_POINT ( 'NONE',  ( 3.500000000000000000, 9.199999999999999289, -22.50000000000000000 ) ) ;
#1348 = VECTOR ( 'NONE', #2251, 1000.000000000000000 ) ;
#1349 = DIRECTION ( 'NONE',  ( -0.000000000000000000, -0.000000000000000000, -1.000000000000000000 ) ) ;
#1350 = FACE_OUTER_BOUND ( 'NONE', #10893, .T. ) ;
#1351 = FACE_OUTER_BOUND ( 'NONE', #141, .T. ) ;
#1352 = CARTESIAN_POINT ( 'NONE',  ( -0.7063323362395491634, 0.4078011644652420054, -0.1291166393111913002 ) ) ;
#1353 = CARTESIAN_POINT ( 'NONE',  ( 2.000000000000000000, 0.000000000000000000, 0.000000000000000000 ) ) ;
#1354 = VERTEX_POINT ( 'NONE', #11677 ) ;
#1355 = PLANE ( 'NONE',  #6810 ) ;
#1356 = ORIENTED_EDGE ( 'NONE', *, *, #8233, .F. ) ;
#1357 = CARTESIAN_POINT ( 'NONE',  ( -4.987329993433320396E-15, -2.309401076758504701, -1.421367205045916737 ) ) ;
#1358 = AXIS2_PLACEMENT_3D ( 'NONE', #7224, #4503, #7965 ) ;
#1359 = VERTEX_POINT ( 'NONE', #8766 ) ;
#1360 = MANIFOLD_SOLID_BREP ( 'ThdSchPat', #5170 ) ;
#1361 = ORIENTED_EDGE ( 'NONE', *, *, #9684, .F. ) ;
#1362 = SURFACE_STYLE_USAGE ( .BOTH. , #10322 ) ;
#1363 = CARTESIAN_POINT ( 'NONE',  ( -0.2776701573299248382, 0.5673746495327971484, -0.7871156299462379602 ) ) ;
#1364 = DIRECTION ( 'NONE',  ( 0.000000000000000000, 0.000000000000000000, -1.000000000000000000 ) ) ;
#1365 = CARTESIAN_POINT ( 'NONE',  ( 0.000000000000000000, 2.309401076758504701, 0.000000000000000000 ) ) ;
#1366 = FACE_OUTER_BOUND ( 'NONE', #9924, .T. ) ;
#1367 = ORIENTED_EDGE ( 'NONE', *, *, #8839, .F. ) ;
#1368 = DIRECTION ( 'NONE',  ( -0.000000000000000000, 0.000000000000000000, -1.000000000000000000 ) ) ;
#1369 = DIRECTION ( 'NONE',  ( -1.000000000000000000, -0.000000000000000000, -0.000000000000000000 ) ) ;
#1370 = VECTOR ( 'NONE', #11424, 1000.000000000000000 ) ;
#1371 = B_SPLINE_CURVE_WITH_KNOTS ( 'NONE', 3,
 ( #3209, #2310, #7821, #9558, #1425, #873 ),
 .UNSPECIFIED., .F., .F.,
 ( 4, 2, 4 ),
 ( 0.003228283429323684436, 0.003812703409393311971, 0.004397123389462939506 ),
 .UNSPECIFIED. ) ;
#1372 = DIRECTION ( 'NONE',  ( 1.000000000000000000, -0.000000000000000000, -0.000000000000000000 ) ) ;
#1373 = ORIENTED_EDGE ( 'NONE', *, *, #10544, .F. ) ;
#1374 = AXIS2_PLACEMENT_3D ( 'NONE', #5370, #10760, #854 ) ;
#1375 = CONTEXT_DEPENDENT_SHAPE_REPRESENTATION ( #4535, #9114 ) ;
#1376 = DIRECTION ( 'NONE',  ( 1.000000000000000000, 0.000000000000000000, 0.000000000000000000 ) ) ;
#1377 = CARTESIAN_POINT ( 'NONE',  ( -2.000000000000000000, 0.9679918988505324950, -1.475265346691885471 ) ) ;
#1378 = EDGE_CURVE ( 'NONE', #9243, #3528, #1656, .T. ) ;
#1379 = EDGE_LOOP ( 'NONE', ( #3859, #11433 ) ) ;
#1380 = CARTESIAN_POINT ( 'NONE',  ( -1.000000000000000000, 0.000000000000000000, -2.500000000000000000 ) ) ;
#1381 = VECTOR ( 'NONE', #9161, 1000.000000000000114 ) ;
#1382 = CARTESIAN_POINT ( 'NONE',  ( 4.099999999999999645, 2.821690854684141936, 0.9000000000000006883 ) ) ;
#1383 = AXIS2_PLACEMENT_3D ( 'NONE', #2870, #3596, #9219 ) ;
#1384 = AXIS2_PLACEMENT_3D ( 'NONE', #3478, #11545, #3545 ) ;
#1385 = DIRECTION ( 'NONE',  ( -0.000000000000000000, -0.000000000000000000, -1.000000000000000000 ) ) ;
#1386 = ORIENTED_EDGE ( 'NONE', *, *, #8857, .T. ) ;
#1387 = CARTESIAN_POINT ( 'NONE',  ( 2.000000000000000000, 0.1952413320394011109, -1.600000000000000089 ) ) ;
#1388 = CONICAL_SURFACE ( 'NONE', #9919, 2.000000000000000000, 1.047197551196595855 ) ;
#1389 = EDGE_LOOP ( 'NONE', ( #8186, #5527, #9586, #9825, #23, #6209 ) ) ;
#1390 = CIRCLE ( 'NONE', #239, 1.949999999999999734 ) ;
#1391 = DIRECTION ( 'NONE',  ( -1.000000000000000000, 0.000000000000000000, 0.000000000000000000 ) ) ;
#1392 = VERTEX_POINT ( 'NONE', #2541 ) ;
#1393 = DIRECTION ( 'NONE',  ( 1.000000000000000000, 0.000000000000000000, 0.000000000000000000 ) ) ;
#1394 = EDGE_CURVE ( 'NONE', #159, #11067, #9888, .T. ) ;
#1395 = CARTESIAN_POINT ( 'NONE',  ( -0.08150233243785627579, 0.8597450606570532505, -0.6472342529030340463 ) ) ;
#1396 = FACE_BOUND ( 'NONE', #9391, .T. ) ;
#1397 = EDGE_CURVE ( 'NONE', #1619, #8116, #10866, .T. ) ;
#1398 = EDGE_CURVE ( 'NONE', #3614, #8642, #7054, .T. ) ;
#1399 = VECTOR ( 'NONE', #5674, 1000.000000000000000 ) ;
#1400 = CARTESIAN_POINT ( 'NONE',  ( -1.000000000000000000, 9.629649721936179265E-32, -2.530481160836854482 ) ) ;
#1401 = DIRECTION ( 'NONE',  ( 1.060575238724911106E-16, 0.8660254037844419273, 0.4999999999999942268 ) ) ;
#1402 = AXIS2_PLACEMENT_3D ( 'NONE', #8733, #4406, #1735 ) ;
#1403 = EDGE_CURVE ( 'NONE', #1627, #7921, #8039, .T. ) ;
#1404 = AXIS2_PLACEMENT_3D ( 'NONE', #1172, #4690, #1059 ) ;
#1405 = ADVANCED_FACE ( 'NONE', ( #1766 ), #10713, .F. ) ;
#1406 =( GEOMETRIC_REPRESENTATION_CONTEXT ( 3 ) GLOBAL_UNCERTAINTY_ASSIGNED_CONTEXT ( ( #7475 ) ) GLOBAL_UNIT_ASSIGNED_CONTEXT ( ( #6171, #869, #5329 ) ) REPRESENTATION_CONTEXT ( 'NONE', 'WORKASPACE' ) );
#1407 = VERTEX_POINT ( 'NONE', #11501 ) ;
#1408 = CARTESIAN_POINT ( 'NONE',  ( -4.987329993433320396E-15, -2.309401076758504701, -0.1786327949540832127 ) ) ;
#1409 = ORIENTED_EDGE ( 'NONE', *, *, #8667, .F. ) ;
#1410 = CARTESIAN_POINT ( 'NONE',  ( -1.169735307079674547, -1.634054082335445690, -1.276902167985857268E-16 ) ) ;
#1411 = ORIENTED_EDGE ( 'NONE', *, *, #2121, .T. ) ;
#1412 = DIRECTION ( 'NONE',  ( 0.000000000000000000, 0.000000000000000000, -1.000000000000000000 ) ) ;
#1413 = CIRCLE ( 'NONE', #10874, 2.500000000000000000 ) ;
#1414 = VERTEX_POINT ( 'NONE', #5390 ) ;
#1415 = SURFACE_SIDE_STYLE ('',( #11197 ) ) ;
#1416 = CARTESIAN_POINT ( 'NONE',  ( 0.000000000000000000, 0.000000000000000000, -1.600000000000000089 ) ) ;
#1417 = CARTESIAN_POINT ( 'NONE',  ( -0.7721663362423416554, 0.2820136350588481333, -0.6722168497372125184 ) ) ;
#1418 = FILL_AREA_STYLE_COLOUR ( '', #10099 ) ;
#1419 = CARTESIAN_POINT ( 'NONE',  ( 0.000000000000000000, 0.7740000000000005764, -2.400000000000000355 ) ) ;
#1420 = ADVANCED_FACE ( 'NONE', ( #11560 ), #839, .F. ) ;
#1421 = CARTESIAN_POINT ( 'NONE',  ( -4.000000000000003553, 0.8999999999999998002, -19.84529946162065883 ) ) ;
#1422 = EDGE_CURVE ( 'NONE', #3498, #1641, #1604, .T. ) ;
#1423 = EDGE_LOOP ( 'NONE', ( #125, #10007, #1345, #8453, #8547 ) ) ;
#1424 = VECTOR ( 'NONE', #828, 1000.000000000000000 ) ;
#1425 = CARTESIAN_POINT ( 'NONE',  ( -2.000000000000000000, 0.9679918988505297195, -0.1247346533081140629 ) ) ;
#1426 = ORIENTED_EDGE ( 'NONE', *, *, #3768, .T. ) ;
#1427 = CARTESIAN_POINT ( 'NONE',  ( -5.000000000000000000, 0.000000000000000000, -3.000000000000000000 ) ) ;
#1428 = EDGE_LOOP ( 'NONE', ( #3195, #33, #9863, #6279 ) ) ;
#1429 = ORIENTED_EDGE ( 'NONE', *, *, #2929, .F. ) ;
#1430 = CARTESIAN_POINT ( 'NONE',  ( 5.499999999999998224, 0.8999999999999989120, -0.6905989232413869416 ) ) ;
#1431 = DIRECTION ( 'NONE',  ( -0.000000000000000000, -0.000000000000000000, 1.000000000000000000 ) ) ;
#1432 = DIRECTION ( 'NONE',  ( 0.000000000000000000, 0.000000000000000000, -1.000000000000000000 ) ) ;
#1433 = ORIENTED_EDGE ( 'NONE', *, *, #163, .T. ) ;
#1434 = DIRECTION ( 'NONE',  ( -1.000000000000000000, 0.000000000000000000, 0.000000000000000000 ) ) ;
#1435 = DIRECTION ( 'NONE',  ( 0.000000000000000000, 0.000000000000000000, -1.000000000000000000 ) ) ;
#1436 = AXIS2_PLACEMENT_3D ( 'NONE', #5673, #6681, #8457 ) ;
#1437 = PRODUCT_DEFINITION_SHAPE ( 'NONE', 'NONE',  #11730 ) ;
#1438 = DIRECTION ( 'NONE',  ( 0.000000000000000000, 0.000000000000000000, 1.000000000000000000 ) ) ;
#1439 = ORIENTED_EDGE ( 'NONE', *, *, #7609, .T. ) ;
#1440 = CARTESIAN_POINT ( 'NONE',  ( -2.000000000000000000, -1.154700538379254349, -1.421367205045916737 ) ) ;
#1441 = DIRECTION ( 'NONE',  ( 0.000000000000000000, 0.000000000000000000, 1.000000000000000000 ) ) ;
#1442 = AXIS2_PLACEMENT_3D ( 'NONE', #5782, #10267, #3047 ) ;
#1443 = EDGE_LOOP ( 'NONE', ( #7042, #5643, #1791, #5618 ) ) ;
#1444 = CARTESIAN_POINT ( 'NONE',  ( 5.500000000000001776, 0.2999999999999825584, -4.099999999999890399 ) ) ;
#1445 = CARTESIAN_POINT ( 'NONE',  ( 0.6041162875959851242, -0.5320373847196281369, -0.6822463724677256813 ) ) ;
#1446 = DIRECTION ( 'NONE',  ( 1.060575238724909257E-16, -0.8660254037844404840, -0.4999999999999967248 ) ) ;
#1447 = ORIENTED_EDGE ( 'NONE', *, *, #3957, .T. ) ;
#1448 = CIRCLE ( 'NONE', #9608, 0.7740000000000000213 ) ;
#1449 = CIRCLE ( 'NONE', #3350, 2.499999999999998668 ) ;
#1450 = CONICAL_SURFACE ( 'NONE', #3925, 2.000000000000000000, 1.047197551196596299 ) ;
#1451 = ADVANCED_FACE ( 'NONE', ( #2480 ), #6109, .F. ) ;
#1452 = VERTEX_POINT ( 'NONE', #3491 ) ;
#1453 = CARTESIAN_POINT ( 'NONE',  ( 4.099999999999999645, 2.821690854684141936, 0.3999999999999968026 ) ) ;
#1454 = ORIENTED_EDGE ( 'NONE', *, *, #7425, .T. ) ;
#1455 = DIRECTION ( 'NONE',  ( 0.5000000000000004441, 0.000000000000000000, -0.8660254037844383745 ) ) ;
#1456 = CARTESIAN_POINT ( 'NONE',  ( 3.000000000000000000, 4.898587196589412829E-16, -4.000000000000000000 ) ) ;
#1457 = DIRECTION ( 'NONE',  ( -0.5000000000000004441, 0.000000000000000000, 0.8660254037844383745 ) ) ;
#1458 = CARTESIAN_POINT ( 'NONE',  ( 0.6062177826491110810, -0.3500000000000007550, 0.000000000000000000 ) ) ;
#1459 = CARTESIAN_POINT ( 'NONE',  ( 0.000000000000000000, 0.000000000000000000, 0.000000000000000000 ) ) ;
#1460 = CIRCLE ( 'NONE', #7320, 4.000000000000000000 ) ;
#1461 = CONICAL_SURFACE ( 'NONE', #11509, 0.7740000000000000213, 1.047197551196601628 ) ;
#1462 = ORIENTED_EDGE ( 'NONE', *, *, #5998, .T. ) ;
#1463 = CARTESIAN_POINT ( 'NONE',  ( 7.500000000000000888, 0.8999999999999986899, -4.154700538379145769 ) ) ;
#1464 = EDGE_CURVE ( 'NONE', #8116, #3788, #2118, .T. ) ;
#1465 = VERTEX_POINT ( 'NONE', #6569 ) ;
#1466 = LINE ( 'NONE', #3073, #4814 ) ;
#1467 = EDGE_CURVE ( 'NONE', #1005, #5960, #3689, .T. ) ;
#1468 = ORIENTED_EDGE ( 'NONE', *, *, #533, .F. ) ;
#1469 = MECHANICAL_DESIGN_GEOMETRIC_PRESENTATION_REPRESENTATION (  '', ( #6963 ), #4684 ) ;
#1470 = DIRECTION ( 'NONE',  ( 1.000000000000000000, -0.000000000000000000, -0.000000000000000000 ) ) ;
#1471 = CIRCLE ( 'NONE', #6029, 1.999999999999999556 ) ;
#1472 = ORIENTED_EDGE ( 'NONE', *, *, #1684, .T. ) ;
#1473 =( NAMED_UNIT ( * ) PLANE_ANGLE_UNIT ( ) SI_UNIT ( $, .RADIAN. ) );
#1474 = EDGE_CURVE ( 'NONE', #6742, #7538, #10831, .T. ) ;
#1475 = DIRECTION ( 'NONE',  ( 1.000000000000000000, 0.000000000000000000, 0.000000000000000000 ) ) ;
#1476 = CARTESIAN_POINT ( 'NONE',  ( 0.000000000000000000, 1.000000000000000444, -1.730481160836854215 ) ) ;
#1477 = DIRECTION ( 'NONE',  ( 0.000000000000000000, 1.000000000000000000, 0.000000000000000000 ) ) ;
#1478 = DIRECTION ( 'NONE',  ( 0.000000000000000000, 0.000000000000000000, -1.000000000000000000 ) ) ;
#1479 = VECTOR ( 'NONE', #7526, 1000.000000000000000 ) ;
#1480 = ORIENTED_EDGE ( 'NONE', *, *, #5503, .T. ) ;
#1481 = CARTESIAN_POINT ( 'NONE',  ( 1.000000000000001998, 1.732050807568876083, -1.600000000000000089 ) ) ;
#1482 = EDGE_CURVE ( 'NONE', #9797, #7977, #1206, .T. ) ;
#1483 = VERTEX_POINT ( 'NONE', #4664 ) ;
#1484 = AXIS2_PLACEMENT_3D ( 'NONE', #4125, #1563, #2458 ) ;
#1485 = CARTESIAN_POINT ( 'NONE',  ( 0.7263287850284176894, -0.2227272727272730235, -0.7092725651034373913 ) ) ;
#1486 = ORIENTED_EDGE ( 'NONE', *, *, #4879, .T. ) ;
#1487 = EDGE_LOOP ( 'NONE', ( #5851, #510, #649, #6311, #8159, #7249, #8804, #7064, #5080, #8656, #5059, #2515, #4934, #11228, #7952 ) ) ;
#1488 = EDGE_CURVE ( 'NONE', #1722, #3700, #11641, .T. ) ;
#1489 = ADVANCED_FACE ( 'NONE', ( #7276 ), #10950, .T. ) ;
#1490 = DIRECTION ( 'NONE',  ( -1.000000000000000000, -0.000000000000000000, -0.000000000000000000 ) ) ;
#1491 = VECTOR ( 'NONE', #6246, 1000.000000000000000 ) ;
#1492 = CYLINDRICAL_SURFACE ( 'NONE', #1267, 1.000000000000000000 ) ;
#1493 = CARTESIAN_POINT ( 'NONE',  ( 0.000000000000000000, 0.000000000000000000, 0.000000000000000000 ) ) ;
#1494 = ORIENTED_EDGE ( 'NONE', *, *, #4946, .T. ) ;
#1495 = DIRECTION ( 'NONE',  ( 0.000000000000000000, 0.000000000000000000, -1.000000000000000000 ) ) ;
#1496 = LINE ( 'NONE', #9574, #8596 ) ;
#1497 = CIRCLE ( 'NONE', #6420, 0.7740000000000000213 ) ;
#1498 = EDGE_CURVE ( 'NONE', #7211, #8834, #3680, .T. ) ;
#1499 = DIRECTION ( 'NONE',  ( 0.000000000000000000, 0.000000000000000000, -1.000000000000000000 ) ) ;
#1500 = ORIENTED_EDGE ( 'NONE', *, *, #5244, .T. ) ;
#1501 = CONTEXT_DEPENDENT_SHAPE_REPRESENTATION ( #4981, #4572 ) ;
#1502 = DIRECTION ( 'NONE',  ( 1.000000000000000000, 0.000000000000000000, 0.000000000000000000 ) ) ;
#1503 = APPLICATION_CONTEXT ( 'automotive_design' ) ;
#1504 = CARTESIAN_POINT ( 'NONE',  ( -8.000000000000000000, 17.00000000000000000, -8.732195743157015855 ) ) ;
#1505 = MANIFOLD_SOLID_BREP ( 'Filete2', #10850 ) ;
#1506 = ORIENTED_EDGE ( 'NONE', *, *, #9816, .T. ) ;
#1507 = CARTESIAN_POINT ( 'NONE',  ( 4.099999999999999645, -2.821690854684141936, 0.3999999999999987454 ) ) ;
#1508 = DIRECTION ( 'NONE',  ( 0.000000000000000000, 0.000000000000000000, -1.000000000000000000 ) ) ;
#1509 = CARTESIAN_POINT ( 'NONE',  ( -2.000000000000000000, -0.3889866277140360817, -1.583227824459161326 ) ) ;
#1510 = EDGE_LOOP ( 'NONE', ( #6830, #2887 ) ) ;
#1511 = ORIENTED_EDGE ( 'NONE', *, *, #7720, .T. ) ;
#1512 = CARTESIAN_POINT ( 'NONE',  ( -16.00000000000000000, 0.000000000000000000, 0.000000000000000000 ) ) ;
#1513 = ADVANCED_FACE ( 'NONE', ( #10890 ), #9111, .F. ) ;
#1514 = ORIENTED_EDGE ( 'NONE', *, *, #8581, .F. ) ;
#1515 = CARTESIAN_POINT ( 'NONE',  ( 6.840852290477398512, -10.35026175531544190, 1031.100000000006958 ) ) ;
#1516 = FACE_OUTER_BOUND ( 'NONE', #10187, .T. ) ;
#1517 = CARTESIAN_POINT ( 'NONE',  ( 0.3277177810063109376, -2.120193127676285538, -0.07933779981236312173 ) ) ;
#1518 = CARTESIAN_POINT ( 'NONE',  ( 0.000000000000000000, -0.9999999999999995559, -1.469518839163146628 ) ) ;
#1519 = SURFACE_STYLE_FILL_AREA ( #5195 ) ;
#1520 = ADVANCED_FACE ( 'NONE', ( #6393 ), #2767, .T. ) ;
#1521 = EDGE_LOOP ( 'NONE', ( #4893, #8633, #6966, #5200 ) ) ;
#1522 = CARTESIAN_POINT ( 'NONE',  ( 2.000000000000000000, 0.3931374000439457617, -0.01723613881363322137 ) ) ;
#1523 = ORIENTED_EDGE ( 'NONE', *, *, #10601, .T. ) ;
#1524 = CARTESIAN_POINT ( 'NONE',  ( -16.00000000000000000, 0.000000000000000000, 0.000000000000000000 ) ) ;
#1525 = ORIENTED_EDGE ( 'NONE', *, *, #2908, .F. ) ;
#1526 = CARTESIAN_POINT ( 'NONE',  ( 2.500000000000000000, 9.199999999999999289, -17.00000000000000000 ) ) ;
#1527 = ORIENTED_EDGE ( 'NONE', *, *, #8722, .T. ) ;
#1528 = PRODUCT_DEFINITION_FORMATION_WITH_SPECIFIED_SOURCE ( 'ANY', '', #2289, .NOT_KNOWN. ) ;
#1529 =( LENGTH_UNIT ( ) NAMED_UNIT ( * ) SI_UNIT ( .MILLI., .METRE. ) );
#1530 = LINE ( 'NONE', #5142, #95 ) ;
#1531 = CARTESIAN_POINT ( 'NONE',  ( 3.699999999999999289, -2.971690854684141847, 0.4999999999999991673 ) ) ;
#1532 = CARTESIAN_POINT ( 'NONE',  ( 0.000000000000000000, 2.309401076758504701, -1.421367205045916737 ) ) ;
#1533 = CIRCLE ( 'NONE', #5704, 0.8156023289305076585 ) ;
#1534 = PRODUCT_DEFINITION_SHAPE ( 'NONE', 'NONE',  #11736 ) ;
#1535 = ORIENTED_EDGE ( 'NONE', *, *, #741, .T. ) ;
#1536 = DIRECTION ( 'NONE',  ( 0.000000000000000000, 1.000000000000000000, 0.000000000000000000 ) ) ;
#1537 = ORIENTED_EDGE ( 'NONE', *, *, #2680, .F. ) ;
#1538 = CARTESIAN_POINT ( 'NONE',  ( 0.9000000000000000222, 0.000000000000000000, 0.000000000000000000 ) ) ;
#1539 = VERTEX_POINT ( 'NONE', #8227 ) ;
#1540 = VERTEX_POINT ( 'NONE', #7334 ) ;
#1541 = CIRCLE ( 'NONE', #8550, 1.999999999999999556 ) ;
#1542 = LINE ( 'NONE', #7013, #10691 ) ;
#1543 = FACE_OUTER_BOUND ( 'NONE', #11535, .T. ) ;
#1544 = ADVANCED_FACE ( 'NONE', ( #10057 ), #1936, .T. ) ;
#1545 = ADVANCED_FACE ( 'NONE', ( #3777 ), #2882, .F. ) ;
#1546 = DIRECTION ( 'NONE',  ( -1.000000000000000000, -0.000000000000000000, -0.000000000000000000 ) ) ;
#1547 = CARTESIAN_POINT ( 'NONE',  ( 1.734723475976807094E-15, 2.500000000000000000, -4.154700538379141328 ) ) ;
#1548 = VERTEX_POINT ( 'NONE', #9474 ) ;
#1549 = DIRECTION ( 'NONE',  ( 0.000000000000000000, 0.000000000000000000, 1.000000000000000000 ) ) ;
#1550 = CIRCLE ( 'NONE', #8746, 1.500000000000001332 ) ;
#1551 = EDGE_CURVE ( 'NONE', #7365, #11504, #3493, .T. ) ;
#1552 = EDGE_CURVE ( 'NONE', #11147, #7211, #5576, .T. ) ;
#1553 =( NAMED_UNIT ( * ) SI_UNIT ( $, .STERADIAN. ) SOLID_ANGLE_UNIT ( ) );
#1554 = CARTESIAN_POINT ( 'NONE',  ( 2.099999999999999645, -2.971690854684141847, 0.4999999999999991673 ) ) ;
#1555 = VERTEX_POINT ( 'NONE', #7753 ) ;
#1556 = CONTEXT_DEPENDENT_SHAPE_REPRESENTATION ( #9984, #10913 ) ;
#1557 = DIRECTION ( 'NONE',  ( 0.8660254037844384856, 0.5000000000000002220, 0.000000000000000000 ) ) ;
#1558 = CARTESIAN_POINT ( 'NONE',  ( 2.000000000000000000, 1.154700538379254349, -1.421367205045916737 ) ) ;
#1559 = ORIENTED_EDGE ( 'NONE', *, *, #3865, .T. ) ;
#1560 = DIRECTION ( 'NONE',  ( -1.000000000000000000, 0.000000000000000000, 0.000000000000000000 ) ) ;
#1561 = CARTESIAN_POINT ( 'NONE',  ( 0.5560518688116538044, -0.5176555429708572520, -0.7092725651034377243 ) ) ;
#1562 = B_SPLINE_CURVE_WITH_KNOTS ( 'NONE', 3,
 ( #6111, #2602, #1596, #5211 ),
 .UNSPECIFIED., .F., .F.,
 ( 4, 4 ),
 ( 2.380749485065259830E-07, 0.001168606431211103485 ),
 .UNSPECIFIED. ) ;
#1563 = DIRECTION ( 'NONE',  ( 0.000000000000000000, 0.000000000000000000, 1.000000000000000000 ) ) ;
#1564 = ADVANCED_FACE ( 'NONE', ( #11185 ), #3308, .T. ) ;
#1565 = VERTEX_POINT ( 'NONE', #2236 ) ;
#1566 = AXIS2_PLACEMENT_3D ( 'NONE', #6155, #8870, #7099 ) ;
#1567 = EDGE_LOOP ( 'NONE', ( #9467, #4848, #4691, #8986, #425, #9892 ) ) ;
#1568 = CARTESIAN_POINT ( 'NONE',  ( 0.000000000000000000, 2.309401076758504701, -1.600000000000000089 ) ) ;
#1569 = ORIENTED_EDGE ( 'NONE', *, *, #3408, .T. ) ;
#1570 = VECTOR ( 'NONE', #1888, 1000.000000000000000 ) ;
#1571 = DIRECTION ( 'NONE',  ( 1.000000000000000000, 0.000000000000000000, 0.000000000000000000 ) ) ;
#1572 = AXIS2_PLACEMENT_3D ( 'NONE', #1701, #4428, #9770 ) ;
#1573 = CARTESIAN_POINT ( 'NONE',  ( 2.000000000000000000, -0.3889866277140359152, -0.01677217554083863804 ) ) ;
#1574 = DIRECTION ( 'NONE',  ( -0.000000000000000000, -0.000000000000000000, 1.000000000000000000 ) ) ;
#1575 = CARTESIAN_POINT ( 'NONE',  ( -5.000000000000000000, 0.000000000000000000, -18.00000000000000355 ) ) ;
#1576 = CARTESIAN_POINT ( 'NONE',  ( -0.3271719972790577136, -2.120508236058134877, -1.530424537474095903 ) ) ;
#1577 = PRODUCT_DEFINITION ( 'UNKNOWN', '', #389, #895 ) ;
#1578 = EDGE_LOOP ( 'NONE', ( #4104, #6286, #8423, #8583 ) ) ;
#1579 = DIRECTION ( 'NONE',  ( 0.000000000000000000, 1.000000000000000000, 0.000000000000000000 ) ) ;
#1580 = VECTOR ( 'NONE', #1874, 1000.000000000000000 ) ;
#1581 = CIRCLE ( 'NONE', #10281, 3.000000000000000444 ) ;
#1582 = ORIENTED_EDGE ( 'NONE', *, *, #10803, .T. ) ;
#1583 = CIRCLE ( 'NONE', #8390, 3.500000000000000000 ) ;
#1584 = CARTESIAN_POINT ( 'NONE',  ( 2.000000000000000000, 0.1952413320394011109, -1.600000000000000089 ) ) ;
#1585 = VERTEX_POINT ( 'NONE', #507 ) ;
#1586 = CARTESIAN_POINT ( 'NONE',  ( 0.6592570625839772047, 1.928778834210482351, -1.600000000000001421 ) ) ;
#1587 = ORIENTED_EDGE ( 'NONE', *, *, #7860, .F. ) ;
#1588 =( LENGTH_UNIT ( ) NAMED_UNIT ( * ) SI_UNIT ( .MILLI., .METRE. ) );
#1589 = CARTESIAN_POINT ( 'NONE',  ( 0.000000000000000000, 0.000000000000000000, -1.600000000000000089 ) ) ;
#1590 = CARTESIAN_POINT ( 'NONE',  ( -3.000000000000000000, 0.000000000000000000, 0.000000000000000000 ) ) ;
#1591 = AXIS2_PLACEMENT_3D ( 'NONE', #10506, #3338, #2391 ) ;
#1592 = CARTESIAN_POINT ( 'NONE',  ( 3.499999999999999556, 0.8999999999999995781, -19.84529946162065528 ) ) ;
#1593 = CARTESIAN_POINT ( 'NONE',  ( 3.499999999999999556, 17.00000000000000000, -8.732195743157015855 ) ) ;
#1594 = AXIS2_PLACEMENT_3D ( 'NONE', #585, #4273, #9435 ) ;
#1595 = AXIS2_PLACEMENT_3D ( 'NONE', #1504, #8737, #601 ) ;
#1596 = CARTESIAN_POINT ( 'NONE',  ( 0.6592570625839772047, 1.928778834210482351, -1.600000000000001421 ) ) ;
#1597 = ORIENTED_EDGE ( 'NONE', *, *, #6417, .F. ) ;
#1598 = FACE_BOUND ( 'NONE', #4049, .T. ) ;
#1599 = CIRCLE ( 'NONE', #5193, 2.500000000000000000 ) ;
#1600 = ORIENTED_EDGE ( 'NONE', *, *, #7647, .F. ) ;
#1601 = CARTESIAN_POINT ( 'NONE',  ( 2.000000000000000000, -1.154700538379255015, -1.421367205045916737 ) ) ;
#1602 = EDGE_LOOP ( 'NONE', ( #5667, #5672, #3054, #10291 ) ) ;
#1603 = AXIS2_PLACEMENT_3D ( 'NONE', #7876, #1753, #10642 ) ;
#1604 = CIRCLE ( 'NONE', #10302, 4.000000000000000000 ) ;
#1605 = ORIENTED_EDGE ( 'NONE', *, *, #2409, .T. ) ;
#1606 = EDGE_CURVE ( 'NONE', #1585, #4099, #8579, .T. ) ;
#1607 = CARTESIAN_POINT ( 'NONE',  ( 2.000000000000000000, 0.000000000000000000, -1.600000000000000089 ) ) ;
#1608 = CYLINDRICAL_SURFACE ( 'NONE', #6276, 1.550000000000000044 ) ;
#1609 = VECTOR ( 'NONE', #3539, 1000.000000000000000 ) ;
#1610 = CARTESIAN_POINT ( 'NONE',  ( 4.250000000000000000, 0.000000000000000000, 0.000000000000000000 ) ) ;
#1611 = CARTESIAN_POINT ( 'NONE',  ( 0.000000000000000000, 0.000000000000000000, -1.600000000000000089 ) ) ;
#1612 = ORIENTED_EDGE ( 'NONE', *, *, #378, .F. ) ;
#1613 = DIRECTION ( 'NONE',  ( -1.000000000000000000, 0.000000000000000000, 0.000000000000000000 ) ) ;
#1614 = DIRECTION ( 'NONE',  ( 0.8660254037844383745, 0.5000000000000005551, 0.000000000000000000 ) ) ;
#1615 = EDGE_CURVE ( 'NONE', #3718, #5078, #11246, .T. ) ;
#1616 = EDGE_CURVE ( 'NONE', #4306, #765, #8153, .T. ) ;
#1617 = AXIS2_PLACEMENT_3D ( 'NONE', #10553, #9567, #9676 ) ;
#1618 = FACE_OUTER_BOUND ( 'NONE', #9602, .T. ) ;
#1619 = VERTEX_POINT ( 'NONE', #11365 ) ;
#1620 = ITEM_DEFINED_TRANSFORMATION ( 'NONE', 'NONE', #3417,  #4873 ) ;
#1621 = EDGE_CURVE ( 'NONE', #7754, #9201, #265, .T. ) ;
#1622 = ORIENTED_EDGE ( 'NONE', *, *, #1862, .F. ) ;
#1623 = CARTESIAN_POINT ( 'NONE',  ( -0.08213768893543466065, -0.8593772883067016810, -0.6474136047551839468 ) ) ;
#1624 = LINE ( 'NONE', #11587, #4609 ) ;
#1625 = UNCERTAINTY_MEASURE_WITH_UNIT (LENGTH_MEASURE( 1.000000000000000082E-05 ), #24, 'distance_accuracy_value', 'NONE');
#1626 = CONICAL_SURFACE ( 'NONE', #6181, 2.000000000000000000, 1.047197551196595855 ) ;
#1627 = VERTEX_POINT ( 'NONE', #3131 ) ;
#1628 = DIRECTION ( 'NONE',  ( -0.8660254037844385966, 0.000000000000000000, -0.5000000000000001110 ) ) ;
#1629 = EDGE_LOOP ( 'NONE', ( #8322, #7228, #10840, #2789 ) ) ;
#1630 = ORIENTED_EDGE ( 'NONE', *, *, #3716, .F. ) ;
#1631 = CYLINDRICAL_SURFACE ( 'NONE', #5067, 0.1749999999999997946 ) ;
#1632 = VECTOR ( 'NONE', #11540, 1000.000000000000000 ) ;
#1633 = VERTEX_POINT ( 'NONE', #9348 ) ;
#1634 = CARTESIAN_POINT ( 'NONE',  ( -24.15914770952259261, -10.35026175531544723, 1049.100000000006958 ) ) ;
#1635 = ADVANCED_FACE ( 'NONE', ( #10467, #2175 ), #5982, .F. ) ;
#1636 = CARTESIAN_POINT ( 'NONE',  ( 2.000000000000000000, -1.154700538379255015, -0.1786327949540832127 ) ) ;
#1637 = EDGE_CURVE ( 'NONE', #7798, #6876, #1214, .T. ) ;
#1638 = CARTESIAN_POINT ( 'NONE',  ( 0.6607522599941045849, -1.927915581583256932, -1.582894801272977103 ) ) ;
#1639 = CARTESIAN_POINT ( 'NONE',  ( -0.6062177826491067512, 0.3500000000000009770, -500000.0000000000582 ) ) ;
#1640 = LINE ( 'NONE', #5257, #996 ) ;
#1641 = VERTEX_POINT ( 'NONE', #10411 ) ;
#1642 = CIRCLE ( 'NONE', #1442, 1.099999999999998535 ) ;
#1643 = CIRCLE ( 'NONE', #3166, 0.5000000000000000000 ) ;
#1644 = CARTESIAN_POINT ( 'NONE',  ( -16.00000000000000000, 0.000000000000000000, -4.000000000000000000 ) ) ;
#1645 = ORIENTED_EDGE ( 'NONE', *, *, #678, .F. ) ;
#1646 = CARTESIAN_POINT ( 'NONE',  ( 0.000000000000000000, 0.000000000000000000, -1.600000000000000089 ) ) ;
#1647 = ORIENTED_EDGE ( 'NONE', *, *, #10744, .T. ) ;
#1648 = DIRECTION ( 'NONE',  ( 0.000000000000000000, 0.000000000000000000, 1.000000000000000000 ) ) ;
#1649 = VERTEX_POINT ( 'NONE', #8460 ) ;
#1650 = AXIS2_PLACEMENT_3D ( 'NONE', #2106, #3184, #6745 ) ;
#1651 = CARTESIAN_POINT ( 'NONE',  ( -4.987329993433320396E-15, -2.309401076758504701, -0.1786327949540832127 ) ) ;
#1652 = DIRECTION ( 'NONE',  ( 0.000000000000000000, 0.000000000000000000, 1.000000000000000000 ) ) ;
#1653 = AXIS2_PLACEMENT_3D ( 'NONE', #7836, #11391, #11453 ) ;
#1654 = DIRECTION ( 'NONE',  ( -0.000000000000000000, 0.000000000000000000, 1.000000000000000000 ) ) ;
#1655 = EDGE_CURVE ( 'NONE', #5510, #10928, #7515, .T. ) ;
#1656 = LINE ( 'NONE', #636, #4629 ) ;
#1657 = CARTESIAN_POINT ( 'NONE',  ( 0.6062177826491109700, 0.3500000000000013656, -500000.0000000000582 ) ) ;
#1658 = ORIENTED_EDGE ( 'NONE', *, *, #68, .F. ) ;
#1659 = DIRECTION ( 'NONE',  ( 0.000000000000000000, 1.000000000000000000, 0.000000000000000000 ) ) ;
#1660 = ORIENTED_EDGE ( 'NONE', *, *, #3884, .T. ) ;
#1661 = COLOUR_RGB ( '',1.000000000000000000, 1.000000000000000000, 1.000000000000000000 ) ;
#1662 = CARTESIAN_POINT ( 'NONE',  ( 3.000000000000000000, 0.000000000000000000, 0.000000000000000000 ) ) ;
#1663 = CIRCLE ( 'NONE', #4509, 1.550000000000000044 ) ;
#1664 = ORIENTED_EDGE ( 'NONE', *, *, #5028, .T. ) ;
#1665 = ORIENTED_EDGE ( 'NONE', *, *, #2433, .T. ) ;
#1666 =( LENGTH_UNIT ( ) NAMED_UNIT ( * ) SI_UNIT ( .MILLI., .METRE. ) );
#1667 = CARTESIAN_POINT ( 'NONE',  ( -4.000000000000003553, 2.500000000000000000, -22.15470053837915643 ) ) ;
#1668 = ADVANCED_FACE ( 'NONE', ( #7695 ), #331, .F. ) ;
#1669 = CARTESIAN_POINT ( 'NONE',  ( -0.7263287850284133595, -0.2227272727272733011, 0.000000000000000000 ) ) ;
#1670 = VECTOR ( 'NONE', #987, 1000.000000000000000 ) ;
#1671 = CARTESIAN_POINT ( 'NONE',  ( 0.000000000000000000, 0.000000000000000000, -1.600000000000000089 ) ) ;
#1672 = DIRECTION ( 'NONE',  ( -1.000000000000000000, 0.000000000000000000, 0.000000000000000000 ) ) ;
#1673 = VECTOR ( 'NONE', #8033, 1000.000000000000114 ) ;
#1674 = VERTEX_POINT ( 'NONE', #7630 ) ;
#1675 = FACE_OUTER_BOUND ( 'NONE', #10251, .T. ) ;
#1676 = DIRECTION ( 'NONE',  ( -0.000000000000000000, -1.000000000000000000, -0.000000000000000000 ) ) ;
#1678 = VECTOR ( 'NONE', #6605, 1000.000000000000000 ) ;
#1677 = FACE_OUTER_BOUND ( 'NONE', #9894, .T. ) ;
#1679 = EDGE_LOOP ( 'NONE', ( #1218, #10153, #6483, #16, #5686, #844 ) ) ;
#1680 = LINE ( 'NONE', #10961, #7311 ) ;
#1681 = EDGE_LOOP ( 'NONE', ( #5727, #8998, #9185, #8854 ) ) ;
#1682 = CARTESIAN_POINT ( 'NONE',  ( 0.1618549188749228984, -0.7758947459082953246, -0.6896119277998337127 ) ) ;
#1683 = DIRECTION ( 'NONE',  ( 1.000000000000000000, 0.000000000000000000, 0.000000000000000000 ) ) ;
#1684 = EDGE_CURVE ( 'NONE', #8585, #6304, #4079, .T. ) ;
#1685 = ORIENTED_EDGE ( 'NONE', *, *, #3465, .T. ) ;
#1686 = ADVANCED_FACE ( 'NONE', ( #4960 ), #8523, .F. ) ;
#1687 = CARTESIAN_POINT ( 'NONE',  ( 0.3525258066250392952, 0.5241567285109590690, -0.7871156235680536462 ) ) ;
#1688 = EDGE_LOOP ( 'NONE', ( #2508, #6893, #5657, #10373 ) ) ;
#1689 = ORIENTED_EDGE ( 'NONE', *, *, #302, .F. ) ;
#1690 = EDGE_LOOP ( 'NONE', ( #2906, #8439 ) ) ;
#1691 = CARTESIAN_POINT ( 'NONE',  ( 14.34085229047739851, -7.050261755315430534, 1049.100000000006958 ) ) ;
#1692 = CARTESIAN_POINT ( 'NONE',  ( 1.000000000000001998, 1.732050807568876083, -1.600000000000000089 ) ) ;
#1693 = LINE ( 'NONE', #11596, #7271 ) ;
#1694 = DIRECTION ( 'NONE',  ( 0.000000000000000000, 1.000000000000000000, 0.000000000000000000 ) ) ;
#1695 = PRESENTATION_STYLE_ASSIGNMENT (( #11421 ) ) ;
#1696 = ADVANCED_FACE ( 'NONE', ( #448 ), #9822, .F. ) ;
#1697 = EDGE_CURVE ( 'NONE', #10755, #7522, #814, .T. ) ;
#1698 = CARTESIAN_POINT ( 'NONE',  ( -2.000000000000000000, 0.000000000000000000, 0.000000000000000000 ) ) ;
#1699 = EDGE_LOOP ( 'NONE', ( #1049, #129, #5198, #5133 ) ) ;
#1700 = MANIFOLD_SOLID_BREP ( 'Ressalto-extrus\X2\00e3\X0\o1', #46 ) ;
#1701 = CARTESIAN_POINT ( 'NONE',  ( 0.000000000000000000, 5.058392604970359998E-16, -3.330481160836854304 ) ) ;
#1702 = COLOUR_RGB ( '',1.000000000000000000, 0.9490196078431372140, 0.9098039215686274384 ) ;
#1703 = EDGE_CURVE ( 'NONE', #7921, #3862, #5948, .T. ) ;
#1704 = EDGE_CURVE ( 'NONE', #10664, #7905, #1640, .T. ) ;
#1705 = CARTESIAN_POINT ( 'NONE',  ( 1.999999999999999556, 0.7788341705667920500, -1.520151717152269377 ) ) ;
#1706 = EDGE_LOOP ( 'NONE', ( #5645, #5507 ) ) ;
#1707 = CARTESIAN_POINT ( 'NONE',  ( 5.499999999999999112, 2.500000000000000000, -0.6905989232413867196 ) ) ;
#1708 = ORIENTED_EDGE ( 'NONE', *, *, #1862, .T. ) ;
#1709 = CARTESIAN_POINT ( 'NONE',  ( 11.50000000000000000, 7.500000000000000000, -0.6161395356698261550 ) ) ;
#1710 = CARTESIAN_POINT ( 'NONE',  ( -5.000000000000000000, 0.000000000000000000, -6.000000000000000000 ) ) ;
#1711 = DIRECTION ( 'NONE',  ( 0.000000000000000000, 0.000000000000000000, 1.000000000000000000 ) ) ;
#1712 = AXIS2_PLACEMENT_3D ( 'NONE', #1331, #5856, #4133 ) ;
#1713 = SURFACE_SIDE_STYLE ('',( #8057 ) ) ;
#1714 = CARTESIAN_POINT ( 'NONE',  ( -2.000000000000000000, 0.9679918988505297195, -0.1247346533081140629 ) ) ;
#1715 = ORIENTED_EDGE ( 'NONE', *, *, #5034, .T. ) ;
#1716 = DIRECTION ( 'NONE',  ( -0.5000000000000009992, 0.000000000000000000, -0.8660254037844380415 ) ) ;
#1717 = ORIENTED_EDGE ( 'NONE', *, *, #6846, .T. ) ;
#1718 = EDGE_CURVE ( 'NONE', #2859, #2967, #7077, .T. ) ;
#1719 = CARTESIAN_POINT ( 'NONE',  ( -0.6062177826491067512, -0.3500000000000009770, 0.000000000000000000 ) ) ;
#1720 = ADVANCED_FACE ( 'NONE', ( #9526 ), #1631, .F. ) ;
#1721 = ORIENTED_EDGE ( 'NONE', *, *, #7927, .F. ) ;
#1722 = VERTEX_POINT ( 'NONE', #8872 ) ;
#1723 = SURFACE_SIDE_STYLE ('',( #10726 ) ) ;
#1724 = FACE_OUTER_BOUND ( 'NONE', #8382, .T. ) ;
#1725 = CIRCLE ( 'NONE', #9862, 0.1749999999999998224 ) ;
#1726 = DIRECTION ( 'NONE',  ( 0.000000000000000000, -0.000000000000000000, 1.000000000000000000 ) ) ;
#1727 = LINE ( 'NONE', #5225, #9232 ) ;
#1728 = CARTESIAN_POINT ( 'NONE',  ( 2.000000000000000000, 0.000000000000000000, 0.000000000000000000 ) ) ;
#1729 = ORIENTED_EDGE ( 'NONE', *, *, #2212, .T. ) ;
#1730 = DIRECTION ( 'NONE',  ( -0.000000000000000000, 1.224649721909276639E-16, -1.000000000000000000 ) ) ;
#1731 =( REPRESENTATION_RELATIONSHIP ('NONE','NONE', #9860, #11531 ) REPRESENTATION_RELATIONSHIP_WITH_TRANSFORMATION ( #1312 )SHAPE_REPRESENTATION_RELATIONSHIP( ) );
#1732 = PRODUCT_RELATED_PRODUCT_CATEGORY ( 'part', '', ( #10036 ) ) ;
#1733 = SURFACE_STYLE_FILL_AREA ( #6361 ) ;
#1734 = AXIS2_PLACEMENT_3D ( 'NONE', #4683, #1897, #10965 ) ;
#1735 = DIRECTION ( 'NONE',  ( 0.000000000000000000, 1.000000000000000000, 0.000000000000000000 ) ) ;
#1736 = VERTEX_POINT ( 'NONE', #4251 ) ;
#1737 = FACE_OUTER_BOUND ( 'NONE', #7682, .T. ) ;
#1738 = ORIENTED_EDGE ( 'NONE', *, *, #5605, .F. ) ;
#1739 = DIRECTION ( 'NONE',  ( -0.000000000000000000, -0.000000000000000000, 1.000000000000000000 ) ) ;
#1740 = PLANE ( 'NONE',  #9508 ) ;
#1741 = CARTESIAN_POINT ( 'NONE',  ( 0.000000000000000000, 0.000000000000000000, 0.000000000000000000 ) ) ;
#1742 = ORIENTED_EDGE ( 'NONE', *, *, #91, .T. ) ;
#1743 = ORIENTED_EDGE ( 'NONE', *, *, #5828, .F. ) ;
#1744 = VERTEX_POINT ( 'NONE', #4368 ) ;
#1745 = PRODUCT_CONTEXT ( 'NONE', #6273, 'mechanical' ) ;
#1746 = FACE_BOUND ( 'NONE', #10781, .T. ) ;
#1747 = FACE_OUTER_BOUND ( 'NONE', #3270, .T. ) ;
#1748 = CARTESIAN_POINT ( 'NONE',  ( 3.000000000000000000, 0.000000000000000000, 0.000000000000000000 ) ) ;
#1749 = DIRECTION ( 'NONE',  ( -0.000000000000000000, -0.000000000000000000, -1.000000000000000000 ) ) ;
#1750 = DIRECTION ( 'NONE',  ( 0.000000000000000000, 0.000000000000000000, 1.000000000000000000 ) ) ;
#1751 = EDGE_LOOP ( 'NONE', ( #6349, #5009, #9854, #6007 ) ) ;
#1752 = CARTESIAN_POINT ( 'NONE',  ( -4.987329993433320396E-15, -2.309401076758504701, -1.421367205045916737 ) ) ;
#1753 = DIRECTION ( 'NONE',  ( -0.000000000000000000, -1.000000000000000000, -0.000000000000000000 ) ) ;
#1754 = ADVANCED_BREP_SHAPE_REPRESENTATION ( '', ( #9027, #4873 ), #10976 ) ;
#1755 = ORIENTED_EDGE ( 'NONE', *, *, #8952, .T. ) ;
#1756 = EDGE_CURVE ( 'NONE', #7948, #1928, #7869, .T. ) ;
#1757 = AXIS2_PLACEMENT_3D ( 'NONE', #2214, #10330, #5491 ) ;
#1758 = LINE ( 'NONE', #1876, #11495 ) ;
#1759 = EDGE_CURVE ( 'NONE', #5202, #4009, #5231, .T. ) ;
#1760 = ORIENTED_EDGE ( 'NONE', *, *, #3798, .F. ) ;
#1761 = LINE ( 'NONE', #9051, #7687 ) ;
#1762 = CARTESIAN_POINT ( 'NONE',  ( 1.224646799147353454E-16, 1.000000000000000666, -3.069518839163146939 ) ) ;
#1763 = AXIS2_PLACEMENT_3D ( 'NONE', #3414, #6869, #3472 ) ;
#1764 = FACE_OUTER_BOUND ( 'NONE', #4833, .T. ) ;
#1765 = EDGE_CURVE ( 'NONE', #270, #10769, #3360, .T. ) ;
#1766 = FACE_OUTER_BOUND ( 'NONE', #196, .T. ) ;
#1767 = ADVANCED_FACE ( 'NONE', ( #9874 ), #6985, .F. ) ;
#1768 = DIRECTION ( 'NONE',  ( -0.4999999999999987788, 0.000000000000000000, 0.8660254037844393737 ) ) ;
#1769 = VECTOR ( 'NONE', #7436, 1000.000000000000000 ) ;
#1770 = PRESENTATION_LAYER_ASSIGNMENT (  '', '', ( #1187 ) ) ;
#1771 = VECTOR ( 'NONE', #7132, 1000.000000000000000 ) ;
#1772 = VERTEX_POINT ( 'NONE', #6038 ) ;
#1773 = CARTESIAN_POINT ( 'NONE',  ( 0.000000000000000000, 4.898598887637106556E-16, -2.400000000000000355 ) ) ;
#1774 = VERTEX_POINT ( 'NONE', #9653 ) ;
#1775 = CARTESIAN_POINT ( 'NONE',  ( 0.000000000000000000, 0.000000000000000000, 1.000000000000000000 ) ) ;
#1776 = CLOSED_SHELL ( 'NONE', ( #10757, #10932, #11559, #5979, #8206, #7497, #2842, #3495, #455, #7076, #4033, #5944 ) ) ;
#1777 = ORIENTED_EDGE ( 'NONE', *, *, #9237, .T. ) ;
#1778 = DIRECTION ( 'NONE',  ( -0.5000000000000004441, 0.8660254037844383745, 0.000000000000000000 ) ) ;
#1779 = MANIFOLD_SOLID_BREP ( 'Ressalto-extrus\X2\00e3\X0\o1', #6320 ) ;
#1780 = ORIENTED_EDGE ( 'NONE', *, *, #11473, .F. ) ;
#1781 = CIRCLE ( 'NONE', #3479, 1.999999999999999556 ) ;
#1782 = SHAPE_REPRESENTATION_RELATIONSHIP ( 'NONE' , 'NONE' ,  #7872, #9947 ) ;
#1783 = CARTESIAN_POINT ( 'NONE',  ( -0.9365230391922001463, 0.000000000000000000, -500000.0000000000582 ) ) ;
#1784 = CIRCLE ( 'NONE', #6513, 0.8156023289304824564 ) ;
#1785 = EDGE_CURVE ( 'NONE', #5780, #9376, #3116, .T. ) ;
#1786 = DIRECTION ( 'NONE',  ( -1.000000000000000000, -0.000000000000000000, -0.000000000000000000 ) ) ;
#1787 = ADVANCED_FACE ( 'NONE', ( #2467 ), #6318, .F. ) ;
#1788 = CIRCLE ( 'NONE', #6331, 3.499999999999997780 ) ;
#1789 = PLANE ( 'NONE',  #4325 ) ;
#1790 = DIRECTION ( 'NONE',  ( -1.000000000000000000, 0.000000000000000000, 0.000000000000000000 ) ) ;
#1791 = ORIENTED_EDGE ( 'NONE', *, *, #5249, .F. ) ;
#1792 = DIRECTION ( 'NONE',  ( 0.000000000000000000, 1.000000000000000000, 0.000000000000000000 ) ) ;
#1793 = CIRCLE ( 'NONE', #2550, 1.000000000000000444 ) ;
#1794 = SURFACE_STYLE_USAGE ( .BOTH. , #1849 ) ;
#1795 = AXIS2_PLACEMENT_3D ( 'NONE', #8638, #5922, #2351 ) ;
#1796 = PLANE ( 'NONE',  #3869 ) ;
#1797 = CIRCLE ( 'NONE', #10115, 0.8156023289305076585 ) ;
#1798 = ORIENTED_EDGE ( 'NONE', *, *, #8891, .F. ) ;
#1799 = CARTESIAN_POINT ( 'NONE',  ( -4.987329993433320396E-15, -2.309401076758504701, -0.1786327949540832127 ) ) ;
#1800 = DIRECTION ( 'NONE',  ( 1.000000000000000000, 0.000000000000000000, -0.000000000000000000 ) ) ;
#1801 = EDGE_LOOP ( 'NONE', ( #6152, #7454, #1082, #11112, #5205, #10719, #4196, #749, #6583, #351 ) ) ;
#1802 = CARTESIAN_POINT ( 'NONE',  ( 2.000000000000000000, 1.154700538379254349, -1.421367205045916737 ) ) ;
#1803 = AXIS2_PLACEMENT_3D ( 'NONE', #6779, #6722, #10258 ) ;
#1804 = SURFACE_SIDE_STYLE ('',( #7540 ) ) ;
#1805 = SHAPE_REPRESENTATION ( 'Pinhao', ( #4873 ), #6782 ) ;
#1806 = ORIENTED_EDGE ( 'NONE', *, *, #3149, .T. ) ;
#1807 = SHAPE_DEFINITION_REPRESENTATION ( #5797, #4186 ) ;
#1809 = DIRECTION ( 'NONE',  ( 0.000000000000000000, 0.000000000000000000, -1.000000000000000000 ) ) ;
#1808 =( GEOMETRIC_REPRESENTATION_CONTEXT ( 3 ) GLOBAL_UNCERTAINTY_ASSIGNED_CONTEXT ( ( #9131 ) ) GLOBAL_UNIT_ASSIGNED_CONTEXT ( ( #405, #8594, #2305 ) ) REPRESENTATION_CONTEXT ( 'NONE', 'WORKASPACE' ) );
#1810 = CARTESIAN_POINT ( 'NONE',  ( 2.000000000000000000, 1.154700538379254349, -0.1786327949540832127 ) ) ;
#1811 = CIRCLE ( 'NONE', #8818, 2.000000000000000000 ) ;
#1812 = CARTESIAN_POINT ( 'NONE',  ( -1.000000000000000888, 1.732050807568876749, -1.600000000000000089 ) ) ;
#1813 = CARTESIAN_POINT ( 'NONE',  ( 0.9526279441628799916, 0.5499999999999986011, -0.2999999999999842792 ) ) ;
#1814 = CARTESIAN_POINT ( 'NONE',  ( -4.987329993433320396E-15, -2.309401076758504701, -1.421367205045916737 ) ) ;
#1815 = ORIENTED_EDGE ( 'NONE', *, *, #3247, .T. ) ;
#1816 = CARTESIAN_POINT ( 'NONE',  ( 0.5560518688116538044, -0.5176555429708572520, -500000.0000000000582 ) ) ;
#1817 = EDGE_CURVE ( 'NONE', #6249, #6989, #10873, .T. ) ;
#1818 = DIRECTION ( 'NONE',  ( -0.000000000000000000, 1.224649721909276639E-16, -1.000000000000000000 ) ) ;
#1819 = VERTEX_POINT ( 'NONE', #2932 ) ;
#1820 = DIRECTION ( 'NONE',  ( -0.000000000000000000, 1.224649721909276639E-16, -1.000000000000000000 ) ) ;
#1821 = ORIENTED_EDGE ( 'NONE', *, *, #4467, .F. ) ;
#1822 = CARTESIAN_POINT ( 'NONE',  ( -0.6303141182362052009, -0.5277088304420809450, -0.6722168638331418311 ) ) ;
#1823 = DIRECTION ( 'NONE',  ( 0.000000000000000000, 0.000000000000000000, -1.000000000000000000 ) ) ;
#1824 = DIRECTION ( 'NONE',  ( 0.000000000000000000, 0.000000000000000000, -1.000000000000000000 ) ) ;
#1825 = CARTESIAN_POINT ( 'NONE',  ( 2.000000000000000000, 1.154700538379254349, -1.421367205045916737 ) ) ;
#1826 = FACE_OUTER_BOUND ( 'NONE', #6233, .T. ) ;
#1827 = EDGE_CURVE ( 'NONE', #5827, #391, #8389, .T. ) ;
#1828 = EDGE_LOOP ( 'NONE', ( #8975, #3418, #8773, #2487, #6330, #2220 ) ) ;
#1829 = CARTESIAN_POINT ( 'NONE',  ( 0.4682615195961031263, 0.8110527431698568712, -500000.0000000000582 ) ) ;
#1830 = EDGE_CURVE ( 'NONE', #9416, #9514, #3707, .T. ) ;
#1831 = EDGE_LOOP ( 'NONE', ( #5102, #11455, #816, #97 ) ) ;
#1832 = DIRECTION ( 'NONE',  ( -1.000000000000000000, -0.000000000000000000, -0.000000000000000000 ) ) ;
#1833 = EDGE_CURVE ( 'NONE', #9524, #6514, #10656, .T. ) ;
#1834 = EDGE_LOOP ( 'NONE', ( #8688, #573, #1647, #2587 ) ) ;
#1835 = AXIS2_PLACEMENT_3D ( 'NONE', #10881, #10420, #5552 ) ;
#1836 = CARTESIAN_POINT ( 'NONE',  ( -5.000000000000000000, 2.500000000000000000, -24.00000000000000000 ) ) ;
#1837 = AXIS2_PLACEMENT_3D ( 'NONE', #8907, #781, #994 ) ;
#1838 = VECTOR ( 'NONE', #2989, 1000.000000000000000 ) ;
#1839 = EDGE_LOOP ( 'NONE', ( #4300, #10721, #7061, #2459 ) ) ;
#1840 =( NAMED_UNIT ( * ) SI_UNIT ( $, .STERADIAN. ) SOLID_ANGLE_UNIT ( ) );
#1841 = CARTESIAN_POINT ( 'NONE',  ( 2.000000000000000000, 0.7788341705667923831, -0.07984828284773053120 ) ) ;
#1842 =( NAMED_UNIT ( * ) PLANE_ANGLE_UNIT ( ) SI_UNIT ( $, .RADIAN. ) );
#1843 = DIRECTION ( 'NONE',  ( 0.000000000000000000, 0.000000000000000000, -1.000000000000000000 ) ) ;
#1844 = FACE_BOUND ( 'NONE', #7721, .T. ) ;
#1845 = EDGE_CURVE ( 'NONE', #242, #1555, #6800, .T. ) ;
#1846 =( GEOMETRIC_REPRESENTATION_CONTEXT ( 3 ) GLOBAL_UNCERTAINTY_ASSIGNED_CONTEXT ( ( #4201 ) ) GLOBAL_UNIT_ASSIGNED_CONTEXT ( ( #7897, #3329, #6063 ) ) REPRESENTATION_CONTEXT ( 'NONE', 'WORKASPACE' ) );
#1847 = VERTEX_POINT ( 'NONE', #7318 ) ;
#1848 = DIRECTION ( 'NONE',  ( -0.000000000000000000, -1.000000000000000000, 0.000000000000000000 ) ) ;
#1849 = SURFACE_SIDE_STYLE ('',( #1733 ) ) ;
#1850 = EDGE_CURVE ( 'NONE', #1342, #7119, #3849, .T. ) ;
#1851 = EDGE_CURVE ( 'NONE', #5703, #4504, #8269, .T. ) ;
#1852 = STYLED_ITEM ( 'NONE', ( #1893 ), #8551 ) ;
#1853 = CARTESIAN_POINT ( 'NONE',  ( 8.673617379884035472E-16, 0.9000000000000003553, -4.154700538379142216 ) ) ;
#1854 = VECTOR ( 'NONE', #6124, 1000.000000000000000 ) ;
#1855 = ORIENTED_EDGE ( 'NONE', *, *, #8216, .T. ) ;
#1856 = DIRECTION ( 'NONE',  ( 1.665334536937734318E-16, 0.000000000000000000, -1.000000000000000000 ) ) ;
#1857 = DIRECTION ( 'NONE',  ( -0.000000000000000000, 1.224649721909276639E-16, -1.000000000000000000 ) ) ;
#1858 = B_SPLINE_CURVE_WITH_KNOTS ( 'NONE', 3,
 ( #6315, #5309, #11595, #7098, #11716, #10636 ),
 .UNSPECIFIED., .F., .F.,
 ( 4, 2, 4 ),
 ( 0.0002632501821825823088, 0.0003941783276220783036, 0.0005251064730615742984 ),
 .UNSPECIFIED. ) ;
#1859 = ORIENTED_EDGE ( 'NONE', *, *, #1850, .T. ) ;
#1860 = CARTESIAN_POINT ( 'NONE',  ( -2.000000000000000000, -0.7745510564695445854, -0.07894766929796916133 ) ) ;
#1861 = VECTOR ( 'NONE', #2834, 1000.000000000000114 ) ;
#1862 = EDGE_CURVE ( 'NONE', #4799, #19, #11231, .T. ) ;
#1863 = CIRCLE ( 'NONE', #2444, 1.000000000000000000 ) ;
#1864 = ORIENTED_EDGE ( 'NONE', *, *, #7218, .T. ) ;
#1865 = PLANE ( 'NONE',  #7887 ) ;
#1866 = CARTESIAN_POINT ( 'NONE',  ( -1.000000000000000444, 0.000000000000000000, 0.000000000000000000 ) ) ;
#1867 = DIRECTION ( 'NONE',  ( 1.000000000000000000, 0.000000000000000000, 0.000000000000000000 ) ) ;
#1868 = CARTESIAN_POINT ( 'NONE',  ( 1.000000000000001998, 1.732050807568876083, 0.000000000000000000 ) ) ;
#1869 = VECTOR ( 'NONE', #11341, 1000.000000000000000 ) ;
#1870 = DIRECTION ( 'NONE',  ( 2.220446049250312588E-16, 0.000000000000000000, 1.000000000000000000 ) ) ;
#1871 = ORIENTED_EDGE ( 'NONE', *, *, #10725, .T. ) ;
#1872 = DIRECTION ( 'NONE',  ( 0.000000000000000000, 0.000000000000000000, 1.000000000000000000 ) ) ;
#1873 = EDGE_CURVE ( 'NONE', #8717, #2705, #11719, .T. ) ;
#1874 = DIRECTION ( 'NONE',  ( -0.7423286577013626930, 0.4285836503510562223, -0.5150380749100561539 ) ) ;
#1875 = ORIENTED_EDGE ( 'NONE', *, *, #8071, .T. ) ;
#1876 = CARTESIAN_POINT ( 'NONE',  ( 2.000000000000000000, 0.000000000000000000, 3.000000000000000444 ) ) ;
#1877 = VERTEX_POINT ( 'NONE', #9038 ) ;
#1878 = SURFACE_SIDE_STYLE ('',( #6387 ) ) ;
#1879 = CARTESIAN_POINT ( 'NONE',  ( 0.000000000000000000, -0.9999999999999993339, -2.269518839163146673 ) ) ;
#1880 = CARTESIAN_POINT ( 'NONE',  ( 1.000000000000001998, 1.732050807568876083, 0.000000000000000000 ) ) ;
#1881 = EDGE_CURVE ( 'NONE', #5903, #3890, #4542, .T. ) ;
#1882 = DIRECTION ( 'NONE',  ( 0.000000000000000000, 0.000000000000000000, -1.000000000000000000 ) ) ;
#1883 = CARTESIAN_POINT ( 'NONE',  ( 1.339247740005896636, 1.536186033554500785, -1.582894801272978658 ) ) ;
#1884 = LINE ( 'NONE', #7519, #10987 ) ;
#1885 = ORIENTED_EDGE ( 'NONE', *, *, #4447, .F. ) ;
#1886 = CARTESIAN_POINT ( 'NONE',  ( 0.000000000000000000, 5.058392604970359998E-16, -3.330481160836854304 ) ) ;
#1887 = ORIENTED_EDGE ( 'NONE', *, *, #6646, .F. ) ;
#1888 = DIRECTION ( 'NONE',  ( 7.511572993685793184E-16, 0.000000000000000000, 1.000000000000000000 ) ) ;
#1889 = VERTEX_POINT ( 'NONE', #857 ) ;
#1890 = DIRECTION ( 'NONE',  ( 1.000000000000000000, -0.000000000000000000, -0.000000000000000000 ) ) ;
#1891 = VERTEX_POINT ( 'NONE', #10042 ) ;
#1892 = STYLED_ITEM ( 'NONE', ( #4090 ), #5864 ) ;
#1893 = PRESENTATION_STYLE_ASSIGNMENT (( #9065 ) ) ;
#1894 = CARTESIAN_POINT ( 'NONE',  ( 2.000000000000000000, 0.000000000000000000, 0.000000000000000000 ) ) ;
#1895 = CARTESIAN_POINT ( 'NONE',  ( -2.000000000000000000, 0.1952413320394012219, -1.600000000000000089 ) ) ;
#1896 = DIRECTION ( 'NONE',  ( 0.000000000000000000, 0.000000000000000000, -1.000000000000000000 ) ) ;
#1897 = DIRECTION ( 'NONE',  ( 1.000000000000000000, 0.000000000000000000, 0.000000000000000000 ) ) ;
#1898 = EDGE_LOOP ( 'NONE', ( #2529, #10446, #9832, #8564 ) ) ;
#1899 = CARTESIAN_POINT ( 'NONE',  ( -1.672828002720945673, 1.343593379079621064, -1.530424537474096791 ) ) ;
#1900 = STYLED_ITEM ( 'NONE', ( #84 ), #1754 ) ;
#1901 = DIRECTION ( 'NONE',  ( 1.000000000000000000, 0.000000000000000000, 0.000000000000000000 ) ) ;
#1902 = AXIS2_PLACEMENT_3D ( 'NONE', #8779, #2671, #6295 ) ;
#1903 = ADVANCED_FACE ( 'NONE', ( #7375, #4485 ), #10989, .F. ) ;
#1904 = CARTESIAN_POINT ( 'NONE',  ( 3.599999999999992095, 2.821690854684141936, 0.9000000000000006883 ) ) ;
#1905 = EDGE_CURVE ( 'NONE', #6856, #7427, #4235, .T. ) ;
#1906 = ORIENTED_EDGE ( 'NONE', *, *, #577, .F. ) ;
#1907 = CARTESIAN_POINT ( 'NONE',  ( 3.500000000000000000, 0.000000000000000000, -24.00000000000000000 ) ) ;
#1908 = CARTESIAN_POINT ( 'NONE',  ( -2.000000000000001776, 0.9000000000000003553, -2.999999999999891642 ) ) ;
#1910 = ADVANCED_FACE ( 'NONE', ( #7208 ), #10814, .F. ) ;
#1909 = CARTESIAN_POINT ( 'NONE',  ( 2.000000000000000000, 0.000000000000000000, 0.000000000000000000 ) ) ;
#1911 = CARTESIAN_POINT ( 'NONE',  ( 7.500000000000003553, 2.500000000000000000, -1.845299461620643289 ) ) ;
#1912 = ADVANCED_FACE ( 'NONE', ( #8379 ), #7636, .T. ) ;
#1913 = VERTEX_POINT ( 'NONE', #9459 ) ;
#1914 = CARTESIAN_POINT ( 'NONE',  ( -1.000000000000001776, -1.732050807568876527, -1.600000000000000089 ) ) ;
#1915 = CIRCLE ( 'NONE', #4571, 2.500000000000000000 ) ;
#1916 = EDGE_LOOP ( 'NONE', ( #11625, #1717, #5323, #4338, #2546 ) ) ;
#1917 = CONICAL_SURFACE ( 'NONE', #1150, 0.7740000000000000213, 1.047197551196601628 ) ;
#1918 = PRODUCT_CONTEXT ( 'NONE', #3459, 'mechanical' ) ;
#1919 = DIRECTION ( 'NONE',  ( -0.000000000000000000, 0.000000000000000000, 1.000000000000000000 ) ) ;
#1920 = CARTESIAN_POINT ( 'NONE',  ( -2.000000000000000000, 2.500000000000000000, -6.000000000000000000 ) ) ;
#1921 = DIRECTION ( 'NONE',  ( -0.000000000000000000, 0.000000000000000000, -1.000000000000000000 ) ) ;
#1922 =( NAMED_UNIT ( * ) SI_UNIT ( $, .STERADIAN. ) SOLID_ANGLE_UNIT ( ) );
#1923 = ADVANCED_FACE ( 'NONE', ( #4064 ), #7679, .T. ) ;
#1924 = CARTESIAN_POINT ( 'NONE',  ( 0.000000000000000000, 0.000000000000000000, -0.3000000000000181410 ) ) ;
#1925 = ORIENTED_EDGE ( 'NONE', *, *, #3593, .F. ) ;
#1926 = AXIS2_PLACEMENT_3D ( 'NONE', #8994, #8113, #701 ) ;
#1927 = CARTESIAN_POINT ( 'NONE',  ( 7.500000000000003553, 2.500000000000000000, -22.15470053837915643 ) ) ;
#1928 = VERTEX_POINT ( 'NONE', #10397 ) ;
#1929 = CARTESIAN_POINT ( 'NONE',  ( -2.000000000000000000, -1.154700538379254349, -0.1786327949540832127 ) ) ;
#1930 = DIRECTION ( 'NONE',  ( 0.000000000000000000, -0.000000000000000000, 1.000000000000000000 ) ) ;
#1931 = VERTEX_POINT ( 'NONE', #7619 ) ;
#1932 = SURFACE_STYLE_USAGE ( .BOTH. , #200 ) ;
#1933 = CARTESIAN_POINT ( 'NONE',  ( -0.7263287850284133595, -0.2227272727272733011, -0.7092725651034398338 ) ) ;
#1934 = CARTESIAN_POINT ( 'NONE',  ( -0.6592570625839798693, -1.928778834210483462, -4.615899523244127080E-17 ) ) ;
#1935 = DIRECTION ( 'NONE',  ( 1.000000000000000000, -0.000000000000000000, -0.000000000000000000 ) ) ;
#1936 = CYLINDRICAL_SURFACE ( 'NONE', #6159, 1.000000000000000444 ) ;
#1937 = PRODUCT_DEFINITION ( 'UNKNOWN', '', #10797, #2234 ) ;
#1938 = DIRECTION ( 'NONE',  ( -1.000000000000000000, 0.000000000000000000, 0.000000000000000000 ) ) ;
#1939 = VERTEX_POINT ( 'NONE', #10157 ) ;
#1940 = CARTESIAN_POINT ( 'NONE',  ( -0.5000000000000000000, 9.199999999999999289, -18.50000000000000355 ) ) ;
#1941 = VERTEX_POINT ( 'NONE', #2278 ) ;
#1942 = CARTESIAN_POINT ( 'NONE',  ( -2.000000000000000000, 0.000000000000000000, 0.000000000000000000 ) ) ;
#1943 = VERTEX_POINT ( 'NONE', #9276 ) ;
#1944 = FACE_OUTER_BOUND ( 'NONE', #6604, .T. ) ;
#1945 = EDGE_LOOP ( 'NONE', ( #415, #5805, #6713, #2379 ) ) ;
#1946 = AXIS2_PLACEMENT_3D ( 'NONE', #2041, #7676, #8442 ) ;
#1947 = DIRECTION ( 'NONE',  ( -0.000000000000000000, -0.000000000000000000, 1.000000000000000000 ) ) ;
#1948 = AXIS2_PLACEMENT_3D ( 'NONE', #8880, #750, #5666 ) ;
#1949 = DIRECTION ( 'NONE',  ( -1.000000000000000000, 0.000000000000000000, 0.000000000000000000 ) ) ;
#1950 = AXIS2_PLACEMENT_3D ( 'NONE', #5662, #3179, #4827 ) ;
#1951 = DIRECTION ( 'NONE',  ( 0.000000000000000000, 0.000000000000000000, 1.000000000000000000 ) ) ;
#1952 = DIRECTION ( 'NONE',  ( 0.000000000000000000, 0.000000000000000000, 1.000000000000000000 ) ) ;
#1953 = EDGE_LOOP ( 'NONE', ( #7401, #4772 ) ) ;
#1954 = DIRECTION ( 'NONE',  ( 0.000000000000000000, 0.000000000000000000, 1.000000000000000000 ) ) ;
#1955 = CLOSED_SHELL ( 'NONE', ( #2376, #4779, #7804, #11033, #9956, #11415, #8879, #8573, #592, #1903, #11689, #9755, #5513, #6555, #3576, #9233, #8666, #6121, #5048, #11086, #4752, #7256, #9666, #6095, #3442, #3443 ) ) ;
#1956 = ORIENTED_EDGE ( 'NONE', *, *, #9884, .T. ) ;
#1957 = FACE_OUTER_BOUND ( 'NONE', #7577, .T. ) ;
#1958 = EDGE_CURVE ( 'NONE', #10896, #7798, #6799, .T. ) ;
#1959 = AXIS2_PLACEMENT_3D ( 'NONE', #7785, #3395, #2622 ) ;
#1960 =( GEOMETRIC_REPRESENTATION_CONTEXT ( 3 ) GLOBAL_UNCERTAINTY_ASSIGNED_CONTEXT ( ( #10198 ) ) GLOBAL_UNIT_ASSIGNED_CONTEXT ( ( #915, #11724, #7263 ) ) REPRESENTATION_CONTEXT ( 'NONE', 'WORKASPACE' ) );
#1961 = CIRCLE ( 'NONE', #11248, 0.8156023289305076585 ) ;
#1962 = EDGE_LOOP ( 'NONE', ( #10783, #9284, #11656, #1429 ) ) ;
#1963 = DIRECTION ( 'NONE',  ( 0.000000000000000000, 1.000000000000000000, 0.000000000000000000 ) ) ;
#1964 = DIRECTION ( 'NONE',  ( -0.5000000000000009992, 0.000000000000000000, -0.8660254037844380415 ) ) ;
#1965 = CIRCLE ( 'NONE', #9925, 0.3062499999999996891 ) ;
#1966 = CARTESIAN_POINT ( 'NONE',  ( -4.000000000000003553, 0.8999999999999998002, -22.15470053837915643 ) ) ;
#1967 = AXIS2_PLACEMENT_3D ( 'NONE', #5419, #8080, #10795 ) ;
#1968 = DIRECTION ( 'NONE',  ( 0.000000000000000000, 1.000000000000000000, 0.000000000000000000 ) ) ;
#1969 = DIRECTION ( 'NONE',  ( 0.000000000000000000, -1.000000000000000000, -2.168404344971008868E-16 ) ) ;
#1970 = CIRCLE ( 'NONE', #6903, 4.000000000000000888 ) ;
#1971 = ORIENTED_EDGE ( 'NONE', *, *, #9876, .F. ) ;
#1972 = DIRECTION ( 'NONE',  ( 0.000000000000000000, 0.000000000000000000, 1.000000000000000000 ) ) ;
#1973 = EDGE_CURVE ( 'NONE', #3060, #10037, #9913, .T. ) ;
#1974 = EDGE_CURVE ( 'NONE', #3927, #8679, #8566, .T. ) ;
#1975 = VECTOR ( 'NONE', #10116, 1000.000000000000000 ) ;
#1976 = EDGE_CURVE ( 'NONE', #5796, #5707, #6653, .T. ) ;
#1977 = AXIS2_PLACEMENT_3D ( 'NONE', #7523, #9118, #7398 ) ;
#1978 = ORIENTED_EDGE ( 'NONE', *, *, #4935, .F. ) ;
#1979 = PRODUCT_CONTEXT ( 'NONE', #5286, 'mechanical' ) ;
#1980 = CARTESIAN_POINT ( 'NONE',  ( 2.000000000000000000, 1.154700538379250130, -1.600000000000000089 ) ) ;
#1981 = CARTESIAN_POINT ( 'NONE',  ( 14.81370849898476116, 17.00000000000000000, -8.732195743157015855 ) ) ;
#1982 = FACE_OUTER_BOUND ( 'NONE', #4418, .T. ) ;
#1983 = DIRECTION ( 'NONE',  ( -1.000000000000000000, 0.000000000000000000, 0.000000000000000000 ) ) ;
#1984 = FACE_OUTER_BOUND ( 'NONE', #1602, .T. ) ;
#1985 = ADVANCED_FACE ( 'NONE', ( #1262 ), #9516, .F. ) ;
#1986 = ORIENTED_EDGE ( 'NONE', *, *, #6402, .T. ) ;
#1987 = LINE ( 'NONE', #1816, #11416 ) ;
#1988 = CARTESIAN_POINT ( 'NONE',  ( 0.7263287850284178004, 0.2227272727272736064, -500000.0000000000582 ) ) ;
#1989 = VERTEX_POINT ( 'NONE', #372 ) ;
#1990 = ADVANCED_FACE ( 'NONE', ( #3052 ), #249, .T. ) ;
#1991 = DIRECTION ( 'NONE',  ( 0.000000000000000000, 0.000000000000000000, 1.000000000000000000 ) ) ;
#1992 = EDGE_CURVE ( 'NONE', #7716, #285, #8625, .T. ) ;
#1993 = AXIS2_PLACEMENT_3D ( 'NONE', #4552, #8224, #86 ) ;
#1994 = CARTESIAN_POINT ( 'NONE',  ( 1.000000000000001998, 1.732050807568876083, 0.000000000000000000 ) ) ;
#1995 = VERTEX_POINT ( 'NONE', #3949 ) ;
#1996 = PRODUCT ( 'Pinhao', 'Pinhao', '', ( #2748 ) ) ;
#1997 = APPLICATION_PROTOCOL_DEFINITION ( 'draft international standard', 'automotive_design', 1998, #5286 ) ;
#1998 = DIRECTION ( 'NONE',  ( 0.000000000000000000, 1.000000000000000000, 0.000000000000000000 ) ) ;
#1999 = DIRECTION ( 'NONE',  ( 1.000000000000000000, 0.000000000000000000, 0.000000000000000000 ) ) ;
#2000 = CYLINDRICAL_SURFACE ( 'NONE', #10682, 0.5000000000000000000 ) ;
#2001 = CARTESIAN_POINT ( 'NONE',  ( -2.000000000000000000, -1.154700538379254349, -1.421367205045916737 ) ) ;
#2002 = DIRECTION ( 'NONE',  ( 0.000000000000000000, 0.000000000000000000, -1.000000000000000000 ) ) ;
#2003 = AXIS2_PLACEMENT_3D ( 'NONE', #2824, #2709, #9887 ) ;
#2004 = ORIENTED_EDGE ( 'NONE', *, *, #6788, .F. ) ;
#2005 = VECTOR ( 'NONE', #10112, 1000.000000000000114 ) ;
#2006 = DIRECTION ( 'NONE',  ( -1.000000000000000000, -0.000000000000000000, -0.000000000000000000 ) ) ;
#2007 = ORIENTED_EDGE ( 'NONE', *, *, #7641, .F. ) ;
#2008 = DIRECTION ( 'NONE',  ( -1.000000000000000000, 0.000000000000000000, 0.000000000000000000 ) ) ;
#2009 = VERTEX_POINT ( 'NONE', #6671 ) ;
#2010 = FACE_OUTER_BOUND ( 'NONE', #4769, .T. ) ;
#2011 = ORIENTED_EDGE ( 'NONE', *, *, #4728, .T. ) ;
#2012 = FILL_AREA_STYLE ('',( #2071 ) ) ;
#2013 = PRODUCT_DEFINITION_CONTEXT ( 'detailed design', #2101, 'design' ) ;
#2014 = CARTESIAN_POINT ( 'NONE',  ( -2.000000000000000000, 1.154700538379251240, -0.1786327949540822413 ) ) ;
#2015 = CIRCLE ( 'NONE', #1250, 1.099999999999997202 ) ;
#2016 = DIRECTION ( 'NONE',  ( -1.000000000000000000, 0.000000000000000000, 0.000000000000000000 ) ) ;
#2017 = CARTESIAN_POINT ( 'NONE',  ( 3.499999999999998668, 0.8999999999999998002, -22.15470053837915998 ) ) ;
#2018 = CARTESIAN_POINT ( 'NONE',  ( 0.000000000000000000, 0.000000000000000000, -0.3000000000000181410 ) ) ;
#2019 = ORIENTED_EDGE ( 'NONE', *, *, #4796, .T. ) ;
#2020 = DIRECTION ( 'NONE',  ( -1.000000000000000000, 0.000000000000000000, 0.000000000000000000 ) ) ;
#2021 = UNCERTAINTY_MEASURE_WITH_UNIT (LENGTH_MEASURE( 1.000000000000000082E-05 ), #9173, 'distance_accuracy_value', 'NONE');
#2022 = ORIENTED_EDGE ( 'NONE', *, *, #2884, .F. ) ;
#2023 = CARTESIAN_POINT ( 'NONE',  ( 1.000000000000000444, -1.732050807568876971, -1.600000000000000089 ) ) ;
#2024 = AXIS2_PLACEMENT_3D ( 'NONE', #1130, #6549, #10154 ) ;
#2025 = VECTOR ( 'NONE', #2509, 1000.000000000000000 ) ;
#2026 = ADVANCED_FACE ( 'NONE', ( #2043 ), #10087, .T. ) ;
#2027 = ORIENTED_EDGE ( 'NONE', *, *, #4998, .T. ) ;
#2028 = CARTESIAN_POINT ( 'NONE',  ( 4.250000000000000000, 0.000000000000000000, 0.000000000000000000 ) ) ;
#2029 = CARTESIAN_POINT ( 'NONE',  ( -0.1631781751318187590, 2.215190113420277385, -0.1242400699092117422 ) ) ;
#2030 = AXIS2_PLACEMENT_3D ( 'NONE', #11059, #6678, #7625 ) ;
#2031 = AXIS2_PLACEMENT_3D ( 'NONE', #9628, #4216, #591 ) ;
#2032 = CARTESIAN_POINT ( 'NONE',  ( 5.500000000000001776, 0.8999999999999986899, -1.899999999999893108 ) ) ;
#2033 = CARTESIAN_POINT ( 'NONE',  ( 0.000000000000000000, 4.898598887637106556E-16, -2.000000000000000000 ) ) ;
#2034 = ORIENTED_EDGE ( 'NONE', *, *, #8857, .F. ) ;
#2035 = CARTESIAN_POINT ( 'NONE',  ( 0.000000000000000000, 0.000000000000000000, -24.00000000000000000 ) ) ;
#2036 = VECTOR ( 'NONE', #10612, 1000.000000000000000 ) ;
#2037 = ORIENTED_EDGE ( 'NONE', *, *, #5658, .F. ) ;
#2038 = ITEM_DEFINED_TRANSFORMATION ( 'NONE', 'NONE', #3038,  #4873 ) ;
#2039 = EDGE_CURVE ( 'NONE', #4199, #8367, #6739, .T. ) ;
#2040 = DIRECTION ( 'NONE',  ( -0.000000000000000000, -0.000000000000000000, -1.000000000000000000 ) ) ;
#2041 = CARTESIAN_POINT ( 'NONE',  ( 0.000000000000000000, 5.058392604970359998E-16, -1.730481160836854215 ) ) ;
#2042 = DIRECTION ( 'NONE',  ( 0.000000000000000000, 0.000000000000000000, 1.000000000000000000 ) ) ;
#2043 = FACE_OUTER_BOUND ( 'NONE', #9788, .T. ) ;
#2044 = DIRECTION ( 'NONE',  ( 0.000000000000000000, 1.000000000000000000, 0.000000000000000000 ) ) ;
#2045 = VECTOR ( 'NONE', #3887, 1000.000000000000000 ) ;
#2046 = VERTEX_POINT ( 'NONE', #3232 ) ;
#2047 = LINE ( 'NONE', #9280, #1769 ) ;
#2048 = ORIENTED_EDGE ( 'NONE', *, *, #7609, .F. ) ;
#2049 = CARTESIAN_POINT ( 'NONE',  ( 0.000000000000000000, 4.738805170303855086E-16, -3.869518839163146762 ) ) ;
#2050 = CARTESIAN_POINT ( 'NONE',  ( 2.000000000000000000, 0.000000000000000000, -1.600000000000000089 ) ) ;
#2051 = ORIENTED_EDGE ( 'NONE', *, *, #10725, .F. ) ;
#2052 = CARTESIAN_POINT ( 'NONE',  ( -25.70914770952257555, -0.3502617553154643848, 1033.600000000006958 ) ) ;
#2053 = ADVANCED_FACE ( 'NONE', ( #4891 ), #5178, .F. ) ;
#2054 = DIRECTION ( 'NONE',  ( 1.000000000000000000, 0.000000000000000000, 0.000000000000000000 ) ) ;
#2055 = VECTOR ( 'NONE', #3797, 1000.000000000000000 ) ;
#2056 = DIRECTION ( 'NONE',  ( 1.000000000000000000, 0.000000000000000000, 0.000000000000000000 ) ) ;
#2057 = EDGE_CURVE ( 'NONE', #3784, #1891, #7556, .T. ) ;
#2058 = DIRECTION ( 'NONE',  ( 1.000000000000000000, 0.000000000000000000, 0.000000000000000000 ) ) ;
#2059 =( NAMED_UNIT ( * ) SI_UNIT ( $, .STERADIAN. ) SOLID_ANGLE_UNIT ( ) );
#2060 = CARTESIAN_POINT ( 'NONE',  ( -0.1702769162167616090, -0.7403828156981311359, -500000.0000000000582 ) ) ;
#2061 = ADVANCED_FACE ( 'NONE', ( #10340 ), #3664, .T. ) ;
#2062 = EDGE_CURVE ( 'NONE', #3086, #5305, #1581, .T. ) ;
#2063 = EDGE_LOOP ( 'NONE', ( #6453, #9239, #10826, #3370, #2146, #10709, #2136, #2427, #2504, #299 ) ) ;
#2064 = FACE_OUTER_BOUND ( 'NONE', #7699, .T. ) ;
#2065 = ORIENTED_EDGE ( 'NONE', *, *, #6720, .F. ) ;
#2066 = CIRCLE ( 'NONE', #10010, 1.999999999999999556 ) ;
#2067 = DIRECTION ( 'NONE',  ( 0.000000000000000000, -0.000000000000000000, 1.000000000000000000 ) ) ;
#2068 = ORIENTED_EDGE ( 'NONE', *, *, #1551, .F. ) ;
#2069 = LINE ( 'NONE', #10418, #7542 ) ;
#2070 = ORIENTED_EDGE ( 'NONE', *, *, #6, .T. ) ;
#2071 = FILL_AREA_STYLE_COLOUR ( '', #2828 ) ;
#2072 = DIRECTION ( 'NONE',  ( -0.000000000000000000, -0.000000000000000000, -1.000000000000000000 ) ) ;
#2073 = PRESENTATION_STYLE_ASSIGNMENT (( #11321 ) ) ;
#2074 = DIRECTION ( 'NONE',  ( -0.000000000000000000, -1.000000000000000000, -0.000000000000000000 ) ) ;
#2075 = CARTESIAN_POINT ( 'NONE',  ( 14.05000000000000071, 1.224646799147353207E-16, -1.000000000000000000 ) ) ;
#2076 = DIRECTION ( 'NONE',  ( 0.000000000000000000, 0.000000000000000000, -1.000000000000000000 ) ) ;
#2077 = EDGE_CURVE ( 'NONE', #5714, #11147, #6705, .T. ) ;
#2078 = ORIENTED_EDGE ( 'NONE', *, *, #1973, .T. ) ;
#2079 = DIRECTION ( 'NONE',  ( 0.8660254037844387076, 0.000000000000000000, 0.4999999999999999445 ) ) ;
#2080 = ORIENTED_EDGE ( 'NONE', *, *, #10240, .T. ) ;
#2081 = CARTESIAN_POINT ( 'NONE',  ( 4.099999999999999645, 0.000000000000000000, -0.3999999999999987454 ) ) ;
#2082 = ORIENTED_EDGE ( 'NONE', *, *, #9754, .F. ) ;
#2083 = EDGE_LOOP ( 'NONE', ( #10503, #472, #11149, #4380 ) ) ;
#2084 = FILL_AREA_STYLE_COLOUR ( '', #4507 ) ;
#2085 = CARTESIAN_POINT ( 'NONE',  ( -0.4787371468088112425, 0.5021775808706712141, -0.7493711149401139915 ) ) ;
#2086 = ORIENTED_EDGE ( 'NONE', *, *, #5101, .T. ) ;
#2087 = DIRECTION ( 'NONE',  ( -1.000000000000000000, 0.000000000000000000, 0.000000000000000000 ) ) ;
#2088 = CARTESIAN_POINT ( 'NONE',  ( 3.500000000000000000, 23.00000000000000000, 0.000000000000000000 ) ) ;
#2089 = PRODUCT_DEFINITION ( 'UNKNOWN', '', #7595, #2013 ) ;
#2090 = VERTEX_POINT ( 'NONE', #8741 ) ;
#2091 = CARTESIAN_POINT ( 'NONE',  ( 2.099999999999999645, 2.971690854684141847, 0.4999999999999991673 ) ) ;
#2092 = PRODUCT ( 'ImaEncoder', 'ImaEncoder', '', ( #10984 ) ) ;
#2093 = EDGE_LOOP ( 'NONE', ( #1658, #11544, #4143, #6117 ) ) ;
#2094 = CARTESIAN_POINT ( 'NONE',  ( 0.000000000000000000, 4.738805170303855086E-16, -1.469518839163146406 ) ) ;
#2095 = CARTESIAN_POINT ( 'NONE',  ( 4.099999999999999645, 2.821690854684141936, -0.8999999999999992450 ) ) ;
#2096 = VECTOR ( 'NONE', #3725, 1000.000000000000000 ) ;
#2097 = CARTESIAN_POINT ( 'NONE',  ( 4.099999999999999645, 0.000000000000000000, 0.3999999999999968026 ) ) ;
#2098 = CARTESIAN_POINT ( 'NONE',  ( 2.000000000000000000, 1.154700538379250130, -1.600000000000000089 ) ) ;
#2099 = FACE_OUTER_BOUND ( 'NONE', #5532, .T. ) ;
#2100 = EDGE_LOOP ( 'NONE', ( #8570, #6403, #11723, #11709 ) ) ;
#2101 = APPLICATION_CONTEXT ( 'automotive_design' ) ;
#2102 = DIRECTION ( 'NONE',  ( 0.000000000000000000, 0.000000000000000000, -1.000000000000000000 ) ) ;
#2103 = EDGE_CURVE ( 'NONE', #11538, #7539, #5968, .T. ) ;
#2104 = AXIS2_PLACEMENT_3D ( 'NONE', #2446, #6185, #6068 ) ;
#2105 = ORIENTED_EDGE ( 'NONE', *, *, #9452, .F. ) ;
#2106 = CARTESIAN_POINT ( 'NONE',  ( 0.000000000000000000, 5.058392604970359998E-16, -1.730481160836854215 ) ) ;
#2107 = CARTESIAN_POINT ( 'NONE',  ( 0.000000000000000000, 0.000000000000000000, -3.300000000000018030 ) ) ;
#2108 = VERTEX_POINT ( 'NONE', #10626 ) ;
#2109 = CARTESIAN_POINT ( 'NONE',  ( 0.000000000000000000, 0.000000000000000000, 0.000000000000000000 ) ) ;
#2110 = DIRECTION ( 'NONE',  ( 0.000000000000000000, -1.000000000000000000, -0.000000000000000000 ) ) ;
#2111 = DIRECTION ( 'NONE',  ( 0.000000000000000000, 0.000000000000000000, 1.000000000000000000 ) ) ;
#2112 = CARTESIAN_POINT ( 'NONE',  ( 2.000000000000000000, 0.000000000000000000, 0.000000000000000000 ) ) ;
#2113 = DIRECTION ( 'NONE',  ( -0.5000000000000009992, 0.000000000000000000, -0.8660254037844380415 ) ) ;
#2114 = ORIENTED_EDGE ( 'NONE', *, *, #11355, .T. ) ;
#2115 = DIRECTION ( 'NONE',  ( -0.000000000000000000, -0.000000000000000000, 1.000000000000000000 ) ) ;
#2116 = EDGE_CURVE ( 'NONE', #11711, #525, #1624, .T. ) ;
#2117 = ORIENTED_EDGE ( 'NONE', *, *, #7135, .F. ) ;
#2118 = B_SPLINE_CURVE_WITH_KNOTS ( 'NONE', 3,
 ( #6229, #9836, #811, #4442, #980, #2001 ),
 .UNSPECIFIED., .F., .F.,
 ( 4, 2, 4 ),
 ( 0.001168606431211104352, 0.001750609284260045383, 0.002332612137308986630 ),
 .UNSPECIFIED. ) ;
#2119 = CARTESIAN_POINT ( 'NONE',  ( 0.000000000000000000, 0.000000000000000000, -0.1540456584061371259 ) ) ;
#2120 = EDGE_CURVE ( 'NONE', #1565, #1328, #2510, .T. ) ;
#2121 = EDGE_CURVE ( 'NONE', #9478, #11711, #9692, .T. ) ;
#2122 = EDGE_LOOP ( 'NONE', ( #7626, #5355, #4403, #6519 ) ) ;
#2123 = DIRECTION ( 'NONE',  ( 0.000000000000000000, -1.000000000000000000, -2.168404344971008868E-16 ) ) ;
#2124 = VERTEX_POINT ( 'NONE', #10568 ) ;
#2125 = EDGE_CURVE ( 'NONE', #4199, #6460, #9879, .T. ) ;
#2126 = ADVANCED_FACE ( 'NONE', ( #7854 ), #11466, .F. ) ;
#2127 = DIRECTION ( 'NONE',  ( 0.000000000000000000, 0.000000000000000000, 1.000000000000000000 ) ) ;
#2128 = UNCERTAINTY_MEASURE_WITH_UNIT (LENGTH_MEASURE( 1.000000000000000082E-05 ), #11555, 'distance_accuracy_value', 'NONE');
#2129 = FACE_OUTER_BOUND ( 'NONE', #6976, .T. ) ;
#2130 = CARTESIAN_POINT ( 'NONE',  ( 0.000000000000000000, 0.000000000000000000, -0.1540456584061371259 ) ) ;
#2131 = PLANE ( 'NONE',  #3056 ) ;
#2132 = ORIENTED_EDGE ( 'NONE', *, *, #1309, .F. ) ;
#2133 = CARTESIAN_POINT ( 'NONE',  ( 1.000000000000000000, 1.224646799147354933E-16, -2.269518839163146673 ) ) ;
#2134 = ORIENTED_EDGE ( 'NONE', *, *, #7002, .T. ) ;
#2135 = AXIS2_PLACEMENT_3D ( 'NONE', #9152, #7155, #132 ) ;
#2136 = ORIENTED_EDGE ( 'NONE', *, *, #9455, .F. ) ;
#2137 = ORIENTED_EDGE ( 'NONE', *, *, #11507, .F. ) ;
#2138 = ADVANCED_FACE ( 'NONE', ( #604 ), #3258, .T. ) ;
#2139 = VECTOR ( 'NONE', #11108, 1000.000000000000000 ) ;
#2140 = CIRCLE ( 'NONE', #8586, 0.8156023289304831225 ) ;
#2141 = EDGE_CURVE ( 'NONE', #8488, #5738, #5969, .T. ) ;
#2142 = DIRECTION ( 'NONE',  ( -0.5000000000000004441, 0.8660254037844383745, 0.000000000000000000 ) ) ;
#2143 = CARTESIAN_POINT ( 'NONE',  ( -0.6607522599941050290, 1.927915581583253601, -0.01710519872702210772 ) ) ;
#2144 = DIRECTION ( 'NONE',  ( 0.000000000000000000, 0.000000000000000000, -1.000000000000000000 ) ) ;
#2145 = DIRECTION ( 'NONE',  ( -0.7423286577013630261, -0.4285836503510562778, -0.5150380749100555988 ) ) ;
#2146 = ORIENTED_EDGE ( 'NONE', *, *, #7492, .F. ) ;
#2147 = CARTESIAN_POINT ( 'NONE',  ( -2.000000000000000444, 2.500000000000000000, -18.69059892324140293 ) ) ;
#2148 = CIRCLE ( 'NONE', #7645, 1.000000000000000000 ) ;
#2149 = AXIS2_PLACEMENT_3D ( 'NONE', #2990, #6612, #9333 ) ;
#2150 = PRESENTATION_LAYER_ASSIGNMENT (  '', '', ( #10845 ) ) ;
#2151 = EDGE_LOOP ( 'NONE', ( #2265, #6860, #7617, #5306 ) ) ;
#2152 = VECTOR ( 'NONE', #3220, 1000.000000000000000 ) ;
#2153 = VECTOR ( 'NONE', #11622, 1000.000000000000000 ) ;
#2154 = CARTESIAN_POINT ( 'NONE',  ( 3.500000000000000000, 23.00000000000000000, 0.000000000000000000 ) ) ;
#2155 = CARTESIAN_POINT ( 'NONE',  ( -2.000000000000001776, 0.9000000000000003553, -2.999999999999891642 ) ) ;
#2156 = AXIS2_PLACEMENT_3D ( 'NONE', #5693, #166, #39 ) ;
#2157 = ORIENTED_EDGE ( 'NONE', *, *, #1398, .T. ) ;
#2158 = LINE ( 'NONE', #9396, #1838 ) ;
#2159 = DIRECTION ( 'NONE',  ( 0.000000000000000000, 0.000000000000000000, -1.000000000000000000 ) ) ;
#2160 = DIRECTION ( 'NONE',  ( 1.000000000000000000, 0.000000000000000000, 0.000000000000000000 ) ) ;
#2161 = CONICAL_SURFACE ( 'NONE', #8790, 2.000000000000000000, 1.047197551196595855 ) ;
#2162 = ORIENTED_EDGE ( 'NONE', *, *, #6788, .T. ) ;
#2163 = AXIS2_PLACEMENT_3D ( 'NONE', #98, #11131, #4849 ) ;
#2164 = CARTESIAN_POINT ( 'NONE',  ( 3.500000000000000000, 23.00000000000000000, 0.000000000000000000 ) ) ;
#2165 = AXIS2_PLACEMENT_3D ( 'NONE', #4386, #8112, #11613 ) ;
#2166 = EDGE_LOOP ( 'NONE', ( #10027, #1016, #1715, #7554, #35, #8844 ) ) ;
#2167 = CARTESIAN_POINT ( 'NONE',  ( 2.000000000000000000, -0.7745510564695445854, -1.521052330702030719 ) ) ;
#2168 = EDGE_CURVE ( 'NONE', #3237, #10769, #10255, .T. ) ;
#2169 = VERTEX_POINT ( 'NONE', #5176 ) ;
#2170 = SURFACE_SIDE_STYLE ('',( #5017 ) ) ;
#2171 = CARTESIAN_POINT ( 'NONE',  ( 0.000000000000000000, 4.898598887637106556E-16, -4.000000000000000000 ) ) ;
#2172 = FACE_OUTER_BOUND ( 'NONE', #1699, .T. ) ;
#2173 = VECTOR ( 'NONE', #8397, 1000.000000000000000 ) ;
#2174 = CARTESIAN_POINT ( 'NONE',  ( -2.000000000000001776, -0.7999999999999847233, -1.899999999999894884 ) ) ;
#2175 = FACE_OUTER_BOUND ( 'NONE', #5877, .T. ) ;
#2176 = EDGE_CURVE ( 'NONE', #8388, #1266, #6141, .T. ) ;
#2177 = APPLICATION_CONTEXT ( 'automotive_design' ) ;
#2178 = ORIENTED_EDGE ( 'NONE', *, *, #10971, .F. ) ;
#2179 = CARTESIAN_POINT ( 'NONE',  ( -2.000000000000000000, 0.000000000000000000, 0.000000000000000000 ) ) ;
#2180 = ORIENTED_EDGE ( 'NONE', *, *, #8581, .T. ) ;
#2181 = CARTESIAN_POINT ( 'NONE',  ( 1.000000000000000000, 0.000000000000000000, 0.000000000000000000 ) ) ;
#2182 = AXIS2_PLACEMENT_3D ( 'NONE', #8896, #711, #10499 ) ;
#2183 = ORIENTED_EDGE ( 'NONE', *, *, #7974, .F. ) ;
#2184 = CARTESIAN_POINT ( 'NONE',  ( 11.50000000000000000, 7.500000000000000000, -6.116139535669825378 ) ) ;
#2185 = ORIENTED_EDGE ( 'NONE', *, *, #6473, .T. ) ;
#2186 = CARTESIAN_POINT ( 'NONE',  ( -4.000000000000003553, 2.500000000000000000, -4.154700538379143993 ) ) ;
#2187 = SHAPE_REPRESENTATION ( 'SeguraIma', ( #4873 ), #6824 ) ;
#2188 = DIRECTION ( 'NONE',  ( 0.000000000000000000, 0.000000000000000000, 1.000000000000000000 ) ) ;
#2189 = EDGE_CURVE ( 'NONE', #1939, #10298, #6107, .T. ) ;
#2190 =( GEOMETRIC_REPRESENTATION_CONTEXT ( 3 ) GLOBAL_UNCERTAINTY_ASSIGNED_CONTEXT ( ( #2850 ) ) GLOBAL_UNIT_ASSIGNED_CONTEXT ( ( #6170, #10712, #2368 ) ) REPRESENTATION_CONTEXT ( 'NONE', 'WORKASPACE' ) );
#2191 = AXIS2_PLACEMENT_3D ( 'NONE', #9362, #3023, #1224 ) ;
#2192 = DIRECTION ( 'NONE',  ( 0.000000000000000000, 0.000000000000000000, -1.000000000000000000 ) ) ;
#2193 = ADVANCED_FACE ( 'NONE', ( #7969 ), #9753, .T. ) ;
#2194 = PRODUCT ( 'hex nut style 1 gradeab_iso_ISO - 4032 - M2 - D - N', 'hex nut style 1 gradeab_iso_ISO - 4032 - M2 - D - N', '', ( #9092 ) ) ;
#2195 = FACE_OUTER_BOUND ( 'NONE', #10641, .T. ) ;
#2196 = FACE_OUTER_BOUND ( 'NONE', #7109, .T. ) ;
#2197 = VERTEX_POINT ( 'NONE', #6200 ) ;
#2198 = DIRECTION ( 'NONE',  ( 0.000000000000000000, -1.000000000000000000, 0.000000000000000000 ) ) ;
#2199 = ORIENTED_EDGE ( 'NONE', *, *, #6844, .T. ) ;
#2200 = DIRECTION ( 'NONE',  ( -0.000000000000000000, -1.000000000000000000, -0.000000000000000000 ) ) ;
#2201 = EDGE_LOOP ( 'NONE', ( #3321, #9482, #988, #5303, #7151 ) ) ;
#2202 = CIRCLE ( 'NONE', #2951, 2.000000000000000000 ) ;
#2203 = ORIENTED_EDGE ( 'NONE', *, *, #8877, .T. ) ;
#2204 = PLANE ( 'NONE',  #1803 ) ;
#2205 = DIRECTION ( 'NONE',  ( 0.000000000000000000, 1.000000000000000000, 0.000000000000000000 ) ) ;
#2206 = ADVANCED_FACE ( 'NONE', ( #10511, #6025 ), #5301, .F. ) ;
#2207 = CARTESIAN_POINT ( 'NONE',  ( 5.500000000000000000, 0.8999999999999986899, -0.6905989232413871637 ) ) ;
#2208 = CARTESIAN_POINT ( 'NONE',  ( 1.949999999999999956, 7.500000000000000000, -9.616139535669825378 ) ) ;
#2209 = CONICAL_SURFACE ( 'NONE', #10345, 2.200000000000000622, 0.7853981633974473908 ) ;
#2210 = EDGE_LOOP ( 'NONE', ( #7472, #1777, #2185 ) ) ;
#2211 = CARTESIAN_POINT ( 'NONE',  ( -2.000000000000000000, 1.154700538379251240, -1.600000000000000089 ) ) ;
#2212 = EDGE_CURVE ( 'NONE', #11041, #6839, #971, .T. ) ;
#2213 = ADVANCED_FACE ( 'NONE', ( #122, #951, #900 ), #2857, .F. ) ;
#2214 = CARTESIAN_POINT ( 'NONE',  ( 5.499999999999998224, 0.8999999999999995781, -20.99999999999990763 ) ) ;
#2215 = AXIS2_PLACEMENT_3D ( 'NONE', #3059, #1087, #10223 ) ;
#2216 = CIRCLE ( 'NONE', #706, 10.00000000000000000 ) ;
#2217 = VERTEX_POINT ( 'NONE', #9025 ) ;
#2218 =( NAMED_UNIT ( * ) PLANE_ANGLE_UNIT ( ) SI_UNIT ( $, .RADIAN. ) );
#2219 = CARTESIAN_POINT ( 'NONE',  ( 2.099999999999999645, 4.001000000000000334, -0.4999999999999991673 ) ) ;
#2220 = ORIENTED_EDGE ( 'NONE', *, *, #9229, .T. ) ;
#2221 = CARTESIAN_POINT ( 'NONE',  ( -17.30000000000000071, 0.000000000000000000, 1.550000000000000044 ) ) ;
#2222 = CARTESIAN_POINT ( 'NONE',  ( -1.000000000000000888, 1.732050807568876749, 0.000000000000000000 ) ) ;
#2223 = DIRECTION ( 'NONE',  ( 0.000000000000000000, -1.000000000000000000, 0.000000000000000000 ) ) ;
#2224 = EDGE_CURVE ( 'NONE', #11319, #4434, #1550, .T. ) ;
#2225 = ORIENTED_EDGE ( 'NONE', *, *, #6625, .F. ) ;
#2226 = AXIS2_PLACEMENT_3D ( 'NONE', #283, #10019, #3681 ) ;
#2227 = FACE_OUTER_BOUND ( 'NONE', #8511, .T. ) ;
#2228 = ORIENTED_EDGE ( 'NONE', *, *, #3669, .F. ) ;
#2229 = CYLINDRICAL_SURFACE ( 'NONE', #119, 0.3062499999999996891 ) ;
#2230 = ORIENTED_EDGE ( 'NONE', *, *, #4712, .F. ) ;
#2231 = MECHANICAL_DESIGN_GEOMETRIC_PRESENTATION_REPRESENTATION (  '', ( #1852 ), #8861 ) ;
#2232 = CARTESIAN_POINT ( 'NONE',  ( 1.000000000000000444, -1.732050807568876971, 0.000000000000000000 ) ) ;
#2233 = DIRECTION ( 'NONE',  ( 1.000000000000000000, -0.000000000000000000, -0.000000000000000000 ) ) ;
#2234 = PRODUCT_DEFINITION_CONTEXT ( 'detailed design', #3835, 'design' ) ;
#2235 = DIRECTION ( 'NONE',  ( -0.000000000000000000, -0.000000000000000000, 1.000000000000000000 ) ) ;
#2236 = CARTESIAN_POINT ( 'NONE',  ( 5.500000000000001776, 0.2999999999999825584, -1.899999999999893108 ) ) ;
#2237 = AXIS2_PLACEMENT_3D ( 'NONE', #6082, #497, #10452 ) ;
#2238 = PRODUCT_DEFINITION ( 'UNKNOWN', '', #5889, #3189 ) ;
#2239 = ORIENTED_EDGE ( 'NONE', *, *, #5464, .T. ) ;
#2240 = DIRECTION ( 'NONE',  ( -0.000000000000000000, -1.000000000000000000, -0.000000000000000000 ) ) ;
#2241 = ORIENTED_EDGE ( 'NONE', *, *, #7495, .F. ) ;
#2242 = LINE ( 'NONE', #1282, #9361 ) ;
#2243 = ORIENTED_EDGE ( 'NONE', *, *, #303, .F. ) ;
#2244 = FACE_OUTER_BOUND ( 'NONE', #4625, .T. ) ;
#2245 = VECTOR ( 'NONE', #4404, 1000.000000000000000 ) ;
#2246 = ORIENTED_EDGE ( 'NONE', *, *, #9814, .F. ) ;
#2247 = SHAPE_REPRESENTATION_RELATIONSHIP ( 'NONE' , 'NONE' ,  #11531, #5864 ) ;
#2248 = LINE ( 'NONE', #7644, #4270 ) ;
#2249 = DIRECTION ( 'NONE',  ( 0.000000000000000000, 0.000000000000000000, 1.000000000000000000 ) ) ;
#2250 = DIRECTION ( 'NONE',  ( 0.000000000000000000, 1.000000000000000000, 0.000000000000000000 ) ) ;
#2251 = DIRECTION ( 'NONE',  ( 0.000000000000000000, 0.000000000000000000, 1.000000000000000000 ) ) ;
#2252 = CARTESIAN_POINT ( 'NONE',  ( 0.000000000000000000, 4.738805170303855086E-16, -2.269518839163146673 ) ) ;
#2253 = FACE_BOUND ( 'NONE', #2276, .T. ) ;
#2254 = ORIENTED_EDGE ( 'NONE', *, *, #3939, .F. ) ;
#2255 = CARTESIAN_POINT ( 'NONE',  ( 5.500000000000001776, 2.500000000000000000, -18.69059892324140293 ) ) ;
#2256 = ORIENTED_EDGE ( 'NONE', *, *, #1398, .F. ) ;
#2257 = CARTESIAN_POINT ( 'NONE',  ( 0.6607522599941045849, -1.927915581583256932, -1.582894801272977103 ) ) ;
#2258 = ORIENTED_EDGE ( 'NONE', *, *, #11188, .T. ) ;
#2259 = VERTEX_POINT ( 'NONE', #2628 ) ;
#2260 = ADVANCED_FACE ( 'NONE', ( #4577 ), #9137, .F. ) ;
#2261 = DIRECTION ( 'NONE',  ( 1.000000000000000000, 0.000000000000000000, 0.000000000000000000 ) ) ;
#2262 = DIRECTION ( 'NONE',  ( 0.000000000000000000, 1.000000000000000000, 0.000000000000000000 ) ) ;
#2263 = DIRECTION ( 'NONE',  ( 1.000000000000000000, 0.000000000000000000, 0.000000000000000000 ) ) ;
#2264 = FACE_OUTER_BOUND ( 'NONE', #7828, .T. ) ;
#2265 = ORIENTED_EDGE ( 'NONE', *, *, #3783, .F. ) ;
#2266 = CARTESIAN_POINT ( 'NONE',  ( 0.000000000000000000, 1.000000000000000444, -2.130481160836854126 ) ) ;
#2267 = LINE ( 'NONE', #3169, #3665 ) ;
#2268 = EDGE_CURVE ( 'NONE', #2632, #1152, #8558, .T. ) ;
#2269 = ADVANCED_FACE ( 'NONE', ( #8476 ), #4951, .T. ) ;
#2270 = EDGE_CURVE ( 'NONE', #8087, #3060, #9083, .T. ) ;
#2271 = EDGE_LOOP ( 'NONE', ( #9660, #630 ) ) ;
#2272 = ADVANCED_FACE ( 'NONE', ( #4530, #9980 ), #1740, .F. ) ;
#2273 = SURFACE_SIDE_STYLE ('',( #4228 ) ) ;
#2274 = EDGE_CURVE ( 'NONE', #7977, #9797, #3632, .T. ) ;
#2275 = CARTESIAN_POINT ( 'NONE',  ( 1.000000000000001998, 1.732050807568876083, 0.000000000000000000 ) ) ;
#2276 = EDGE_LOOP ( 'NONE', ( #1090, #3987 ) ) ;
#2277 = CARTESIAN_POINT ( 'NONE',  ( 0.000000000000000000, 0.7740000000000005764, -2.000000000000000000 ) ) ;
#2278 = CARTESIAN_POINT ( 'NONE',  ( 2.000000000000000000, 0.000000000000000000, 0.000000000000000000 ) ) ;
#2279 = SHAPE_REPRESENTATION ( 'hex nut style 1 gradeab_iso_ISO - 4032 - M2 - D - N', ( #4873 ), #10976 ) ;
#2280 = CARTESIAN_POINT ( 'NONE',  ( 1.899999999999999689, 2.326828918379970872E-16, 0.000000000000000000 ) ) ;
#2281 = B_SPLINE_CURVE_WITH_KNOTS ( 'NONE', 3,
 ( #7541, #4108, #5769, #9378 ),
 .UNSPECIFIED., .F., .F.,
 ( 4, 4 ),
 ( 2.380749485065221449E-07, 0.001168606431211103485 ),
 .UNSPECIFIED. ) ;
#2282 = ORIENTED_EDGE ( 'NONE', *, *, #4582, .T. ) ;
#2283 = AXIS2_PLACEMENT_3D ( 'NONE', #6210, #3468, #1455 ) ;
#2284 = CARTESIAN_POINT ( 'NONE',  ( 2.000000000000000000, 1.154700538379254349, -1.421367205045916737 ) ) ;
#2285 = ORIENTED_EDGE ( 'NONE', *, *, #9953, .T. ) ;
#2286 = CARTESIAN_POINT ( 'NONE',  ( 2.645657173485741849E-15, -0.7000000000000021760, 0.000000000000000000 ) ) ;
#2287 = EDGE_LOOP ( 'NONE', ( #11648, #3907, #4415, #8091 ) ) ;
#2288 = AXIS2_PLACEMENT_3D ( 'NONE', #924, #150, #4557 ) ;
#2289 = PRODUCT ( 'Eixo', 'Eixo', '', ( #6261 ) ) ;
#2290 = DIRECTION ( 'NONE',  ( 1.000000000000000000, 0.000000000000000000, 0.000000000000000000 ) ) ;
#2291 = LINE ( 'NONE', #3243, #4474 ) ;
#2292 = ADVANCED_FACE ( 'NONE', ( #57 ), #2684, .T. ) ;
#2293 = DIRECTION ( 'NONE',  ( -0.000000000000000000, 0.000000000000000000, 1.000000000000000000 ) ) ;
#2294 = DIRECTION ( 'NONE',  ( 0.000000000000000000, 1.000000000000000000, 0.000000000000000000 ) ) ;
#2295 = DIRECTION ( 'NONE',  ( 1.000000000000000000, -0.000000000000000000, -0.000000000000000000 ) ) ;
#2296 = ORIENTED_EDGE ( 'NONE', *, *, #6935, .F. ) ;
#2297 = DIRECTION ( 'NONE',  ( 0.000000000000000000, -0.000000000000000000, 1.000000000000000000 ) ) ;
#2298 = AXIS2_PLACEMENT_3D ( 'NONE', #8357, #6467, #1952 ) ;
#2299 = ORIENTED_EDGE ( 'NONE', *, *, #8359, .F. ) ;
#2300 = DIRECTION ( 'NONE',  ( 1.000000000000000000, 0.000000000000000000, 0.000000000000000000 ) ) ;
#2301 = ORIENTED_EDGE ( 'NONE', *, *, #2759, .T. ) ;
#2302 = FACE_OUTER_BOUND ( 'NONE', #7028, .T. ) ;
#2303 = VERTEX_POINT ( 'NONE', #6479 ) ;
#2304 = DIRECTION ( 'NONE',  ( -0.000000000000000000, 1.224649721909276639E-16, -1.000000000000000000 ) ) ;
#2305 =( NAMED_UNIT ( * ) SI_UNIT ( $, .STERADIAN. ) SOLID_ANGLE_UNIT ( ) );
#2306 = DIRECTION ( 'NONE',  ( 1.000000000000000000, 0.000000000000000000, 0.000000000000000000 ) ) ;
#2307 = LINE ( 'NONE', #1419, #9314 ) ;
#2308 = FACE_OUTER_BOUND ( 'NONE', #851, .T. ) ;
#2309 = ORIENTED_EDGE ( 'NONE', *, *, #8486, .T. ) ;
#2310 = CARTESIAN_POINT ( 'NONE',  ( -2.000000000000000000, 0.1952413320394005836, 7.623296525288699970E-18 ) ) ;
#2311 = EDGE_LOOP ( 'NONE', ( #151, #184, #3730 ) ) ;
#2312 = DIRECTION ( 'NONE',  ( -0.000000000000000000, -0.000000000000000000, -1.000000000000000000 ) ) ;
#2313 = VERTEX_POINT ( 'NONE', #3525 ) ;
#2314 = ORIENTED_EDGE ( 'NONE', *, *, #6267, .F. ) ;
#2315 = CARTESIAN_POINT ( 'NONE',  ( 0.000000000000000000, 0.000000000000000000, 0.000000000000000000 ) ) ;
#2316 = CARTESIAN_POINT ( 'NONE',  ( 0.000000000000000000, 0.000000000000000000, 0.000000000000000000 ) ) ;
#2317 = DIRECTION ( 'NONE',  ( 0.8660254037844384856, 0.5000000000000002220, 0.000000000000000000 ) ) ;
#2318 = VERTEX_POINT ( 'NONE', #7302 ) ;
#2319 = EDGE_CURVE ( 'NONE', #2324, #1877, #7144, .T. ) ;
#2320 = DIRECTION ( 'NONE',  ( 0.000000000000000000, 0.000000000000000000, 1.000000000000000000 ) ) ;
#2321 =( LENGTH_UNIT ( ) NAMED_UNIT ( * ) SI_UNIT ( .MILLI., .METRE. ) );
#2322 = AXIS2_PLACEMENT_3D ( 'NONE', #11190, #7575, #3071 ) ;
#2323 = FACE_OUTER_BOUND ( 'NONE', #4732, .T. ) ;
#2324 = VERTEX_POINT ( 'NONE', #9859 ) ;
#2325 = AXIS2_PLACEMENT_3D ( 'NONE', #6214, #10578, #2465 ) ;
#2326 = ITEM_DEFINED_TRANSFORMATION ( 'NONE', 'NONE', #8533,  #4873 ) ;
#2327 = CARTESIAN_POINT ( 'NONE',  ( 2.099999999999999645, -2.971690854684141847, 0.4999999999999992784 ) ) ;
#2328 =( REPRESENTATION_RELATIONSHIP ('NONE','NONE', #9860, #9464 ) REPRESENTATION_RELATIONSHIP_WITH_TRANSFORMATION ( #2038 )SHAPE_REPRESENTATION_RELATIONSHIP( ) );
#2329 = CARTESIAN_POINT ( 'NONE',  ( 1.169735307079673214, 1.634054082335443692, -1.600000000000000977 ) ) ;
#2330 = ORIENTED_EDGE ( 'NONE', *, *, #977, .T. ) ;
#2331 = DIRECTION ( 'NONE',  ( 1.000000000000000000, 0.000000000000000000, 0.000000000000000000 ) ) ;
#2332 = AXIS2_PLACEMENT_3D ( 'NONE', #4832, #11298, #5791 ) ;
#2333 = CARTESIAN_POINT ( 'NONE',  ( 5.500000000000000888, 0.000000000000000000, -24.00000000000000000 ) ) ;
#2334 = AXIS2_PLACEMENT_3D ( 'NONE', #11663, #11481, #10527 ) ;
#2335 = EDGE_CURVE ( 'NONE', #5095, #109, #570, .T. ) ;
#2336 = AXIS2_PLACEMENT_3D ( 'NONE', #11458, #2388, #424 ) ;
#2337 = ADVANCED_FACE ( 'NONE', ( #8139 ), #846, .F. ) ;
#2338 = DIRECTION ( 'NONE',  ( 0.000000000000000000, 1.000000000000000000, 0.000000000000000000 ) ) ;
#2339 = VERTEX_POINT ( 'NONE', #1 ) ;
#2340 = CIRCLE ( 'NONE', #9548, 1.000000000000000000 ) ;
#2341 = EDGE_CURVE ( 'NONE', #1184, #8692, #8175, .T. ) ;
#2342 = VECTOR ( 'NONE', #1124, 1000.000000000000000 ) ;
#2343 = EDGE_LOOP ( 'NONE', ( #4231, #2638, #99, #7461 ) ) ;
#2344 = DIRECTION ( 'NONE',  ( -0.000000000000000000, -0.000000000000000000, 1.000000000000000000 ) ) ;
#2345 = VERTEX_POINT ( 'NONE', #6366 ) ;
#2346 = DIRECTION ( 'NONE',  ( -1.000000000000000000, 2.317953133304866666E-29, 8.163098329226923055E-30 ) ) ;
#2347 = DIRECTION ( 'NONE',  ( 0.000000000000000000, 0.000000000000000000, -1.000000000000000000 ) ) ;
#2348 = DIRECTION ( 'NONE',  ( -0.000000000000000000, 1.224649721909276639E-16, -1.000000000000000000 ) ) ;
#2349 = CIRCLE ( 'NONE', #4055, 1.000000000000000000 ) ;
#2350 = CARTESIAN_POINT ( 'NONE',  ( -2.000000000000001332, -0.7999999999999864997, -0.7999999999998910205 ) ) ;
#2351 = DIRECTION ( 'NONE',  ( 1.000000000000000000, 0.000000000000000000, 0.000000000000000000 ) ) ;
#2352 = ADVANCED_FACE ( 'NONE', ( #5996 ), #1917, .T. ) ;
#2353 = CIRCLE ( 'NONE', #5571, 1.000000000000000000 ) ;
#2354 = AXIS2_PLACEMENT_3D ( 'NONE', #6100, #2701, #4374 ) ;
#2355 = AXIS2_PLACEMENT_3D ( 'NONE', #5146, #7886, #10777 ) ;
#2356 = VERTEX_POINT ( 'NONE', #520 ) ;
#2357 = CARTESIAN_POINT ( 'NONE',  ( 5.500000000000001776, 0.000000000000000000, -2.999999999999891642 ) ) ;
#2358 = EDGE_CURVE ( 'NONE', #19, #4799, #6666, .T. ) ;
#2359 = ORIENTED_EDGE ( 'NONE', *, *, #10654, .F. ) ;
#2360 = B_SPLINE_CURVE_WITH_KNOTS ( 'NONE', 3,
 ( #10348, #11176, #2167, #322, #1142, #1326 ),
 .UNSPECIFIED., .F., .F.,
 ( 4, 2, 4 ),
 ( 0.002060137505873420490, 0.002644210467598552897, 0.003228283429323685304 ),
 .UNSPECIFIED. ) ;
#2361 = EDGE_CURVE ( 'NONE', #11393, #9157, #8597, .T. ) ;
#2362 = DIRECTION ( 'NONE',  ( 0.000000000000000000, 0.000000000000000000, 1.000000000000000000 ) ) ;
#2363 = VERTEX_POINT ( 'NONE', #5090 ) ;
#2364 = CARTESIAN_POINT ( 'NONE',  ( 3.500000000000000000, 0.000000000000000000, -24.00000000000000000 ) ) ;
#2365 = AXIS2_PLACEMENT_3D ( 'NONE', #9347, #3900, #4078 ) ;
#2366 = ORIENTED_EDGE ( 'NONE', *, *, #5480, .F. ) ;
#2367 = DIRECTION ( 'NONE',  ( -1.000000000000000000, 0.000000000000000000, 0.000000000000000000 ) ) ;
#2368 =( NAMED_UNIT ( * ) SI_UNIT ( $, .STERADIAN. ) SOLID_ANGLE_UNIT ( ) );
#2369 = CARTESIAN_POINT ( 'NONE',  ( 0.000000000000000000, 23.00000000000000000, -24.00000000000000000 ) ) ;
#2370 = CARTESIAN_POINT ( 'NONE',  ( 4.250000000000000000, 0.000000000000000000, 0.000000000000000000 ) ) ;
#2371 = CARTESIAN_POINT ( 'NONE',  ( -1.000000000000001776, -1.732050807568876527, 0.000000000000000000 ) ) ;
#2372 = ORIENTED_EDGE ( 'NONE', *, *, #11178, .F. ) ;
#2373 = CIRCLE ( 'NONE', #6355, 0.3062499999999996891 ) ;
#2374 = CARTESIAN_POINT ( 'NONE',  ( 1.000000000000000000, 1.224646799147354933E-16, -3.069518839163146939 ) ) ;
#2375 = EDGE_LOOP ( 'NONE', ( #6744, #1978 ) ) ;
#2376 = ADVANCED_FACE ( 'NONE', ( #10543 ), #9555, .F. ) ;
#2377 = CARTESIAN_POINT ( 'NONE',  ( 1.000000000000000444, -1.732050807568876971, -1.600000000000000089 ) ) ;
#2378 = EDGE_LOOP ( 'NONE', ( #7230, #7210 ) ) ;
#2379 = ORIENTED_EDGE ( 'NONE', *, *, #964, .T. ) ;
#2380 = CONICAL_SURFACE ( 'NONE', #10892, 2.000000000000000000, 1.047197551196595855 ) ;
#2381 = DIRECTION ( 'NONE',  ( -0.000000000000000000, 1.224649721909276639E-16, -1.000000000000000000 ) ) ;
#2382 = AXIS2_PLACEMENT_3D ( 'NONE', #1288, #2896, #6762 ) ;
#2383 = FACE_OUTER_BOUND ( 'NONE', #1177, .T. ) ;
#2384 = PLANE ( 'NONE',  #11435 ) ;
#2385 = ORIENTED_EDGE ( 'NONE', *, *, #9612, .T. ) ;
#2386 = FACE_OUTER_BOUND ( 'NONE', #7703, .T. ) ;
#2387 = EDGE_CURVE ( 'NONE', #2491, #391, #3125, .T. ) ;
#2388 = DIRECTION ( 'NONE',  ( -0.000000000000000000, -0.000000000000000000, -1.000000000000000000 ) ) ;
#2389 = AXIS2_PLACEMENT_3D ( 'NONE', #963, #9988, #70 ) ;
#2390 = PRODUCT_DEFINITION_SHAPE ( 'NONE', 'NONE',  #9485 ) ;
#2391 = DIRECTION ( 'NONE',  ( 0.000000000000000000, 0.000000000000000000, 1.000000000000000000 ) ) ;
#2392 = ORIENTED_EDGE ( 'NONE', *, *, #9302, .F. ) ;
#2393 = ADVANCED_FACE ( 'NONE', ( #6707 ), #10442, .F. ) ;
#2394 = DIRECTION ( 'NONE',  ( -1.000000000000000000, 0.000000000000000000, 0.000000000000000000 ) ) ;
#2395 = CYLINDRICAL_SURFACE ( 'NONE', #3112, 1.949999999999999734 ) ;
#2396 = CIRCLE ( 'NONE', #5236, 0.9999999999999997780 ) ;
#2397 = ORIENTED_EDGE ( 'NONE', *, *, #10738, .F. ) ;
#2398 = DIRECTION ( 'NONE',  ( 1.000000000000000000, 0.000000000000000000, 0.000000000000000000 ) ) ;
#2399 = CARTESIAN_POINT ( 'NONE',  ( 0.6610768989618214242, -0.5250402214404626955, -0.6594492983238428030 ) ) ;
#2400 = CARTESIAN_POINT ( 'NONE',  ( 2.000000000000000000, 9.199999999999999289, -18.50000000000000355 ) ) ;
#2401 = VERTEX_POINT ( 'NONE', #4030 ) ;
#2402 = AXIS2_PLACEMENT_3D ( 'NONE', #11373, #3484, #3254 ) ;
#2403 = VECTOR ( 'NONE', #10215, 1000.000000000000000 ) ;
#2404 = VERTEX_POINT ( 'NONE', #6884 ) ;
#2405 = ADVANCED_FACE ( 'NONE', ( #1351 ), #10306, .F. ) ;
#2406 = APPLICATION_CONTEXT ( 'automotive_design' ) ;
#2407 = FACE_BOUND ( 'NONE', #3183, .T. ) ;
#2408 = ORIENTED_EDGE ( 'NONE', *, *, #4379, .F. ) ;
#2409 = EDGE_CURVE ( 'NONE', #8692, #1184, #6471, .T. ) ;
#2410 = DIRECTION ( 'NONE',  ( 0.000000000000000000, 1.000000000000000000, 0.000000000000000000 ) ) ;
#2411 = CARTESIAN_POINT ( 'NONE',  ( -0.1618549188749182355, 0.7758947459082954357, -0.6896119277998343788 ) ) ;
#2412 = CARTESIAN_POINT ( 'NONE',  ( 0.9526279441628795475, 0.5499999999999983791, -1.600000000000000089 ) ) ;
#2413 = DIRECTION ( 'NONE',  ( -0.000000000000000000, -0.000000000000000000, -1.000000000000000000 ) ) ;
#2414 = DIRECTION ( 'NONE',  ( -1.000000000000000000, 0.000000000000000000, 0.000000000000000000 ) ) ;
#2415 = AXIS2_PLACEMENT_3D ( 'NONE', #1512, #7976, #11359 ) ;
#2416 = VECTOR ( 'NONE', #10799, 1000.000000000000000 ) ;
#2417 = ORIENTED_EDGE ( 'NONE', *, *, #1488, .T. ) ;
#2418 = CARTESIAN_POINT ( 'NONE',  ( -2.000000000000000000, -1.154700538379254349, -1.421367205045916737 ) ) ;
#2419 = ORIENTED_EDGE ( 'NONE', *, *, #3577, .F. ) ;
#2420 = CARTESIAN_POINT ( 'NONE',  ( 3.499999999999996003, 0.8999999999999971356, -4.154700538379139552 ) ) ;
#2421 = ORIENTED_EDGE ( 'NONE', *, *, #10607, .F. ) ;
#2422 = EDGE_CURVE ( 'NONE', #5268, #5334, #465, .T. ) ;
#2423 = MECHANICAL_DESIGN_GEOMETRIC_PRESENTATION_REPRESENTATION (  '', ( #5832 ), #1846 ) ;
#2424 = DIRECTION ( 'NONE',  ( 0.000000000000000000, -0.7071067811865474617, -0.7071067811865474617 ) ) ;
#2425 = EDGE_CURVE ( 'NONE', #9547, #10879, #10486, .T. ) ;
#2426 = AXIS2_PLACEMENT_3D ( 'NONE', #2786, #106, #10964 ) ;
#2427 = ORIENTED_EDGE ( 'NONE', *, *, #6000, .F. ) ;
#2428 = ADVANCED_FACE ( 'NONE', ( #7709 ), #10366, .F. ) ;
#2429 = DIRECTION ( 'NONE',  ( 0.8660254037844385966, 0.5000000000000000000, 0.000000000000000000 ) ) ;
#2430 = CARTESIAN_POINT ( 'NONE',  ( 1.500000000000000000, 9.199999999999999289, -18.50000000000000355 ) ) ;
#2431 = EDGE_CURVE ( 'NONE', #5031, #7122, #7989, .T. ) ;
#2432 = DIRECTION ( 'NONE',  ( -1.000000000000000000, -0.000000000000000000, -0.000000000000000000 ) ) ;
#2433 = EDGE_CURVE ( 'NONE', #3983, #5960, #5934, .T. ) ;
#2434 = CARTESIAN_POINT ( 'NONE',  ( 0.3271719972790544384, 2.120508236058134433, -0.06957546252590364466 ) ) ;
#2435 = AXIS2_PLACEMENT_3D ( 'NONE', #5265, #9710, #629 ) ;
#2436 = ORIENTED_EDGE ( 'NONE', *, *, #9808, .T. ) ;
#2437 = DIRECTION ( 'NONE',  ( 4.440892098500625176E-16, 0.000000000000000000, 1.000000000000000000 ) ) ;
#2438 = ORIENTED_EDGE ( 'NONE', *, *, #737, .T. ) ;
#2439 = CARTESIAN_POINT ( 'NONE',  ( 1.000000000000000444, 1.224646799147353947E-16, 0.000000000000000000 ) ) ;
#2440 = ORIENTED_EDGE ( 'NONE', *, *, #5915, .T. ) ;
#2441 = VERTEX_POINT ( 'NONE', #6945 ) ;
#2442 = DIRECTION ( 'NONE',  ( -0.000000000000000000, 1.224649721909276639E-16, -1.000000000000000000 ) ) ;
#2443 = EDGE_CURVE ( 'NONE', #4202, #8617, #2693, .T. ) ;
#2444 = AXIS2_PLACEMENT_3D ( 'NONE', #9631, #9445, #4936 ) ;
#2445 = DIRECTION ( 'NONE',  ( 0.000000000000000000, 0.000000000000000000, -1.000000000000000000 ) ) ;
#2446 = CARTESIAN_POINT ( 'NONE',  ( 5.500000000000000888, 0.000000000000000000, -21.00000000000000000 ) ) ;
#2447 = EDGE_LOOP ( 'NONE', ( #1337, #1871, #7915, #8946 ) ) ;
#2448 = CARTESIAN_POINT ( 'NONE',  ( -0.6607522599941049180, 1.927915581583253601, -1.582894801272977992 ) ) ;
#2449 = CARTESIAN_POINT ( 'NONE',  ( -0.9999999999999997780, 1.224646799147352961E-16, 0.000000000000000000 ) ) ;
#2450 = CIRCLE ( 'NONE', #2812, 1.099999999999998535 ) ;
#2451 = DIRECTION ( 'NONE',  ( 1.000000000000000000, 0.000000000000000000, 0.000000000000000000 ) ) ;
#2452 = ORIENTED_EDGE ( 'NONE', *, *, #9974, .T. ) ;
#2453 = PRODUCT_RELATED_PRODUCT_CATEGORY ( 'part', '', ( #5597 ) ) ;
#2454 = ORIENTED_EDGE ( 'NONE', *, *, #54, .T. ) ;
#2455 = CARTESIAN_POINT ( 'NONE',  ( -1.899999999999999689, 0.000000000000000000, -0.3000000000000035416 ) ) ;
#2456 = CARTESIAN_POINT ( 'NONE',  ( 0.000000000000000000, 0.000000000000000000, 0.000000000000000000 ) ) ;
#2457 = ORIENTED_EDGE ( 'NONE', *, *, #840, .T. ) ;
#2458 = DIRECTION ( 'NONE',  ( 1.000000000000000000, 0.000000000000000000, 0.000000000000000000 ) ) ;
#2459 = ORIENTED_EDGE ( 'NONE', *, *, #1482, .T. ) ;
#2460 = ORIENTED_EDGE ( 'NONE', *, *, #11025, .F. ) ;
#2461 = DIRECTION ( 'NONE',  ( 0.000000000000000000, -1.224649721909276639E-16, 1.000000000000000000 ) ) ;
#2462 = ORIENTED_EDGE ( 'NONE', *, *, #5154, .F. ) ;
#2463 =( NAMED_UNIT ( * ) PLANE_ANGLE_UNIT ( ) SI_UNIT ( $, .RADIAN. ) );
#2464 = CARTESIAN_POINT ( 'NONE',  ( 2.000000000000000000, -1.154700538379255015, -0.1786327949540832127 ) ) ;
#2465 = DIRECTION ( 'NONE',  ( -1.000000000000000000, 0.000000000000000000, 0.000000000000000000 ) ) ;
#2466 = CARTESIAN_POINT ( 'NONE',  ( -0.9526279441628797695, -0.5499999999999987121, -0.2999999999999842792 ) ) ;
#2467 = FACE_OUTER_BOUND ( 'NONE', #1945, .T. ) ;
#2468 = ORIENTED_EDGE ( 'NONE', *, *, #4429, .T. ) ;
#2469 = DIRECTION ( 'NONE',  ( 0.000000000000000000, 0.000000000000000000, -1.000000000000000000 ) ) ;
#2470 = EDGE_CURVE ( 'NONE', #3113, #1736, #2307, .T. ) ;
#2471 = EDGE_LOOP ( 'NONE', ( #10702, #3317 ) ) ;
#2472 = CARTESIAN_POINT ( 'NONE',  ( -1.000000000000000000, 9.629649721936179265E-32, -2.930481160836854393 ) ) ;
#2473 = EDGE_LOOP ( 'NONE', ( #6692, #9310, #7696, #2225 ) ) ;
#2474 = CARTESIAN_POINT ( 'NONE',  ( 3.499999999999996003, 2.500000000000000000, -4.154700538379139552 ) ) ;
#2475 = EDGE_LOOP ( 'NONE', ( #7025, #8121, #8699 ) ) ;
#2476 = PRODUCT_DEFINITION_FORMATION_WITH_SPECIFIED_SOURCE ( 'ANY', '', #7385, .NOT_KNOWN. ) ;
#2477 = FACE_OUTER_BOUND ( 'NONE', #5883, .T. ) ;
#2478 = DIRECTION ( 'NONE',  ( 0.000000000000000000, -0.000000000000000000, 1.000000000000000000 ) ) ;
#2479 = CARTESIAN_POINT ( 'NONE',  ( -1.000000000000000000, 1.224646799147353207E-16, -1.000000000000000000 ) ) ;
#2480 = FACE_OUTER_BOUND ( 'NONE', #7011, .T. ) ;
#2481 = CARTESIAN_POINT ( 'NONE',  ( 5.500000000000001776, 0.8999999999999998002, -18.69059892324140293 ) ) ;
#2482 = VECTOR ( 'NONE', #2076, 1000.000000000000000 ) ;
#2483 = EDGE_CURVE ( 'NONE', #6460, #4199, #4204, .T. ) ;
#2484 = ADVANCED_FACE ( 'NONE', ( #9426 ), #9783, .F. ) ;
#2485 = ORIENTED_EDGE ( 'NONE', *, *, #11030, .T. ) ;
#2486 = FACE_OUTER_BOUND ( 'NONE', #709, .T. ) ;
#2487 = ORIENTED_EDGE ( 'NONE', *, *, #2563, .T. ) ;
#2488 = DIRECTION ( 'NONE',  ( -0.000000000000000000, 1.000000000000000000, -0.000000000000000000 ) ) ;
#2489 = EDGE_CURVE ( 'NONE', #8834, #8170, #4331, .T. ) ;
#2490 = ORIENTED_EDGE ( 'NONE', *, *, #8514, .F. ) ;
#2491 = VERTEX_POINT ( 'NONE', #8941 ) ;
#2492 = VECTOR ( 'NONE', #6827, 1000.000000000000000 ) ;
#2493 = CARTESIAN_POINT ( 'NONE',  ( 0.000000000000000000, 0.7740000000000005764, -3.200000000000000178 ) ) ;
#2494 = CARTESIAN_POINT ( 'NONE',  ( 5.500000000000001776, -0.8000000000000194733, -2.999999999999891642 ) ) ;
#2495 = DIRECTION ( 'NONE',  ( 0.000000000000000000, 0.000000000000000000, -1.000000000000000000 ) ) ;
#2496 = DIRECTION ( 'NONE',  ( 0.7423286577013631371, 0.4285836503510561668, -0.5150380749100555988 ) ) ;
#2497 = VERTEX_POINT ( 'NONE', #2659 ) ;
#2498 = DIRECTION ( 'NONE',  ( 1.000000000000000000, -0.000000000000000000, -0.000000000000000000 ) ) ;
#2499 = AXIS2_PLACEMENT_3D ( 'NONE', #7790, #11650, #728 ) ;
#2500 = CARTESIAN_POINT ( 'NONE',  ( -2.000000000000001776, 0.3000000000000172529, -2.999999999999891642 ) ) ;
#2501 = ADVANCED_FACE ( 'NONE', ( #1826 ), #10715, .F. ) ;
#2502 = ADVANCED_FACE ( 'NONE', ( #640 ), #3557, .T. ) ;
#2503 = DIRECTION ( 'NONE',  ( -0.000000000000000000, -1.000000000000000000, -0.000000000000000000 ) ) ;
#2504 = ORIENTED_EDGE ( 'NONE', *, *, #11167, .F. ) ;
#2505 = B_SPLINE_CURVE_WITH_KNOTS ( 'NONE', 3,
 ( #6374, #9989, #965, #246, #4060, #11166 ),
 .UNSPECIFIED., .F., .F.,
 ( 4, 2, 4 ),
 ( 0.002060137505873420056, 0.002644210467598552029, 0.003228283429323684436 ),
 .UNSPECIFIED. ) ;
#2506 =( NAMED_UNIT ( * ) PLANE_ANGLE_UNIT ( ) SI_UNIT ( $, .RADIAN. ) );
#2507 = CARTESIAN_POINT ( 'NONE',  ( 0.7799999999999996936, 0.000000000000000000, -0.1540456584061371259 ) ) ;
#2508 = ORIENTED_EDGE ( 'NONE', *, *, #4993, .F. ) ;
#2509 = DIRECTION ( 'NONE',  ( 0.000000000000000000, 0.000000000000000000, 1.000000000000000000 ) ) ;
#2510 = LINE ( 'NONE', #9806, #8776 ) ;
#2511 = CARTESIAN_POINT ( 'NONE',  ( -17.30000000000000071, 1.898202538678397459E-16, -1.550000000000000044 ) ) ;
#2512 = ORIENTED_EDGE ( 'NONE', *, *, #8070, .F. ) ;
#2513 = B_SPLINE_CURVE_WITH_KNOTS ( 'NONE', 3,
 ( #10703, #9878, #5261, #7105, #6271, #2418 ),
 .UNSPECIFIED., .F., .F.,
 ( 4, 2, 4 ),
 ( 0.001168606431211104352, 0.001750609284260045383, 0.002332612137308986630 ),
 .UNSPECIFIED. ) ;
#2514 = AXIS2_PLACEMENT_3D ( 'NONE', #7850, #5003, #1441 ) ;
#2515 = ORIENTED_EDGE ( 'NONE', *, *, #7792, .T. ) ;
#2516 =( NAMED_UNIT ( * ) SI_UNIT ( $, .STERADIAN. ) SOLID_ANGLE_UNIT ( ) );
#2517 = ORIENTED_EDGE ( 'NONE', *, *, #2563, .F. ) ;
#2518 = VECTOR ( 'NONE', #2800, 1000.000000000000000 ) ;
#2519 = DIRECTION ( 'NONE',  ( 0.000000000000000000, -0.09636862058460229918, -0.9953457132909254712 ) ) ;
#2520 = PRESENTATION_LAYER_ASSIGNMENT (  '', '', ( #5367 ) ) ;
#2521 = VECTOR ( 'NONE', #860, 1000.000000000000114 ) ;
#2522 = DIRECTION ( 'NONE',  ( 0.000000000000000000, 0.000000000000000000, -1.000000000000000000 ) ) ;
#2523 = PLANE ( 'NONE',  #6686 ) ;
#2524 = CARTESIAN_POINT ( 'NONE',  ( 4.336808689941996042E-16, 0.8999999999999998002, -22.15470053837916353 ) ) ;
#2525 = CLOSED_SHELL ( 'NONE', ( #6995, #11118, #800, #4885, #8728, #7057, #7024, #10423, #4107, #10528, #3158, #6992, #1564, #5692, #8142, #9068, #11708, #3215, #6128, #6695, #5382, #8995, #8431, #7433, #8122, #2775 ) ) ;
#2526 = EDGE_LOOP ( 'NONE', ( #6202, #380, #214, #9182, #859, #11637 ) ) ;
#2527 = CARTESIAN_POINT ( 'NONE',  ( -2.000000000000000000, -0.3889866277140360817, -1.583227824459161326 ) ) ;
#2528 = AXIS2_PLACEMENT_3D ( 'NONE', #140, #9102, #2874 ) ;
#2529 = ORIENTED_EDGE ( 'NONE', *, *, #3408, .F. ) ;
#2530 = ADVANCED_FACE ( 'NONE', ( #6283 ), #3432, .F. ) ;
#2531 = LINE ( 'NONE', #6163, #6894 ) ;
#2532 = ORIENTED_EDGE ( 'NONE', *, *, #7824, .T. ) ;
#2533 = CARTESIAN_POINT ( 'NONE',  ( 1.000000000000001998, 1.732050807568876083, -1.600000000000000089 ) ) ;
#2534 = VERTEX_POINT ( 'NONE', #9889 ) ;
#2535 =( NAMED_UNIT ( * ) SI_UNIT ( $, .STERADIAN. ) SOLID_ANGLE_UNIT ( ) );
#2536 = DIRECTION ( 'NONE',  ( 1.000000000000000000, -0.000000000000000000, -0.000000000000000000 ) ) ;
#2537 = CARTESIAN_POINT ( 'NONE',  ( -2.000000000000000000, 0.9679918988505324950, -1.475265346691885471 ) ) ;
#2538 = EDGE_CURVE ( 'NONE', #517, #3697, #11590, .T. ) ;
#2539 = AXIS2_PLACEMENT_3D ( 'NONE', #3992, #3165, #9383 ) ;
#2540 = PRESENTATION_STYLE_ASSIGNMENT (( #3259 ) ) ;
#2541 = CARTESIAN_POINT ( 'NONE',  ( 0.000000000000000000, 1.000000000000000444, -3.330481160836854304 ) ) ;
#2542 = VECTOR ( 'NONE', #7658, 1000.000000000000000 ) ;
#2543 = DIRECTION ( 'NONE',  ( 1.000000000000000000, 0.000000000000000000, 0.000000000000000000 ) ) ;
#2544 = ORIENTED_EDGE ( 'NONE', *, *, #10738, .T. ) ;
#2545 = DIRECTION ( 'NONE',  ( -0.8660254037844380415, 0.5000000000000008882, 0.000000000000000000 ) ) ;
#2546 = ORIENTED_EDGE ( 'NONE', *, *, #7325, .T. ) ;
#2547 = CARTESIAN_POINT ( 'NONE',  ( 0.000000000000000000, -2.821690854684141936, 0.8999999999999992450 ) ) ;
#2548 = VECTOR ( 'NONE', #11183, 1000.000000000000114 ) ;
#2549 = VERTEX_POINT ( 'NONE', #3611 ) ;
#2550 = AXIS2_PLACEMENT_3D ( 'NONE', #985, #6457, #3729 ) ;
#2551 = ORIENTED_EDGE ( 'NONE', *, *, #7647, .T. ) ;
#2552 = EDGE_CURVE ( 'NONE', #11386, #2982, #10068, .T. ) ;
#2553 = LINE ( 'NONE', #9732, #7111 ) ;
#2554 = CARTESIAN_POINT ( 'NONE',  ( 0.000000000000000000, 0.000000000000000000, 0.000000000000000000 ) ) ;
#2555 = VECTOR ( 'NONE', #11155, 1000.000000000000000 ) ;
#2556 = CARTESIAN_POINT ( 'NONE',  ( 1.000000000000000000, 0.000000000000000000, -3.000000000000000444 ) ) ;
#2557 = FACE_OUTER_BOUND ( 'NONE', #7953, .T. ) ;
#2558 = ORIENTED_EDGE ( 'NONE', *, *, #3343, .T. ) ;
#2559 = DIRECTION ( 'NONE',  ( 1.000000000000000000, -0.000000000000000000, -0.000000000000000000 ) ) ;
#2560 = APPLICATION_CONTEXT ( 'automotive_design' ) ;
#2561 =( LENGTH_UNIT ( ) NAMED_UNIT ( * ) SI_UNIT ( .MILLI., .METRE. ) );
#2562 = AXIS2_PLACEMENT_3D ( 'NONE', #9501, #5829, #476 ) ;
#2563 = EDGE_CURVE ( 'NONE', #7754, #2666, #8058, .T. ) ;
#2564 = PLANE ( 'NONE',  #7840 ) ;
#2565 = VERTEX_POINT ( 'NONE', #2712 ) ;
#2566 = CARTESIAN_POINT ( 'NONE',  ( 1.500000000000000000, 3.061616997868383141E-16, -2.500000000000000000 ) ) ;
#2567 = ORIENTED_EDGE ( 'NONE', *, *, #606, .F. ) ;
#2568 = FACE_OUTER_BOUND ( 'NONE', #11682, .T. ) ;
#2570 = EDGE_CURVE ( 'NONE', #5078, #2303, #5528, .T. ) ;
#2569 = CARTESIAN_POINT ( 'NONE',  ( 1.000000000000000444, 1.224646799147353947E-16, 0.000000000000000000 ) ) ;
#2571 = CONICAL_SURFACE ( 'NONE', #10329, 2.000000000000000000, 1.047197551196595855 ) ;
#2572 = ADVANCED_FACE ( 'NONE', ( #9718 ), #3494, .F. ) ;
#2573 = CIRCLE ( 'NONE', #2382, 2.999999999999999112 ) ;
#2574 = CARTESIAN_POINT ( 'NONE',  ( 0.5560518688116534713, 0.5176555429708578071, -0.7092725651034375023 ) ) ;
#2575 = ORIENTED_EDGE ( 'NONE', *, *, #7452, .T. ) ;
#2576 = ORIENTED_EDGE ( 'NONE', *, *, #9707, .T. ) ;
#2577 =( LENGTH_UNIT ( ) NAMED_UNIT ( * ) SI_UNIT ( .MILLI., .METRE. ) );
#2578 = CIRCLE ( 'NONE', #103, 1.000000000000000000 ) ;
#2579 = ORIENTED_EDGE ( 'NONE', *, *, #4598, .T. ) ;
#2580 = DIRECTION ( 'NONE',  ( 0.5000000000000002220, 0.000000000000000000, -0.8660254037844388186 ) ) ;
#2581 = DIRECTION ( 'NONE',  ( -1.000000000000000000, -0.000000000000000000, -0.000000000000000000 ) ) ;
#2582 = DIRECTION ( 'NONE',  ( -0.000000000000000000, 0.000000000000000000, -1.000000000000000000 ) ) ;
#2583 = FACE_OUTER_BOUND ( 'NONE', #9590, .T. ) ;
#2584 = FILL_AREA_STYLE ('',( #6928 ) ) ;
#2585 = EDGE_CURVE ( 'NONE', #4911, #5796, #6240, .T. ) ;
#2586 = CARTESIAN_POINT ( 'NONE',  ( 8.500000000000000000, 2.500000000000000000, -21.00000000000000000 ) ) ;
#2587 = ORIENTED_EDGE ( 'NONE', *, *, #1111, .F. ) ;
#2588 = CONICAL_SURFACE ( 'NONE', #10911, 2.000000000000000000, 1.047197551196596299 ) ;
#2589 = CIRCLE ( 'NONE', #5052, 1.999999999999999556 ) ;
#2590 = CARTESIAN_POINT ( 'NONE',  ( 2.000000000000000000, 1.154700538379254349, -0.1786327949540832127 ) ) ;
#2591 = CARTESIAN_POINT ( 'NONE',  ( 7.500000000000002665, 0.8999999999999995781, -19.84529946162065173 ) ) ;
#2592 = VERTEX_POINT ( 'NONE', #3376 ) ;
#2593 = LINE ( 'NONE', #5083, #4136 ) ;
#2594 = VERTEX_POINT ( 'NONE', #5277 ) ;
#2595 = SHAPE_REPRESENTATION_RELATIONSHIP ( 'NONE' , 'NONE' ,  #7134, #7980 ) ;
#2596 = AXIS2_PLACEMENT_3D ( 'NONE', #1568, #6031, #1391 ) ;
#2597 = CARTESIAN_POINT ( 'NONE',  ( -2.000000000000000000, 1.154700538379251240, -1.600000000000000089 ) ) ;
#2598 = DIRECTION ( 'NONE',  ( -0.000000000000000000, 1.224649721909276639E-16, -1.000000000000000000 ) ) ;
#2599 = AXIS2_PLACEMENT_3D ( 'NONE', #2316, #10384, #3332 ) ;
#2600 = DIRECTION ( 'NONE',  ( 0.000000000000000000, 0.000000000000000000, 1.000000000000000000 ) ) ;
#2601 = PRODUCT_RELATED_PRODUCT_CATEGORY ( 'part', '', ( #7590 ) ) ;
#2602 = CARTESIAN_POINT ( 'NONE',  ( 0.3271719972790543829, 2.120508236058134433, -1.530424537474096347 ) ) ;
#2603 = ORIENTED_EDGE ( 'NONE', *, *, #9268, .T. ) ;
#2604 = CARTESIAN_POINT ( 'NONE',  ( 0.000000000000000000, 4.898598887637106556E-16, -4.000000000000000000 ) ) ;
#2605 = EDGE_LOOP ( 'NONE', ( #4863, #412, #6696, #5937 ) ) ;
#2606 = PRESENTATION_LAYER_ASSIGNMENT (  '', '', ( #7158 ) ) ;
#2607 = CARTESIAN_POINT ( 'NONE',  ( -2.000000000000000444, 0.8999999999999998002, -18.69059892324140293 ) ) ;
#2608 = VECTOR ( 'NONE', #9252, 1000.000000000000000 ) ;
#2609 = VERTEX_POINT ( 'NONE', #760 ) ;
#2610 = VERTEX_POINT ( 'NONE', #4388 ) ;
#2611 = SURFACE_STYLE_USAGE ( .BOTH. , #1723 ) ;
#2612 = CARTESIAN_POINT ( 'NONE',  ( 5.500000000000001776, 0.8999999999999998002, -18.69059892324140293 ) ) ;
#2613 = DIRECTION ( 'NONE',  ( 0.5000000000000009992, 0.8660254037844380415, -0.000000000000000000 ) ) ;
#2614 = CONICAL_SURFACE ( 'NONE', #3569, 2.000000000000000000, 1.047197551196596299 ) ;
#2615 = DIRECTION ( 'NONE',  ( 1.000000000000000000, 0.000000000000000000, 0.000000000000000000 ) ) ;
#2616 = CARTESIAN_POINT ( 'NONE',  ( 0.7812177826491109034, -0.3500000000000007550, -500000.0000000000582 ) ) ;
#2617 = CIRCLE ( 'NONE', #11146, 1.999999999999999556 ) ;
#2618 = ORIENTED_EDGE ( 'NONE', *, *, #5524, .F. ) ;
#2619 = CARTESIAN_POINT ( 'NONE',  ( 5.499999999999998224, 0.8999999999999995781, -20.99999999999990763 ) ) ;
#2620 = DIRECTION ( 'NONE',  ( -1.000000000000000000, -0.000000000000000000, -0.000000000000000000 ) ) ;
#2621 = EDGE_CURVE ( 'NONE', #8875, #4584, #1562, .T. ) ;
#2623 = AXIS2_PLACEMENT_3D ( 'NONE', #939, #4347, #10735 ) ;
#2622 = DIRECTION ( 'NONE',  ( 0.000000000000000000, 0.000000000000000000, -1.000000000000000000 ) ) ;
#2624 = EDGE_LOOP ( 'NONE', ( #6293, #6259, #10534, #9259, #11022, #10548 ) ) ;
#2625 = DIRECTION ( 'NONE',  ( 0.000000000000000000, 0.000000000000000000, 1.000000000000000000 ) ) ;
#2626 = EDGE_LOOP ( 'NONE', ( #7090, #1569, #2419, #8942 ) ) ;
#2627 = CARTESIAN_POINT ( 'NONE',  ( 5.500000000000001776, 0.8999999999999986899, -2.999999999999891642 ) ) ;
#2628 = CARTESIAN_POINT ( 'NONE',  ( 1.500000000000000000, 1.224646799147353207E-16, -1.000000000000000000 ) ) ;
#2629 = CARTESIAN_POINT ( 'NONE',  ( -2.000000000000000444, 2.500000000000000000, -18.69059892324140293 ) ) ;
#2630 = EDGE_CURVE ( 'NONE', #8513, #9524, #9901, .T. ) ;
#2631 = ADVANCED_FACE ( 'NONE', ( #8000, #4445 ), #9056, .T. ) ;
#2632 = VERTEX_POINT ( 'NONE', #3778 ) ;
#2633 = EDGE_CURVE ( 'NONE', #6304, #6748, #7392, .T. ) ;
#2634 = ORIENTED_EDGE ( 'NONE', *, *, #10823, .F. ) ;
#2635 = EDGE_CURVE ( 'NONE', #6816, #7142, #28, .T. ) ;
#2636 = SURFACE_STYLE_USAGE ( .BOTH. , #1804 ) ;
#2637 = EDGE_CURVE ( 'NONE', #9208, #8814, #10058, .T. ) ;
#2638 = ORIENTED_EDGE ( 'NONE', *, *, #10343, .T. ) ;
#2639 = PRODUCT_CONTEXT ( 'NONE', #2782, 'mechanical' ) ;
#2640 = CARTESIAN_POINT ( 'NONE',  ( 1.000000000000000000, 9.199999999999999289, -18.50000000000000355 ) ) ;
#2641 = CARTESIAN_POINT ( 'NONE',  ( -0.3277177810063121588, 2.120193127676282430, -1.520662200187637758 ) ) ;
#2642 = CARTESIAN_POINT ( 'NONE',  ( 0.000000000000000000, 2.309401076758504701, -1.421367205045916737 ) ) ;
#2643 = CARTESIAN_POINT ( 'NONE',  ( -3.001000000000000334, 1.224646799147353207E-16, 1.000000000000000000 ) ) ;
#2644 = DIRECTION ( 'NONE',  ( -0.000000000000000000, 0.000000000000000000, -1.000000000000000000 ) ) ;
#2645 = ORIENTED_EDGE ( 'NONE', *, *, #4247, .F. ) ;
#2646 = LINE ( 'NONE', #3419, #1370 ) ;
#2647 = PRESENTATION_LAYER_ASSIGNMENT (  '', '', ( #5300 ) ) ;
#2648 = DIRECTION ( 'NONE',  ( -0.5000000000000008882, -0.8660254037844382635, 0.000000000000000000 ) ) ;
#2649 = ORIENTED_EDGE ( 'NONE', *, *, #5112, .T. ) ;
#2650 = EDGE_CURVE ( 'NONE', #2009, #9115, #1884, .T. ) ;
#2651 = LINE ( 'NONE', #3715, #8461 ) ;
#2652 = ADVANCED_FACE ( 'NONE', ( #9236 ), #9293, .T. ) ;
#2653 = EDGE_LOOP ( 'NONE', ( #10743, #5005 ) ) ;
#2654 = DIRECTION ( 'NONE',  ( 1.000000000000000000, 0.000000000000000000, 0.000000000000000000 ) ) ;
#2655 = DIRECTION ( 'NONE',  ( 0.000000000000000000, 0.000000000000000000, 1.000000000000000000 ) ) ;
#2656 = CARTESIAN_POINT ( 'NONE',  ( 2.500000000000000000, 9.199999999999999289, -18.50000000000000355 ) ) ;
#2657 = AXIS2_PLACEMENT_3D ( 'NONE', #7097, #559, #3412 ) ;
#2658 = DIRECTION ( 'NONE',  ( -0.000000000000000000, 0.000000000000000000, 1.000000000000000000 ) ) ;
#2659 = CARTESIAN_POINT ( 'NONE',  ( 1.000000000000000000, 9.199999999999999289, -21.00000000000000000 ) ) ;
#2660 = SHAPE_REPRESENTATION ( 'hex nut style 1 gradeab_iso_ISO - 4032 - M2 - D - N', ( #4873 ), #3600 ) ;
#2661 = ORIENTED_EDGE ( 'NONE', *, *, #3515, .F. ) ;
#2662 = CARTESIAN_POINT ( 'NONE',  ( 0.000000000000000000, 0.000000000000000000, 0.000000000000000000 ) ) ;
#2663 = ORIENTED_EDGE ( 'NONE', *, *, #4901, .F. ) ;
#2664 = CARTESIAN_POINT ( 'NONE',  ( 1.949999999999999956, 0.000000000000000000, 0.000000000000000000 ) ) ;
#2665 = PRODUCT_DEFINITION_FORMATION_WITH_SPECIFIED_SOURCE ( 'ANY', '', #9390, .NOT_KNOWN. ) ;
#2666 = VERTEX_POINT ( 'NONE', #6452 ) ;
#2667 = PLANE ( 'NONE',  #7166 ) ;
#2668 = ORIENTED_EDGE ( 'NONE', *, *, #4964, .F. ) ;
#2669 = CARTESIAN_POINT ( 'NONE',  ( 4.000000000000000000, 9.199999999999999289, -22.50000000000000000 ) ) ;
#2670 = AXIS2_PLACEMENT_3D ( 'NONE', #981, #10005, #2883 ) ;
#2671 = DIRECTION ( 'NONE',  ( 1.000000000000000000, 0.000000000000000000, 0.000000000000000000 ) ) ;
#2672 = DIRECTION ( 'NONE',  ( -1.000000000000000000, -0.000000000000000000, -0.000000000000000000 ) ) ;
#2673 = FACE_OUTER_BOUND ( 'NONE', #4942, .T. ) ;
#2674 = ORIENTED_EDGE ( 'NONE', *, *, #5694, .T. ) ;
#2675 = DIRECTION ( 'NONE',  ( 0.4999999999999987232, 0.000000000000000000, -0.8660254037844393737 ) ) ;
#2676 = CARTESIAN_POINT ( 'NONE',  ( -17.94999999999999929, 0.000000000000000000, 0.000000000000000000 ) ) ;
#2677 = CIRCLE ( 'NONE', #5331, 1.500000000000001332 ) ;
#2678 = LINE ( 'NONE', #10973, #7092 ) ;
#2679 = ORIENTED_EDGE ( 'NONE', *, *, #11489, .F. ) ;
#2680 = EDGE_CURVE ( 'NONE', #10558, #3585, #11005, .T. ) ;
#2681 = VECTOR ( 'NONE', #3320, 1000.000000000000000 ) ;
#2682 = ORIENTED_EDGE ( 'NONE', *, *, #1817, .F. ) ;
#2683 = DIRECTION ( 'NONE',  ( 1.000000000000000000, 0.000000000000000000, 0.000000000000000000 ) ) ;
#2684 = CYLINDRICAL_SURFACE ( 'NONE', #11584, 3.000000000000000444 ) ;
#2685 = CARTESIAN_POINT ( 'NONE',  ( 1.224646799147352961E-16, 1.000000000000000222, -1.469518839163146184 ) ) ;
#2686 = VERTEX_POINT ( 'NONE', #5625 ) ;
#2687 =( NAMED_UNIT ( * ) SI_UNIT ( $, .STERADIAN. ) SOLID_ANGLE_UNIT ( ) );
#2688 = ORIENTED_EDGE ( 'NONE', *, *, #3701, .F. ) ;
#2689 = SHAPE_DEFINITION_REPRESENTATION ( #4097, #9860 ) ;
#2690 = EDGE_CURVE ( 'NONE', #5490, #5796, #3662, .T. ) ;
#2691 = CARTESIAN_POINT ( 'NONE',  ( 0.000000000000000000, 5.058392604970359998E-16, -2.930481160836854393 ) ) ;
#2692 = DIRECTION ( 'NONE',  ( -0.000000000000000000, -0.000000000000000000, 1.000000000000000000 ) ) ;
#2693 = B_SPLINE_CURVE_WITH_KNOTS ( 'NONE', 3,
 ( #1532, #8537, #8654, #5147 ),
 .UNSPECIFIED., .F., .F.,
 ( 4, 4 ),
 ( 2.380749485065259830E-07, 0.001168606431211103485 ),
 .UNSPECIFIED. ) ;
#2694 = DIRECTION ( 'NONE',  ( 1.000000000000000000, 0.000000000000000000, 0.000000000000000000 ) ) ;
#2695 = CARTESIAN_POINT ( 'NONE',  ( 0.3271719972790544384, 2.120508236058134433, -0.06957546252590364466 ) ) ;
#2696 = DIRECTION ( 'NONE',  ( 1.000000000000000000, 0.000000000000000000, 0.000000000000000000 ) ) ;
#2697 = ADVANCED_FACE ( 'NONE', ( #9290 ), #2949, .F. ) ;
#2698 = ORIENTED_EDGE ( 'NONE', *, *, #5998, .F. ) ;
#2699 = DIRECTION ( 'NONE',  ( -1.000000000000000000, -0.000000000000000000, -0.000000000000000000 ) ) ;
#2700 = AXIS2_PLACEMENT_3D ( 'NONE', #4763, #11106, #7616 ) ;
#2701 = DIRECTION ( 'NONE',  ( 0.000000000000000000, 0.000000000000000000, 1.000000000000000000 ) ) ;
#2702 = EDGE_LOOP ( 'NONE', ( #3757, #1721, #2878, #10509 ) ) ;
#2703 = AXIS2_PLACEMENT_3D ( 'NONE', #6322, #4653, #9101 ) ;
#2704 = CARTESIAN_POINT ( 'NONE',  ( -4.000000000000003553, 0.8999999999999998002, -19.84529946162065883 ) ) ;
#2705 = VERTEX_POINT ( 'NONE', #10233 ) ;
#2706 = EDGE_CURVE ( 'NONE', #3354, #11316, #6394, .T. ) ;
#2707 = CARTESIAN_POINT ( 'NONE',  ( 0.000000000000000000, 0.000000000000000000, -1.600000000000000089 ) ) ;
#2708 = CARTESIAN_POINT ( 'NONE',  ( 7.500000000000000888, 0.8999999999999989120, -4.154700538379144881 ) ) ;
#2709 = DIRECTION ( 'NONE',  ( -0.000000000000000000, 1.224649721909276639E-16, -1.000000000000000000 ) ) ;
#2710 = CARTESIAN_POINT ( 'NONE',  ( 0.000000000000000000, 5.058392604970359998E-16, -3.730481160836854215 ) ) ;
#2711 =( REPRESENTATION_RELATIONSHIP ('NONE','NONE', #9860, #7872 ) REPRESENTATION_RELATIONSHIP_WITH_TRANSFORMATION ( #4822 )SHAPE_REPRESENTATION_RELATIONSHIP( ) );
#2712 = CARTESIAN_POINT ( 'NONE',  ( 5.499999999999998224, 0.3000000000000172529, -19.89999999999990976 ) ) ;
#2713 = AXIS2_PLACEMENT_3D ( 'NONE', #2981, #6603, #9323 ) ;
#2714 = EDGE_CURVE ( 'NONE', #7716, #2610, #771, .T. ) ;
#2715 = AXIS2_PLACEMENT_3D ( 'NONE', #7041, #3306, #8924 ) ;
#2716 = EDGE_CURVE ( 'NONE', #7295, #1889, #8347, .T. ) ;
#2717 = ORIENTED_EDGE ( 'NONE', *, *, #5333, .F. ) ;
#2718 = CARTESIAN_POINT ( 'NONE',  ( 11.50000000000000000, 7.500000000000000000, -6.116139535669825378 ) ) ;
#2719 = ORIENTED_EDGE ( 'NONE', *, *, #2422, .T. ) ;
#2720 = FACE_OUTER_BOUND ( 'NONE', #9059, .T. ) ;
#2721 = AXIS2_PLACEMENT_3D ( 'NONE', #808, #5273, #9502 ) ;
#2722 = VERTEX_POINT ( 'NONE', #6628 ) ;
#2723 = CARTESIAN_POINT ( 'NONE',  ( -2.000000000000000000, 0.000000000000000000, 0.000000000000000000 ) ) ;
#2724 = ORIENTED_EDGE ( 'NONE', *, *, #2103, .T. ) ;
#2725 = VECTOR ( 'NONE', #10561, 1000.000000000000000 ) ;
#2726 = AXIS2_PLACEMENT_3D ( 'NONE', #8546, #645, #1298 ) ;
#2727 = CARTESIAN_POINT ( 'NONE',  ( 0.000000000000000000, 0.000000000000000000, -0.1291166393111907729 ) ) ;
#2728 = COLOUR_RGB ( '',1.000000000000000000, 0.9490196078431372140, 0.9098039215686274384 ) ;
#2729 = DIRECTION ( 'NONE',  ( -0.000000000000000000, -1.000000000000000000, -0.000000000000000000 ) ) ;
#2730 = AXIS2_PLACEMENT_3D ( 'NONE', #6624, #5730, #5859 ) ;
#2731 = LINE ( 'NONE', #11634, #6217 ) ;
#2732 = LINE ( 'NONE', #2966, #8167 ) ;
#2733 = EDGE_CURVE ( 'NONE', #1414, #10387, #10805, .T. ) ;
#2734 = ORIENTED_EDGE ( 'NONE', *, *, #2991, .T. ) ;
#2735 = CARTESIAN_POINT ( 'NONE',  ( 1.672282218993687231, 1.343908487461472401, -0.07933779981236054046 ) ) ;
#2736 = LINE ( 'NONE', #10024, #4443 ) ;
#2737 = MECHANICAL_DESIGN_GEOMETRIC_PRESENTATION_REPRESENTATION (  '', ( #8797 ), #6910 ) ;
#2738 = CARTESIAN_POINT ( 'NONE',  ( 0.000000000000000000, 0.000000000000000000, -0.1291166393111907729 ) ) ;
#2739 = CIRCLE ( 'NONE', #4262, 0.8156023289304824564 ) ;
#2740 = ORIENTED_EDGE ( 'NONE', *, *, #5196, .T. ) ;
#2741 = CARTESIAN_POINT ( 'NONE',  ( 7.500000000000000000, 0.8999999999999986899, -1.845299461620641068 ) ) ;
#2742 = DIRECTION ( 'NONE',  ( 0.7071067811865487940, 0.000000000000000000, 0.7071067811865463515 ) ) ;
#2743 = EDGE_CURVE ( 'NONE', #4831, #3668, #1329, .T. ) ;
#2744 = ORIENTED_EDGE ( 'NONE', *, *, #1422, .T. ) ;
#2745 = CARTESIAN_POINT ( 'NONE',  ( -2.000000000000000000, -0.9668978507697956193, -0.1244188288311465912 ) ) ;
#2746 = VECTOR ( 'NONE', #1490, 1000.000000000000000 ) ;
#2747 = ORIENTED_EDGE ( 'NONE', *, *, #2335, .F. ) ;
#2748 = PRODUCT_CONTEXT ( 'NONE', #4594, 'mechanical' ) ;
#2750 = CARTESIAN_POINT ( 'NONE',  ( 3.699999999999999289, 2.821690854684140159, -0.4999999999999991673 ) ) ;
#2749 = AXIS2_PLACEMENT_3D ( 'NONE', #6585, #11142, #7587 ) ;
#2751 = DIRECTION ( 'NONE',  ( 0.8660254037844381525, 0.000000000000000000, -0.5000000000000008882 ) ) ;
#2752 = CARTESIAN_POINT ( 'NONE',  ( 0.000000000000000000, 0.000000000000000000, 0.000000000000000000 ) ) ;
#2753 = CARTESIAN_POINT ( 'NONE',  ( 2.000000000000000000, -1.154700538379255015, -0.1786327949540832127 ) ) ;
#2754 = DIRECTION ( 'NONE',  ( 1.000000000000000000, 0.000000000000000000, 0.000000000000000000 ) ) ;
#2755 = ORIENTED_EDGE ( 'NONE', *, *, #9891, .T. ) ;
#2756 = CARTESIAN_POINT ( 'NONE',  ( 0.9999999999999997780, 0.000000000000000000, 0.000000000000000000 ) ) ;
#2757 = CARTESIAN_POINT ( 'NONE',  ( -1.000000000000001776, -1.732050807568876527, 0.000000000000000000 ) ) ;
#2758 = VECTOR ( 'NONE', #1075, 1000.000000000000114 ) ;
#2759 = EDGE_CURVE ( 'NONE', #11212, #3296, #9113, .T. ) ;
#2760 = ORIENTED_EDGE ( 'NONE', *, *, #7280, .T. ) ;
#2761 = DIRECTION ( 'NONE',  ( -1.000000000000000000, 0.000000000000000000, 0.000000000000000000 ) ) ;
#2762 = ORIENTED_EDGE ( 'NONE', *, *, #4377, .T. ) ;
#2763 = FILL_AREA_STYLE_COLOUR ( '', #10029 ) ;
#2764 = CARTESIAN_POINT ( 'NONE',  ( 1.000000000000000444, -1.732050807568876971, -1.600000000000000089 ) ) ;
#2765 = CARTESIAN_POINT ( 'NONE',  ( 1.340742937416024905, -1.535322780927274700, -2.470117744885353961E-16 ) ) ;
#2766 = CARTESIAN_POINT ( 'NONE',  ( -4.000000000000001776, 0.9000000000000003553, -1.845299461620639736 ) ) ;
#2767 = CYLINDRICAL_SURFACE ( 'NONE', #9750, 1.000000000000000444 ) ;
#2768 = DIRECTION ( 'NONE',  ( -0.8660254037844393737, 0.000000000000000000, -0.4999999999999985567 ) ) ;
#2769 = ORIENTED_EDGE ( 'NONE', *, *, #3377, .F. ) ;
#2770 = CARTESIAN_POINT ( 'NONE',  ( 0.000000000000000000, 23.00000000000000000, -24.00000000000000000 ) ) ;
#2771 = EDGE_CURVE ( 'NONE', #8293, #11370, #5450, .T. ) ;
#2772 = ORIENTED_EDGE ( 'NONE', *, *, #9329, .T. ) ;
#2773 = CARTESIAN_POINT ( 'NONE',  ( 5.499999999999998224, 0.000000000000000000, -22.39999999999992397 ) ) ;
#2774 = EDGE_CURVE ( 'NONE', #5121, #10536, #1133, .T. ) ;
#2775 = ADVANCED_FACE ( 'NONE', ( #10951 ), #6510, .F. ) ;
#2776 = ORIENTED_EDGE ( 'NONE', *, *, #7002, .F. ) ;
#2777 = CIRCLE ( 'NONE', #10917, 1.000000000000000000 ) ;
#2778 = DIRECTION ( 'NONE',  ( 0.000000000000000000, -0.8660254037844420383, 0.4999999999999939493 ) ) ;
#2779 = AXIS2_PLACEMENT_3D ( 'NONE', #7916, #4178, #4295 ) ;
#2780 = ORIENTED_EDGE ( 'NONE', *, *, #885, .F. ) ;
#2781 = ADVANCED_FACE ( 'NONE', ( #9349 ), #1215, .F. ) ;
#2782 = APPLICATION_CONTEXT ( 'automotive_design' ) ;
#2783 = ADVANCED_FACE ( 'NONE', ( #4844, #3967 ), #8464, .F. ) ;
#2784 = CARTESIAN_POINT ( 'NONE',  ( 5.499999999999998224, 2.500000000000000000, -23.30940107675841233 ) ) ;
#2785 = LINE ( 'NONE', #8355, #639 ) ;
#2786 = CARTESIAN_POINT ( 'NONE',  ( 0.000000000000000000, 0.000000000000000000, 0.000000000000000000 ) ) ;
#2787 = CARTESIAN_POINT ( 'NONE',  ( 2.000000000000000000, 9.199999999999999289, -16.00000000000000000 ) ) ;
#2788 = VECTOR ( 'NONE', #11725, 1000.000000000000000 ) ;
#2789 = ORIENTED_EDGE ( 'NONE', *, *, #1756, .F. ) ;
#2790 = LINE ( 'NONE', #10074, #7006 ) ;
#2791 = CARTESIAN_POINT ( 'NONE',  ( 0.000000000000000000, 0.000000000000000000, -3.299999999999984279 ) ) ;
#2792 = COLOUR_RGB ( '',0.8980392156862745390, 0.9176470588235293713, 0.9294117647058823817 ) ;
#2793 = ADVANCED_FACE ( 'NONE', ( #1543 ), #1608, .F. ) ;
#2794 = CARTESIAN_POINT ( 'NONE',  ( 1.000000000000001998, 1.732050807568876083, 0.000000000000000000 ) ) ;
#2795 = AXIS2_PLACEMENT_3D ( 'NONE', #11265, #408, #6708 ) ;
#2796 = VERTEX_POINT ( 'NONE', #10668 ) ;
#2797 = B_SPLINE_CURVE_WITH_KNOTS ( 'NONE', 3,
 ( #4662, #8544, #2765, #4499 ),
 .UNSPECIFIED., .F., .F.,
 ( 4, 4 ),
 ( 2.380749485076419225E-07, 0.001168606431211098931 ),
 .UNSPECIFIED. ) ;
#2798 = DIRECTION ( 'NONE',  ( -1.000000000000000000, -0.000000000000000000, -0.000000000000000000 ) ) ;
#2799 = DIRECTION ( 'NONE',  ( 0.4999999999999991118, 0.000000000000000000, 0.8660254037844391517 ) ) ;
#2800 = DIRECTION ( 'NONE',  ( -1.000000000000000000, -0.000000000000000000, -0.000000000000000000 ) ) ;
#2801 = ORIENTED_EDGE ( 'NONE', *, *, #10314, .T. ) ;
#2802 = CARTESIAN_POINT ( 'NONE',  ( 0.000000000000000000, 2.500000000000000000, -6.000000000000000000 ) ) ;
#2803 = AXIS2_PLACEMENT_3D ( 'NONE', #422, #595, #10388 ) ;
#2804 = PRESENTATION_STYLE_ASSIGNMENT (( #8917 ) ) ;
#2805 = EDGE_CURVE ( 'NONE', #7071, #7677, #7972, .T. ) ;
#2806 = ORIENTED_EDGE ( 'NONE', *, *, #5913, .T. ) ;
#2807 = PRODUCT_CONTEXT ( 'NONE', #3392, 'mechanical' ) ;
#2808 = DIRECTION ( 'NONE',  ( -0.000000000000000000, 0.000000000000000000, -1.000000000000000000 ) ) ;
#2809 = CYLINDRICAL_SURFACE ( 'NONE', #3844, 10.00000000000000000 ) ;
#2810 = DIRECTION ( 'NONE',  ( 1.000000000000000000, 0.000000000000000000, 0.000000000000000000 ) ) ;
#2811 = DIRECTION ( 'NONE',  ( -1.000000000000000000, 1.776356839400250465E-15, 0.000000000000000000 ) ) ;
#2812 = AXIS2_PLACEMENT_3D ( 'NONE', #110, #7296, #5521 ) ;
#2813 = CARTESIAN_POINT ( 'NONE',  ( 0.000000000000000000, 0.000000000000000000, -1.600000000000000089 ) ) ;
#2814 = VERTEX_POINT ( 'NONE', #7014 ) ;
#2815 = SURFACE_STYLE_FILL_AREA ( #8274 ) ;
#2816 = DIRECTION ( 'NONE',  ( 0.000000000000000000, 0.000000000000000000, 1.000000000000000000 ) ) ;
#2817 = ORIENTED_EDGE ( 'NONE', *, *, #1606, .T. ) ;
#2818 = FACE_OUTER_BOUND ( 'NONE', #3549, .T. ) ;
#2819 = AXIS2_PLACEMENT_3D ( 'NONE', #1924, #8209, #10701 ) ;
#2820 = CARTESIAN_POINT ( 'NONE',  ( 2.000000000000000000, 1.154700538379250130, -1.600000000000000089 ) ) ;
#2821 = ORIENTED_EDGE ( 'NONE', *, *, #2733, .T. ) ;
#2822 = LINE ( 'NONE', #8108, #10894 ) ;
#2823 = CARTESIAN_POINT ( 'NONE',  ( -4.987329993433320396E-15, -2.309401076758504701, -0.1786327949540832127 ) ) ;
#2824 = CARTESIAN_POINT ( 'NONE',  ( 0.000000000000000000, 5.058392604970359998E-16, -2.530481160836854482 ) ) ;
#2825 = DIRECTION ( 'NONE',  ( 1.000000000000000000, -0.000000000000000000, -0.000000000000000000 ) ) ;
#2826 = DIRECTION ( 'NONE',  ( -0.000000000000000000, 0.000000000000000000, -1.000000000000000000 ) ) ;
#2827 = ADVANCED_FACE ( 'NONE', ( #8950 ), #6120, .F. ) ;
#2828 = COLOUR_RGB ( '',0.007843137254901960675, 0.2392156862745097867, 0.8235294117647058432 ) ;
#2829 = VERTEX_POINT ( 'NONE', #5157 ) ;
#2830 = CARTESIAN_POINT ( 'NONE',  ( 2.000000000000000000, -1.154700538379253905, -1.600000000000000089 ) ) ;
#2831 = ORIENTED_EDGE ( 'NONE', *, *, #10803, .F. ) ;
#2832 = CARTESIAN_POINT ( 'NONE',  ( 0.000000000000000000, 0.000000000000000000, 0.000000000000000000 ) ) ;
#2833 = ORIENTED_EDGE ( 'NONE', *, *, #7990, .F. ) ;
#2834 = DIRECTION ( 'NONE',  ( 0.000000000000000000, -0.8660254037844420383, 0.4999999999999939493 ) ) ;
#2835 = ORIENTED_EDGE ( 'NONE', *, *, #7408, .F. ) ;
#2836 = PRESENTATION_LAYER_ASSIGNMENT (  '', '', ( #3401 ) ) ;
#2837 = FILL_AREA_STYLE ('',( #10188 ) ) ;
#2838 = LINE ( 'NONE', #7234, #10883 ) ;
#2839 = DIRECTION ( 'NONE',  ( -0.000000000000000000, -0.000000000000000000, 1.000000000000000000 ) ) ;
#2840 = CARTESIAN_POINT ( 'NONE',  ( -0.5000000000000000000, 9.199999999999999289, -18.50000000000000355 ) ) ;
#2841 = EDGE_CURVE ( 'NONE', #7347, #8170, #9734, .T. ) ;
#2842 = ADVANCED_FACE ( 'NONE', ( #11632, #712 ), #7235, .F. ) ;
#2843 = ADVANCED_FACE ( 'NONE', ( #10789, #4342 ), #3445, .F. ) ;
#2844 = DIRECTION ( 'NONE',  ( 1.000000000000000000, -0.000000000000000000, -0.000000000000000000 ) ) ;
#2845 = LINE ( 'NONE', #4798, #195 ) ;
#2846 = VERTEX_POINT ( 'NONE', #3506 ) ;
#2847 = DIRECTION ( 'NONE',  ( 0.000000000000000000, 0.000000000000000000, 1.000000000000000000 ) ) ;
#2848 = ADVANCED_FACE ( 'NONE', ( #4280 ), #3386, .T. ) ;
#2849 = CARTESIAN_POINT ( 'NONE',  ( 2.000000000000000000, 0.3931374000439454286, -1.582763861186367027 ) ) ;
#2850 = UNCERTAINTY_MEASURE_WITH_UNIT (LENGTH_MEASURE( 1.000000000000000082E-05 ), #6170, 'distance_accuracy_value', 'NONE');
#2851 = ORIENTED_EDGE ( 'NONE', *, *, #6402, .F. ) ;
#2852 = CIRCLE ( 'NONE', #9490, 1.000000000000000000 ) ;
#2853 = CARTESIAN_POINT ( 'NONE',  ( -0.1955299650103700659, -0.6656873190922431016, -0.7493711177645847599 ) ) ;
#2854 = EDGE_LOOP ( 'NONE', ( #1216, #6616 ) ) ;
#2855 = ADVANCED_FACE ( 'NONE', ( #830 ), #11572, .F. ) ;
#2856 = CARTESIAN_POINT ( 'NONE',  ( -1.000000000000000444, 0.000000000000000000, 0.000000000000000000 ) ) ;
#2857 = PLANE ( 'NONE',  #207 ) ;
#2858 = CARTESIAN_POINT ( 'NONE',  ( 0.9999999999999997780, 0.000000000000000000, 0.000000000000000000 ) ) ;
#2859 = VERTEX_POINT ( 'NONE', #5407 ) ;
#2860 = LINE ( 'NONE', #236, #8492 ) ;
#2861 = AXIS2_PLACEMENT_3D ( 'NONE', #2813, #9936, #15 ) ;
#2862 = EDGE_CURVE ( 'NONE', #8645, #5763, #6655, .T. ) ;
#2863 = ADVANCED_FACE ( 'NONE', ( #5343 ), #11513, .T. ) ;
#2864 = ORIENTED_EDGE ( 'NONE', *, *, #4227, .F. ) ;
#2865 = AXIS2_PLACEMENT_3D ( 'NONE', #11408, #8684, #10451 ) ;
#2866 = APPLICATION_PROTOCOL_DEFINITION ( 'draft international standard', 'automotive_design', 1998, #6273 ) ;
#2867 = DIRECTION ( 'NONE',  ( 0.5000000000000009992, 0.8660254037844380415, -0.000000000000000000 ) ) ;
#2868 = FACE_OUTER_BOUND ( 'NONE', #6832, .T. ) ;
#2869 = DIRECTION ( 'NONE',  ( -1.000000000000000000, 0.000000000000000000, 0.000000000000000000 ) ) ;
#2870 = CARTESIAN_POINT ( 'NONE',  ( 0.000000000000000000, 2.309401076758504701, 0.000000000000000000 ) ) ;
#2871 = PLANE ( 'NONE',  #10562 ) ;
#2872 = VERTEX_POINT ( 'NONE', #1669 ) ;
#2873 = PLANE ( 'NONE',  #228 ) ;
#2874 = DIRECTION ( 'NONE',  ( 0.000000000000000000, 0.000000000000000000, -1.000000000000000000 ) ) ;
#2875 = ORIENTED_EDGE ( 'NONE', *, *, #6543, .T. ) ;
#2876 = CARTESIAN_POINT ( 'NONE',  ( -0.9526279441628807687, 0.5500000000000003775, -0.3000000000000181410 ) ) ;
#2877 = DIRECTION ( 'NONE',  ( 0.000000000000000000, 0.000000000000000000, -1.000000000000000000 ) ) ;
#2878 = ORIENTED_EDGE ( 'NONE', *, *, #9714, .F. ) ;
#2879 = DIRECTION ( 'NONE',  ( -0.000000000000000000, -0.000000000000000000, 1.000000000000000000 ) ) ;
#2880 = DIRECTION ( 'NONE',  ( 0.000000000000000000, 0.8660254037844407060, -0.4999999999999963918 ) ) ;
#2881 = CYLINDRICAL_SURFACE ( 'NONE', #75, 2.500000000000000000 ) ;
#2882 = CYLINDRICAL_SURFACE ( 'NONE', #9929, 2.500000000000002220 ) ;
#2883 = DIRECTION ( 'NONE',  ( 0.000000000000000000, 1.000000000000000000, 0.000000000000000000 ) ) ;
#2884 = EDGE_CURVE ( 'NONE', #3293, #7246, #8538, .T. ) ;
#2885 = VERTEX_POINT ( 'NONE', #8069 ) ;
#2886 = CARTESIAN_POINT ( 'NONE',  ( 7.500000000000002665, 0.8999999999999995781, -19.84529946162065173 ) ) ;
#2887 = ORIENTED_EDGE ( 'NONE', *, *, #3119, .F. ) ;
#2888 = AXIS2_PLACEMENT_3D ( 'NONE', #7806, #10292, #5804 ) ;
#2889 = DIRECTION ( 'NONE',  ( 1.000000000000000000, 0.000000000000000000, 0.000000000000000000 ) ) ;
#2890 = ORIENTED_EDGE ( 'NONE', *, *, #4335, .F. ) ;
#2891 = LINE ( 'NONE', #160, #1670 ) ;
#2892 = VERTEX_POINT ( 'NONE', #11691 ) ;
#2893 = EDGE_CURVE ( 'NONE', #6593, #5334, #1725, .T. ) ;
#2894 = CIRCLE ( 'NONE', #3462, 0.7740000000000000213 ) ;
#2895 =( NAMED_UNIT ( * ) PLANE_ANGLE_UNIT ( ) SI_UNIT ( $, .RADIAN. ) );
#2896 = DIRECTION ( 'NONE',  ( -0.000000000000000000, 1.000000000000000000, -0.000000000000000000 ) ) ;
#2897 = CIRCLE ( 'NONE', #2332, 0.5000000000000000000 ) ;
#2898 = DIRECTION ( 'NONE',  ( 1.000000000000000000, -0.000000000000000000, -0.000000000000000000 ) ) ;
#2899 = DIRECTION ( 'NONE',  ( 0.000000000000000000, 0.000000000000000000, 1.000000000000000000 ) ) ;
#2900 = AXIS2_PLACEMENT_3D ( 'NONE', #2098, #7741, #10216 ) ;
#2901 = MECHANICAL_DESIGN_GEOMETRIC_PRESENTATION_REPRESENTATION (  '', ( #6314 ), #3480 ) ;
#2902 = CARTESIAN_POINT ( 'NONE',  ( -2.000000000000000000, 0.1952413320394005836, 7.623296525288699970E-18 ) ) ;
#2903 = CARTESIAN_POINT ( 'NONE',  ( 0.000000000000000000, 2.309401076758504701, -1.600000000000000089 ) ) ;
#2904 = ORIENTED_EDGE ( 'NONE', *, *, #944, .T. ) ;
#2905 = CARTESIAN_POINT ( 'NONE',  ( -2.000000000000000000, -0.3889866277140360817, -1.583227824459161326 ) ) ;
#2906 = ORIENTED_EDGE ( 'NONE', *, *, #11404, .F. ) ;
#2907 = DIRECTION ( 'NONE',  ( -1.000000000000000000, 0.000000000000000000, 0.000000000000000000 ) ) ;
#2908 = EDGE_CURVE ( 'NONE', #8312, #8329, #1533, .T. ) ;
#2909 = CIRCLE ( 'NONE', #6142, 3.000000000000000444 ) ;
#2910 = STYLED_ITEM ( 'NONE', ( #4859 ), #1240 ) ;
#2911 = VERTEX_POINT ( 'NONE', #4345 ) ;
#2912 = CARTESIAN_POINT ( 'NONE',  ( -0.5000000000000000000, 9.199999999999999289, -21.00000000000000000 ) ) ;
#2913 = CARTESIAN_POINT ( 'NONE',  ( -1.000000000000000888, 1.732050807568876749, -1.600000000000000089 ) ) ;
#2914 = VECTOR ( 'NONE', #10114, 1000.000000000000000 ) ;
#2915 = DIRECTION ( 'NONE',  ( -0.000000000000000000, -0.000000000000000000, -1.000000000000000000 ) ) ;
#2916 = AXIS2_PLACEMENT_3D ( 'NONE', #4351, #6073, #1499 ) ;
#2917 = CARTESIAN_POINT ( 'NONE',  ( 0.5560518688116534713, 0.5176555429708578071, -0.7092725651034375023 ) ) ;
#2918 = VECTOR ( 'NONE', #471, 1000.000000000000000 ) ;
#2919 = ORIENTED_EDGE ( 'NONE', *, *, #11344, .T. ) ;
#2920 = CARTESIAN_POINT ( 'NONE',  ( 4.099999999999999645, -2.821690854684141936, 0.8999999999999992450 ) ) ;
#2921 = EDGE_CURVE ( 'NONE', #9013, #159, #8954, .T. ) ;
#2922 = EDGE_CURVE ( 'NONE', #7394, #1995, #4402, .T. ) ;
#2923 = VECTOR ( 'NONE', #11542, 1000.000000000000000 ) ;
#2924 = EDGE_CURVE ( 'NONE', #5031, #3070, #7214, .T. ) ;
#2925 = EDGE_LOOP ( 'NONE', ( #10974, #2575, #5598, #10067, #7377, #11563 ) ) ;
#2926 = APPLICATION_PROTOCOL_DEFINITION ( 'draft international standard', 'automotive_design', 1998, #2101 ) ;
#2927 = EDGE_CURVE ( 'NONE', #6862, #268, #3049, .T. ) ;
#2928 = LINE ( 'NONE', #8266, #7140 ) ;
#2929 = EDGE_CURVE ( 'NONE', #11333, #6947, #8073, .T. ) ;
#2930 = CARTESIAN_POINT ( 'NONE',  ( 0.000000000000000000, 0.000000000000000000, -1.600000000000000089 ) ) ;
#2931 = PLANE ( 'NONE',  #4293 ) ;
#2932 = CARTESIAN_POINT ( 'NONE',  ( 1.000000000000000000, 9.199999999999999289, -20.00000000000000355 ) ) ;
#2933 = AXIS2_PLACEMENT_3D ( 'NONE', #536, #2442, #590 ) ;
#2934 = DIRECTION ( 'NONE',  ( 1.000000000000000000, 0.000000000000000000, 0.000000000000000000 ) ) ;
#2935 = ORIENTED_EDGE ( 'NONE', *, *, #948, .F. ) ;
#2936 =( REPRESENTATION_RELATIONSHIP ('NONE','NONE', #9860, #7134 ) REPRESENTATION_RELATIONSHIP_WITH_TRANSFORMATION ( #1620 )SHAPE_REPRESENTATION_RELATIONSHIP( ) );
#2937 = CARTESIAN_POINT ( 'NONE',  ( -17.94999999999999929, 0.000000000000000000, 0.000000000000000000 ) ) ;
#2938 = ORIENTED_EDGE ( 'NONE', *, *, #7493, .F. ) ;
#2939 = DIRECTION ( 'NONE',  ( 0.000000000000000000, -1.224649721909276639E-16, 1.000000000000000000 ) ) ;
#2940 = CONICAL_SURFACE ( 'NONE', #6937, 1.099999999999997202, 1.029744258676652091 ) ;
#2941 = PLANE ( 'NONE',  #7264 ) ;
#2942 = ORIENTED_EDGE ( 'NONE', *, *, #7715, .F. ) ;
#2943 = PRODUCT_DEFINITION_SHAPE ( 'NONE', 'NONE',  #1937 ) ;
#2944 = CARTESIAN_POINT ( 'NONE',  ( 0.9526279441628809908, -0.5500000000000001554, -0.3000000000000172529 ) ) ;
#2945 = EDGE_CURVE ( 'NONE', #11249, #10257, #2852, .T. ) ;
#2946 = LINE ( 'NONE', #8991, #445 ) ;
#2947 = CARTESIAN_POINT ( 'NONE',  ( 1.500000000000000000, 0.000000000000000000, 0.000000000000000000 ) ) ;
#2948 = PRESENTATION_STYLE_ASSIGNMENT (( #10004 ) ) ;
#2949 = PLANE ( 'NONE',  #6083 ) ;
#2950 = ORIENTED_EDGE ( 'NONE', *, *, #11100, .F. ) ;
#2951 = AXIS2_PLACEMENT_3D ( 'NONE', #3592, #7205, #4423 ) ;
#2952 = FACE_OUTER_BOUND ( 'NONE', #1751, .T. ) ;
#2953 = ORIENTED_EDGE ( 'NONE', *, *, #4527, .F. ) ;
#2954 = FACE_OUTER_BOUND ( 'NONE', #8610, .T. ) ;
#2955 = ORIENTED_EDGE ( 'NONE', *, *, #1105, .F. ) ;
#2956 = FACE_OUTER_BOUND ( 'NONE', #4780, .T. ) ;
#2957 = ORIENTED_EDGE ( 'NONE', *, *, #6354, .F. ) ;
#2958 =( LENGTH_UNIT ( ) NAMED_UNIT ( * ) SI_UNIT ( .MILLI., .METRE. ) );
#2959 = CARTESIAN_POINT ( 'NONE',  ( 0.000000000000000000, 0.000000000000000000, 0.000000000000000000 ) ) ;
#2960 = ADVANCED_FACE ( 'NONE', ( #2673 ), #10673, .T. ) ;
#2961 = AXIS2_PLACEMENT_3D ( 'NONE', #549, #1502, #6195 ) ;
#2962 = UNCERTAINTY_MEASURE_WITH_UNIT (LENGTH_MEASURE( 1.000000000000000082E-05 ), #9422, 'distance_accuracy_value', 'NONE');
#2963 = FILL_AREA_STYLE_COLOUR ( '', #9977 ) ;
#2964 = CARTESIAN_POINT ( 'NONE',  ( 4.099999999999999645, 0.000000000000000000, -0.3999999999999987454 ) ) ;
#2965 = LINE ( 'NONE', #9308, #9992 ) ;
#2966 = CARTESIAN_POINT ( 'NONE',  ( 7.500000000000002665, 0.8999999999999995781, -22.15470053837915643 ) ) ;
#2967 = VERTEX_POINT ( 'NONE', #11516 ) ;
#2968 = DIRECTION ( 'NONE',  ( -1.000000000000000000, 8.881784197001252323E-16, 0.000000000000000000 ) ) ;
#2969 = UNCERTAINTY_MEASURE_WITH_UNIT (LENGTH_MEASURE( 1.000000000000000082E-05 ), #4312, 'distance_accuracy_value', 'NONE');
#2970 = VERTEX_POINT ( 'NONE', #9011 ) ;
#2971 = CONICAL_SURFACE ( 'NONE', #7733, 1.099999999999997202, 1.029744258676652091 ) ;
#2972 = DIRECTION ( 'NONE',  ( -0.000000000000000000, 1.224649721909276639E-16, -1.000000000000000000 ) ) ;
#2973 = AXIS2_PLACEMENT_3D ( 'NONE', #10813, #6264, #10872 ) ;
#2974 = VERTEX_POINT ( 'NONE', #10791 ) ;
#2975 = EDGE_LOOP ( 'NONE', ( #4391, #2618 ) ) ;
#2976 = FACE_OUTER_BOUND ( 'NONE', #1389, .T. ) ;
#2977 = DIRECTION ( 'NONE',  ( 0.000000000000000000, 1.000000000000000000, 0.000000000000000000 ) ) ;
#2978 = AXIS2_PLACEMENT_3D ( 'NONE', #10770, #9999, #5616 ) ;
#2979 = VECTOR ( 'NONE', #5591, 1000.000000000000000 ) ;
#2980 = CARTESIAN_POINT ( 'NONE',  ( 0.000000000000000000, 0.000000000000000000, 0.000000000000000000 ) ) ;
#2981 = CARTESIAN_POINT ( 'NONE',  ( 0.000000000000000000, 4.898598887637106556E-16, -2.400000000000000355 ) ) ;
#2982 = VERTEX_POINT ( 'NONE', #3571 ) ;
#2983 = DIRECTION ( 'NONE',  ( -1.000000000000000000, 0.000000000000000000, 0.000000000000000000 ) ) ;
#2984 = CIRCLE ( 'NONE', #2426, 2.500000000000000000 ) ;
#2985 = VERTEX_POINT ( 'NONE', #10614 ) ;
#2986 = ITEM_DEFINED_TRANSFORMATION ( 'NONE', 'NONE', #3609,  #4873 ) ;
#2987 = CARTESIAN_POINT ( 'NONE',  ( 8.500000000000000000, 2.500000000000000000, 0.000000000000000000 ) ) ;
#2988 = CARTESIAN_POINT ( 'NONE',  ( -2.000000000000000000, 1.154700538379254349, -1.421367205045916737 ) ) ;
#2989 = DIRECTION ( 'NONE',  ( 0.000000000000000000, 0.000000000000000000, 1.000000000000000000 ) ) ;
#2990 = CARTESIAN_POINT ( 'NONE',  ( 0.000000000000000000, 0.000000000000000000, 998.8342469583508318 ) ) ;
#2991 = EDGE_CURVE ( 'NONE', #7811, #7176, #8014, .T. ) ;
#2992 = EDGE_CURVE ( 'NONE', #3113, #3903, #654, .T. ) ;
#2993 = VECTOR ( 'NONE', #3842, 1000.000000000000000 ) ;
#2994 = DIRECTION ( 'NONE',  ( 0.7071067811865474617, -0.000000000000000000, 0.7071067811865474617 ) ) ;
#2995 = AXIS2_PLACEMENT_3D ( 'NONE', #3290, #11296, #3406 ) ;
#2996 = ORIENTED_EDGE ( 'NONE', *, *, #2431, .T. ) ;
#2997 = EDGE_CURVE ( 'NONE', #9042, #7993, #1915, .T. ) ;
#2998 = EDGE_CURVE ( 'NONE', #6023, #1819, #2677, .T. ) ;
#2999 = FACE_OUTER_BOUND ( 'NONE', #161, .T. ) ;
#3000 = VERTEX_POINT ( 'NONE', #9905 ) ;
#3001 = DIRECTION ( 'NONE',  ( -0.000000000000000000, -0.000000000000000000, 1.000000000000000000 ) ) ;
#3002 = LINE ( 'NONE', #3894, #5377 ) ;
#3003 = ORIENTED_EDGE ( 'NONE', *, *, #8305, .F. ) ;
#3004 = SHAPE_REPRESENTATION_RELATIONSHIP ( 'NONE' , 'NONE' ,  #4186, #320 ) ;
#3005 = CARTESIAN_POINT ( 'NONE',  ( 2.000000000000000000, -0.7745510564695445854, -1.521052330702030719 ) ) ;
#3006 = AXIS2_PLACEMENT_3D ( 'NONE', #3335, #1308, #3222 ) ;
#3007 = LINE ( 'NONE', #1211, #8406 ) ;
#3008 = LINE ( 'NONE', #10230, #6166 ) ;
#3009 = CARTESIAN_POINT ( 'NONE',  ( 2.000000000000000000, 0.9679918988505321620, -0.1247346533081146042 ) ) ;
#3010 = DIRECTION ( 'NONE',  ( 1.000000000000000000, 0.000000000000000000, 0.000000000000000000 ) ) ;
#3011 = APPLICATION_CONTEXT ( 'automotive_design' ) ;
#3012 = ORIENTED_EDGE ( 'NONE', *, *, #1378, .T. ) ;
#3013 = DIRECTION ( 'NONE',  ( -0.000000000000000000, 1.000000000000000000, 0.000000000000000000 ) ) ;
#3014 = EDGE_CURVE ( 'NONE', #1649, #5215, #3512, .T. ) ;
#3015 = ORIENTED_EDGE ( 'NONE', *, *, #3644, .T. ) ;
#3016 = EDGE_CURVE ( 'NONE', #1539, #5825, #3616, .T. ) ;
#3017 = AXIS2_PLACEMENT_3D ( 'NONE', #6232, #9785, #817 ) ;
#3018 = FACE_OUTER_BOUND ( 'NONE', #6952, .T. ) ;
#3019 = ORIENTED_EDGE ( 'NONE', *, *, #4381, .F. ) ;
#3020 = CARTESIAN_POINT ( 'NONE',  ( -1.836821824868181352, -1.248911501717480554, -1.475759930090788652 ) ) ;
#3021 = ORIENTED_EDGE ( 'NONE', *, *, #1176, .T. ) ;
#3022 = B_SPLINE_CURVE_WITH_KNOTS ( 'NONE', 3,
 ( #10533, #1410, #7700, #1341, #569, #3196 ),
 .UNSPECIFIED., .F., .F.,
 ( 4, 2, 4 ),
 ( 0.001168606431211104352, 0.001750609284260045383, 0.002332612137308986630 ),
 .UNSPECIFIED. ) ;
#3023 = DIRECTION ( 'NONE',  ( -1.000000000000000000, 0.000000000000000000, 0.000000000000000000 ) ) ;
#3024 = FACE_OUTER_BOUND ( 'NONE', #1044, .T. ) ;
#3025 = DIRECTION ( 'NONE',  ( -0.000000000000000000, -0.000000000000000000, 1.000000000000000000 ) ) ;
#3026 = DIRECTION ( 'NONE',  ( 0.000000000000000000, 0.000000000000000000, 1.000000000000000000 ) ) ;
#3027 = DIRECTION ( 'NONE',  ( 0.000000000000000000, 0.000000000000000000, -1.000000000000000000 ) ) ;
#3028 = EDGE_LOOP ( 'NONE', ( #2831, #3532, #382, #1026, #10073 ) ) ;
#3029 = LINE ( 'NONE', #1170, #9264 ) ;
#3030 = ORIENTED_EDGE ( 'NONE', *, *, #11487, .T. ) ;
#3031 = CARTESIAN_POINT ( 'NONE',  ( 1.999999999999999556, 0.9679918988505321620, -1.475265346691885027 ) ) ;
#3032 =( GEOMETRIC_REPRESENTATION_CONTEXT ( 3 ) GLOBAL_UNCERTAINTY_ASSIGNED_CONTEXT ( ( #3914 ) ) GLOBAL_UNIT_ASSIGNED_CONTEXT ( ( #5086, #11673, #2535 ) ) REPRESENTATION_CONTEXT ( 'NONE', 'WORKASPACE' ) );
#3033 = EDGE_LOOP ( 'NONE', ( #4980, #3564, #6309, #3666 ) ) ;
#3034 = ORIENTED_EDGE ( 'NONE', *, *, #3926, .T. ) ;
#3035 = LINE ( 'NONE', #357, #4828 ) ;
#3036 = EDGE_LOOP ( 'NONE', ( #11714, #4616, #6386, #5292 ) ) ;
#3037 = DIRECTION ( 'NONE',  ( 1.000000000000000000, -0.000000000000000000, -0.000000000000000000 ) ) ;
#3038 = AXIS2_PLACEMENT_3D ( 'NONE', #10227, #324, #2290 ) ;
#3039 = LINE ( 'NONE', #8190, #6702 ) ;
#3040 = ORIENTED_EDGE ( 'NONE', *, *, #9714, .T. ) ;
#3041 = CARTESIAN_POINT ( 'NONE',  ( 14.81370849898476116, 17.00000000000000000, -4.732195743157014078 ) ) ;
#3042 = PRODUCT ( 'CuboDeRoda', 'CuboDeRoda', '', ( #8976 ) ) ;
#3043 = DIRECTION ( 'NONE',  ( 0.000000000000000000, 0.000000000000000000, 1.000000000000000000 ) ) ;
#3044 = ORIENTED_EDGE ( 'NONE', *, *, #5607, .T. ) ;
#3045 = EDGE_CURVE ( 'NONE', #2345, #4009, #1541, .T. ) ;
#3046 = CONTEXT_DEPENDENT_SHAPE_REPRESENTATION ( #1731, #1534 ) ;
#3047 = DIRECTION ( 'NONE',  ( -1.000000000000000000, 0.000000000000000000, 0.000000000000000000 ) ) ;
#3048 = LINE ( 'NONE', #10155, #10266 ) ;
#3049 = CIRCLE ( 'NONE', #6455, 5.500000000000000000 ) ;
#3050 = VERTEX_POINT ( 'NONE', #10731 ) ;
#3051 = LINE ( 'NONE', #7374, #10919 ) ;
#3052 = FACE_OUTER_BOUND ( 'NONE', #2473, .T. ) ;
#3053 = FACE_OUTER_BOUND ( 'NONE', #7411, .T. ) ;
#3054 = ORIENTED_EDGE ( 'NONE', *, *, #11643, .F. ) ;
#3055 = FACE_OUTER_BOUND ( 'NONE', #3072, .T. ) ;
#3056 = AXIS2_PLACEMENT_3D ( 'NONE', #3148, #7532, #6885 ) ;
#3057 = ORIENTED_EDGE ( 'NONE', *, *, #4819, .T. ) ;
#3058 = EDGE_CURVE ( 'NONE', #4238, #3000, #3433, .T. ) ;
#3059 = CARTESIAN_POINT ( 'NONE',  ( 0.000000000000000000, 0.000000000000000000, 0.000000000000000000 ) ) ;
#3060 = VERTEX_POINT ( 'NONE', #11575 ) ;
#3061 = EDGE_CURVE ( 'NONE', #5738, #610, #6244, .T. ) ;
#3062 = DIRECTION ( 'NONE',  ( 1.821727030591454394E-16, -0.9999731667178688443, -0.007325697525663947204 ) ) ;
#3063 = FACE_BOUND ( 'NONE', #1953, .T. ) ;
#3064 = DIRECTION ( 'NONE',  ( 0.000000000000000000, 0.000000000000000000, -1.000000000000000000 ) ) ;
#3065 = DIRECTION ( 'NONE',  ( -1.000000000000000000, 0.000000000000000000, 0.000000000000000000 ) ) ;
#3066 = ADVANCED_FACE ( 'NONE', ( #7070, #2557 ), #9795, .F. ) ;
#3067 = CARTESIAN_POINT ( 'NONE',  ( 5.500000000000000000, 0.8999999999999995781, -18.69059892324140293 ) ) ;
#3068 = DIRECTION ( 'NONE',  ( 0.000000000000000000, 0.000000000000000000, -1.000000000000000000 ) ) ;
#3069 = AXIS2_PLACEMENT_3D ( 'NONE', #3634, #7245, #10860 ) ;
#3070 = VERTEX_POINT ( 'NONE', #7471 ) ;
#3071 = DIRECTION ( 'NONE',  ( 0.000000000000000000, 0.000000000000000000, 1.000000000000000000 ) ) ;
#3072 = EDGE_LOOP ( 'NONE', ( #370, #10572, #10724 ) ) ;
#3073 = CARTESIAN_POINT ( 'NONE',  ( 3.599999999999999201, -2.971690854684141847, 0.8999999999999992450 ) ) ;
#3074 = VERTEX_POINT ( 'NONE', #107 ) ;
#3075 = ADVANCED_FACE ( 'NONE', ( #10072 ), #11081, .F. ) ;
#3076 = LINE ( 'NONE', #9358, #8675 ) ;
#3077 = VERTEX_POINT ( 'NONE', #3918 ) ;
#3078 = SURFACE_STYLE_USAGE ( .BOTH. , #1415 ) ;
#3079 = CARTESIAN_POINT ( 'NONE',  ( 0.000000000000000000, 0.000000000000000000, 0.000000000000000000 ) ) ;
#3080 = EDGE_CURVE ( 'NONE', #2967, #2859, #7608, .T. ) ;
#3081 = CARTESIAN_POINT ( 'NONE',  ( -1.340742937416024905, 1.535322780927271813, 8.545038780570239278E-16 ) ) ;
#3082 = ADVANCED_FACE ( 'NONE', ( #5641 ), #8919, .F. ) ;
#3083 = CARTESIAN_POINT ( 'NONE',  ( 0.000000000000000000, 4.898598887637106556E-16, -1.599999999999999867 ) ) ;
#3084 = LINE ( 'NONE', #6520, #2993 ) ;
#3085 = CARTESIAN_POINT ( 'NONE',  ( 3.500000000000000000, 0.000000000000000000, 0.000000000000000000 ) ) ;
#3086 = VERTEX_POINT ( 'NONE', #3682 ) ;
#3087 = CARTESIAN_POINT ( 'NONE',  ( -2.000000000000000000, -1.154700538379254349, -0.1786327949540832127 ) ) ;
#3088 = VERTEX_POINT ( 'NONE', #6588 ) ;
#3089 = CARTESIAN_POINT ( 'NONE',  ( 2.000000000000000000, 0.1952413320394011109, -1.600000000000000089 ) ) ;
#3090 = ORIENTED_EDGE ( 'NONE', *, *, #11707, .F. ) ;
#3091 = ORIENTED_EDGE ( 'NONE', *, *, #4335, .T. ) ;
#3092 = VECTOR ( 'NONE', #513, 1000.000000000000000 ) ;
#3093 = SURFACE_STYLE_FILL_AREA ( #475 ) ;
#3094 = VECTOR ( 'NONE', #9097, 1000.000000000000000 ) ;
#3095 = CIRCLE ( 'NONE', #3653, 0.7740000000000000213 ) ;
#3096 = CARTESIAN_POINT ( 'NONE',  ( 0.000000000000000000, 2.500000000000000000, -24.00000000000000000 ) ) ;
#3097 = CARTESIAN_POINT ( 'NONE',  ( -1.672828002720945673, 1.343593379079621064, -1.530424537474096791 ) ) ;
#3098 = EDGE_CURVE ( 'NONE', #5990, #9278, #2732, .T. ) ;
#3099 = CARTESIAN_POINT ( 'NONE',  ( 0.000000000000000000, 0.000000000000000000, -0.1540456584061371259 ) ) ;
#3100 = DIRECTION ( 'NONE',  ( 0.000000000000000000, 0.000000000000000000, -1.000000000000000000 ) ) ;
#3101 = ORIENTED_EDGE ( 'NONE', *, *, #8090, .F. ) ;
#3102 = DIRECTION ( 'NONE',  ( 0.000000000000000000, 0.000000000000000000, 1.000000000000000000 ) ) ;
#3103 = AXIS2_PLACEMENT_3D ( 'NONE', #5847, #8029, #3458 ) ;
#3104 = CONICAL_SURFACE ( 'NONE', #4794, 2.000000000000000000, 1.047197551196595855 ) ;
#3105 = CARTESIAN_POINT ( 'NONE',  ( 3.499999999999996003, 0.8999999999999989120, -1.845299461620641512 ) ) ;
#3106 = CIRCLE ( 'NONE', #11244, 4.000000000000000000 ) ;
#3107 = ORIENTED_EDGE ( 'NONE', *, *, #7791, .F. ) ;
#3108 = CIRCLE ( 'NONE', #8037, 2.500000000000000000 ) ;
#3109 = CARTESIAN_POINT ( 'NONE',  ( 4.250000000000000000, 0.000000000000000000, 0.000000000000000000 ) ) ;
#3110 = CARTESIAN_POINT ( 'NONE',  ( 2.000000000000000000, 9.199999999999999289, -18.50000000000000355 ) ) ;
#3111 = EDGE_CURVE ( 'NONE', #9107, #6288, #5580, .T. ) ;
#3112 = AXIS2_PLACEMENT_3D ( 'NONE', #5964, #6022, #4230 ) ;
#3113 = VERTEX_POINT ( 'NONE', #10194 ) ;
#3114 = CARTESIAN_POINT ( 'NONE',  ( 0.000000000000000000, 1.285879139104720831E-15, 10.50000000000000000 ) ) ;
#3115 = DIRECTION ( 'NONE',  ( -1.000000000000000000, 0.000000000000000000, 0.000000000000000000 ) ) ;
#3116 = B_SPLINE_CURVE_WITH_KNOTS ( 'NONE', 3,
 ( #5433, #2695, #190, #1868 ),
 .UNSPECIFIED., .F., .F.,
 ( 4, 4 ),
 ( 2.380749485065221449E-07, 0.001168606431211103485 ),
 .UNSPECIFIED. ) ;
#3117 = DIRECTION ( 'NONE',  ( 0.000000000000000000, 0.000000000000000000, -1.000000000000000000 ) ) ;
#3118 = ORIENTED_EDGE ( 'NONE', *, *, #1154, .T. ) ;
#3119 = EDGE_CURVE ( 'NONE', #10769, #3237, #10809, .T. ) ;
#3120 = CONICAL_SURFACE ( 'NONE', #1203, 2.000000000000000000, 1.047197551196596299 ) ;
#3121 = DIRECTION ( 'NONE',  ( -1.000000000000000000, 0.000000000000000000, 0.000000000000000000 ) ) ;
#3122 = PRESENTATION_LAYER_ASSIGNMENT (  '', '', ( #11057 ) ) ;
#3123 = ORIENTED_EDGE ( 'NONE', *, *, #2141, .F. ) ;
#3124 = FACE_OUTER_BOUND ( 'NONE', #732, .T. ) ;
#3125 = B_SPLINE_CURVE_WITH_KNOTS ( 'NONE', 3,
 ( #6054, #2434, #9489, #11264 ),
 .UNSPECIFIED., .F., .F.,
 ( 4, 4 ),
 ( 2.380749485065221449E-07, 0.001168606431211103485 ),
 .UNSPECIFIED. ) ;
#3126 = ORIENTED_EDGE ( 'NONE', *, *, #4400, .F. ) ;
#3127 = FACE_OUTER_BOUND ( 'NONE', #925, .T. ) ;
#3128 = DIRECTION ( 'NONE',  ( -0.000000000000000000, 0.000000000000000000, -1.000000000000000000 ) ) ;
#3129 = AXIS2_PLACEMENT_3D ( 'NONE', #5020, #8697, #6984 ) ;
#3130 = CARTESIAN_POINT ( 'NONE',  ( 3.599999999999999201, -2.971690854684141847, 0.8999999999999992450 ) ) ;
#3131 = CARTESIAN_POINT ( 'NONE',  ( 1.000000000000000000, 1.224646799147355426E-16, -1.869518839163146762 ) ) ;
#3132 = EDGE_LOOP ( 'NONE', ( #5865, #9225, #192 ) ) ;
#3133 = DIRECTION ( 'NONE',  ( -1.000000000000000000, 0.000000000000000000, 0.000000000000000000 ) ) ;
#3134 = EDGE_CURVE ( 'NONE', #11621, #2859, #5519, .T. ) ;
#3135 = ORIENTED_EDGE ( 'NONE', *, *, #4527, .T. ) ;
#3136 = DIRECTION ( 'NONE',  ( -1.000000000000000000, -0.000000000000000000, -0.000000000000000000 ) ) ;
#3137 = VECTOR ( 'NONE', #8838, 1000.000000000000114 ) ;
#3138 = ORIENTED_EDGE ( 'NONE', *, *, #7060, .F. ) ;
#3139 = PRESENTATION_LAYER_ASSIGNMENT (  '', '', ( #7293 ) ) ;
#3140 = CARTESIAN_POINT ( 'NONE',  ( 0.000000000000000000, 2.309401076758504701, -1.421367205045916737 ) ) ;
#3141 = ORIENTED_EDGE ( 'NONE', *, *, #9229, .F. ) ;
#3142 = DIRECTION ( 'NONE',  ( -0.000000000000000000, -0.000000000000000000, 1.000000000000000000 ) ) ;
#3143 = CARTESIAN_POINT ( 'NONE',  ( 0.000000000000000000, 4.738805170303855086E-16, -3.469518839163146406 ) ) ;
#3144 = AXIS2_PLACEMENT_3D ( 'NONE', #4441, #11676, #3659 ) ;
#3145 = CARTESIAN_POINT ( 'NONE',  ( -2.000000000000001776, -0.7999999999999864997, -2.999999999999891642 ) ) ;
#3146 = PRODUCT_DEFINITION_SHAPE ( 'NONE', 'NONE',  #850 ) ;
#3147 = DIRECTION ( 'NONE',  ( -1.000000000000000000, -0.000000000000000000, -0.000000000000000000 ) ) ;
#3148 = CARTESIAN_POINT ( 'NONE',  ( 3.400000000000000355, 0.000000000000000000, 0.000000000000000000 ) ) ;
#3149 = EDGE_CURVE ( 'NONE', #6716, #7161, #10907, .T. ) ;
#3150 = ADVANCED_FACE ( 'NONE', ( #7292 ), #9967, .T. ) ;
#3151 = ORIENTED_EDGE ( 'NONE', *, *, #4736, .F. ) ;
#3152 = CARTESIAN_POINT ( 'NONE',  ( -0.9526279441628808797, -0.5499999999999999334, -3.299999999999984279 ) ) ;
#3153 = EDGE_CURVE ( 'NONE', #9791, #11464, #3629, .T. ) ;
#3154 = ORIENTED_EDGE ( 'NONE', *, *, #2319, .T. ) ;
#3155 = DIRECTION ( 'NONE',  ( -0.000000000000000000, 0.000000000000000000, 1.000000000000000000 ) ) ;
#3156 = EDGE_CURVE ( 'NONE', #5681, #2090, #1114, .T. ) ;
#3157 = EDGE_LOOP ( 'NONE', ( #3126, #31 ) ) ;
#3158 = ADVANCED_FACE ( 'NONE', ( #1844, #4568 ), #6410, .T. ) ;
#3159 = AXIS2_PLACEMENT_3D ( 'NONE', #2109, #2879, #5555 ) ;
#3160 = ORIENTED_EDGE ( 'NONE', *, *, #8022, .T. ) ;
#3161 =( LENGTH_UNIT ( ) NAMED_UNIT ( * ) SI_UNIT ( .MILLI., .METRE. ) );
#3162 = CARTESIAN_POINT ( 'NONE',  ( -1.000000000000001776, -1.732050807568876527, 0.000000000000000000 ) ) ;
#3163 = CARTESIAN_POINT ( 'NONE',  ( 0.000000000000000000, 5.058392604970359998E-16, -2.530481160836854482 ) ) ;
#3164 = DIRECTION ( 'NONE',  ( 0.000000000000000000, 0.000000000000000000, -1.000000000000000000 ) ) ;
#3165 = DIRECTION ( 'NONE',  ( 0.000000000000000000, 0.000000000000000000, 1.000000000000000000 ) ) ;
#3166 = AXIS2_PLACEMENT_3D ( 'NONE', #8624, #3345, #6024 ) ;
#3167 = VERTEX_POINT ( 'NONE', #9309 ) ;
#3168 = CARTESIAN_POINT ( 'NONE',  ( -0.3277177810063121588, 2.120193127676282430, -1.520662200187637758 ) ) ;
#3169 = CARTESIAN_POINT ( 'NONE',  ( 0.000000000000000000, 0.000000000000000000, -6.000000000000000000 ) ) ;
#3170 = EDGE_CURVE ( 'NONE', #4202, #5780, #2845, .T. ) ;
#3171 = CIRCLE ( 'NONE', #4497, 0.1749999999999997946 ) ;
#3172 = AXIS2_PLACEMENT_3D ( 'NONE', #5952, #6067, #8781 ) ;
#3173 = EDGE_LOOP ( 'NONE', ( #7487, #3123, #5615, #4906 ) ) ;
#3174 = CONTEXT_DEPENDENT_SHAPE_REPRESENTATION ( #7034, #3896 ) ;
#3175 = FILL_AREA_STYLE_COLOUR ( '', #9971 ) ;
#3176 = DIRECTION ( 'NONE',  ( 0.000000000000000000, 0.000000000000000000, -1.000000000000000000 ) ) ;
#3177 = ORIENTED_EDGE ( 'NONE', *, *, #9610, .T. ) ;
#3178 = LINE ( 'NONE', #5904, #3724 ) ;
#3179 = DIRECTION ( 'NONE',  ( 0.000000000000000000, 1.000000000000000000, -0.000000000000000000 ) ) ;
#3180 = FACE_BOUND ( 'NONE', #9117, .T. ) ;
#3181 = ORIENTED_EDGE ( 'NONE', *, *, #1264, .F. ) ;
#3182 = CARTESIAN_POINT ( 'NONE',  ( 0.6979409270859378012, 0.1959368193116776680, -0.7302995190835704920 ) ) ;
#3183 = EDGE_LOOP ( 'NONE', ( #8036, #3672 ) ) ;
#3184 = DIRECTION ( 'NONE',  ( -0.000000000000000000, 1.224649721909276639E-16, -1.000000000000000000 ) ) ;
#3185 = ORIENTED_EDGE ( 'NONE', *, *, #3061, .T. ) ;
#3186 = DIRECTION ( 'NONE',  ( 0.000000000000000000, 0.000000000000000000, -1.000000000000000000 ) ) ;
#3187 = LINE ( 'NONE', #387, #6712 ) ;
#3188 = VECTOR ( 'NONE', #9244, 999.9999999999998863 ) ;
#3189 = PRODUCT_DEFINITION_CONTEXT ( 'detailed design', #4456, 'design' ) ;
#3190 = CARTESIAN_POINT ( 'NONE',  ( -0.9526279441628797695, -0.5499999999999987121, -3.299999999999985167 ) ) ;
#3191 = CARTESIAN_POINT ( 'NONE',  ( 2.000000000000000000, 0.1952413320394014717, -1.143494478793305150E-17 ) ) ;
#3192 = VECTOR ( 'NONE', #8141, 1000.000000000000114 ) ;
#3193 = ORIENTED_EDGE ( 'NONE', *, *, #7624, .T. ) ;
#3194 = CARTESIAN_POINT ( 'NONE',  ( 8.500000000000000000, 0.000000000000000000, -3.000000000000000000 ) ) ;
#3195 = ORIENTED_EDGE ( 'NONE', *, *, #153, .T. ) ;
#3196 = CARTESIAN_POINT ( 'NONE',  ( -2.000000000000000000, -1.154700538379254349, -0.1786327949540832127 ) ) ;
#3197 = EDGE_LOOP ( 'NONE', ( #3588, #9001, #5495, #7728 ) ) ;
#3198 = DIRECTION ( 'NONE',  ( -1.000000000000000000, 0.000000000000000000, 0.000000000000000000 ) ) ;
#3199 = CIRCLE ( 'NONE', #9823, 1.500000000000001332 ) ;
#3200 = ORIENTED_EDGE ( 'NONE', *, *, #7044, .F. ) ;
#3201 = DIRECTION ( 'NONE',  ( 0.000000000000000000, 0.000000000000000000, 1.000000000000000000 ) ) ;
#3202 = EDGE_CURVE ( 'NONE', #1125, #5400, #8307, .T. ) ;
#3203 = CARTESIAN_POINT ( 'NONE',  ( 0.000000000000000000, 0.000000000000000000, 0.000000000000000000 ) ) ;
#3204 =( LENGTH_UNIT ( ) NAMED_UNIT ( * ) SI_UNIT ( .MILLI., .METRE. ) );
#3205 = DIRECTION ( 'NONE',  ( -0.000000000000000000, 0.000000000000000000, -1.000000000000000000 ) ) ;
#3206 = LINE ( 'NONE', #4152, #6855 ) ;
#3207 = AXIS2_PLACEMENT_3D ( 'NONE', #5096, #5938, #8714 ) ;
#3208 = ORIENTED_EDGE ( 'NONE', *, *, #7491, .T. ) ;
#3209 = CARTESIAN_POINT ( 'NONE',  ( -2.000000000000000000, 0.000000000000000000, 0.000000000000000000 ) ) ;
#3210 = EDGE_LOOP ( 'NONE', ( #2634, #2835, #10628, #3266 ) ) ;
#3211 = CARTESIAN_POINT ( 'NONE',  ( 0.8302646929203286730, -1.830047532802312249, -1.600000000000000089 ) ) ;
#3212 = ORIENTED_EDGE ( 'NONE', *, *, #7512, .F. ) ;
#3213 = ORIENTED_EDGE ( 'NONE', *, *, #4463, .T. ) ;
#3214 = SHAPE_REPRESENTATION_RELATIONSHIP ( 'NONE' , 'NONE' ,  #957, #9104 ) ;
#3215 = ADVANCED_FACE ( 'NONE', ( #998 ), #9867, .T. ) ;
#3216 = DIRECTION ( 'NONE',  ( -0.000000000000000000, -0.000000000000000000, 1.000000000000000000 ) ) ;
#3217 = EDGE_CURVE ( 'NONE', #3993, #8129, #466, .T. ) ;
#3218 = FACE_OUTER_BOUND ( 'NONE', #4417, .T. ) ;
#3219 = ADVANCED_FACE ( 'NONE', ( #2196 ), #11203, .F. ) ;
#3220 = DIRECTION ( 'NONE',  ( 0.000000000000000000, 0.000000000000000000, 1.000000000000000000 ) ) ;
#3221 = ORIENTED_EDGE ( 'NONE', *, *, #9297, .F. ) ;
#3222 = DIRECTION ( 'NONE',  ( 0.000000000000000000, 0.000000000000000000, -1.000000000000000000 ) ) ;
#3223 = B_SPLINE_CURVE_WITH_KNOTS ( 'NONE', 3,
 ( #10906, #2902, #4623, #3917, #9367, #8244 ),
 .UNSPECIFIED., .F., .F.,
 ( 4, 2, 4 ),
 ( 0.003228283429323684436, 0.003812703409393311971, 0.004397123389462939506 ),
 .UNSPECIFIED. ) ;
#3224 = EDGE_CURVE ( 'NONE', #587, #9690, #10, .T. ) ;
#3225 = CARTESIAN_POINT ( 'NONE',  ( -2.000000000000003997, 2.500000000000000000, -5.309401076758396343 ) ) ;
#3226 = ORIENTED_EDGE ( 'NONE', *, *, #8365, .F. ) ;
#3227 = ITEM_DEFINED_TRANSFORMATION ( 'NONE', 'NONE', #6076,  #4873 ) ;
#3228 = FACE_OUTER_BOUND ( 'NONE', #4889, .T. ) ;
#3229 = PRESENTATION_STYLE_ASSIGNMENT (( #4292 ) ) ;
#3230 = ORIENTED_EDGE ( 'NONE', *, *, #9130, .T. ) ;
#3231 = DIRECTION ( 'NONE',  ( -0.8660254037844380415, 0.5000000000000009992, 0.000000000000000000 ) ) ;
#3233 = EDGE_CURVE ( 'NONE', #1633, #4865, #5217, .T. ) ;
#3232 = CARTESIAN_POINT ( 'NONE',  ( -4.987329993433320396E-15, -2.309401076758504701, -0.1786327949540832127 ) ) ;
#3234 = EDGE_CURVE ( 'NONE', #11538, #4939, #4975, .T. ) ;
#3235 = CARTESIAN_POINT ( 'NONE',  ( 0.000000000000000000, 0.000000000000000000, 0.000000000000000000 ) ) ;
#3236 = EDGE_LOOP ( 'NONE', ( #1072, #8081 ) ) ;
#3237 = VERTEX_POINT ( 'NONE', #8655 ) ;
#3238 = CARTESIAN_POINT ( 'NONE',  ( 0.8302646929203286730, -1.830047532802312249, -1.600000000000000089 ) ) ;
#3239 = ORIENTED_EDGE ( 'NONE', *, *, #3783, .T. ) ;
#3240 = AXIS2_PLACEMENT_3D ( 'NONE', #10729, #7127, #5224 ) ;
#3241 = PRODUCT_DEFINITION_SHAPE ( 'NONE', 'NONE',  #11729 ) ;
#3242 = DIRECTION ( 'NONE',  ( 0.000000000000000000, 1.000000000000000000, 0.000000000000000000 ) ) ;
#3243 = CARTESIAN_POINT ( 'NONE',  ( 1.500000000000000000, 0.000000000000000000, 2.500000000000000000 ) ) ;
#3244 = CARTESIAN_POINT ( 'NONE',  ( 3.499999999999998668, 0.8999999999999995781, -22.15470053837915998 ) ) ;
#3245 = DIRECTION ( 'NONE',  ( -0.000000000000000000, 1.224649721909276639E-16, -1.000000000000000000 ) ) ;
#3246 = DIRECTION ( 'NONE',  ( 0.000000000000000000, 1.000000000000000000, 0.000000000000000000 ) ) ;
#3247 = EDGE_CURVE ( 'NONE', #7987, #10221, #744, .T. ) ;
#3248 = ORIENTED_EDGE ( 'NONE', *, *, #885, .T. ) ;
#3249 = DIRECTION ( 'NONE',  ( -0.5000000000000008882, 0.000000000000000000, -0.8660254037844381525 ) ) ;
#3250 = AXIS2_PLACEMENT_3D ( 'NONE', #9155, #2696, #6436 ) ;
#3251 = ORIENTED_EDGE ( 'NONE', *, *, #5913, .F. ) ;
#3252 = CARTESIAN_POINT ( 'NONE',  ( 3.000000000000000000, 2.449293598294706414E-16, -2.000000000000000000 ) ) ;
#3253 = ORIENTED_EDGE ( 'NONE', *, *, #9254, .T. ) ;
#3254 = DIRECTION ( 'NONE',  ( 0.000000000000000000, 1.000000000000000000, 0.000000000000000000 ) ) ;
#3255 = ORIENTED_EDGE ( 'NONE', *, *, #9768, .T. ) ;
#3256 =( NAMED_UNIT ( * ) SI_UNIT ( $, .STERADIAN. ) SOLID_ANGLE_UNIT ( ) );
#3257 = FACE_OUTER_BOUND ( 'NONE', #4326, .T. ) ;
#3258 = CONICAL_SURFACE ( 'NONE', #4018, 2.000000000000000000, 1.047197551196595855 ) ;
#3259 = SURFACE_STYLE_USAGE ( .BOTH. , #10482 ) ;
#3260 = DIRECTION ( 'NONE',  ( 1.060575238724911106E-16, 0.8660254037844419273, 0.4999999999999942268 ) ) ;
#3261 = ADVANCED_FACE ( 'NONE', ( #2308 ), #2131, .T. ) ;
#3262 = DIRECTION ( 'NONE',  ( -0.000000000000000000, 0.000000000000000000, -1.000000000000000000 ) ) ;
#3263 = CARTESIAN_POINT ( 'NONE',  ( 3.699999999999999289, -2.821690854684140159, 0.4999999999999991673 ) ) ;
#3264 = ORIENTED_EDGE ( 'NONE', *, *, #4685, .F. ) ;
#3265 = CARTESIAN_POINT ( 'NONE',  ( -0.6302730391908566432, 1.999084177282596809E-13, -0.7870467931649092197 ) ) ;
#3266 = ORIENTED_EDGE ( 'NONE', *, *, #3593, .T. ) ;
#3267 = CARTESIAN_POINT ( 'NONE',  ( 0.7812177826501164324, -0.3500000000112572507, -0.6513934606267701710 ) ) ;
#3268 = EDGE_CURVE ( 'NONE', #242, #1774, #399, .T. ) ;
#3269 = ORIENTED_EDGE ( 'NONE', *, *, #6416, .T. ) ;
#3270 = EDGE_LOOP ( 'NONE', ( #6378, #6528 ) ) ;
#3271 = CARTESIAN_POINT ( 'NONE',  ( 3.500000000000000000, 2.500000000000000000, -18.00000000000000355 ) ) ;
#3272 = CARTESIAN_POINT ( 'NONE',  ( 2.000000000000000000, 9.199999999999999289, -17.00000000000000000 ) ) ;
#3273 = DIRECTION ( 'NONE',  ( -0.000000000000000000, -0.000000000000000000, 1.000000000000000000 ) ) ;
#3274 = EDGE_LOOP ( 'NONE', ( #5725, #4982, #5241, #641 ) ) ;
#3275 = CARTESIAN_POINT ( 'NONE',  ( 0.1702769162167659112, 0.7403828156981310249, -500000.0000000000582 ) ) ;
#3276 = EDGE_CURVE ( 'NONE', #10347, #11393, #10308, .T. ) ;
#3277 = CARTESIAN_POINT ( 'NONE',  ( 2.000000000000000000, 0.3931374000439457617, -0.01723613881363322137 ) ) ;
#3278 = EDGE_CURVE ( 'NONE', #4852, #7539, #3206, .T. ) ;
#3279 = AXIS2_PLACEMENT_3D ( 'NONE', #5134, #6220, #5318 ) ;
#3280 = LINE ( 'NONE', #1554, #2725 ) ;
#3281 = ORIENTED_EDGE ( 'NONE', *, *, #8808, .T. ) ;
#3282 = AXIS2_PLACEMENT_3D ( 'NONE', #1259, #11291, #5783 ) ;
#3283 = CYLINDRICAL_SURFACE ( 'NONE', #7133, 0.3062499999999994671 ) ;
#3284 =( LENGTH_UNIT ( ) NAMED_UNIT ( * ) SI_UNIT ( .MILLI., .METRE. ) );
#3285 = EDGE_LOOP ( 'NONE', ( #6445, #3438, #5082, #3407, #2512 ) ) ;
#3286 = CARTESIAN_POINT ( 'NONE',  ( 3.500000000000000000, 2.500000000000000000, -18.00000000000000355 ) ) ;
#3287 = AXIS2_PLACEMENT_3D ( 'NONE', #10107, #4547, #7266 ) ;
#3288 = DIRECTION ( 'NONE',  ( 1.000000000000000000, 0.000000000000000000, 0.000000000000000000 ) ) ;
#3289 = AXIS2_PLACEMENT_3D ( 'NONE', #8205, #8099, #134 ) ;
#3290 = CARTESIAN_POINT ( 'NONE',  ( 2.500000000000000000, 9.199999999999999289, -18.50000000000000355 ) ) ;
#3291 = EDGE_CURVE ( 'NONE', #10263, #566, #4759, .T. ) ;
#3292 = EDGE_CURVE ( 'NONE', #3960, #1548, #8541, .T. ) ;
#3293 = VERTEX_POINT ( 'NONE', #5876 ) ;
#3294 = CLOSED_SHELL ( 'NONE', ( #4229, #10801, #827, #3075 ) ) ;
#3295 = CIRCLE ( 'NONE', #1591, 0.5000000000000000000 ) ;
#3296 = VERTEX_POINT ( 'NONE', #3263 ) ;
#3297 = ADVANCED_FACE ( 'NONE', ( #2253, #7710 ), #4032, .F. ) ;
#3298 = AXIS2_PLACEMENT_3D ( 'NONE', #10317, #2200, #4925 ) ;
#3299 = PLANE ( 'NONE',  #2415 ) ;
#3300 = ADVANCED_FACE ( 'NONE', ( #5935 ), #9556, .F. ) ;
#3301 = ORIENTED_EDGE ( 'NONE', *, *, #2116, .F. ) ;
#3302 = DIRECTION ( 'NONE',  ( 0.9999363202837162623, -6.910182219422616578E-19, -0.01128518397995855599 ) ) ;
#3303 = CARTESIAN_POINT ( 'NONE',  ( 0.000000000000000000, 0.000000000000000000, 0.000000000000000000 ) ) ;
#3304 = CARTESIAN_POINT ( 'NONE',  ( 0.1631781751318166773, -2.215190113420280049, -0.1242400699092133382 ) ) ;
#3305 = CARTESIAN_POINT ( 'NONE',  ( 0.6592570625839772047, 1.928778834210482351, 1.192706214622512997E-15 ) ) ;
#3306 = DIRECTION ( 'NONE',  ( 1.000000000000000000, -0.000000000000000000, -0.000000000000000000 ) ) ;
#3307 = CIRCLE ( 'NONE', #9927, 3.000000000000000444 ) ;
#3308 = CONICAL_SURFACE ( 'NONE', #4815, 2.000000000000000000, 1.047197551196595855 ) ;
#3309 = ORIENTED_EDGE ( 'NONE', *, *, #7350, .T. ) ;
#3310 = LINE ( 'NONE', #6931, #5551 ) ;
#3311 = EDGE_LOOP ( 'NONE', ( #8246, #7434, #450, #7478, #398, #806 ) ) ;
#3312 = CARTESIAN_POINT ( 'NONE',  ( 4.000000000000000000, 9.199999999999999289, -17.00000000000000000 ) ) ;
#3313 = ORIENTED_EDGE ( 'NONE', *, *, #1320, .T. ) ;
#3314 = CARTESIAN_POINT ( 'NONE',  ( 0.000000000000000000, 4.898598887637106556E-16, -2.000000000000000000 ) ) ;
#3315 = EDGE_CURVE ( 'NONE', #1465, #6249, #8712, .T. ) ;
#3316 = VECTOR ( 'NONE', #8871, 1000.000000000000000 ) ;
#3317 = ORIENTED_EDGE ( 'NONE', *, *, #4793, .T. ) ;
#3318 = CARTESIAN_POINT ( 'NONE',  ( 0.2444460970124049948, -0.5979195380787974967, -0.7781636319687674774 ) ) ;
#3319 = FILL_AREA_STYLE_COLOUR ( '', #5416 ) ;
#3320 = DIRECTION ( 'NONE',  ( 1.060575238724909257E-16, -0.8660254037844404840, -0.4999999999999967248 ) ) ;
#3321 = ORIENTED_EDGE ( 'NONE', *, *, #3202, .F. ) ;
#3322 = AXIS2_PLACEMENT_3D ( 'NONE', #4566, #3677, #6407 ) ;
#3323 = CARTESIAN_POINT ( 'NONE',  ( 2.500000000000000000, 9.199999999999999289, -21.00000000000000355 ) ) ;
#3324 = ORIENTED_EDGE ( 'NONE', *, *, #8940, .F. ) ;
#3325 = DIRECTION ( 'NONE',  ( 0.000000000000000000, 0.000000000000000000, 1.000000000000000000 ) ) ;
#3326 = EDGE_LOOP ( 'NONE', ( #2645, #5436, #9196, #823, #11241, #969 ) ) ;
#3327 = EDGE_CURVE ( 'NONE', #1540, #2217, #9499, .T. ) ;
#3328 = ORIENTED_EDGE ( 'NONE', *, *, #10981, .T. ) ;
#3329 =( NAMED_UNIT ( * ) PLANE_ANGLE_UNIT ( ) SI_UNIT ( $, .RADIAN. ) );
#3330 = DIRECTION ( 'NONE',  ( 0.000000000000000000, 0.000000000000000000, -1.000000000000000000 ) ) ;
#3331 = AXIS2_PLACEMENT_3D ( 'NONE', #1589, #6051, #8707 ) ;
#3332 = DIRECTION ( 'NONE',  ( 0.000000000000000000, 0.000000000000000000, -1.000000000000000000 ) ) ;
#3333 = CARTESIAN_POINT ( 'NONE',  ( -2.000000000000001776, -0.7999999999999847233, -2.999999999999891642 ) ) ;
#3334 = ORIENTED_EDGE ( 'NONE', *, *, #1112, .T. ) ;
#3335 = CARTESIAN_POINT ( 'NONE',  ( -2.000000000000000000, 0.8999999999999995781, -20.99999999999990763 ) ) ;
#3336 = DIRECTION ( 'NONE',  ( -1.000000000000000000, 0.000000000000000000, 0.000000000000000000 ) ) ;
#3337 = CIRCLE ( 'NONE', #9964, 1.000000000000000000 ) ;
#3338 = DIRECTION ( 'NONE',  ( -1.000000000000000000, 0.000000000000000000, 0.000000000000000000 ) ) ;
#3339 = ORIENTED_EDGE ( 'NONE', *, *, #10094, .F. ) ;
#3340 = CARTESIAN_POINT ( 'NONE',  ( 2.000000000000000000, 1.154700538379254349, -1.421367205045916737 ) ) ;
#3341 = DIRECTION ( 'NONE',  ( -0.000000000000000000, -0.000000000000000000, -1.000000000000000000 ) ) ;
#3342 = AXIS2_PLACEMENT_3D ( 'NONE', #4291, #9803, #2016 ) ;
#3343 = EDGE_CURVE ( 'NONE', #7987, #7246, #6623, .T. ) ;
#3344 = ORIENTED_EDGE ( 'NONE', *, *, #673, .F. ) ;
#3345 = DIRECTION ( 'NONE',  ( 1.000000000000000000, 0.000000000000000000, 0.000000000000000000 ) ) ;
#3346 = CARTESIAN_POINT ( 'NONE',  ( 0.000000000000000000, 0.000000000000000000, -1.600000000000000089 ) ) ;
#3347 = DIRECTION ( 'NONE',  ( -0.8660254037844383745, 0.000000000000000000, 0.5000000000000004441 ) ) ;
#3348 = ORIENTED_EDGE ( 'NONE', *, *, #4019, .F. ) ;
#3349 = VECTOR ( 'NONE', #10644, 1000.000000000000114 ) ;
#3350 = AXIS2_PLACEMENT_3D ( 'NONE', #2430, #6052, #11500 ) ;
#3351 = AXIS2_PLACEMENT_3D ( 'NONE', #11169, #10988, #2869 ) ;
#3352 = VERTEX_POINT ( 'NONE', #3646 ) ;
#3353 = DIRECTION ( 'NONE',  ( 0.000000000000000000, 0.000000000000000000, -1.000000000000000000 ) ) ;
#3354 = VERTEX_POINT ( 'NONE', #6376 ) ;
#3355 = EDGE_CURVE ( 'NONE', #947, #8801, #5713, .T. ) ;
#3356 = CARTESIAN_POINT ( 'NONE',  ( -0.1418526558449253183, 0.8097220972847202214, -0.6722170412650985138 ) ) ;
#3357 = DIRECTION ( 'NONE',  ( 0.000000000000000000, 0.000000000000000000, -1.000000000000000000 ) ) ;
#3358 = EDGE_CURVE ( 'NONE', #6687, #2404, #6463, .T. ) ;
#3359 = DIRECTION ( 'NONE',  ( 0.000000000000000000, -0.8660254037844420383, 0.4999999999999939493 ) ) ;
#3360 = LINE ( 'NONE', #2643, #7439 ) ;
#3361 = VECTOR ( 'NONE', #9382, 1000.000000000000000 ) ;
#3362 = CARTESIAN_POINT ( 'NONE',  ( 5.499999999999998224, 0.8999999999999998002, -23.30940107675841233 ) ) ;
#3363 = ADVANCED_FACE ( 'NONE', ( #7259, #4544 ), #6218, .T. ) ;
#3364 = ORIENTED_EDGE ( 'NONE', *, *, #1637, .F. ) ;
#3365 = CYLINDRICAL_SURFACE ( 'NONE', #8021, 2.500000000000002220 ) ;
#3366 = EDGE_LOOP ( 'NONE', ( #2457, #8421, #2080, #3602, #10239, #5189 ) ) ;
#3367 = CARTESIAN_POINT ( 'NONE',  ( 11.50000000000000000, 7.500000000000000000, -6.116139535669825378 ) ) ;
#3368 = EDGE_LOOP ( 'NONE', ( #2454, #174, #10242 ) ) ;
#3369 = DIRECTION ( 'NONE',  ( 0.000000000000000000, 0.000000000000000000, 1.000000000000000000 ) ) ;
#3370 = ORIENTED_EDGE ( 'NONE', *, *, #240, .T. ) ;
#3371 = SURFACE_STYLE_USAGE ( .BOTH. , #7168 ) ;
#3372 = DIRECTION ( 'NONE',  ( -0.000000000000000000, 0.000000000000000000, -1.000000000000000000 ) ) ;
#3373 = AXIS2_PLACEMENT_3D ( 'NONE', #3235, #6859, #7855 ) ;
#3374 = CARTESIAN_POINT ( 'NONE',  ( -1.000000000000000888, 1.732050807568876749, 0.000000000000000000 ) ) ;
#3375 = CARTESIAN_POINT ( 'NONE',  ( -0.7784557959045608211, 0.4018303493520112846, -0.6399626650810402717 ) ) ;
#3376 = CARTESIAN_POINT ( 'NONE',  ( -1.000000000000000888, 1.732050807568876749, -1.600000000000000089 ) ) ;
#3377 = EDGE_CURVE ( 'NONE', #5490, #11314, #672, .T. ) ;
#3378 = ADVANCED_FACE ( 'NONE', ( #11664 ), #3541, .F. ) ;
#3379 = ORIENTED_EDGE ( 'NONE', *, *, #6112, .T. ) ;
#3380 = CARTESIAN_POINT ( 'NONE',  ( 3.000000000000000000, 0.000000000000000000, -3.000000000000000444 ) ) ;
#3381 = EDGE_LOOP ( 'NONE', ( #11670, #5393, #4427 ) ) ;
#3382 = LINE ( 'NONE', #8005, #2153 ) ;
#3383 = ORIENTED_EDGE ( 'NONE', *, *, #9674, .T. ) ;
#3384 = ORIENTED_EDGE ( 'NONE', *, *, #11554, .T. ) ;
#3385 = DIRECTION ( 'NONE',  ( 0.000000000000000000, 1.000000000000000000, 0.000000000000000000 ) ) ;
#3386 = PLANE ( 'NONE',  #10610 ) ;
#3387 = CIRCLE ( 'NONE', #155, 0.3062499999999994671 ) ;
#3388 = DIRECTION ( 'NONE',  ( -1.000000000000000000, 0.000000000000000000, 0.000000000000000000 ) ) ;
#3389 = DIRECTION ( 'NONE',  ( -0.000000000000000000, -0.000000000000000000, 1.000000000000000000 ) ) ;
#3390 = ORIENTED_EDGE ( 'NONE', *, *, #10496, .T. ) ;
#3391 = CARTESIAN_POINT ( 'NONE',  ( 14.05000000000000071, 0.000000000000000000, 0.000000000000000000 ) ) ;
#3392 = APPLICATION_CONTEXT ( 'automotive_design' ) ;
#3393 = FACE_OUTER_BOUND ( 'NONE', #9495, .T. ) ;
#3394 = AXIS2_PLACEMENT_3D ( 'NONE', #1940, #11129, #5680 ) ;
#3395 = DIRECTION ( 'NONE',  ( 1.000000000000000000, -0.000000000000000000, -0.000000000000000000 ) ) ;
#3396 = ORIENTED_EDGE ( 'NONE', *, *, #2690, .F. ) ;
#3397 = CONTEXT_DEPENDENT_SHAPE_REPRESENTATION ( #10652, #10716 ) ;
#3398 = PLANE ( 'NONE',  #1837 ) ;
#3399 = ORIENTED_EDGE ( 'NONE', *, *, #3824, .T. ) ;
#3400 = CARTESIAN_POINT ( 'NONE',  ( 0.000000000000000000, 2.500000000000000000, 0.000000000000000000 ) ) ;
#3401 = STYLED_ITEM ( 'NONE', ( #921 ), #6285 ) ;
#3402 = CARTESIAN_POINT ( 'NONE',  ( 0.000000000000000000, 0.000000000000000000, -1.600000000000000089 ) ) ;
#3403 = EDGE_CURVE ( 'NONE', #8367, #3921, #7403, .T. ) ;
#3404 = UNCERTAINTY_MEASURE_WITH_UNIT (LENGTH_MEASURE( 1.000000000000000082E-05 ), #9285, 'distance_accuracy_value', 'NONE');
#3405 = VERTEX_POINT ( 'NONE', #2586 ) ;
#3406 = DIRECTION ( 'NONE',  ( 0.000000000000000000, 0.000000000000000000, -1.000000000000000000 ) ) ;
#3407 = ORIENTED_EDGE ( 'NONE', *, *, #2189, .F. ) ;
#3408 = EDGE_CURVE ( 'NONE', #2259, #10234, #4590, .T. ) ;
#3409 =( GEOMETRIC_REPRESENTATION_CONTEXT ( 3 ) GLOBAL_UNCERTAINTY_ASSIGNED_CONTEXT ( ( #11141 ) ) GLOBAL_UNIT_ASSIGNED_CONTEXT ( ( #1588, #5496, #10885 ) ) REPRESENTATION_CONTEXT ( 'NONE', 'WORKASPACE' ) );
#3410 = EDGE_LOOP ( 'NONE', ( #10063, #9046, #8572 ) ) ;
#3411 = ORIENTED_EDGE ( 'NONE', *, *, #8071, .F. ) ;
#3412 = DIRECTION ( 'NONE',  ( 1.000000000000000000, 0.000000000000000000, 0.000000000000000000 ) ) ;
#3413 = CARTESIAN_POINT ( 'NONE',  ( 3.699999999999999289, -4.001000000000000334, -0.4999999999999991673 ) ) ;
#3414 = CARTESIAN_POINT ( 'NONE',  ( 0.000000000000000000, 0.000000000000000000, 0.000000000000000000 ) ) ;
#3415 = CARTESIAN_POINT ( 'NONE',  ( 0.000000000000000000, 0.000000000000000000, -18.00000000000000355 ) ) ;
#3416 =( LENGTH_UNIT ( ) NAMED_UNIT ( * ) SI_UNIT ( .MILLI., .METRE. ) );
#3417 = AXIS2_PLACEMENT_3D ( 'NONE', #1515, #613, #6091 ) ;
#3418 = ORIENTED_EDGE ( 'NONE', *, *, #10774, .T. ) ;
#3419 = CARTESIAN_POINT ( 'NONE',  ( -1.899999999999999689, 0.000000000000000000, 0.000000000000000000 ) ) ;
#3420 = ADVANCED_FACE ( 'NONE', ( #9041 ), #10244, .T. ) ;
#3421 = VERTEX_POINT ( 'NONE', #1698 ) ;
#3422 = CARTESIAN_POINT ( 'NONE',  ( -2.000000000000000000, -1.154700538379252794, -1.600000000000000089 ) ) ;
#3423 = VECTOR ( 'NONE', #5346, 1000.000000000000000 ) ;
#3424 = EDGE_LOOP ( 'NONE', ( #9194, #6614, #9316, #4409 ) ) ;
#3425 = CARTESIAN_POINT ( 'NONE',  ( -2.000000000000002665, 2.500000000000000000, -23.30940107675841233 ) ) ;
#3426 = EDGE_LOOP ( 'NONE', ( #5248, #8961 ) ) ;
#3427 = ORIENTED_EDGE ( 'NONE', *, *, #2921, .F. ) ;
#3428 = FILL_AREA_STYLE_COLOUR ( '', #10403 ) ;
#3429 = CARTESIAN_POINT ( 'NONE',  ( 0.1957081692030826769, -0.6653345985147056663, -0.7495475072762692870 ) ) ;
#3430 = LINE ( 'NONE', #4930, #4995 ) ;
#3431 = CARTESIAN_POINT ( 'NONE',  ( -4.000000000000003553, 2.500000000000000000, -19.84529946162065883 ) ) ;
#3432 = PLANE ( 'NONE',  #3450 ) ;
#3433 = CIRCLE ( 'NONE', #2104, 2.999999999999999112 ) ;
#3434 = PRODUCT_DEFINITION_SHAPE ( 'NONE', 'NONE',  #11749 ) ;
#3435 = ORIENTED_EDGE ( 'NONE', *, *, #10318, .F. ) ;
#3436 = DIRECTION ( 'NONE',  ( 0.000000000000000000, 1.000000000000000000, 0.000000000000000000 ) ) ;
#3437 = EDGE_CURVE ( 'NONE', #3617, #4643, #1303, .T. ) ;
#3438 = ORIENTED_EDGE ( 'NONE', *, *, #6122, .T. ) ;
#3439 = DIRECTION ( 'NONE',  ( -0.000000000000000000, 0.000000000000000000, 1.000000000000000000 ) ) ;
#3440 = VERTEX_POINT ( 'NONE', #7986 ) ;
#3441 = EDGE_LOOP ( 'NONE', ( #3226, #2027, #6186, #3456, #9213 ) ) ;
#3442 = ADVANCED_FACE ( 'NONE', ( #7319 ), #9460, .F. ) ;
#3443 = ADVANCED_FACE ( 'NONE', ( #797 ), #7209, .F. ) ;
#3444 = CARTESIAN_POINT ( 'NONE',  ( 0.000000000000000000, 4.898598887637106556E-16, -2.799999999999999822 ) ) ;
#3445 = PLANE ( 'NONE',  #1902 ) ;
#3446 = CARTESIAN_POINT ( 'NONE',  ( 1.000000000000000444, 1.224646799147353947E-16, 0.000000000000000000 ) ) ;
#3447 = DIRECTION ( 'NONE',  ( 1.000000000000000000, -0.000000000000000000, -0.000000000000000000 ) ) ;
#3448 = EDGE_LOOP ( 'NONE', ( #3513, #8291, #2776, #3138 ) ) ;
#3449 = PLANE ( 'NONE',  #4526 ) ;
#3450 = AXIS2_PLACEMENT_3D ( 'NONE', #7005, #2543, #10598 ) ;
#3451 = DIRECTION ( 'NONE',  ( 1.000000000000000000, 0.000000000000000000, -0.000000000000000000 ) ) ;
#3452 = EDGE_CURVE ( 'NONE', #568, #775, #739, .T. ) ;
#3453 = DIRECTION ( 'NONE',  ( -1.000000000000000000, 0.000000000000000000, 0.000000000000000000 ) ) ;
#3454 = EDGE_LOOP ( 'NONE', ( #540, #3012, #10300, #999 ) ) ;
#3455 = DIRECTION ( 'NONE',  ( 0.000000000000000000, 0.000000000000000000, -1.000000000000000000 ) ) ;
#3456 = ORIENTED_EDGE ( 'NONE', *, *, #6608, .T. ) ;
#3457 = FACE_OUTER_BOUND ( 'NONE', #7167, .T. ) ;
#3458 = DIRECTION ( 'NONE',  ( 0.000000000000000000, -1.000000000000000000, 0.000000000000000000 ) ) ;
#3459 = APPLICATION_CONTEXT ( 'automotive_design' ) ;
#3460 = CARTESIAN_POINT ( 'NONE',  ( -1.000000000000000888, 1.732050807568876749, 0.000000000000000000 ) ) ;
#3461 = ORIENTED_EDGE ( 'NONE', *, *, #4320, .T. ) ;
#3462 = AXIS2_PLACEMENT_3D ( 'NONE', #9820, #2348, #6982 ) ;
#3463 = ORIENTED_EDGE ( 'NONE', *, *, #218, .T. ) ;
#3464 = CARTESIAN_POINT ( 'NONE',  ( -2.000000000000000000, -1.154700538379252794, -1.600000000000000089 ) ) ;
#3465 = EDGE_CURVE ( 'NONE', #7623, #11212, #4486, .T. ) ;
#3466 = ORIENTED_EDGE ( 'NONE', *, *, #231, .T. ) ;
#3467 = CIRCLE ( 'NONE', #7075, 1.550000000000000044 ) ;
#3468 = DIRECTION ( 'NONE',  ( 0.000000000000000000, 1.000000000000000000, 0.000000000000000000 ) ) ;
#3469 = AXIS2_PLACEMENT_3D ( 'NONE', #1382, #4765, #11170 ) ;
#3470 = VECTOR ( 'NONE', #10469, 1000.000000000000000 ) ;
#3471 = CARTESIAN_POINT ( 'NONE',  ( -2.000000000000000000, -1.154700538379252794, -1.600000000000000089 ) ) ;
#3472 = DIRECTION ( 'NONE',  ( -1.000000000000000000, 0.000000000000000000, 0.000000000000000000 ) ) ;
#3473 = CARTESIAN_POINT ( 'NONE',  ( 3.500000000000000000, 9.199999999999999289, -14.50000000000000533 ) ) ;
#3474 = SURFACE_SIDE_STYLE ('',( #1519 ) ) ;
#3475 = CARTESIAN_POINT ( 'NONE',  ( -2.000000000000000000, 1.154700538379254349, -1.421367205045916737 ) ) ;
#3476 = AXIS2_PLACEMENT_3D ( 'NONE', #7419, #1121, #4872 ) ;
#3477 = ORIENTED_EDGE ( 'NONE', *, *, #3701, .T. ) ;
#3478 = CARTESIAN_POINT ( 'NONE',  ( 0.000000000000000000, 5.058392604970359998E-16, -2.130481160836854126 ) ) ;
#3479 = AXIS2_PLACEMENT_3D ( 'NONE', #5896, #1930, #9576 ) ;
#3480 =( GEOMETRIC_REPRESENTATION_CONTEXT ( 3 ) GLOBAL_UNCERTAINTY_ASSIGNED_CONTEXT ( ( #3799 ) ) GLOBAL_UNIT_ASSIGNED_CONTEXT ( ( #2321, #11396, #1553 ) ) REPRESENTATION_CONTEXT ( 'NONE', 'WORKASPACE' ) );
#3481 = FACE_OUTER_BOUND ( 'NONE', #10355, .T. ) ;
#3482 =( GEOMETRIC_REPRESENTATION_CONTEXT ( 3 ) GLOBAL_UNCERTAINTY_ASSIGNED_CONTEXT ( ( #8311 ) ) GLOBAL_UNIT_ASSIGNED_CONTEXT ( ( #105, #1842, #9069 ) ) REPRESENTATION_CONTEXT ( 'NONE', 'WORKASPACE' ) );
#3483 = ORIENTED_EDGE ( 'NONE', *, *, #5030, .F. ) ;
#3484 = DIRECTION ( 'NONE',  ( -0.000000000000000000, 1.224649721909276639E-16, -1.000000000000000000 ) ) ;
#3485 = EDGE_LOOP ( 'NONE', ( #1115, #11255, #7567, #8517 ) ) ;
#3486 = VECTOR ( 'NONE', #8110, 1000.000000000000000 ) ;
#3487 = PRESENTATION_STYLE_ASSIGNMENT (( #575 ) ) ;
#3488 = CARTESIAN_POINT ( 'NONE',  ( 2.000000000000000000, -1.154700538379253905, -1.600000000000000089 ) ) ;
#3489 = DIRECTION ( 'NONE',  ( -0.8660254037844384856, 0.000000000000000000, 0.5000000000000004441 ) ) ;
#3490 = VECTOR ( 'NONE', #9202, 1000.000000000000000 ) ;
#3491 = CARTESIAN_POINT ( 'NONE',  ( 2.000000000000000000, -1.154700538379255015, -0.1786327949540832127 ) ) ;
#3492 = AXIS2_PLACEMENT_3D ( 'NONE', #5701, #1237, #3923 ) ;
#3493 = CIRCLE ( 'NONE', #65, 0.7740000000000000213 ) ;
#3494 = CYLINDRICAL_SURFACE ( 'NONE', #6090, 0.1749999999999998224 ) ;
#3495 = ADVANCED_FACE ( 'NONE', ( #5434 ), #913, .F. ) ;
#3496 = ORIENTED_EDGE ( 'NONE', *, *, #1833, .T. ) ;
#3497 = CARTESIAN_POINT ( 'NONE',  ( -1.000000000000001776, -1.732050807568876527, 0.000000000000000000 ) ) ;
#3498 = VERTEX_POINT ( 'NONE', #375 ) ;
#3499 = CARTESIAN_POINT ( 'NONE',  ( 3.000000000000000000, 0.000000000000000000, 0.000000000000000000 ) ) ;
#3500 = AXIS2_PLACEMENT_3D ( 'NONE', #11003, #8522, #388 ) ;
#3501 = ORIENTED_EDGE ( 'NONE', *, *, #2774, .T. ) ;
#3502 = VECTOR ( 'NONE', #7579, 1000.000000000000114 ) ;
#3503 = ORIENTED_EDGE ( 'NONE', *, *, #10231, .T. ) ;
#3504 = FILL_AREA_STYLE ('',( #11628 ) ) ;
#3505 = CARTESIAN_POINT ( 'NONE',  ( 2.000000000000000000, -0.3889866277140361928, -1.583227824459161326 ) ) ;
#3506 = CARTESIAN_POINT ( 'NONE',  ( 3.599999999999999201, 2.821690854684141936, -0.8999999999999992450 ) ) ;
#3507 = ADVANCED_FACE ( 'NONE', ( #315 ), #8864, .T. ) ;
#3508 = EDGE_CURVE ( 'NONE', #9524, #1847, #5919, .T. ) ;
#3509 = VECTOR ( 'NONE', #11390, 1000.000000000000000 ) ;
#3510 = EDGE_CURVE ( 'NONE', #2356, #6162, #9398, .T. ) ;
#3511 = PLANE ( 'NONE',  #3941 ) ;
#3512 = LINE ( 'NONE', #7129, #6098 ) ;
#3513 = ORIENTED_EDGE ( 'NONE', *, *, #10018, .F. ) ;
#3514 = CYLINDRICAL_SURFACE ( 'NONE', #350, 4.000000000000000000 ) ;
#3515 = EDGE_CURVE ( 'NONE', #2846, #6773, #6492, .T. ) ;
#3516 = EDGE_CURVE ( 'NONE', #2497, #7427, #3951, .T. ) ;
#3517 = FACE_OUTER_BOUND ( 'NONE', #4352, .T. ) ;
#3518 = AXIS2_PLACEMENT_3D ( 'NONE', #403, #6584, #4790 ) ;
#3519 = B_SPLINE_CURVE_WITH_KNOTS ( 'NONE', 3,
 ( #5476, #9081, #6305, #1623, #845, #5239, #9918, #3524, #1682, #8855 ),
 .UNSPECIFIED., .F., .F.,
 ( 4, 2, 2, 2, 4 ),
 ( -0.0002458240484173964042, -0.0001229754419029329142, -1.268353884694242185E-07, 0.0001227217711259940658, 0.0002455703776404575558 ),
 .UNSPECIFIED. ) ;
#3520 = CARTESIAN_POINT ( 'NONE',  ( 8.500000000000000000, 2.500000000000000000, -3.000000000000000000 ) ) ;
#3521 = ORIENTED_EDGE ( 'NONE', *, *, #3355, .T. ) ;
#3522 = DIRECTION ( 'NONE',  ( 0.000000000000000000, -1.224649721909276639E-16, 1.000000000000000000 ) ) ;
#3523 = ORIENTED_EDGE ( 'NONE', *, *, #522, .T. ) ;
#3524 = CARTESIAN_POINT ( 'NONE',  ( 0.1418526558449300090, -0.8097220972847199993, -0.6722170412650981808 ) ) ;
#3525 = CARTESIAN_POINT ( 'NONE',  ( 0.000000000000000000, -0.7739999999999994662, -4.000000000000000000 ) ) ;
#3526 = VECTOR ( 'NONE', #9054, 1000.000000000000114 ) ;
#3527 = AXIS2_PLACEMENT_3D ( 'NONE', #7387, #261, #10350 ) ;
#3528 = VERTEX_POINT ( 'NONE', #6741 ) ;
#3529 = CARTESIAN_POINT ( 'NONE',  ( 1.950000000000000400, 7.500000000000000000, -10.11613953566982715 ) ) ;
#3530 = ADVANCED_FACE ( 'NONE', ( #5788 ), #4892, .T. ) ;
#3531 = ADVANCED_FACE ( 'NONE', ( #2099 ), #4829, .T. ) ;
#3532 = ORIENTED_EDGE ( 'NONE', *, *, #1112, .F. ) ;
#3533 = ORIENTED_EDGE ( 'NONE', *, *, #6997, .F. ) ;
#3534 = CIRCLE ( 'NONE', #10147, 1.000000000000000000 ) ;
#3535 = ORIENTED_EDGE ( 'NONE', *, *, #10385, .T. ) ;
#3536 = APPLICATION_PROTOCOL_DEFINITION ( 'draft international standard', 'automotive_design', 1998, #4456 ) ;
#3537 = FACE_BOUND ( 'NONE', #1510, .T. ) ;
#3538 = DIRECTION ( 'NONE',  ( -1.000000000000000000, 0.000000000000000000, 0.000000000000000000 ) ) ;
#3539 = DIRECTION ( 'NONE',  ( -0.000000000000000000, -1.000000000000000000, -0.000000000000000000 ) ) ;
#3540 = CARTESIAN_POINT ( 'NONE',  ( 0.000000000000000000, 0.000000000000000000, -1.600000000000000089 ) ) ;
#3541 = PLANE ( 'NONE',  #5902 ) ;
#3542 = CIRCLE ( 'NONE', #11685, 4.000000000000001776 ) ;
#3543 = ORIENTED_EDGE ( 'NONE', *, *, #6766, .F. ) ;
#3544 = AXIS2_PLACEMENT_3D ( 'NONE', #10422, #9424, #9250 ) ;
#3545 = DIRECTION ( 'NONE',  ( 0.000000000000000000, 1.000000000000000000, 0.000000000000000000 ) ) ;
#3546 = LINE ( 'NONE', #627, #4596 ) ;
#3547 = EDGE_LOOP ( 'NONE', ( #5045, #6430, #4139, #4396 ) ) ;
#3548 = DIRECTION ( 'NONE',  ( 1.000000000000000000, 0.000000000000000000, 0.000000000000000000 ) ) ;
#3549 = EDGE_LOOP ( 'NONE', ( #9954, #702 ) ) ;
#3550 = AXIS2_PLACEMENT_3D ( 'NONE', #5070, #10459, #3353 ) ;
#3551 = DIRECTION ( 'NONE',  ( 0.000000000000000000, 0.000000000000000000, -1.000000000000000000 ) ) ;
#3552 = DIRECTION ( 'NONE',  ( -1.000000000000000000, 0.000000000000000000, 0.000000000000000000 ) ) ;
#3553 = CIRCLE ( 'NONE', #4315, 1.099999999999996758 ) ;
#3554 = FACE_OUTER_BOUND ( 'NONE', #7397, .T. ) ;
#3555 = DIRECTION ( 'NONE',  ( 0.000000000000000000, -0.000000000000000000, 1.000000000000000000 ) ) ;
#3556 =( REPRESENTATION_RELATIONSHIP ('NONE','NONE', #9860, #957 ) REPRESENTATION_RELATIONSHIP_WITH_TRANSFORMATION ( #367 )SHAPE_REPRESENTATION_RELATIONSHIP( ) );
#3557 = CYLINDRICAL_SURFACE ( 'NONE', #1926, 0.5000000000000000000 ) ;
#3558 = ORIENTED_EDGE ( 'NONE', *, *, #1088, .T. ) ;
#3559 = CARTESIAN_POINT ( 'NONE',  ( 0.000000000000000000, 0.000000000000000000, 0.000000000000000000 ) ) ;
#3560 = EDGE_LOOP ( 'NONE', ( #138, #2068, #11593, #9299, #4289 ) ) ;
#3561 = PRESENTATION_LAYER_ASSIGNMENT (  '', '', ( #5832 ) ) ;
#3562 = LINE ( 'NONE', #5631, #253 ) ;
#3563 = AXIS2_PLACEMENT_3D ( 'NONE', #6644, #4567, #1896 ) ;
#3564 = ORIENTED_EDGE ( 'NONE', *, *, #745, .T. ) ;
#3565 = ORIENTED_EDGE ( 'NONE', *, *, #7145, .T. ) ;
#3566 = EDGE_CURVE ( 'NONE', #2565, #2356, #8484, .T. ) ;
#3567 = FACE_OUTER_BOUND ( 'NONE', #4495, .T. ) ;
#3568 = CARTESIAN_POINT ( 'NONE',  ( 0.6062177826491109700, 0.3500000000000013656, 0.000000000000000000 ) ) ;
#3569 = AXIS2_PLACEMENT_3D ( 'NONE', #7591, #348, #3979 ) ;
#3570 = PLANE ( 'NONE',  #5840 ) ;
#3571 = CARTESIAN_POINT ( 'NONE',  ( 1.500000000000000000, 9.199999999999999289, -20.00000000000000355 ) ) ;
#3572 = AXIS2_PLACEMENT_3D ( 'NONE', #1741, #847, #5359 ) ;
#3573 = VERTEX_POINT ( 'NONE', #5850 ) ;
#3574 = PLANE ( 'NONE',  #10764 ) ;
#3575 = CARTESIAN_POINT ( 'NONE',  ( -2.000000000000000000, 1.154700538379254349, -1.421367205045916737 ) ) ;
#3576 = ADVANCED_FACE ( 'NONE', ( #3053 ), #7346, .T. ) ;
#3577 = EDGE_CURVE ( 'NONE', #2339, #10234, #5077, .T. ) ;
#3579 = AXIS2_PLACEMENT_3D ( 'NONE', #4285, #10559, #2320 ) ;
#3578 = CARTESIAN_POINT ( 'NONE',  ( -0.1792658718212315205, -0.7024802669117059528, -0.7302567319458304063 ) ) ;
#3580 = ORIENTED_EDGE ( 'NONE', *, *, #6544, .T. ) ;
#3581 = ADVANCED_FACE ( 'NONE', ( #4708 ), #11713, .T. ) ;
#3582 = ORIENTED_EDGE ( 'NONE', *, *, #423, .F. ) ;
#3583 = DIRECTION ( 'NONE',  ( 0.000000000000000000, 1.000000000000000000, 0.000000000000000000 ) ) ;
#3584 = CARTESIAN_POINT ( 'NONE',  ( 2.099999999999999645, 4.001000000000000334, 0.4999999999999991673 ) ) ;
#3585 = VERTEX_POINT ( 'NONE', #4651 ) ;
#3586 = CARTESIAN_POINT ( 'NONE',  ( 0.4783426259903568734, 0.5021555460428440698, -0.7495474879056718276 ) ) ;
#3587 = AXIS2_PLACEMENT_3D ( 'NONE', #7412, #45, #10252 ) ;
#3588 = ORIENTED_EDGE ( 'NONE', *, *, #3516, .F. ) ;
#3589 = ADVANCED_FACE ( 'NONE', ( #1984 ), #2871, .F. ) ;
#3590 = ORIENTED_EDGE ( 'NONE', *, *, #7146, .T. ) ;
#3591 = EDGE_CURVE ( 'NONE', #9762, #2491, #1080, .T. ) ;
#3592 = CARTESIAN_POINT ( 'NONE',  ( 0.000000000000000000, 0.000000000000000000, 0.000000000000000000 ) ) ;
#3593 = EDGE_CURVE ( 'NONE', #5943, #9866, #5468, .T. ) ;
#3594 = CARTESIAN_POINT ( 'NONE',  ( 0.1702769162167666883, -0.7403828156981310249, 0.000000000000000000 ) ) ;
#3595 = CARTESIAN_POINT ( 'NONE',  ( 1.000000000000000000, 1.224646799147355426E-16, -1.469518839163146406 ) ) ;
#3596 = DIRECTION ( 'NONE',  ( 0.000000000000000000, 0.000000000000000000, -1.000000000000000000 ) ) ;
#3597 = CARTESIAN_POINT ( 'NONE',  ( 1.500000000000000000, 1.224646799147353207E-16, -1.000000000000000000 ) ) ;
#3598 = ORIENTED_EDGE ( 'NONE', *, *, #673, .T. ) ;
#3599 = DIRECTION ( 'NONE',  ( -1.000000000000000000, 0.000000000000000000, 0.000000000000000000 ) ) ;
#3600 =( GEOMETRIC_REPRESENTATION_CONTEXT ( 3 ) GLOBAL_UNCERTAINTY_ASSIGNED_CONTEXT ( ( #4857 ) ) GLOBAL_UNIT_ASSIGNED_CONTEXT ( ( #4854, #1473, #11494 ) ) REPRESENTATION_CONTEXT ( 'NONE', 'WORKASPACE' ) );
#3601 = LINE ( 'NONE', #8985, #7669 ) ;
#3602 = ORIENTED_EDGE ( 'NONE', *, *, #3276, .T. ) ;
#3603 = FACE_OUTER_BOUND ( 'NONE', #10645, .T. ) ;
#3604 = VERTEX_POINT ( 'NONE', #9277 ) ;
#3605 = DIRECTION ( 'NONE',  ( -1.000000000000000000, 0.000000000000000000, 0.000000000000000000 ) ) ;
#3606 = EDGE_CURVE ( 'NONE', #2363, #2303, #4766, .T. ) ;
#3607 = DIRECTION ( 'NONE',  ( -1.000000000000000000, 0.000000000000000000, 0.000000000000000000 ) ) ;
#3608 = FACE_OUTER_BOUND ( 'NONE', #1157, .T. ) ;
#3609 = AXIS2_PLACEMENT_3D ( 'NONE', #8518, #3897, #4773 ) ;
#3610 = CARTESIAN_POINT ( 'NONE',  ( 1.500000000000000000, 0.000000000000000000, 0.000000000000000000 ) ) ;
#3611 = CARTESIAN_POINT ( 'NONE',  ( 0.000000000000000000, 0.7740000000000005764, -3.600000000000000089 ) ) ;
#3612 = ORIENTED_EDGE ( 'NONE', *, *, #363, .T. ) ;
#3613 = CARTESIAN_POINT ( 'NONE',  ( -0.6592570625839798693, -1.928778834210483462, -4.615899523244127080E-17 ) ) ;
#3614 = VERTEX_POINT ( 'NONE', #7502 ) ;
#3615 = FACE_OUTER_BOUND ( 'NONE', #6245, .T. ) ;
#3616 = LINE ( 'NONE', #3624, #959 ) ;
#3617 = VERTEX_POINT ( 'NONE', #7919 ) ;
#3618 = DIRECTION ( 'NONE',  ( 0.000000000000000000, 1.000000000000000000, 0.000000000000000000 ) ) ;
#3619 = ORIENTED_EDGE ( 'NONE', *, *, #9438, .F. ) ;
#3620 = DIRECTION ( 'NONE',  ( 0.000000000000000000, 0.000000000000000000, -1.000000000000000000 ) ) ;
#3621 = ADVANCED_FACE ( 'NONE', ( #3180, #8685 ), #4065, .T. ) ;
#3622 = DIRECTION ( 'NONE',  ( -0.000000000000000000, -0.000000000000000000, 1.000000000000000000 ) ) ;
#3623 = CARTESIAN_POINT ( 'NONE',  ( 0.000000000000000000, 7.500000000000000000, -2.616139535669826266 ) ) ;
#3624 = CARTESIAN_POINT ( 'NONE',  ( -5.000000000000000000, 0.000000000000000000, -6.000000000000000000 ) ) ;
#3625 = ORIENTED_EDGE ( 'NONE', *, *, #11707, .T. ) ;
#3626 = CARTESIAN_POINT ( 'NONE',  ( -2.000000000000000000, -1.154700538379254349, -0.1786327949540832127 ) ) ;
#3627 = DIRECTION ( 'NONE',  ( 1.000000000000000000, 0.000000000000000000, 0.000000000000000000 ) ) ;
#3628 = PRODUCT_DEFINITION_CONTEXT ( 'detailed design', #2177, 'design' ) ;
#3629 = CIRCLE ( 'NONE', #10049, 1.099999999999998757 ) ;
#3630 = CARTESIAN_POINT ( 'NONE',  ( 2.000000000000000000, -0.1951254011572750025, 8.046812998915848599E-18 ) ) ;
#3631 = ORIENTED_EDGE ( 'NONE', *, *, #8775, .F. ) ;
#3632 = CIRCLE ( 'NONE', #7045, 3.999999999999996447 ) ;
#3633 = CYLINDRICAL_SURFACE ( 'NONE', #9419, 0.1749999999999998224 ) ;
#3634 = CARTESIAN_POINT ( 'NONE',  ( 4.250000000000000000, 0.000000000000000000, 0.000000000000000000 ) ) ;
#3635 = ORIENTED_EDGE ( 'NONE', *, *, #11259, .F. ) ;
#3636 = CARTESIAN_POINT ( 'NONE',  ( 5.500000000000000888, 0.000000000000000000, 0.000000000000000000 ) ) ;
#3637 = FILL_AREA_STYLE ('',( #2084 ) ) ;
#3638 = EDGE_LOOP ( 'NONE', ( #452, #10419, #1144, #7270, #7031 ) ) ;
#3639 = PRODUCT_CONTEXT ( 'NONE', #11502, 'mechanical' ) ;
#3640 = FACE_OUTER_BOUND ( 'NONE', #3197, .T. ) ;
#3641 = CARTESIAN_POINT ( 'NONE',  ( 0.000000000000000000, 0.000000000000000000, -0.1540456584061371259 ) ) ;
#3642 = CARTESIAN_POINT ( 'NONE',  ( 3.500000000000000000, 23.00000000000000000, -24.00000000000000000 ) ) ;
#3643 = DIRECTION ( 'NONE',  ( -0.000000000000000000, 0.000000000000000000, -1.000000000000000000 ) ) ;
#3644 = EDGE_CURVE ( 'NONE', #2197, #9013, #8627, .T. ) ;
#3645 = EDGE_CURVE ( 'NONE', #10896, #10983, #7793, .T. ) ;
#3646 = CARTESIAN_POINT ( 'NONE',  ( -2.168404344971008868E-15, 2.500000000000000000, -1.845299461620634407 ) ) ;
#3647 = ORIENTED_EDGE ( 'NONE', *, *, #9438, .T. ) ;
#3648 = AXIS2_PLACEMENT_3D ( 'NONE', #2155, #1195, #10336 ) ;
#3649 = EDGE_CURVE ( 'NONE', #2404, #5078, #906, .T. ) ;
#3650 = ADVANCED_FACE ( 'NONE', ( #9520 ), #4299, .T. ) ;
#3651 = PLANE ( 'NONE',  #3287 ) ;
#3652 = ORIENTED_EDGE ( 'NONE', *, *, #4949, .T. ) ;
#3653 = AXIS2_PLACEMENT_3D ( 'NONE', #6454, #10062, #6575 ) ;
#3654 = FACE_BOUND ( 'NONE', #9667, .T. ) ;
#3655 = ORIENTED_EDGE ( 'NONE', *, *, #8600, .T. ) ;
#3656 = SHAPE_REPRESENTATION_RELATIONSHIP ( 'NONE' , 'NONE' ,  #5404, #6285 ) ;
#3657 = CARTESIAN_POINT ( 'NONE',  ( -0.5560518688116490305, -0.5176555429708573630, 0.000000000000000000 ) ) ;
#3658 = DIRECTION ( 'NONE',  ( 1.000000000000000000, -0.000000000000000000, -0.000000000000000000 ) ) ;
#3659 = DIRECTION ( 'NONE',  ( 0.000000000000000000, 1.000000000000000000, 0.000000000000000000 ) ) ;
#3660 = DIRECTION ( 'NONE',  ( -0.000000000000000000, -0.000000000000000000, -1.000000000000000000 ) ) ;
#3661 = B_SPLINE_CURVE_WITH_KNOTS ( 'NONE', 3,
 ( #7023, #2329, #10623, #9639, #4176, #1558 ),
 .UNSPECIFIED., .F., .F.,
 ( 4, 2, 4 ),
 ( 0.001168606431211103485, 0.001750609284260044515, 0.002332612137308985329 ),
 .UNSPECIFIED. ) ;
#3662 = LINE ( 'NONE', #5677, #5895 ) ;
#3663 = VECTOR ( 'NONE', #254, 1000.000000000000000 ) ;
#3664 = CONICAL_SURFACE ( 'NONE', #3103, 1.000000000000000000, 1.047197551196604515 ) ;
#3665 = VECTOR ( 'NONE', #542, 1000.000000000000000 ) ;
#3666 = ORIENTED_EDGE ( 'NONE', *, *, #9921, .F. ) ;
#3667 = CARTESIAN_POINT ( 'NONE',  ( 0.000000000000000000, 0.000000000000000000, -10.50000000000000000 ) ) ;
#3668 = VERTEX_POINT ( 'NONE', #5066 ) ;
#3669 = EDGE_CURVE ( 'NONE', #10311, #9791, #10569, .T. ) ;
#3670 = CARTESIAN_POINT ( 'NONE',  ( -4.000000000000003553, 0.9000000000000005773, -4.154700538379143993 ) ) ;
#3671 = AXIS2_PLACEMENT_3D ( 'NONE', #202, #3658, #9171 ) ;
#3672 = ORIENTED_EDGE ( 'NONE', *, *, #11402, .F. ) ;
#3673 = CARTESIAN_POINT ( 'NONE',  ( -2.000000000000000000, 1.084202172485504434E-16, -22.39999999999988844 ) ) ;
#3674 = ORIENTED_EDGE ( 'NONE', *, *, #2743, .T. ) ;
#3675 = AXIS2_PLACEMENT_3D ( 'NONE', #6726, #7605, #420 ) ;
#3676 = AXIS2_PLACEMENT_3D ( 'NONE', #4037, #3155, #5880 ) ;
#3677 = DIRECTION ( 'NONE',  ( -0.000000000000000000, 0.000000000000000000, -1.000000000000000000 ) ) ;
#3678 = VECTOR ( 'NONE', #7787, 1000.000000000000114 ) ;
#3679 = FILL_AREA_STYLE ('',( #9965 ) ) ;
#3680 = B_SPLINE_CURVE_WITH_KNOTS ( 'NONE', 3,
 ( #10117, #5559, #1883, #5448, #9235, #1825 ),
 .UNSPECIFIED., .F., .F.,
 ( 4, 2, 4 ),
 ( 0.001168606431211103485, 0.001750609284260044515, 0.002332612137308985329 ),
 .UNSPECIFIED. ) ;
#3681 = DIRECTION ( 'NONE',  ( 0.000000000000000000, 0.000000000000000000, 1.000000000000000000 ) ) ;
#3682 = CARTESIAN_POINT ( 'NONE',  ( 0.000000000000000000, 0.000000000000000000, 3.000000000000000444 ) ) ;
#3683 = ORIENTED_EDGE ( 'NONE', *, *, #7732, .T. ) ;
#3684 = CARTESIAN_POINT ( 'NONE',  ( -17.94999999999999929, 0.000000000000000000, 0.000000000000000000 ) ) ;
#3685 = AXIS2_PLACEMENT_3D ( 'NONE', #1524, #9544, #8528 ) ;
#3686 = B_SPLINE_CURVE_WITH_KNOTS ( 'NONE', 3,
 ( #5447, #9835, #7223, #8164 ),
 .UNSPECIFIED., .F., .F.,
 ( 4, 4 ),
 ( 2.380749485065259830E-07, 0.001168606431211103485 ),
 .UNSPECIFIED. ) ;
#3687 = EDGE_CURVE ( 'NONE', #3718, #1125, #4328, .T. ) ;
#3688 = FACE_OUTER_BOUND ( 'NONE', #5912, .T. ) ;
#3689 = CIRCLE ( 'NONE', #4444, 1.000000000000000000 ) ;
#3690 = UNCERTAINTY_MEASURE_WITH_UNIT (LENGTH_MEASURE( 1.000000000000000082E-05 ), #4185, 'distance_accuracy_value', 'NONE');
#3691 = DIRECTION ( 'NONE',  ( -0.8191520442889902442, 1.003171929053522651E-16, 0.5735764363510482688 ) ) ;
#3692 = CIRCLE ( 'NONE', #6732, 3.000000000000000444 ) ;
#3693 = EDGE_LOOP ( 'NONE', ( #5220, #4371, #4455, #680 ) ) ;
#3694 = LINE ( 'NONE', #11586, #11695 ) ;
#3695 = CARTESIAN_POINT ( 'NONE',  ( 3.500000000000000000, 0.000000000000000000, 0.000000000000000000 ) ) ;
#3696 = CARTESIAN_POINT ( 'NONE',  ( -0.9526279441628808797, -0.5499999999999999334, -0.2999999999999834466 ) ) ;
#3697 = VERTEX_POINT ( 'NONE', #10514 ) ;
#3698 = CARTESIAN_POINT ( 'NONE',  ( 1.672282218993687231, 1.343908487461472401, -1.520662200187639090 ) ) ;
#3699 = CONICAL_SURFACE ( 'NONE', #7483, 0.7740000000000000213, 1.047197551196601628 ) ;
#3700 = VERTEX_POINT ( 'NONE', #8802 ) ;
#3701 = EDGE_CURVE ( 'NONE', #6371, #9295, #4180, .T. ) ;
#3702 = APPLICATION_PROTOCOL_DEFINITION ( 'draft international standard', 'automotive_design', 1998, #5826 ) ;
#3703 = DIRECTION ( 'NONE',  ( 1.000000000000000000, -0.000000000000000000, -0.000000000000000000 ) ) ;
#3704 = DIRECTION ( 'NONE',  ( 0.000000000000000000, 0.000000000000000000, 1.000000000000000000 ) ) ;
#3705 = CIRCLE ( 'NONE', #4836, 3.000000000000000000 ) ;
#3706 = CARTESIAN_POINT ( 'NONE',  ( -1.672828002720945673, 1.343593379079621064, -1.530424537474096791 ) ) ;
#3707 = LINE ( 'NONE', #10934, #3094 ) ;
#3708 = DIRECTION ( 'NONE',  ( -1.000000000000000000, 0.000000000000000000, 2.220446049250312588E-16 ) ) ;
#3709 = ORIENTED_EDGE ( 'NONE', *, *, #5159, .F. ) ;
#3710 = DIRECTION ( 'NONE',  ( 1.000000000000000000, 0.000000000000000000, 0.000000000000000000 ) ) ;
#3711 = CARTESIAN_POINT ( 'NONE',  ( 3.400000000000000355, 0.000000000000000000, 0.5000000000000000000 ) ) ;
#3712 = VECTOR ( 'NONE', #4703, 1000.000000000000114 ) ;
#3713 = ORIENTED_EDGE ( 'NONE', *, *, #6088, .F. ) ;
#3714 = ADVANCED_FACE ( 'NONE', ( #10400, #9461 ), #4237, .T. ) ;
#3715 = CARTESIAN_POINT ( 'NONE',  ( 5.499999999999998224, -0.7999999999999847233, -22.09999999999990550 ) ) ;
#3716 = EDGE_CURVE ( 'NONE', #7744, #3060, #1319, .T. ) ;
#3717 = DIRECTION ( 'NONE',  ( 1.000000000000000000, 0.000000000000000000, 0.000000000000000000 ) ) ;
#3718 = VERTEX_POINT ( 'NONE', #7681 ) ;
#3719 = DIRECTION ( 'NONE',  ( 1.000000000000000000, 0.000000000000000000, 0.000000000000000000 ) ) ;
#3720 = FACE_OUTER_BOUND ( 'NONE', #6737, .T. ) ;
#3721 = CARTESIAN_POINT ( 'NONE',  ( 0.000000000000000000, 7.500000000000000000, -6.116139535669825378 ) ) ;
#3722 = EDGE_CURVE ( 'NONE', #11316, #2534, #5841, .T. ) ;
#3723 = SURFACE_STYLE_FILL_AREA ( #8342 ) ;
#3724 = VECTOR ( 'NONE', #7789, 1000.000000000000000 ) ;
#3725 = DIRECTION ( 'NONE',  ( 1.000000000000000000, 0.000000000000000000, 0.000000000000000000 ) ) ;
#3726 = ORIENTED_EDGE ( 'NONE', *, *, #5503, .F. ) ;
#3727 = CARTESIAN_POINT ( 'NONE',  ( 3.581183789785735176E-16, 2.309401076758504701, -1.600000000000000089 ) ) ;
#3728 = ORIENTED_EDGE ( 'NONE', *, *, #6915, .T. ) ;
#3729 = DIRECTION ( 'NONE',  ( -1.000000000000000000, 0.000000000000000000, 0.000000000000000000 ) ) ;
#3730 = ORIENTED_EDGE ( 'NONE', *, *, #1552, .T. ) ;
#3731 = PLANE ( 'NONE',  #524 ) ;
#3732 = VECTOR ( 'NONE', #6365, 1000.000000000000114 ) ;
#3733 = ORIENTED_EDGE ( 'NONE', *, *, #8233, .T. ) ;
#3734 = SURFACE_STYLE_USAGE ( .BOTH. , #5688 ) ;
#3735 = CARTESIAN_POINT ( 'NONE',  ( -1.000000000000001776, -1.732050807568876527, 0.000000000000000000 ) ) ;
#3736 = DIRECTION ( 'NONE',  ( 1.000000000000000000, -0.000000000000000000, -0.000000000000000000 ) ) ;
#3737 = EDGE_CURVE ( 'NONE', #3070, #1414, #6601, .T. ) ;
#3738 = CARTESIAN_POINT ( 'NONE',  ( 1.224646799147353207E-16, 1.000000000000000444, -1.469518839163146184 ) ) ;
#3739 = EDGE_CURVE ( 'NONE', #6413, #1772, #10752, .T. ) ;
#3740 = CARTESIAN_POINT ( 'NONE',  ( 3.000000000000000000, 0.000000000000000000, 0.000000000000000000 ) ) ;
#3741 = DIRECTION ( 'NONE',  ( -0.8660254037844394848, 0.000000000000000000, -0.4999999999999985012 ) ) ;
#3742 = CIRCLE ( 'NONE', #4487, 11.00000000000000000 ) ;
#3743 = ORIENTED_EDGE ( 'NONE', *, *, #2141, .T. ) ;
#3744 = CARTESIAN_POINT ( 'NONE',  ( 1.672828002720946117, -1.343593379079623285, -1.530424537474095681 ) ) ;
#3745 = DIRECTION ( 'NONE',  ( 1.000000000000000000, 0.000000000000000000, 0.000000000000000000 ) ) ;
#3746 = EDGE_LOOP ( 'NONE', ( #3200, #9004, #6679 ) ) ;
#3747 = DIRECTION ( 'NONE',  ( -1.000000000000000000, -3.552713678800500929E-15, 0.000000000000000000 ) ) ;
#3748 = CIRCLE ( 'NONE', #10370, 1.000000000000000000 ) ;
#3749 = CARTESIAN_POINT ( 'NONE',  ( -1.340742937416024017, 1.535322780927272257, -1.600000000000000977 ) ) ;
#3750 = CIRCLE ( 'NONE', #10374, 2.999999999999999112 ) ;
#3751 = LINE ( 'NONE', #10145, #3932 ) ;
#3752 = CARTESIAN_POINT ( 'NONE',  ( 3.500000000000000000, 9.199999999999999289, -18.50000000000000355 ) ) ;
#3753 = DIRECTION ( 'NONE',  ( -1.000000000000000000, 0.000000000000000000, 0.000000000000000000 ) ) ;
#3754 = ORIENTED_EDGE ( 'NONE', *, *, #9455, .T. ) ;
#3755 = DIRECTION ( 'NONE',  ( 0.000000000000000000, -1.000000000000000000, 0.000000000000000000 ) ) ;
#3756 = CONICAL_SURFACE ( 'NONE', #912, 1.099999999999998535, 1.029744258676652757 ) ;
#3757 = ORIENTED_EDGE ( 'NONE', *, *, #9906, .F. ) ;
#3758 = PRODUCT_CONTEXT ( 'NONE', #9899, 'mechanical' ) ;
#3759 = PLANE ( 'NONE',  #686 ) ;
#3760 = CARTESIAN_POINT ( 'NONE',  ( -1.000000000000000888, 1.732050807568876749, -1.600000000000000089 ) ) ;
#3761 = EDGE_CURVE ( 'NONE', #6564, #4767, #529, .T. ) ;
#3762 = DIRECTION ( 'NONE',  ( 0.000000000000000000, 0.000000000000000000, 1.000000000000000000 ) ) ;
#3763 = DIRECTION ( 'NONE',  ( 0.000000000000000000, 0.000000000000000000, -1.000000000000000000 ) ) ;
#3764 = CONICAL_SURFACE ( 'NONE', #10577, 1.099999999999998757, 1.029744258676652313 ) ;
#3765 = DIRECTION ( 'NONE',  ( -0.000000000000000000, -0.000000000000000000, 1.000000000000000000 ) ) ;
#3766 = ORIENTED_EDGE ( 'NONE', *, *, #818, .T. ) ;
#3767 = CARTESIAN_POINT ( 'NONE',  ( -3.001000000000000334, 0.000000000000000000, -1.000000000000000000 ) ) ;
#3768 = EDGE_CURVE ( 'NONE', #11008, #824, #5181, .T. ) ;
#3769 = CARTESIAN_POINT ( 'NONE',  ( -4.987329993433320396E-15, -2.309401076758504701, -1.421367205045916737 ) ) ;
#3770 = ORIENTED_EDGE ( 'NONE', *, *, #8277, .T. ) ;
#3771 = DIRECTION ( 'NONE',  ( 0.000000000000000000, 0.000000000000000000, 1.000000000000000000 ) ) ;
#3772 = DIRECTION ( 'NONE',  ( 1.000000000000000000, 0.000000000000000000, 0.000000000000000000 ) ) ;
#3773 = ORIENTED_EDGE ( 'NONE', *, *, #9672, .T. ) ;
#3774 = DIRECTION ( 'NONE',  ( 0.000000000000000000, 0.000000000000000000, -1.000000000000000000 ) ) ;
#3775 = CARTESIAN_POINT ( 'NONE',  ( 1.000000000000000000, 0.000000000000000000, 0.000000000000000000 ) ) ;
#3776 =( NAMED_UNIT ( * ) PLANE_ANGLE_UNIT ( ) SI_UNIT ( $, .RADIAN. ) );
#3777 = FACE_OUTER_BOUND ( 'NONE', #9564, .T. ) ;
#3778 = CARTESIAN_POINT ( 'NONE',  ( -8.000000000000000000, 17.00000000000000000, -12.73219574315701763 ) ) ;
#3779 = STYLED_ITEM ( 'NONE', ( #6639 ), #8124 ) ;
#3780 = EDGE_CURVE ( 'NONE', #9786, #3293, #10296, .T. ) ;
#3781 = ORIENTED_EDGE ( 'NONE', *, *, #1138, .T. ) ;
#3782 = DIRECTION ( 'NONE',  ( 1.000000000000000000, 0.000000000000000000, -0.000000000000000000 ) ) ;
#3783 = EDGE_CURVE ( 'NONE', #11711, #4238, #3750, .T. ) ;
#3784 = VERTEX_POINT ( 'NONE', #3529 ) ;
#3785 = DIRECTION ( 'NONE',  ( 1.000000000000000000, -0.000000000000000000, -0.000000000000000000 ) ) ;
#3786 = VERTEX_POINT ( 'NONE', #2685 ) ;
#3787 = CYLINDRICAL_SURFACE ( 'NONE', #9811, 2.500000000000000000 ) ;
#3788 = VERTEX_POINT ( 'NONE', #9982 ) ;
#3789 = AXIS2_PLACEMENT_3D ( 'NONE', #10575, #5127, #3302 ) ;
#3790 = DIRECTION ( 'NONE',  ( 0.000000000000000000, 0.000000000000000000, 1.000000000000000000 ) ) ;
#3791 = LINE ( 'NONE', #3738, #7267 ) ;
#3792 = B_SPLINE_CURVE_WITH_KNOTS ( 'NONE', 3,
 ( #11285, #11220, #2448, #3168, #5838, #6787 ),
 .UNSPECIFIED., .F., .F.,
 ( 4, 2, 4 ),
 ( 0.001168606431211100015, 0.001750609284260043648, 0.002332612137308987497 ),
 .UNSPECIFIED. ) ;
#3793 = CARTESIAN_POINT ( 'NONE',  ( 3.500000000000000000, 0.000000000000000000, 0.000000000000000000 ) ) ;
#3794 = CARTESIAN_POINT ( 'NONE',  ( 0.000000000000000000, 0.000000000000000000, 0.000000000000000000 ) ) ;
#3795 = EDGE_CURVE ( 'NONE', #3968, #5807, #9320, .T. ) ;
#3796 = ORIENTED_EDGE ( 'NONE', *, *, #2387, .F. ) ;
#3797 = DIRECTION ( 'NONE',  ( -1.000000000000000000, -0.000000000000000000, -0.000000000000000000 ) ) ;
#3798 = EDGE_CURVE ( 'NONE', #6930, #268, #7307, .T. ) ;
#3799 = UNCERTAINTY_MEASURE_WITH_UNIT (LENGTH_MEASURE( 1.000000000000000082E-05 ), #2321, 'distance_accuracy_value', 'NONE');
#3800 = LINE ( 'NONE', #3623, #7533 ) ;
#3801 = ORIENTED_EDGE ( 'NONE', *, *, #5378, .T. ) ;
#3802 = CARTESIAN_POINT ( 'NONE',  ( -4.000000000000003553, 2.500000000000000000, -22.15470053837915643 ) ) ;
#3803 = EDGE_CURVE ( 'NONE', #10053, #3573, #11652, .T. ) ;
#3804 = EDGE_CURVE ( 'NONE', #6978, #1359, #137, .T. ) ;
#3805 = ORIENTED_EDGE ( 'NONE', *, *, #6544, .F. ) ;
#3806 = AXIS2_PLACEMENT_3D ( 'NONE', #2494, #2729, #5288 ) ;
#3807 = DIRECTION ( 'NONE',  ( 0.8660254037844381525, -0.5000000000000007772, 0.000000000000000000 ) ) ;
#3808 = CARTESIAN_POINT ( 'NONE',  ( 0.9000000000000000222, 0.000000000000000000, 0.5000000000000000000 ) ) ;
#3809 = CARTESIAN_POINT ( 'NONE',  ( 2.000000000000000000, -1.154700538379255015, -1.421367205045916737 ) ) ;
#3810 = CARTESIAN_POINT ( 'NONE',  ( -1.999999999999999556, -0.1951254011572753355, -1.058791184067874808E-17 ) ) ;
#3811 = EDGE_LOOP ( 'NONE', ( #514, #6178, #6786, #10660, #8006 ) ) ;
#3812 = DIRECTION ( 'NONE',  ( 0.000000000000000000, 0.000000000000000000, -1.000000000000000000 ) ) ;
#3813 = AXIS2_PLACEMENT_3D ( 'NONE', #10847, #9253, #1054 ) ;
#3814 = EDGE_CURVE ( 'NONE', #644, #11267, #11588, .T. ) ;
#3815 = ORIENTED_EDGE ( 'NONE', *, *, #3780, .T. ) ;
#3816 = VECTOR ( 'NONE', #10748, 1000.000000000000000 ) ;
#3817 = PRODUCT_CONTEXT ( 'NONE', #6425, 'mechanical' ) ;
#3818 = LINE ( 'NONE', #5659, #5426 ) ;
#3819 = DIRECTION ( 'NONE',  ( -0.000000000000000000, 0.000000000000000000, 1.000000000000000000 ) ) ;
#3820 = LINE ( 'NONE', #4826, #8836 ) ;
#3821 = DIRECTION ( 'NONE',  ( -0.000000000000000000, 0.000000000000000000, -1.000000000000000000 ) ) ;
#3822 = DIRECTION ( 'NONE',  ( 0.000000000000000000, -1.000000000000000000, 0.000000000000000000 ) ) ;
#3823 = EDGE_LOOP ( 'NONE', ( #6658, #574 ) ) ;
#3824 = EDGE_CURVE ( 'NONE', #473, #10404, #5351, .T. ) ;
#3825 = FACE_OUTER_BOUND ( 'NONE', #10658, .T. ) ;
#3826 = ORIENTED_EDGE ( 'NONE', *, *, #4381, .T. ) ;
#3827 = CARTESIAN_POINT ( 'NONE',  ( -16.00000000000000000, 0.000000000000000000, -3.500000000000000000 ) ) ;
#3828 = DIRECTION ( 'NONE',  ( 0.000000000000000000, 0.000000000000000000, -1.000000000000000000 ) ) ;
#3829 = ORIENTED_EDGE ( 'NONE', *, *, #10788, .F. ) ;
#3830 = CARTESIAN_POINT ( 'NONE',  ( 1.000000000000000000, 1.224646799147354933E-16, -3.330481160836854304 ) ) ;
#3831 = LINE ( 'NONE', #5620, #8603 ) ;
#3832 = LINE ( 'NONE', #264, #6529 ) ;
#3833 = SURFACE_SIDE_STYLE ('',( #3723 ) ) ;
#3834 = DIRECTION ( 'NONE',  ( -1.000000000000000000, 0.000000000000000000, 0.000000000000000000 ) ) ;
#3835 = APPLICATION_CONTEXT ( 'automotive_design' ) ;
#3836 = ORIENTED_EDGE ( 'NONE', *, *, #1467, .F. ) ;
#3837 = PLANE ( 'NONE',  #4707 ) ;
#3838 = ORIENTED_EDGE ( 'NONE', *, *, #6204, .F. ) ;
#3839 = AXIS2_PLACEMENT_3D ( 'NONE', #567, #4195, #6756 ) ;
#3840 = CARTESIAN_POINT ( 'NONE',  ( 0.6401492457481857690, -0.08760015849383460951, -0.7780656707403538208 ) ) ;
#3841 = ORIENTED_EDGE ( 'NONE', *, *, #5036, .F. ) ;
#3842 = DIRECTION ( 'NONE',  ( -1.000000000000000000, -0.000000000000000000, -0.000000000000000000 ) ) ;
#3843 = VERTEX_POINT ( 'NONE', #9807 ) ;
#3844 = AXIS2_PLACEMENT_3D ( 'NONE', #7255, #10931, #3704 ) ;
#3845 = CARTESIAN_POINT ( 'NONE',  ( -4.987329993433320396E-15, -2.309401076758504701, -1.421367205045916737 ) ) ;
#3846 = AXIS2_PLACEMENT_3D ( 'NONE', #11093, #5710, #8432 ) ;
#3847 = DIRECTION ( 'NONE',  ( 0.000000000000000000, 1.000000000000000000, 0.000000000000000000 ) ) ;
#3848 = CARTESIAN_POINT ( 'NONE',  ( 5.500000000000002665, 0.8999999999999995781, -23.30940107675840878 ) ) ;
#3849 = CIRCLE ( 'NONE', #8195, 1.999999999999999556 ) ;
#3850 = AXIS2_PLACEMENT_3D ( 'NONE', #838, #719, #6247 ) ;
#3851 = CARTESIAN_POINT ( 'NONE',  ( 4.250000000000000000, 1.224646799147353207E-16, 1.000000000000000000 ) ) ;
#3852 = DIRECTION ( 'NONE',  ( 1.000000000000000000, -0.000000000000000000, -0.000000000000000000 ) ) ;
#3853 = ORIENTED_EDGE ( 'NONE', *, *, #10034, .T. ) ;
#3854 = LINE ( 'NONE', #7474, #5289 ) ;
#3855 = CIRCLE ( 'NONE', #2721, 1.099999999999998535 ) ;
#3856 = EDGE_LOOP ( 'NONE', ( #8988, #4208, #1523, #6237 ) ) ;
#3857 = DIRECTION ( 'NONE',  ( 0.000000000000000000, 0.000000000000000000, -1.000000000000000000 ) ) ;
#3858 = AXIS2_PLACEMENT_3D ( 'NONE', #4715, #10052, #5671 ) ;
#3859 = ORIENTED_EDGE ( 'NONE', *, *, #238, .T. ) ;
#3860 = AXIS2_PLACEMENT_3D ( 'NONE', #9620, #8661, #530 ) ;
#3861 = AXIS2_PLACEMENT_3D ( 'NONE', #3143, #10483, #2250 ) ;
#3862 = VERTEX_POINT ( 'NONE', #6145 ) ;
#3863 = EDGE_CURVE ( 'NONE', #7938, #5827, #7198, .T. ) ;
#3864 = LINE ( 'NONE', #7724, #272 ) ;
#3865 = EDGE_CURVE ( 'NONE', #7565, #11147, #5362, .T. ) ;
#3866 = CARTESIAN_POINT ( 'NONE',  ( 0.000000000000000000, 4.738805170303855086E-16, -3.069518839163146939 ) ) ;
#3867 = CIRCLE ( 'NONE', #5567, 3.000000000000000444 ) ;
#3868 = CARTESIAN_POINT ( 'NONE',  ( 0.000000000000000000, 0.000000000000000000, 0.000000000000000000 ) ) ;
#3869 = AXIS2_PLACEMENT_3D ( 'NONE', #4525, #4633, #3807 ) ;
#3870 = EDGE_CURVE ( 'NONE', #10690, #6032, #3950, .T. ) ;
#3871 = LINE ( 'NONE', #10207, #7250 ) ;
#3872 = VECTOR ( 'NONE', #3785, 1000.000000000000000 ) ;
#3873 = EDGE_CURVE ( 'NONE', #9527, #8181, #4413, .T. ) ;
#3874 = PRESENTATION_LAYER_ASSIGNMENT (  '', '', ( #8797 ) ) ;
#3875 = ORIENTED_EDGE ( 'NONE', *, *, #1958, .F. ) ;
#3876 = CARTESIAN_POINT ( 'NONE',  ( 7.500000000000003553, 2.500000000000000000, -1.845299461620643289 ) ) ;
#3877 = VECTOR ( 'NONE', #7931, 1000.000000000000114 ) ;
#3878 = VERTEX_POINT ( 'NONE', #2629 ) ;
#3879 = ITEM_DEFINED_TRANSFORMATION ( 'NONE', 'NONE', #4174,  #4873 ) ;
#3880 = CARTESIAN_POINT ( 'NONE',  ( 0.9526279441628809908, 0.5499999999999998224, -1.600000000000000089 ) ) ;
#3881 = CARTESIAN_POINT ( 'NONE',  ( -2.000000000000000000, 0.000000000000000000, -1.600000000000000089 ) ) ;
#3882 = DIRECTION ( 'NONE',  ( 0.000000000000000000, 0.000000000000000000, -1.000000000000000000 ) ) ;
#3884 = EDGE_CURVE ( 'NONE', #7321, #4713, #8299, .T. ) ;
#3883 = CARTESIAN_POINT ( 'NONE',  ( -2.000000000000000000, 0.000000000000000000, -21.00000000000000000 ) ) ;
#3885 = EDGE_CURVE ( 'NONE', #10753, #7921, #4475, .T. ) ;
#3886 = AXIS2_PLACEMENT_3D ( 'NONE', #4692, #8315, #176 ) ;
#3887 = DIRECTION ( 'NONE',  ( -0.000000000000000000, -0.000000000000000000, -1.000000000000000000 ) ) ;
#3888 = VERTEX_POINT ( 'NONE', #2 ) ;
#3889 = LINE ( 'NONE', #5439, #813 ) ;
#3890 = VERTEX_POINT ( 'NONE', #954 ) ;
#3891 = AXIS2_PLACEMENT_3D ( 'NONE', #8708, #1654, #578 ) ;
#3892 = DIRECTION ( 'NONE',  ( 1.000000000000000000, 0.000000000000000000, 0.000000000000000000 ) ) ;
#3893 = CIRCLE ( 'NONE', #4086, 1.949999999999999734 ) ;
#3894 = CARTESIAN_POINT ( 'NONE',  ( 5.500000000000001776, -0.8000000000000194733, -4.099999999999890399 ) ) ;
#3895 = EDGE_LOOP ( 'NONE', ( #4825, #11374, #6938, #4332 ) ) ;
#3896 = PRODUCT_DEFINITION_SHAPE ( 'NONE', 'NONE',  #11727 ) ;
#3897 = DIRECTION ( 'NONE',  ( -0.000000000000000000, -0.3759379910708121053, -0.9266448223940184636 ) ) ;
#3898 = DIRECTION ( 'NONE',  ( 0.000000000000000000, 1.000000000000000000, 2.168404344971008868E-16 ) ) ;
#3899 = FACE_BOUND ( 'NONE', #4158, .T. ) ;
#3900 = DIRECTION ( 'NONE',  ( -1.000000000000000000, -0.000000000000000000, -0.000000000000000000 ) ) ;
#3901 = CARTESIAN_POINT ( 'NONE',  ( 5.499999999999998224, 2.500000000000000000, -23.30940107675841233 ) ) ;
#3902 = CARTESIAN_POINT ( 'NONE',  ( 4.000000000000000000, 9.199999999999999289, -18.50000000000000355 ) ) ;
#3903 = VERTEX_POINT ( 'NONE', #1252 ) ;
#3904 = CIRCLE ( 'NONE', #6755, 2.000000000000000000 ) ;
#3905 = DIRECTION ( 'NONE',  ( 0.000000000000000000, -1.000000000000000000, 0.000000000000000000 ) ) ;
#3906 = B_SPLINE_CURVE_WITH_KNOTS ( 'NONE', 3,
 ( #1601, #6176, #8892, #766 ),
 .UNSPECIFIED., .F., .F.,
 ( 4, 4 ),
 ( 2.380749485076534898E-07, 0.001168606431211099148 ),
 .UNSPECIFIED. ) ;
#3907 = ORIENTED_EDGE ( 'NONE', *, *, #2945, .T. ) ;
#3908 = LINE ( 'NONE', #7457, #6689 ) ;
#3909 = ORIENTED_EDGE ( 'NONE', *, *, #3098, .T. ) ;
#3910 = CARTESIAN_POINT ( 'NONE',  ( 2.000000000000000000, 0.000000000000000000, -1.600000000000000089 ) ) ;
#3911 = ORIENTED_EDGE ( 'NONE', *, *, #7135, .T. ) ;
#3912 = DIRECTION ( 'NONE',  ( -1.000000000000000000, 0.000000000000000000, 0.000000000000000000 ) ) ;
#3913 = CIRCLE ( 'NONE', #6558, 4.000000000000000888 ) ;
#3914 = UNCERTAINTY_MEASURE_WITH_UNIT (LENGTH_MEASURE( 1.000000000000000082E-05 ), #5086, 'distance_accuracy_value', 'NONE');
#3915 =( NAMED_UNIT ( * ) SI_UNIT ( $, .STERADIAN. ) SOLID_ANGLE_UNIT ( ) );
#3916 = CARTESIAN_POINT ( 'NONE',  ( 1.086261710843702231E-16, -0.7739999999999994662, -2.799999999999999822 ) ) ;
#3917 = CARTESIAN_POINT ( 'NONE',  ( -2.000000000000000000, 0.7788341705667901627, -0.07984828284772985119 ) ) ;
#3918 = CARTESIAN_POINT ( 'NONE',  ( -16.00000000000000000, 4.898587196589412829E-16, 4.000000000000000000 ) ) ;
#3919 = ORIENTED_EDGE ( 'NONE', *, *, #5471, .F. ) ;
#3920 = CYLINDRICAL_SURFACE ( 'NONE', #358, 1.000000000000000444 ) ;
#3921 = VERTEX_POINT ( 'NONE', #3994 ) ;
#3922 = VECTOR ( 'NONE', #1470, 1000.000000000000000 ) ;
#3923 = DIRECTION ( 'NONE',  ( -1.000000000000000000, 0.000000000000000000, 0.000000000000000000 ) ) ;
#3924 = AXIS2_PLACEMENT_3D ( 'NONE', #10191, #5691, #10303 ) ;
#3925 = AXIS2_PLACEMENT_3D ( 'NONE', #248, #3882, #133 ) ;
#3926 = EDGE_CURVE ( 'NONE', #3843, #6808, #10085, .T. ) ;
#3927 = VERTEX_POINT ( 'NONE', #8496 ) ;
#3928 = EDGE_LOOP ( 'NONE', ( #2019, #208, #11189, #376, #1356, #10833 ) ) ;
#3929 = FILL_AREA_STYLE_COLOUR ( '', #127 ) ;
#3930 = CARTESIAN_POINT ( 'NONE',  ( 3.500000000000000000, 2.500000000000000000, -6.000000000000000000 ) ) ;
#3931 = DIRECTION ( 'NONE',  ( -1.000000000000000000, 0.000000000000000000, 0.000000000000000000 ) ) ;
#3932 = VECTOR ( 'NONE', #5652, 1000.000000000000000 ) ;
#3933 = LINE ( 'NONE', #11159, #6776 ) ;
#3934 = DIRECTION ( 'NONE',  ( 0.000000000000000000, 0.000000000000000000, 1.000000000000000000 ) ) ;
#3935 =( REPRESENTATION_RELATIONSHIP ('NONE','NONE', #9860, #10305 ) REPRESENTATION_RELATIONSHIP_WITH_TRANSFORMATION ( #1257 )SHAPE_REPRESENTATION_RELATIONSHIP( ) );
#3936 = ORIENTED_EDGE ( 'NONE', *, *, #11482, .F. ) ;
#3937 = DIRECTION ( 'NONE',  ( 0.000000000000000000, 0.000000000000000000, -1.000000000000000000 ) ) ;
#3938 = EDGE_CURVE ( 'NONE', #7684, #4805, #9140, .T. ) ;
#3939 = EDGE_CURVE ( 'NONE', #9079, #8174, #4700, .T. ) ;
#3940 = B_SPLINE_CURVE_WITH_KNOTS ( 'NONE', 3,
 ( #8098, #9821, #7257, #10762 ),
 .UNSPECIFIED., .F., .F.,
 ( 4, 4 ),
 ( -0.0002457945854055184113, -9.192220367672872695E-05 ),
 .UNSPECIFIED. ) ;
#3941 = AXIS2_PLACEMENT_3D ( 'NONE', #6184, #714, #8072 ) ;
#3942 = ADVANCED_FACE ( 'NONE', ( #10150 ), #9245, .T. ) ;
#3943 = ORIENTED_EDGE ( 'NONE', *, *, #7325, .F. ) ;
#3944 = ITEM_DEFINED_TRANSFORMATION ( 'NONE', 'NONE', #2283,  #4873 ) ;
#3945 = CARTESIAN_POINT ( 'NONE',  ( 2.000000000000000000, -1.154700538379255015, -0.1786327949540832127 ) ) ;
#3946 = CARTESIAN_POINT ( 'NONE',  ( 1.000000000000000000, 9.199999999999999289, -18.50000000000000355 ) ) ;
#3947 = ORIENTED_EDGE ( 'NONE', *, *, #11049, .F. ) ;
#3948 = CARTESIAN_POINT ( 'NONE',  ( 0.000000000000000000, 0.000000000000000000, 998.8342469583508318 ) ) ;
#3949 = CARTESIAN_POINT ( 'NONE',  ( 3.599999999999992095, 2.971690854684141847, 0.9000000000000006883 ) ) ;
#3950 = B_SPLINE_CURVE_WITH_KNOTS ( 'NONE', 3,
 ( #8860, #2745, #1860, #8088, #5479, #9923 ),
 .UNSPECIFIED., .F., .F.,
 ( 4, 2, 4 ),
 ( 0.002060137505873420056, 0.002644210467598552029, 0.003228283429323684436 ),
 .UNSPECIFIED. ) ;
#3951 = LINE ( 'NONE', #4003, #4520 ) ;
#3952 = EDGE_CURVE ( 'NONE', #9228, #6149, #2617, .T. ) ;
#3953 = AXIS2_PLACEMENT_3D ( 'NONE', #7560, #6672, #2223 ) ;
#3954 = ORIENTED_EDGE ( 'NONE', *, *, #6534, .F. ) ;
#3955 = DIRECTION ( 'NONE',  ( -0.000000000000000000, 0.000000000000000000, -1.000000000000000000 ) ) ;
#3956 = VERTEX_POINT ( 'NONE', #5712 ) ;
#3957 = EDGE_CURVE ( 'NONE', #3296, #8642, #6542, .T. ) ;
#3958 = CARTESIAN_POINT ( 'NONE',  ( 3.500000000000000000, 2.500000000000000000, -18.00000000000000355 ) ) ;
#3959 = ADVANCED_FACE ( 'NONE', ( #4817 ), #7607, .T. ) ;
#3960 = VERTEX_POINT ( 'NONE', #11037 ) ;
#3961 =( NAMED_UNIT ( * ) SI_UNIT ( $, .STERADIAN. ) SOLID_ANGLE_UNIT ( ) );
#3962 = CARTESIAN_POINT ( 'NONE',  ( 2.000000000000000000, -0.3889866277140361928, -1.583227824459161326 ) ) ;
#3963 = VECTOR ( 'NONE', #3102, 1000.000000000000000 ) ;
#3964 = CARTESIAN_POINT ( 'NONE',  ( -21.50000000000000000, 0.000000000000000000, -0.5000000000000000000 ) ) ;
#3965 = DIRECTION ( 'NONE',  ( -0.000000000000000000, 1.000000000000000000, -0.000000000000000000 ) ) ;
#3966 = DIRECTION ( 'NONE',  ( 0.000000000000000000, 0.000000000000000000, 1.000000000000000000 ) ) ;
#3967 = FACE_OUTER_BOUND ( 'NONE', #3366, .T. ) ;
#3968 = VERTEX_POINT ( 'NONE', #6427 ) ;
#3969 = CARTESIAN_POINT ( 'NONE',  ( 4.099999999999999645, -2.821690854684141936, -0.9000000000000006883 ) ) ;
#3970 = ORIENTED_EDGE ( 'NONE', *, *, #2585, .F. ) ;
#3971 = AXIS2_PLACEMENT_3D ( 'NONE', #6174, #7118, #8770 ) ;
#3972 = CARTESIAN_POINT ( 'NONE',  ( 0.000000000000000000, -0.9999999999999995559, -2.669518839163146584 ) ) ;
#3973 = VERTEX_POINT ( 'NONE', #2802 ) ;
#3974 = CARTESIAN_POINT ( 'NONE',  ( -1.000000000000001776, -1.732050807568876527, -1.600000000000000089 ) ) ;
#3975 = EDGE_CURVE ( 'NONE', #587, #1152, #1014, .T. ) ;
#3976 = ORIENTED_EDGE ( 'NONE', *, *, #3975, .F. ) ;
#3977 = CYLINDRICAL_SURFACE ( 'NONE', #5795, 1.000000000000000444 ) ;
#3978 = CARTESIAN_POINT ( 'NONE',  ( 4.250000000000000000, 0.000000000000000000, 0.000000000000000000 ) ) ;
#3979 = DIRECTION ( 'NONE',  ( -1.000000000000000000, 0.000000000000000000, 0.000000000000000000 ) ) ;
#3980 = DIRECTION ( 'NONE',  ( 0.000000000000000000, 0.000000000000000000, 1.000000000000000000 ) ) ;
#3981 = ORIENTED_EDGE ( 'NONE', *, *, #9449, .T. ) ;
#3982 = CARTESIAN_POINT ( 'NONE',  ( -1.000000000000000888, 1.732050807568876749, 0.000000000000000000 ) ) ;
#3983 = VERTEX_POINT ( 'NONE', #7370 ) ;
#3984 = CARTESIAN_POINT ( 'NONE',  ( 1.999999999999999556, 0.7788341705667920500, -1.520151717152269377 ) ) ;
#3985 = ORIENTED_EDGE ( 'NONE', *, *, #7107, .F. ) ;
#3986 = EDGE_CURVE ( 'NONE', #4939, #9673, #1069, .T. ) ;
#3987 = ORIENTED_EDGE ( 'NONE', *, *, #10385, .F. ) ;
#3988 = PLANE ( 'NONE',  #2562 ) ;
#3989 = DIRECTION ( 'NONE',  ( -0.000000000000000000, 1.224649721909276639E-16, -1.000000000000000000 ) ) ;
#3990 = ADVANCED_FACE ( 'NONE', ( #7488, #11096 ), #10210, .F. ) ;
#3991 = DIRECTION ( 'NONE',  ( 0.000000000000000000, 0.000000000000000000, -1.000000000000000000 ) ) ;
#3992 = CARTESIAN_POINT ( 'NONE',  ( 0.000000000000000000, 0.000000000000000000, -1.199999999999999956 ) ) ;
#3993 = VERTEX_POINT ( 'NONE', #8435 ) ;
#3994 = CARTESIAN_POINT ( 'NONE',  ( 0.000000000000000000, 1.224646799147353256E-15, -10.00000000000000000 ) ) ;
#3995 = LINE ( 'NONE', #3105, #815 ) ;
#3996 = ORIENTED_EDGE ( 'NONE', *, *, #6473, .F. ) ;
#3997 =( REPRESENTATION_RELATIONSHIP ('NONE','NONE', #9860, #1031 ) REPRESENTATION_RELATIONSHIP_WITH_TRANSFORMATION ( #3879 )SHAPE_REPRESENTATION_RELATIONSHIP( ) );
#3998 = DIRECTION ( 'NONE',  ( 0.000000000000000000, 0.000000000000000000, 1.000000000000000000 ) ) ;
#3999 = VECTOR ( 'NONE', #3741, 1000.000000000000000 ) ;
#4000 = ORIENTED_EDGE ( 'NONE', *, *, #8208, .F. ) ;
#4001 = CARTESIAN_POINT ( 'NONE',  ( -0.7799999999999996936, 9.552245033349351121E-17, -0.1540456584061371259 ) ) ;
#4002 = CARTESIAN_POINT ( 'NONE',  ( 0.000000000000000000, 4.738805170303855086E-16, -3.869518839163146762 ) ) ;
#4003 = CARTESIAN_POINT ( 'NONE',  ( 1.000000000000000000, 9.199999999999999289, -21.00000000000000000 ) ) ;
#4004 = ORIENTED_EDGE ( 'NONE', *, *, #6339, .T. ) ;
#4005 = LINE ( 'NONE', #5910, #6312 ) ;
#4006 = AXIS2_PLACEMENT_3D ( 'NONE', #2370, #6767, #1291 ) ;
#4007 = VERTEX_POINT ( 'NONE', #10033 ) ;
#4008 = CARTESIAN_POINT ( 'NONE',  ( -0.5000000000000000000, 9.199999999999999289, -20.00000000000000355 ) ) ;
#4009 = VERTEX_POINT ( 'NONE', #1914 ) ;
#4010 = DIRECTION ( 'NONE',  ( 1.000000000000000000, 0.000000000000000000, 0.000000000000000000 ) ) ;
#4011 = ADVANCED_FACE ( 'NONE', ( #8321 ), #3756, .F. ) ;
#4012 = CARTESIAN_POINT ( 'NONE',  ( -4.000000000000003553, 0.9000000000000003553, -4.154700538379143993 ) ) ;
#4013 = DIRECTION ( 'NONE',  ( 0.000000000000000000, 0.000000000000000000, -1.000000000000000000 ) ) ;
#4014 = EDGE_CURVE ( 'NONE', #3528, #6748, #9270, .T. ) ;
#4015 = EDGE_CURVE ( 'NONE', #1995, #10558, #2860, .T. ) ;
#4016 = FACE_OUTER_BOUND ( 'NONE', #3547, .T. ) ;
#4017 = DIRECTION ( 'NONE',  ( 0.000000000000000000, -0.000000000000000000, 1.000000000000000000 ) ) ;
#4018 = AXIS2_PLACEMENT_3D ( 'NONE', #3346, #4357, #7087 ) ;
#4019 = EDGE_CURVE ( 'NONE', #6889, #9107, #8373, .T. ) ;
#4020 = EDGE_CURVE ( 'NONE', #9157, #3878, #10264, .T. ) ;
#4021 = EDGE_LOOP ( 'NONE', ( #3135, #10045, #3838, #10959 ) ) ;
#4022 = CARTESIAN_POINT ( 'NONE',  ( 0.000000000000000000, 23.00000000000000000, 0.000000000000000000 ) ) ;
#4023 = ORIENTED_EDGE ( 'NONE', *, *, #4879, .F. ) ;
#4024 = CARTESIAN_POINT ( 'NONE',  ( 5.499999999999997335, 2.500000000000000000, -5.309401076758394566 ) ) ;
#4025 = VERTEX_POINT ( 'NONE', #9385 ) ;
#4026 = FACE_OUTER_BOUND ( 'NONE', #735, .T. ) ;
#4027 = ORIENTED_EDGE ( 'NONE', *, *, #8997, .F. ) ;
#4028 = FACE_OUTER_BOUND ( 'NONE', #8542, .T. ) ;
#4029 = DIRECTION ( 'NONE',  ( -1.000000000000000000, 0.000000000000000000, 0.000000000000000000 ) ) ;
#4030 = CARTESIAN_POINT ( 'NONE',  ( 0.000000000000000000, 6.123233995736766036E-17, -0.5000000000000000000 ) ) ;
#4031 = CYLINDRICAL_SURFACE ( 'NONE', #7332, 11.00000000000000000 ) ;
#4032 = PLANE ( 'NONE',  #11579 ) ;
#4033 = ADVANCED_FACE ( 'NONE', ( #6840, #656 ), #10441, .T. ) ;
#4034 = ORIENTED_EDGE ( 'NONE', *, *, #11337, .T. ) ;
#4035 = CARTESIAN_POINT ( 'NONE',  ( -0.6979409270859333603, -0.1959368193116775014, -0.7302995190835728234 ) ) ;
#4036 = ORIENTED_EDGE ( 'NONE', *, *, #2489, .T. ) ;
#4037 = CARTESIAN_POINT ( 'NONE',  ( 2.099999999999999645, -4.001000000000000334, 0.4999999999999991673 ) ) ;
#4038 = AXIS2_PLACEMENT_3D ( 'NONE', #2930, #4824, #10214 ) ;
#4039 = ORIENTED_EDGE ( 'NONE', *, *, #6064, .T. ) ;
#4040 = ORIENTED_EDGE ( 'NONE', *, *, #1122, .T. ) ;
#4041 = VECTOR ( 'NONE', #1268, 1000.000000000000000 ) ;
#4042 = COLOUR_RGB ( '',1.000000000000000000, 0.8705882352941176627, 0.5294117647058823595 ) ;
#4043 = CIRCLE ( 'NONE', #6500, 1.000000000000000000 ) ;
#4044 = CARTESIAN_POINT ( 'NONE',  ( 2.000000000000000000, 0.000000000000000000, -1.600000000000000089 ) ) ;
#4045 = CARTESIAN_POINT ( 'NONE',  ( -1.000000000000001776, -1.732050807568876527, -1.600000000000000089 ) ) ;
#4046 = DIRECTION ( 'NONE',  ( 0.000000000000000000, -1.000000000000000000, 0.000000000000000000 ) ) ;
#4047 = DIRECTION ( 'NONE',  ( 0.000000000000000000, 0.000000000000000000, 1.000000000000000000 ) ) ;
#4048 = PRODUCT_DEFINITION ( 'UNKNOWN', '', #4183, #7693 ) ;
#4049 = EDGE_LOOP ( 'NONE', ( #10371, #10588 ) ) ;
#4050 = CARTESIAN_POINT ( 'NONE',  ( 0.000000000000000000, 17.00000000000000000, -14.23219574315701408 ) ) ;
#4051 = CONICAL_SURFACE ( 'NONE', #436, 2.000000000000000000, 1.047197551196596299 ) ;
#4052 = AXIS2_PLACEMENT_3D ( 'NONE', #10993, #7323, #78 ) ;
#4053 = CARTESIAN_POINT ( 'NONE',  ( 0.000000000000000000, 4.738805170303855086E-16, -1.469518839163146406 ) ) ;
#4054 = VECTOR ( 'NONE', #11350, 1000.000000000000000 ) ;
#4055 = AXIS2_PLACEMENT_3D ( 'NONE', #7222, #10830, #6334 ) ;
#4056 = ORIENTED_EDGE ( 'NONE', *, *, #8576, .F. ) ;
#4057 = VECTOR ( 'NONE', #4989, 1000.000000000000227 ) ;
#4058 = VECTOR ( 'NONE', #4508, 1000.000000000000000 ) ;
#4059 = DIRECTION ( 'NONE',  ( 0.8660254037844385966, 0.5000000000000000000, 0.000000000000000000 ) ) ;
#4060 = CARTESIAN_POINT ( 'NONE',  ( -2.000000000000000000, -0.1951254011572752800, -1.600000000000000089 ) ) ;
#4061 =( GEOMETRIC_REPRESENTATION_CONTEXT ( 3 ) GLOBAL_UNCERTAINTY_ASSIGNED_CONTEXT ( ( #11021 ) ) GLOBAL_UNIT_ASSIGNED_CONTEXT ( ( #3204, #346, #6825 ) ) REPRESENTATION_CONTEXT ( 'NONE', 'WORKASPACE' ) );
#4062 = ORIENTED_EDGE ( 'NONE', *, *, #1290, .T. ) ;
#4063 = DIRECTION ( 'NONE',  ( 0.000000000000000000, 1.000000000000000000, 0.000000000000000000 ) ) ;
#4064 = FACE_OUTER_BOUND ( 'NONE', #2151, .T. ) ;
#4065 = PLANE ( 'NONE',  #2995 ) ;
#4066 = ORIENTED_EDGE ( 'NONE', *, *, #4583, .T. ) ;
#4067 = AXIS2_PLACEMENT_3D ( 'NONE', #9601, #10474, #4197 ) ;
#4068 = DIRECTION ( 'NONE',  ( -1.000000000000000000, 0.000000000000000000, 0.000000000000000000 ) ) ;
#4069 = VECTOR ( 'NONE', #2295, 1000.000000000000000 ) ;
#4070 = EDGE_CURVE ( 'NONE', #1042, #7964, #6412, .T. ) ;
#4071 = EDGE_LOOP ( 'NONE', ( #2668, #9057, #7336, #3853 ) ) ;
#4072 = APPLICATION_CONTEXT ( 'automotive_design' ) ;
#4073 = DIRECTION ( 'NONE',  ( -0.000000000000000000, 1.224649721909276639E-16, -1.000000000000000000 ) ) ;
#4074 = ORIENTED_EDGE ( 'NONE', *, *, #3566, .F. ) ;
#4075 = CARTESIAN_POINT ( 'NONE',  ( 0.000000000000000000, 23.00000000000000000, 0.000000000000000000 ) ) ;
#4076 = DIRECTION ( 'NONE',  ( 0.000000000000000000, 0.000000000000000000, -1.000000000000000000 ) ) ;
#4077 = VECTOR ( 'NONE', #8489, 1000.000000000000000 ) ;
#4078 = DIRECTION ( 'NONE',  ( 0.000000000000000000, 0.000000000000000000, 1.000000000000000000 ) ) ;
#4079 = LINE ( 'NONE', #4905, #7095 ) ;
#4080 = ORIENTED_EDGE ( 'NONE', *, *, #8213, .F. ) ;
#4081 = DIRECTION ( 'NONE',  ( -1.000000000000000000, -0.000000000000000000, -0.000000000000000000 ) ) ;
#4082 = EDGE_CURVE ( 'NONE', #8192, #9675, #1863, .T. ) ;
#4083 = VERTEX_POINT ( 'NONE', #9572 ) ;
#4084 = CARTESIAN_POINT ( 'NONE',  ( 3.500000000000000000, 0.000000000000000000, 0.000000000000000000 ) ) ;
#4085 = ADVANCED_FACE ( 'NONE', ( #9681 ), #11522, .F. ) ;
#4086 = AXIS2_PLACEMENT_3D ( 'NONE', #5993, #1475, #5087 ) ;
#4087 = VERTEX_POINT ( 'NONE', #8557 ) ;
#4088 = CARTESIAN_POINT ( 'NONE',  ( 5.500000000000000888, 0.000000000000000000, -3.000000000000000000 ) ) ;
#4089 = ORIENTED_EDGE ( 'NONE', *, *, #6691, .F. ) ;
#4090 = PRESENTATION_STYLE_ASSIGNMENT (( #3078 ) ) ;
#4091 = EDGE_CURVE ( 'NONE', #3968, #6564, #7672, .T. ) ;
#4092 = CARTESIAN_POINT ( 'NONE',  ( -8.000000000000000000, 17.00000000000000000, -8.732195743157015855 ) ) ;
#4093 = CARTESIAN_POINT ( 'NONE',  ( -1.672828002720946339, 1.343593379079620398, -0.06957546252590333935 ) ) ;
#4094 = AXIS2_PLACEMENT_3D ( 'NONE', #8056, #979, #810 ) ;
#4095 = AXIS2_PLACEMENT_3D ( 'NONE', #11556, #4264, #10481 ) ;
#4096 = DIRECTION ( 'NONE',  ( 0.000000000000000000, 1.000000000000000000, 0.000000000000000000 ) ) ;
#4097 = PRODUCT_DEFINITION_SHAPE ( 'NONE', 'NONE',  #1204 ) ;
#4098 = DIRECTION ( 'NONE',  ( 0.8571673007021094470, 0.000000000000000000, 0.5150380749100589295 ) ) ;
#4099 = VERTEX_POINT ( 'NONE', #4050 ) ;
#4100 = DIRECTION ( 'NONE',  ( 0.000000000000000000, 1.000000000000000000, 0.000000000000000000 ) ) ;
#4101 = EDGE_CURVE ( 'NONE', #7643, #10488, #4219, .T. ) ;
#4102 = ORIENTED_EDGE ( 'NONE', *, *, #7933, .F. ) ;
#4103 = CARTESIAN_POINT ( 'NONE',  ( -2.000000000000000000, 1.154700538379251240, -0.1786327949540822413 ) ) ;
#4104 = ORIENTED_EDGE ( 'NONE', *, *, #4091, .F. ) ;
#4105 = ORIENTED_EDGE ( 'NONE', *, *, #1378, .F. ) ;
#4106 = ADVANCED_FACE ( 'NONE', ( #482 ), #5955, .F. ) ;
#4107 = ADVANCED_FACE ( 'NONE', ( #6960 ), #6070, .T. ) ;
#4108 = CARTESIAN_POINT ( 'NONE',  ( 0.3271719972790544384, 2.120508236058134433, -0.06957546252590364466 ) ) ;
#4109 = LINE ( 'NONE', #653, #9222 ) ;
#4110 = DIRECTION ( 'NONE',  ( -0.000000000000000000, -0.000000000000000000, 1.000000000000000000 ) ) ;
#4111 = VECTOR ( 'NONE', #309, 1000.000000000000000 ) ;
#4112 = CIRCLE ( 'NONE', #10723, 1.000000000000000000 ) ;
#4113 = EDGE_LOOP ( 'NONE', ( #6733, #3185, #4837, #5570 ) ) ;
#4114 = CYLINDRICAL_SURFACE ( 'NONE', #1286, 2.999999999999999112 ) ;
#4115 = SURFACE_STYLE_USAGE ( .BOTH. , #484 ) ;
#4116 = AXIS2_PLACEMENT_3D ( 'NONE', #4305, #2461, #11537 ) ;
#4117 = CYLINDRICAL_SURFACE ( 'NONE', #3858, 2.500000000000000000 ) ;
#4118 = AXIS2_PLACEMENT_3D ( 'NONE', #2741, #9979, #1856 ) ;
#4119 = EDGE_LOOP ( 'NONE', ( #5973, #9261, #9049, #8687, #9541 ) ) ;
#4120 = ITEM_DEFINED_TRANSFORMATION ( 'NONE', 'NONE', #9851,  #4873 ) ;
#4121 =( NAMED_UNIT ( * ) SI_UNIT ( $, .STERADIAN. ) SOLID_ANGLE_UNIT ( ) );
#4122 = ORIENTED_EDGE ( 'NONE', *, *, #4446, .F. ) ;
#4123 = DIRECTION ( 'NONE',  ( -1.000000000000000000, -0.000000000000000000, -0.000000000000000000 ) ) ;
#4124 = CARTESIAN_POINT ( 'NONE',  ( 4.250000000000000000, 0.000000000000000000, 10.00000000000000000 ) ) ;
#4125 = CARTESIAN_POINT ( 'NONE',  ( -0.4682615195960990739, 0.8110527431698566492, -500000.0000000000582 ) ) ;
#4126 =( GEOMETRIC_REPRESENTATION_CONTEXT ( 3 ) GLOBAL_UNCERTAINTY_ASSIGNED_CONTEXT ( ( #5472 ) ) GLOBAL_UNIT_ASSIGNED_CONTEXT ( ( #10754, #9815, #10807 ) ) REPRESENTATION_CONTEXT ( 'NONE', 'WORKASPACE' ) );
#4127 = ORIENTED_EDGE ( 'NONE', *, *, #10739, .F. ) ;
#4128 = AXIS2_PLACEMENT_3D ( 'NONE', #11144, #2844, #8416 ) ;
#4129 = ORIENTED_EDGE ( 'NONE', *, *, #9372, .F. ) ;
#4130 = CARTESIAN_POINT ( 'NONE',  ( 0.000000000000000000, 0.000000000000000000, -1.600000000000000089 ) ) ;
#4131 = EDGE_CURVE ( 'NONE', #1354, #9762, #3792, .T. ) ;
#4132 = ORIENTED_EDGE ( 'NONE', *, *, #6129, .F. ) ;
#4133 = DIRECTION ( 'NONE',  ( 1.000000000000000000, 0.000000000000000000, 0.000000000000000000 ) ) ;
#4134 = CARTESIAN_POINT ( 'NONE',  ( 0.04188853298408787978, 0.8749216220463295057, -0.6400376753912195849 ) ) ;
#4135 = DIRECTION ( 'NONE',  ( 1.000000000000000000, 0.000000000000000000, 0.000000000000000000 ) ) ;
#4136 = VECTOR ( 'NONE', #8882, 1000.000000000000227 ) ;
#4137 = DIRECTION ( 'NONE',  ( -1.000000000000000000, 0.000000000000000000, 0.000000000000000000 ) ) ;
#4138 = CARTESIAN_POINT ( 'NONE',  ( -8.000000000000000000, 17.00000000000000000, -14.23219574315701408 ) ) ;
#4139 = ORIENTED_EDGE ( 'NONE', *, *, #3739, .T. ) ;
#4140 = CARTESIAN_POINT ( 'NONE',  ( -1.169735307079674547, -1.634054082335445690, -1.600000000000000089 ) ) ;
#4141 = VERTEX_POINT ( 'NONE', #2266 ) ;
#4142 = DIRECTION ( 'NONE',  ( -1.000000000000000000, 0.000000000000000000, 0.000000000000000000 ) ) ;
#4143 = ORIENTED_EDGE ( 'NONE', *, *, #6691, .T. ) ;
#4144 = LINE ( 'NONE', #11607, #5465 ) ;
#4145 = AXIS2_PLACEMENT_3D ( 'NONE', #2619, #1848, #6359 ) ;
#4146 = ORIENTED_EDGE ( 'NONE', *, *, #10378, .T. ) ;
#4147 = DIRECTION ( 'NONE',  ( 0.000000000000000000, 1.000000000000000000, 2.168404344971008868E-16 ) ) ;
#4148 = LINE ( 'NONE', #10595, #879 ) ;
#4149 = CARTESIAN_POINT ( 'NONE',  ( 4.099999999999999645, 2.971690854684141847, -0.8999999999999992450 ) ) ;
#4150 = EDGE_CURVE ( 'NONE', #4025, #6162, #4336, .T. ) ;
#4151 = DIRECTION ( 'NONE',  ( -0.8660254037844381525, 0.5000000000000007772, 0.000000000000000000 ) ) ;
#4152 = CARTESIAN_POINT ( 'NONE',  ( 8.500000000000000000, 2.500000000000000000, -6.000000000000000000 ) ) ;
#4153 = AXIS2_PLACEMENT_3D ( 'NONE', #5394, #1716, #1536 ) ;
#4154 = ORIENTED_EDGE ( 'NONE', *, *, #2120, .T. ) ;
#4155 = FACE_OUTER_BOUND ( 'NONE', #3895, .T. ) ;
#4156 = ORIENTED_EDGE ( 'NONE', *, *, #10971, .T. ) ;
#4157 = CARTESIAN_POINT ( 'NONE',  ( -17.30000000000000071, 0.000000000000000000, 1.550000000000000044 ) ) ;
#4158 = EDGE_LOOP ( 'NONE', ( #2256, #9758, #4359, #9315 ) ) ;
#4159 = ORIENTED_EDGE ( 'NONE', *, *, #3814, .F. ) ;
#4160 = SURFACE_STYLE_FILL_AREA ( #8719 ) ;
#4161 = CARTESIAN_POINT ( 'NONE',  ( 2.000000000000000000, -1.154700538379255015, -1.421367205045916737 ) ) ;
#4162 = EDGE_CURVE ( 'NONE', #7788, #7122, #146, .T. ) ;
#4163 = ADVANCED_FACE ( 'NONE', ( #4168 ), #4114, .T. ) ;
#4164 = EDGE_CURVE ( 'NONE', #5348, #259, #7782, .T. ) ;
#4165 = FACE_OUTER_BOUND ( 'NONE', #8762, .T. ) ;
#4166 = DIRECTION ( 'NONE',  ( 1.000000000000000000, 0.000000000000000000, 0.000000000000000000 ) ) ;
#4167 = ORIENTED_EDGE ( 'NONE', *, *, #2635, .F. ) ;
#4168 = FACE_OUTER_BOUND ( 'NONE', #10468, .T. ) ;
#4169 = ADVANCED_FACE ( 'NONE', ( #5162 ), #11394, .T. ) ;
#4170 = ADVANCED_FACE ( 'NONE', ( #2386 ), #9060, .T. ) ;
#4171 = DIRECTION ( 'NONE',  ( -0.000000000000000000, -1.000000000000000000, -0.000000000000000000 ) ) ;
#4172 = CARTESIAN_POINT ( 'NONE',  ( 2.099999999999999645, 4.001000000000000334, 0.4999999999999991673 ) ) ;
#4173 = VERTEX_POINT ( 'NONE', #718 ) ;
#4174 = AXIS2_PLACEMENT_3D ( 'NONE', #4955, #5728, #7690 ) ;
#4175 = CARTESIAN_POINT ( 'NONE',  ( 0.000000000000000000, 4.738805170303855086E-16, -1.869518839163146762 ) ) ;
#4176 = CARTESIAN_POINT ( 'NONE',  ( 1.836821824868180020, 1.248911501717478334, -1.475759930090789540 ) ) ;
#4177 = VERTEX_POINT ( 'NONE', #7019 ) ;
#4178 = DIRECTION ( 'NONE',  ( -0.000000000000000000, -0.000000000000000000, 1.000000000000000000 ) ) ;
#4179 = DIRECTION ( 'NONE',  ( 0.000000000000000000, 0.000000000000000000, -1.000000000000000000 ) ) ;
#4180 = LINE ( 'NONE', #2511, #716 ) ;
#4181 = ADVANCED_FACE ( 'NONE', ( #11638 ), #3514, .T. ) ;
#4182 = EDGE_LOOP ( 'NONE', ( #3101, #11493 ) ) ;
#4183 = PRODUCT_DEFINITION_FORMATION_WITH_SPECIFIED_SOURCE ( 'ANY', '', #3042, .NOT_KNOWN. ) ;
#4184 = ORIENTED_EDGE ( 'NONE', *, *, #7107, .T. ) ;
#4185 =( LENGTH_UNIT ( ) NAMED_UNIT ( * ) SI_UNIT ( .MILLI., .METRE. ) );
#4186 = SHAPE_REPRESENTATION ( 'hex nut style 1 gradeab_iso_ISO - 4032 - M2 - D - N', ( #4873 ), #1313 ) ;
#4187 = ORIENTED_EDGE ( 'NONE', *, *, #3291, .F. ) ;
#4188 = DIRECTION ( 'NONE',  ( -1.000000000000000000, 0.000000000000000000, 6.982962677686266711E-15 ) ) ;
#4189 = CARTESIAN_POINT ( 'NONE',  ( -0.04123106663163173674, 0.8750777604359804007, -0.6399626214424706250 ) ) ;
#4190 = CARTESIAN_POINT ( 'NONE',  ( 0.8302646929203288950, -1.830047532802312249, -2.134523027080836115E-16 ) ) ;
#4191 = CARTESIAN_POINT ( 'NONE',  ( 0.6062177826491110810, -0.3500000000000007550, 0.000000000000000000 ) ) ;
#4192 =( NAMED_UNIT ( * ) SI_UNIT ( $, .STERADIAN. ) SOLID_ANGLE_UNIT ( ) );
#4193 = PRODUCT_RELATED_PRODUCT_CATEGORY ( 'part', '', ( #384 ) ) ;
#4194 = ORIENTED_EDGE ( 'NONE', *, *, #219, .T. ) ;
#4195 = DIRECTION ( 'NONE',  ( -0.000000000000000000, 0.000000000000000000, -1.000000000000000000 ) ) ;
#4196 = ORIENTED_EDGE ( 'NONE', *, *, #5395, .T. ) ;
#4197 = DIRECTION ( 'NONE',  ( 1.000000000000000000, 0.000000000000000000, 0.000000000000000000 ) ) ;
#4198 = B_SPLINE_CURVE_WITH_KNOTS ( 'NONE', 3,
 ( #2377, #3211, #2257, #9496, #10549, #1357 ),
 .UNSPECIFIED., .F., .F.,
 ( 4, 2, 4 ),
 ( 0.001168606431211099148, 0.001750609284260044515, 0.002332612137308990100 ),
 .UNSPECIFIED. ) ;
#4199 = VERTEX_POINT ( 'NONE', #7131 ) ;
#4200 = LINE ( 'NONE', #6993, #3922 ) ;
#4201 = UNCERTAINTY_MEASURE_WITH_UNIT (LENGTH_MEASURE( 1.000000000000000082E-05 ), #7897, 'distance_accuracy_value', 'NONE');
#4202 = VERTEX_POINT ( 'NONE', #8130 ) ;
#4203 = FACE_OUTER_BOUND ( 'NONE', #1839, .T. ) ;
#4204 = CIRCLE ( 'NONE', #17, 10.00000000000000000 ) ;
#4205 = CARTESIAN_POINT ( 'NONE',  ( -0.7853121299727640059, 0.3592888647654752243, -0.6472344396564574387 ) ) ;
#4206 = CARTESIAN_POINT ( 'NONE',  ( 5.500000000000000888, 2.500000000000000000, -21.00000000000000000 ) ) ;
#4207 = CARTESIAN_POINT ( 'NONE',  ( -2.000000000000001776, -0.7999999999999847233, -2.999999999999891642 ) ) ;
#4208 = ORIENTED_EDGE ( 'NONE', *, *, #4477, .F. ) ;
#4209 = LINE ( 'NONE', #8482, #4534 ) ;
#4210 = ORIENTED_EDGE ( 'NONE', *, *, #50, .F. ) ;
#4211 = CARTESIAN_POINT ( 'NONE',  ( -1.000000000000000000, 0.000000000000000000, 0.000000000000000000 ) ) ;
#4212 = EDGE_LOOP ( 'NONE', ( #6922, #11089 ) ) ;
#4213 = ORIENTED_EDGE ( 'NONE', *, *, #1394, .T. ) ;
#4214 = PRESENTATION_STYLE_ASSIGNMENT (( #1362 ) ) ;
#4215 = LINE ( 'NONE', #1667, #3137 ) ;
#4216 = DIRECTION ( 'NONE',  ( -0.5000000000000008882, -0.8660254037844382635, 0.000000000000000000 ) ) ;
#4217 = DIRECTION ( 'NONE',  ( -1.000000000000000000, 0.000000000000000000, 0.000000000000000000 ) ) ;
#4218 = ORIENTED_EDGE ( 'NONE', *, *, #1122, .F. ) ;
#4219 = LINE ( 'NONE', #6730, #6234 ) ;
#4220 = CIRCLE ( 'NONE', #1946, 1.000000000000000000 ) ;
#4221 = APPLICATION_CONTEXT ( 'automotive_design' ) ;
#4222 = ADVANCED_FACE ( 'NONE', ( #776, #7186 ), #8846, .T. ) ;
#4223 = COLOUR_RGB ( '',0.007843137254901960675, 0.2392156862745097867, 0.8235294117647058432 ) ;
#4224 = EDGE_CURVE ( 'NONE', #8469, #1744, #7356, .T. ) ;
#4225 = DIRECTION ( 'NONE',  ( -0.000000000000000000, -0.000000000000000000, 1.000000000000000000 ) ) ;
#4226 = ORIENTED_EDGE ( 'NONE', *, *, #1488, .F. ) ;
#4227 = EDGE_CURVE ( 'NONE', #6498, #8352, #6994, .T. ) ;
#4228 = SURFACE_STYLE_FILL_AREA ( #10565 ) ;
#4229 = ADVANCED_FACE ( 'NONE', ( #7960 ), #5349, .T. ) ;
#4230 = DIRECTION ( 'NONE',  ( 0.000000000000000000, 0.000000000000000000, 1.000000000000000000 ) ) ;
#4231 = ORIENTED_EDGE ( 'NONE', *, *, #1290, .F. ) ;
#4232 = DIRECTION ( 'NONE',  ( 0.000000000000000000, 1.000000000000000000, 0.000000000000000000 ) ) ;
#4233 = AXIS2_PLACEMENT_3D ( 'NONE', #6675, #3955, #3121 ) ;
#4234 = CARTESIAN_POINT ( 'NONE',  ( -17.94999999999999929, 0.000000000000000000, 0.000000000000000000 ) ) ;
#4235 = CIRCLE ( 'NONE', #10854, 2.499999999999998668 ) ;
#4236 = STYLED_ITEM ( 'NONE', ( #9075 ), #5560 ) ;
#4237 = PLANE ( 'NONE',  #10937 ) ;
#4238 = VERTEX_POINT ( 'NONE', #10616 ) ;
#4239 = CIRCLE ( 'NONE', #631, 2.000000000000000000 ) ;
#4240 = ORIENTED_EDGE ( 'NONE', *, *, #9012, .F. ) ;
#4241 = AXIS2_PLACEMENT_3D ( 'NONE', #1662, #4337, #9895 ) ;
#4242 = FACE_OUTER_BOUND ( 'NONE', #2854, .T. ) ;
#4243 = CIRCLE ( 'NONE', #5381, 2.000000000000000000 ) ;
#4244 = ORIENTED_EDGE ( 'NONE', *, *, #4070, .F. ) ;
#4245 = EDGE_CURVE ( 'NONE', #11067, #5927, #9908, .T. ) ;
#4246 = CARTESIAN_POINT ( 'NONE',  ( 2.000000000000000000, -1.154700538379255015, -0.1786327949540832127 ) ) ;
#4247 = EDGE_CURVE ( 'NONE', #2846, #9208, #9850, .T. ) ;
#4248 = CARTESIAN_POINT ( 'NONE',  ( 0.7812177826491109034, -0.3500000000000007550, 0.000000000000000000 ) ) ;
#4249 = VECTOR ( 'NONE', #7997, 1000.000000000000000 ) ;
#4250 = DIRECTION ( 'NONE',  ( 0.000000000000000000, 0.000000000000000000, 1.000000000000000000 ) ) ;
#4251 = CARTESIAN_POINT ( 'NONE',  ( 0.000000000000000000, 1.000000000000000444, -2.530481160836854482 ) ) ;
#4252 = DIRECTION ( 'NONE',  ( 1.000000000000000000, 0.000000000000000000, -0.000000000000000000 ) ) ;
#4253 = CIRCLE ( 'NONE', #5774, 5.500000000000000000 ) ;
#4254 = B_SPLINE_CURVE_WITH_KNOTS ( 'NONE', 3,
 ( #1636, #7982, #9035, #6154 ),
 .UNSPECIFIED., .F., .F.,
 ( 4, 4 ),
 ( 2.380749485076419225E-07, 0.001168606431211098931 ),
 .UNSPECIFIED. ) ;
#4255 = VECTOR ( 'NONE', #11126, 1000.000000000000000 ) ;
#4256 = EDGE_LOOP ( 'NONE', ( #4597, #2875, #7262, #10957 ) ) ;
#4257 = CARTESIAN_POINT ( 'NONE',  ( 0.000000000000000000, 0.000000000000000000, 0.000000000000000000 ) ) ;
#4258 = ORIENTED_EDGE ( 'NONE', *, *, #6753, .F. ) ;
#4259 = CARTESIAN_POINT ( 'NONE',  ( 1.999999999999999556, 0.9679918988505321620, -1.475265346691885027 ) ) ;
#4260 = ORIENTED_EDGE ( 'NONE', *, *, #4582, .F. ) ;
#4261 = CARTESIAN_POINT ( 'NONE',  ( 4.099999999999999645, -2.821690854684141936, 0.8999999999999992450 ) ) ;
#4262 = AXIS2_PLACEMENT_3D ( 'NONE', #8753, #506, #4137 ) ;
#4263 = ORIENTED_EDGE ( 'NONE', *, *, #2706, .F. ) ;
#4264 = DIRECTION ( 'NONE',  ( -0.000000000000000000, 1.224649721909276639E-16, -1.000000000000000000 ) ) ;
#4265 = CARTESIAN_POINT ( 'NONE',  ( -0.8302646929203290060, 1.830047532802309806, 9.328656192427350549E-16 ) ) ;
#4266 = CARTESIAN_POINT ( 'NONE',  ( -2.000000000000000000, 0.8999999999999995781, -20.99999999999990763 ) ) ;
#4267 = CARTESIAN_POINT ( 'NONE',  ( 0.000000000000000000, -2.821690854684141936, -0.9000000000000006883 ) ) ;
#4268 = DIRECTION ( 'NONE',  ( 1.000000000000000000, 0.000000000000000000, 0.000000000000000000 ) ) ;
#4269 = ORIENTED_EDGE ( 'NONE', *, *, #7715, .T. ) ;
#4270 = VECTOR ( 'NONE', #3142, 1000.000000000000000 ) ;
#4271 = CARTESIAN_POINT ( 'NONE',  ( 5.500000000000000888, 2.500000000000000000, -18.00000000000000355 ) ) ;
#4272 = ORIENTED_EDGE ( 'NONE', *, *, #1830, .F. ) ;
#4273 = DIRECTION ( 'NONE',  ( -1.000000000000000000, -0.000000000000000000, -0.000000000000000000 ) ) ;
#4274 = ORIENTED_EDGE ( 'NONE', *, *, #9411, .F. ) ;
#4275 = EDGE_LOOP ( 'NONE', ( #5549, #4146, #2801, #7674 ) ) ;
#4276 = FILL_AREA_STYLE_COLOUR ( '', #11121 ) ;
#4277 = CARTESIAN_POINT ( 'NONE',  ( 3.499999999999997335, 0.8999999999999986899, -1.845299461620636627 ) ) ;
#4278 = EDGE_CURVE ( 'NONE', #2363, #824, #8117, .T. ) ;
#4279 = CIRCLE ( 'NONE', #3331, 1.999999999999999556 ) ;
#4280 = FACE_OUTER_BOUND ( 'NONE', #2624, .T. ) ;
#4281 = CARTESIAN_POINT ( 'NONE',  ( -17.30000000000000071, 0.000000000000000000, 0.000000000000000000 ) ) ;
#4282 = CARTESIAN_POINT ( 'NONE',  ( 3.599999999999992095, 2.821690854684141936, 0.9000000000000006883 ) ) ;
#4283 = EDGE_LOOP ( 'NONE', ( #3253, #5278 ) ) ;
#4284 = ADVANCED_FACE ( 'NONE', ( #1675 ), #11519, .T. ) ;
#4285 = CARTESIAN_POINT ( 'NONE',  ( -1.000000000000000000, 0.000000000000000000, 0.000000000000000000 ) ) ;
#4286 = CARTESIAN_POINT ( 'NONE',  ( 1.000000000000000000, 0.000000000000000000, 0.000000000000000000 ) ) ;
#4287 = AXIS2_PLACEMENT_3D ( 'NONE', #4718, #8339, #201 ) ;
#4288 = DIRECTION ( 'NONE',  ( 1.000000000000000000, 0.000000000000000000, 0.000000000000000000 ) ) ;
#4289 = ORIENTED_EDGE ( 'NONE', *, *, #8691, .T. ) ;
#4290 = ITEM_DEFINED_TRANSFORMATION ( 'NONE', 'NONE', #4733,  #4873 ) ;
#4291 = CARTESIAN_POINT ( 'NONE',  ( 0.000000000000000000, 0.000000000000000000, 0.000000000000000000 ) ) ;
#4292 = SURFACE_STYLE_USAGE ( .BOTH. , #6078 ) ;
#4293 = AXIS2_PLACEMENT_3D ( 'NONE', #6552, #8445, #3231 ) ;
#4294 = EDGE_LOOP ( 'NONE', ( #9359, #4362, #3030, #1500 ) ) ;
#4295 = DIRECTION ( 'NONE',  ( -1.000000000000000000, 0.000000000000000000, 0.000000000000000000 ) ) ;
#4296 = DIRECTION ( 'NONE',  ( -0.000000000000000000, -1.000000000000000000, 0.000000000000000000 ) ) ;
#4297 = ADVANCED_FACE ( 'NONE', ( #6127 ), #3449, .T. ) ;
#4298 = EDGE_CURVE ( 'NONE', #2982, #11386, #3199, .T. ) ;
#4299 = CYLINDRICAL_SURFACE ( 'NONE', #1484, 0.3062499999999995781 ) ;
#4300 = ORIENTED_EDGE ( 'NONE', *, *, #5325, .F. ) ;
#4301 = AXIS2_PLACEMENT_3D ( 'NONE', #805, #8220, #81 ) ;
#4302 = CONICAL_SURFACE ( 'NONE', #6957, 0.7740000000000000213, 1.047197551196601628 ) ;
#4303 = AXIS2_PLACEMENT_3D ( 'NONE', #5006, #11465, #2398 ) ;
#4304 = ORIENTED_EDGE ( 'NONE', *, *, #544, .T. ) ;
#4305 = CARTESIAN_POINT ( 'NONE',  ( 0.000000000000000000, 4.738805170303855086E-16, -2.269518839163146673 ) ) ;
#4306 = VERTEX_POINT ( 'NONE', #6299 ) ;
#4307 = ADVANCED_BREP_SHAPE_REPRESENTATION ( '', ( #1700, #4873 ), #6027 ) ;
#4308 = CARTESIAN_POINT ( 'NONE',  ( 7.090852290484617626, -0.3502617553266174077, 1033.600000000006958 ) ) ;
#4309 = CARTESIAN_POINT ( 'NONE',  ( -0.7263287850284133595, 0.2227272727272731900, -500000.0000000000582 ) ) ;
#4310 = CARTESIAN_POINT ( 'NONE',  ( 0.000000000000000000, 0.000000000000000000, 0.000000000000000000 ) ) ;
#4311 = DIRECTION ( 'NONE',  ( 0.000000000000000000, 0.000000000000000000, -1.000000000000000000 ) ) ;
#4312 =( LENGTH_UNIT ( ) NAMED_UNIT ( * ) SI_UNIT ( .MILLI., .METRE. ) );
#4313 = EDGE_CURVE ( 'NONE', #7739, #644, #8901, .T. ) ;
#4314 = MECHANICAL_DESIGN_GEOMETRIC_PRESENTATION_REPRESENTATION (  '', ( #6589 ), #4126 ) ;
#4315 = AXIS2_PLACEMENT_3D ( 'NONE', #1908, #7421, #3991 ) ;
#4316 = ORIENTED_EDGE ( 'NONE', *, *, #2621, .F. ) ;
#4317 = CARTESIAN_POINT ( 'NONE',  ( 3.000000000000000000, 3.673940397442060361E-16, 3.000000000000000444 ) ) ;
#4318 = ADVANCED_FACE ( 'NONE', ( #11697 ), #3574, .F. ) ;
#4319 = VERTEX_POINT ( 'NONE', #3626 ) ;
#4320 = EDGE_CURVE ( 'NONE', #7122, #8745, #9183, .T. ) ;
#4321 = DIRECTION ( 'NONE',  ( -0.000000000000000000, 1.224649721909276639E-16, -1.000000000000000000 ) ) ;
#4322 = ORIENTED_EDGE ( 'NONE', *, *, #8374, .T. ) ;
#4323 = STYLED_ITEM ( 'NONE', ( #5341 ), #9947 ) ;
#4324 = CYLINDRICAL_SURFACE ( 'NONE', #2435, 1.000000000000000444 ) ;
#4325 = AXIS2_PLACEMENT_3D ( 'NONE', #9966, #1843, #5345 ) ;
#4326 = EDGE_LOOP ( 'NONE', ( #5173, #6358, #1956, #10334, #9105 ) ) ;
#4327 = CARTESIAN_POINT ( 'NONE',  ( 1.000000000000000444, 0.000000000000000000, -1.199999999999999956 ) ) ;
#4328 = CIRCLE ( 'NONE', #11330, 0.7740000000000000213 ) ;
#4329 = DIRECTION ( 'NONE',  ( -0.7071067811865500152, -0.000000000000000000, -0.7071067811865451302 ) ) ;
#4330 = CARTESIAN_POINT ( 'NONE',  ( 0.000000000000000000, 4.738805170303855086E-16, -2.269518839163146673 ) ) ;
#4331 = LINE ( 'NONE', #871, #5523 ) ;
#4332 = ORIENTED_EDGE ( 'NONE', *, *, #5, .F. ) ;
#4333 = DIRECTION ( 'NONE',  ( 0.000000000000000000, 0.000000000000000000, -1.000000000000000000 ) ) ;
#4334 = ORIENTED_EDGE ( 'NONE', *, *, #5708, .T. ) ;
#4335 = EDGE_CURVE ( 'NONE', #4306, #8469, #537, .T. ) ;
#4336 = CIRCLE ( 'NONE', #8874, 1.400000000000015898 ) ;
#4337 = DIRECTION ( 'NONE',  ( -1.000000000000000000, -0.000000000000000000, -0.000000000000000000 ) ) ;
#4338 = ORIENTED_EDGE ( 'NONE', *, *, #3014, .F. ) ;
#4339 = EDGE_LOOP ( 'NONE', ( #6559, #10924, #470, #1269 ) ) ;
#4340 = SURFACE_STYLE_FILL_AREA ( #710 ) ;
#4341 = CARTESIAN_POINT ( 'NONE',  ( 3.499999999999999556, 2.500000000000000000, -19.84529946162065528 ) ) ;
#4342 = FACE_BOUND ( 'NONE', #907, .T. ) ;
#4343 = CIRCLE ( 'NONE', #9650, 4.000000000000000000 ) ;
#4344 = CARTESIAN_POINT ( 'NONE',  ( -2.000000000000000000, -1.154700538379254349, -0.1786327949540832127 ) ) ;
#4345 = CARTESIAN_POINT ( 'NONE',  ( 4.000000000000000000, 9.199999999999999289, -16.00000000000000000 ) ) ;
#4346 = VERTEX_POINT ( 'NONE', #10197 ) ;
#4347 = DIRECTION ( 'NONE',  ( -0.000000000000000000, 0.000000000000000000, -1.000000000000000000 ) ) ;
#4348 = EDGE_CURVE ( 'NONE', #1483, #3700, #10909, .T. ) ;
#4349 = LINE ( 'NONE', #7074, #4610 ) ;
#4350 = AXIS2_PLACEMENT_3D ( 'NONE', #76, #9875, #1750 ) ;
#4351 = CARTESIAN_POINT ( 'NONE',  ( 5.500000000000001776, -0.8000000000000211386, -2.999999999999891642 ) ) ;
#4352 = EDGE_LOOP ( 'NONE', ( #9606, #4154, #6632, #7580 ) ) ;
#4353 = FACE_OUTER_BOUND ( 'NONE', #6089, .T. ) ;
#4354 = ORIENTED_EDGE ( 'NONE', *, *, #4377, .F. ) ;
#4355 = LINE ( 'NONE', #9024, #3732 ) ;
#4356 = PRESENTATION_LAYER_ASSIGNMENT (  '', '', ( #3779 ) ) ;
#4357 = DIRECTION ( 'NONE',  ( -0.000000000000000000, -0.000000000000000000, 1.000000000000000000 ) ) ;
#4358 = DIRECTION ( 'NONE',  ( 0.000000000000000000, -0.000000000000000000, 1.000000000000000000 ) ) ;
#4359 = ORIENTED_EDGE ( 'NONE', *, *, #741, .F. ) ;
#4360 = B_SPLINE_CURVE_WITH_KNOTS ( 'NONE', 3,
 ( #5978, #4190, #11419, #1517, #3304, #6925 ),
 .UNSPECIFIED., .F., .F.,
 ( 4, 2, 4 ),
 ( 0.001168606431211098931, 0.001750609284260044515, 0.002332612137308990100 ),
 .UNSPECIFIED. ) ;
#4361 = MECHANICAL_DESIGN_GEOMETRIC_PRESENTATION_REPRESENTATION (  '', ( #9475 ), #7379 ) ;
#4362 = ORIENTED_EDGE ( 'NONE', *, *, #5243, .F. ) ;
#4363 = ORIENTED_EDGE ( 'NONE', *, *, #7947, .F. ) ;
#4364 = CARTESIAN_POINT ( 'NONE',  ( 12.89085229047740278, 7.449738244684572130, 1043.367804256849922 ) ) ;
#4365 = DIRECTION ( 'NONE',  ( -1.000000000000000000, -8.881784197001252323E-16, 0.000000000000000000 ) ) ;
#4366 = CARTESIAN_POINT ( 'NONE',  ( 1.734723475976807094E-15, 0.9000000000000005773, -4.154700538379141328 ) ) ;
#4367 = CARTESIAN_POINT ( 'NONE',  ( 0.000000000000000000, 0.000000000000000000, -0.3000000000000181410 ) ) ;
#4368 = CARTESIAN_POINT ( 'NONE',  ( -1.000000000000001776, -1.732050807568876527, 0.000000000000000000 ) ) ;
#4369 = CARTESIAN_POINT ( 'NONE',  ( -1.000000000000001776, -1.732050807568876527, -1.600000000000000089 ) ) ;
#4370 = PRODUCT_DEFINITION_FORMATION_WITH_SPECIFIED_SOURCE ( 'ANY', '', #2194, .NOT_KNOWN. ) ;
#4371 = ORIENTED_EDGE ( 'NONE', *, *, #4660, .T. ) ;
#4372 = CARTESIAN_POINT ( 'NONE',  ( -0.8302646929203290060, 1.830047532802309806, 9.328656192427350549E-16 ) ) ;
#4373 = EDGE_LOOP ( 'NONE', ( #10141, #4395, #4322, #1527, #9615, #4210 ) ) ;
#4374 = DIRECTION ( 'NONE',  ( 1.000000000000000000, 0.000000000000000000, 0.000000000000000000 ) ) ;
#4375 = VECTOR ( 'NONE', #7278, 1000.000000000000000 ) ;
#4376 = ORIENTED_EDGE ( 'NONE', *, *, #605, .T. ) ;
#4377 = EDGE_CURVE ( 'NONE', #1943, #9295, #8686, .T. ) ;
#4378 = DIRECTION ( 'NONE',  ( 1.000000000000000000, 0.000000000000000000, -0.000000000000000000 ) ) ;
#4379 = EDGE_CURVE ( 'NONE', #6742, #9228, #5940, .T. ) ;
#4380 = ORIENTED_EDGE ( 'NONE', *, *, #4020, .T. ) ;
#4381 = EDGE_CURVE ( 'NONE', #3788, #1619, #11442, .T. ) ;
#4382 = CARTESIAN_POINT ( 'NONE',  ( -2.000000000000002665, 0.8999999999999998002, -23.30940107675841233 ) ) ;
#4383 = CARTESIAN_POINT ( 'NONE',  ( -0.1631781751318187590, 2.215190113420277385, -0.1242400699092117422 ) ) ;
#4384 = DIRECTION ( 'NONE',  ( 0.000000000000000000, 1.000000000000000000, 0.000000000000000000 ) ) ;
#4385 = EDGE_CURVE ( 'NONE', #10311, #3843, #731, .T. ) ;
#4386 = CARTESIAN_POINT ( 'NONE',  ( 4.099999999999999645, 0.000000000000000000, 0.000000000000000000 ) ) ;
#4387 = EDGE_CURVE ( 'NONE', #2497, #8944, #9831, .T. ) ;
#4388 = CARTESIAN_POINT ( 'NONE',  ( 1.086261710843702231E-16, -0.7739999999999994662, -3.200000000000000178 ) ) ;
#4389 = AXIS2_PLACEMENT_3D ( 'NONE', #10818, #5373, #9993 ) ;
#4390 = PRODUCT_DEFINITION_SHAPE ( 'NONE', 'NONE',  #11734 ) ;
#4391 = ORIENTED_EDGE ( 'NONE', *, *, #5830, .F. ) ;
#4392 = CARTESIAN_POINT ( 'NONE',  ( -17.94999999999999929, 4.286263797015736595E-16, 3.500000000000000000 ) ) ;
#4393 = ORIENTED_EDGE ( 'NONE', *, *, #3358, .F. ) ;
#4394 = FACE_BOUND ( 'NONE', #11581, .T. ) ;
#4395 = ORIENTED_EDGE ( 'NONE', *, *, #8649, .T. ) ;
#4396 = ORIENTED_EDGE ( 'NONE', *, *, #8486, .F. ) ;
#4397 = AXIS2_PLACEMENT_3D ( 'NONE', #3145, #7818, #11201 ) ;
#4398 = CARTESIAN_POINT ( 'NONE',  ( 1.224646799147353454E-16, 1.000000000000000666, -3.869518839163146762 ) ) ;
#4399 = CARTESIAN_POINT ( 'NONE',  ( 1.672282218993687231, 1.343908487461472401, -0.07933779981236054046 ) ) ;
#4400 = EDGE_CURVE ( 'NONE', #1674, #2108, #2450, .T. ) ;
#4401 = CARTESIAN_POINT ( 'NONE',  ( 2.000000000000000000, 1.154700538379250130, -1.600000000000000089 ) ) ;
#4402 = LINE ( 'NONE', #4282, #10236 ) ;
#4403 = ORIENTED_EDGE ( 'NONE', *, *, #10904, .T. ) ;
#4404 = DIRECTION ( 'NONE',  ( -1.000000000000000000, -0.000000000000000000, -0.000000000000000000 ) ) ;
#4405 = DIRECTION ( 'NONE',  ( 1.060575238724911106E-16, 0.8660254037844419273, 0.4999999999999942268 ) ) ;
#4406 = DIRECTION ( 'NONE',  ( -0.000000000000000000, 1.224649721909276639E-16, -1.000000000000000000 ) ) ;
#4407 = ORIENTED_EDGE ( 'NONE', *, *, #6122, .F. ) ;
#4408 = CARTESIAN_POINT ( 'NONE',  ( 4.000000000000000000, 9.199999999999999289, -14.50000000000000533 ) ) ;
#4409 = ORIENTED_EDGE ( 'NONE', *, *, #6547, .F. ) ;
#4410 = CYLINDRICAL_SURFACE ( 'NONE', #317, 0.5000000000000000000 ) ;
#4411 = CARTESIAN_POINT ( 'NONE',  ( 0.7513332849188855134, -0.4622055825720804978, -0.6366296085007027150 ) ) ;
#4412 = VERTEX_POINT ( 'NONE', #1116 ) ;
#4413 = LINE ( 'NONE', #9088, #1673 ) ;
#4414 = CIRCLE ( 'NONE', #6693, 1.000000000000000000 ) ;
#4415 = ORIENTED_EDGE ( 'NONE', *, *, #6058, .T. ) ;
#4416 = VECTOR ( 'NONE', #6550, 1000.000000000000000 ) ;
#4417 = EDGE_LOOP ( 'NONE', ( #2833, #3384, #6193, #8094, #3313, #5460, #5361, #3364, #1887, #7924, #8210 ) ) ;
#4418 = EDGE_LOOP ( 'NONE', ( #11672, #10065 ) ) ;
#4419 = AXIS2_PLACEMENT_3D ( 'NONE', #2033, #8319, #123 ) ;
#4420 = CARTESIAN_POINT ( 'NONE',  ( -5.609147709522595449, 7.449738244684572130, 1043.367804256849922 ) ) ;
#4421 = AXIS2_PLACEMENT_3D ( 'NONE', #911, #5372, #3763 ) ;
#4422 = AXIS2_PLACEMENT_3D ( 'NONE', #7673, #8559, #3336 ) ;
#4423 = DIRECTION ( 'NONE',  ( 1.000000000000000000, 0.000000000000000000, 0.000000000000000000 ) ) ;
#4424 = CARTESIAN_POINT ( 'NONE',  ( 11.50000000000000000, 7.500000000000000000, -0.6161395356698261550 ) ) ;
#4425 = CARTESIAN_POINT ( 'NONE',  ( -2.000000000000000000, 1.154700538379254349, -1.421367205045916737 ) ) ;
#4426 = CARTESIAN_POINT ( 'NONE',  ( -17.94999999999999929, 0.000000000000000000, 0.000000000000000000 ) ) ;
#4427 = ORIENTED_EDGE ( 'NONE', *, *, #1243, .F. ) ;
#4428 = DIRECTION ( 'NONE',  ( -0.000000000000000000, 1.224649721909276639E-16, -1.000000000000000000 ) ) ;
#4429 = EDGE_CURVE ( 'NONE', #7565, #5714, #6203, .T. ) ;
#4430 = AXIS2_PLACEMENT_3D ( 'NONE', #11392, #361, #2317 ) ;
#4431 = AXIS2_PLACEMENT_3D ( 'NONE', #10139, #1901, #11085 ) ;
#4432 = CARTESIAN_POINT ( 'NONE',  ( -17.30000000000000071, 1.898202538678397459E-16, -1.550000000000000044 ) ) ;
#4433 =( GEOMETRIC_REPRESENTATION_CONTEXT ( 3 ) GLOBAL_UNCERTAINTY_ASSIGNED_CONTEXT ( ( #1057 ) ) GLOBAL_UNIT_ASSIGNED_CONTEXT ( ( #3284, #11527, #4121 ) ) REPRESENTATION_CONTEXT ( 'NONE', 'WORKASPACE' ) );
#4434 = VERTEX_POINT ( 'NONE', #10968 ) ;
#4435 = LINE ( 'NONE', #5384, #5246 ) ;
#4436 = ORIENTED_EDGE ( 'NONE', *, *, #745, .F. ) ;
#4437 = AXIS2_PLACEMENT_3D ( 'NONE', #1710, #4439, #7664 ) ;
#4438 = CARTESIAN_POINT ( 'NONE',  ( -0.7786438870404763790, -0.4011863958198092495, -0.6400391354635802665 ) ) ;
#4439 = DIRECTION ( 'NONE',  ( 0.000000000000000000, 0.000000000000000000, -1.000000000000000000 ) ) ;
#4440 = AXIS2_PLACEMENT_3D ( 'NONE', #2738, #6419, #3747 ) ;
#4441 = CARTESIAN_POINT ( 'NONE',  ( 0.000000000000000000, 4.898598887637106556E-16, -2.000000000000000000 ) ) ;
#4442 = CARTESIAN_POINT ( 'NONE',  ( -1.672282218993688341, -1.343908487461473733, -1.520662200187637758 ) ) ;
#4443 = VECTOR ( 'NONE', #8249, 1000.000000000000000 ) ;
#4444 = AXIS2_PLACEMENT_3D ( 'NONE', #2710, #6337, #5622 ) ;
#4445 = FACE_OUTER_BOUND ( 'NONE', #1706, .T. ) ;
#4446 = EDGE_CURVE ( 'NONE', #5807, #4767, #2790, .T. ) ;
#4447 = EDGE_CURVE ( 'NONE', #4584, #9228, #2066, .T. ) ;
#4448 = ORIENTED_EDGE ( 'NONE', *, *, #7914, .T. ) ;
#4449 = CARTESIAN_POINT ( 'NONE',  ( -0.5000000000000000000, 9.199999999999999289, -18.50000000000000355 ) ) ;
#4450 = ORIENTED_EDGE ( 'NONE', *, *, #10458, .T. ) ;
#4451 = CARTESIAN_POINT ( 'NONE',  ( -2.000000000000000000, 0.000000000000000000, 0.000000000000000000 ) ) ;
#4452 = AXIS2_PLACEMENT_3D ( 'NONE', #1639, #5256, #9652 ) ;
#4453 = EDGE_CURVE ( 'NONE', #9817, #2609, #8420, .T. ) ;
#4454 = ORIENTED_EDGE ( 'NONE', *, *, #6266, .F. ) ;
#4455 = ORIENTED_EDGE ( 'NONE', *, *, #11402, .T. ) ;
#4456 = APPLICATION_CONTEXT ( 'automotive_design' ) ;
#4457 = DIRECTION ( 'NONE',  ( 0.000000000000000000, -0.000000000000000000, 1.000000000000000000 ) ) ;
#4458 = ADVANCED_BREP_SHAPE_REPRESENTATION ( '', ( #8912, #4873 ), #5258 ) ;
#4459 = DIRECTION ( 'NONE',  ( -1.000000000000000000, 0.000000000000000000, 0.000000000000000000 ) ) ;
#4460 = AXIS2_PLACEMENT_3D ( 'NONE', #8426, #2142, #7663 ) ;
#4461 = DIRECTION ( 'NONE',  ( 1.000000000000000000, -0.000000000000000000, -0.000000000000000000 ) ) ;
#4462 = DIRECTION ( 'NONE',  ( 1.000000000000000000, -0.000000000000000000, -0.000000000000000000 ) ) ;
#4463 = EDGE_CURVE ( 'NONE', #3960, #3354, #11020, .T. ) ;
#4464 = EDGE_LOOP ( 'NONE', ( #1480, #1729 ) ) ;
#4465 = CARTESIAN_POINT ( 'NONE',  ( 4.099999999999999645, 2.821690854684141936, -0.8999999999999992450 ) ) ;
#4466 = EDGE_CURVE ( 'NONE', #6224, #1674, #3029, .T. ) ;
#4467 = EDGE_CURVE ( 'NONE', #8822, #1452, #5644, .T. ) ;
#4468 = VECTOR ( 'NONE', #8935, 1000.000000000000000 ) ;
#4469 = CARTESIAN_POINT ( 'NONE',  ( 2.000000000000000000, -0.7745510564695443634, -0.07894766929796886989 ) ) ;
#4470 = ORIENTED_EDGE ( 'NONE', *, *, #5159, .T. ) ;
#4471 = ORIENTED_EDGE ( 'NONE', *, *, #1845, .F. ) ;
#4472 = CARTESIAN_POINT ( 'NONE',  ( -0.9999999999999997780, 1.224646799147352961E-16, 0.000000000000000000 ) ) ;
#4473 = CARTESIAN_POINT ( 'NONE',  ( -0.3271719972790577136, -2.120508236058134877, -1.530424537474095903 ) ) ;
#4474 = VECTOR ( 'NONE', #7800, 1000.000000000000000 ) ;
#4475 = LINE ( 'NONE', #6308, #3192 ) ;
#4476 = ORIENTED_EDGE ( 'NONE', *, *, #1684, .F. ) ;
#4477 = EDGE_CURVE ( 'NONE', #1931, #7754, #3854, .T. ) ;
#4478 = MECHANICAL_DESIGN_GEOMETRIC_PRESENTATION_REPRESENTATION (  '', ( #8835 ), #499 ) ;
#4479 = ORIENTED_EDGE ( 'NONE', *, *, #6336, .F. ) ;
#4480 = PRODUCT_DEFINITION_SHAPE ( 'NONE', 'NONE',  #11735 ) ;
#4481 = APPLICATION_PROTOCOL_DEFINITION ( 'draft international standard', 'automotive_design', 1998, #4594 ) ;
#4482 = DIRECTION ( 'NONE',  ( 1.000000000000000000, 0.000000000000000000, 0.000000000000000000 ) ) ;
#4483 = DIRECTION ( 'NONE',  ( -1.502314598737158045E-15, 0.000000000000000000, -1.000000000000000000 ) ) ;
#4484 = CARTESIAN_POINT ( 'NONE',  ( -1.000000000000000000, 9.629649721936179265E-32, -2.269518839163146673 ) ) ;
#4485 = FACE_OUTER_BOUND ( 'NONE', #9119, .T. ) ;
#4486 = LINE ( 'NONE', #8101, #5866 ) ;
#4487 = AXIS2_PLACEMENT_3D ( 'NONE', #6986, #1232, #4861 ) ;
#4488 = EDGE_LOOP ( 'NONE', ( #2178, #9291, #9497, #8404 ) ) ;
#4489 = AXIS2_PLACEMENT_3D ( 'NONE', #9486, #10245, #5747 ) ;
#4490 = DIRECTION ( 'NONE',  ( 1.000000000000000000, -0.000000000000000000, -0.000000000000000000 ) ) ;
#4491 = ADVANCED_FACE ( 'NONE', ( #4800 ), #3920, .T. ) ;
#4492 = CARTESIAN_POINT ( 'NONE',  ( 0.000000000000000000, 0.000000000000000000, -0.1291166393111727595 ) ) ;
#4493 = VERTEX_POINT ( 'NONE', #2133 ) ;
#4494 = CARTESIAN_POINT ( 'NONE',  ( 0.000000000000000000, 0.7740000000000005764, -1.599999999999999867 ) ) ;
#4495 = EDGE_LOOP ( 'NONE', ( #3301, #3239, #8007, #753, #4129, #8333, #5114, #6043, #8774, #8556 ) ) ;
#4496 =( NAMED_UNIT ( * ) SI_UNIT ( $, .STERADIAN. ) SOLID_ANGLE_UNIT ( ) );
#4497 = AXIS2_PLACEMENT_3D ( 'NONE', #2286, #9226, #11592 ) ;
#4498 = CARTESIAN_POINT ( 'NONE',  ( -0.7038091879816252838, -0.5004559051860777430, -0.6472344878500183585 ) ) ;
#4499 = CARTESIAN_POINT ( 'NONE',  ( 1.000000000000000444, -1.732050807568876971, 0.000000000000000000 ) ) ;
#4500 = CIRCLE ( 'NONE', #509, 1.999999999999999556 ) ;
#4501 = ADVANCED_FACE ( 'NONE', ( #11206 ), #1355, .F. ) ;
#4502 = CARTESIAN_POINT ( 'NONE',  ( -8.000000000000000000, 17.00000000000000000, -8.732195743157015855 ) ) ;
#4503 = DIRECTION ( 'NONE',  ( 1.000000000000000000, 0.000000000000000000, 0.000000000000000000 ) ) ;
#4504 = VERTEX_POINT ( 'NONE', #2374 ) ;
#4505 = FACE_OUTER_BOUND ( 'NONE', #2653, .T. ) ;
#4506 = ORIENTED_EDGE ( 'NONE', *, *, #10035, .T. ) ;
#4507 = COLOUR_RGB ( '',0.4980392156862745168, 0.4980392156862745168, 0.4980392156862745168 ) ;
#4508 = DIRECTION ( 'NONE',  ( -0.000000000000000000, 0.000000000000000000, -1.000000000000000000 ) ) ;
#4509 = AXIS2_PLACEMENT_3D ( 'NONE', #6409, #4797, #4682 ) ;
#4510 = ORIENTED_EDGE ( 'NONE', *, *, #9539, .F. ) ;
#4511 = CARTESIAN_POINT ( 'NONE',  ( -2.000000000000000000, -1.154700538379254349, -0.1786327949540832127 ) ) ;
#4512 = ORIENTED_EDGE ( 'NONE', *, *, #8366, .T. ) ;
#4513 =( NAMED_UNIT ( * ) SI_UNIT ( $, .STERADIAN. ) SOLID_ANGLE_UNIT ( ) );
#4514 = EDGE_CURVE ( 'NONE', #1414, #11370, #9021, .T. ) ;
#4515 = CARTESIAN_POINT ( 'NONE',  ( 2.000000000000000000, 0.1952413320394014717, -1.143494478793305150E-17 ) ) ;
#4516 = DIRECTION ( 'NONE',  ( 1.000000000000000000, 0.000000000000000000, 0.000000000000000000 ) ) ;
#4517 = VECTOR ( 'NONE', #2778, 1000.000000000000114 ) ;
#4518 = DIRECTION ( 'NONE',  ( 1.000000000000000000, 0.000000000000000000, 0.000000000000000000 ) ) ;
#4519 = CARTESIAN_POINT ( 'NONE',  ( 1.000000000000000000, 9.199999999999999289, -18.50000000000000355 ) ) ;
#4520 = VECTOR ( 'NONE', #8328, 1000.000000000000000 ) ;
#4521 = ORIENTED_EDGE ( 'NONE', *, *, #7495, .T. ) ;
#4522 = CARTESIAN_POINT ( 'NONE',  ( 1.000000000000001998, 1.732050807568876083, 0.000000000000000000 ) ) ;
#4523 =( NAMED_UNIT ( * ) SI_UNIT ( $, .STERADIAN. ) SOLID_ANGLE_UNIT ( ) );
#4524 = ADVANCED_FACE ( 'NONE', ( #4155 ), #7770, .T. ) ;
#4526 = AXIS2_PLACEMENT_3D ( 'NONE', #8956, #11577, #7072 ) ;
#4525 = CARTESIAN_POINT ( 'NONE',  ( -2.000000000000000000, -1.154700538379252794, -1.600000000000000089 ) ) ;
#4527 = EDGE_CURVE ( 'NONE', #6099, #3354, #7752, .T. ) ;
#4528 = ORIENTED_EDGE ( 'NONE', *, *, #374, .F. ) ;
#4529 = LINE ( 'NONE', #9752, #2416 ) ;
#4531 = EDGE_CURVE ( 'NONE', #11219, #819, #3387, .T. ) ;
#4530 = FACE_BOUND ( 'NONE', #622, .T. ) ;
#4532 = ADVANCED_FACE ( 'NONE', ( #7594 ), #4923, .T. ) ;
#4533 = CARTESIAN_POINT ( 'NONE',  ( -1.340742937416024905, 1.535322780927271813, 8.545038780570239278E-16 ) ) ;
#4534 = VECTOR ( 'NONE', #352, 1000.000000000000000 ) ;
#4535 =( REPRESENTATION_RELATIONSHIP ('NONE','NONE', #9860, #4186 ) REPRESENTATION_RELATIONSHIP_WITH_TRANSFORMATION ( #7737 )SHAPE_REPRESENTATION_RELATIONSHIP( ) );
#4536 = SURFACE_STYLE_FILL_AREA ( #791 ) ;
#4537 = EDGE_LOOP ( 'NONE', ( #9581, #10327, #3770, #532, #675, #10457 ) ) ;
#4538 = SHAPE_DEFINITION_REPRESENTATION ( #2943, #2187 ) ;
#4539 = PLANE ( 'NONE',  #2389 ) ;
#4540 = LINE ( 'NONE', #8267, #232 ) ;
#4541 = LINE ( 'NONE', #6317, #7141 ) ;
#4542 = LINE ( 'NONE', #5604, #9340 ) ;
#4543 = EDGE_CURVE ( 'NONE', #10566, #4689, #11328, .T. ) ;
#4544 = FACE_OUTER_BOUND ( 'NONE', #4464, .T. ) ;
#4545 = ORIENTED_EDGE ( 'NONE', *, *, #8793, .T. ) ;
#4546 = B_SPLINE_CURVE_WITH_KNOTS ( 'NONE', 3,
 ( #7942, #8650, #6822, #9549, #10593, #10421, #3318, #3429, #5032, #9778 ),
 .UNSPECIFIED., .F., .F.,
 ( 4, 2, 2, 2, 4 ),
 ( 2.343975232995114018E-07, 0.0001314336292885003238, 0.0002626328610537011069, 0.0003938320928189019171, 0.0005250313245841027815 ),
 .UNSPECIFIED. ) ;
#4547 = DIRECTION ( 'NONE',  ( -1.000000000000000000, 0.000000000000000000, 0.000000000000000000 ) ) ;
#4548 = ORIENTED_EDGE ( 'NONE', *, *, #175, .T. ) ;
#4549 = CARTESIAN_POINT ( 'NONE',  ( 0.000000000000000000, 0.000000000000000000, -0.2999999999999834466 ) ) ;
#4550 = ORIENTED_EDGE ( 'NONE', *, *, #8658, .F. ) ;
#4551 = B_SPLINE_CURVE_WITH_KNOTS ( 'NONE', 3,
 ( #7602, #4871, #4808, #3162 ),
 .UNSPECIFIED., .F., .F.,
 ( 4, 4 ),
 ( 2.380749485120258738E-07, 0.001168606431211104352 ),
 .UNSPECIFIED. ) ;
#4552 = CARTESIAN_POINT ( 'NONE',  ( 3.000000000000000000, 0.000000000000000000, 0.000000000000000000 ) ) ;
#4553 = LINE ( 'NONE', #8163, #6518 ) ;
#4554 = FACE_OUTER_BOUND ( 'NONE', #3036, .T. ) ;
#4555 = AXIS2_PLACEMENT_3D ( 'NONE', #7799, #8920, #9818 ) ;
#4556 = PRODUCT_RELATED_PRODUCT_CATEGORY ( 'part', '', ( #10332 ) ) ;
#4557 = DIRECTION ( 'NONE',  ( 0.000000000000000000, 0.000000000000000000, -1.000000000000000000 ) ) ;
#4558 = ORIENTED_EDGE ( 'NONE', *, *, #5670, .F. ) ;
#4559 = DIRECTION ( 'NONE',  ( 0.000000000000000000, -1.224649721909276639E-16, 1.000000000000000000 ) ) ;
#4560 = ORIENTED_EDGE ( 'NONE', *, *, #1111, .T. ) ;
#4561 = CARTESIAN_POINT ( 'NONE',  ( 0.000000000000000000, -0.9999999999999993339, -3.469518839163146406 ) ) ;
#4562 = DIRECTION ( 'NONE',  ( 1.000000000000000000, 0.000000000000000000, 0.000000000000000000 ) ) ;
#4563 = EDGE_LOOP ( 'NONE', ( #8630, #1906, #7137, #10630 ) ) ;
#4564 = CARTESIAN_POINT ( 'NONE',  ( 3.581183789785735176E-16, 2.309401076758504701, -1.600000000000000089 ) ) ;
#4565 = EDGE_LOOP ( 'NONE', ( #6991, #10828, #3463, #11368, #10632, #792 ) ) ;
#4566 = CARTESIAN_POINT ( 'NONE',  ( 0.000000000000000000, 0.000000000000000000, 0.000000000000000000 ) ) ;
#4567 = DIRECTION ( 'NONE',  ( 1.000000000000000000, 0.000000000000000000, 0.000000000000000000 ) ) ;
#4568 = FACE_OUTER_BOUND ( 'NONE', #5233, .T. ) ;
#4569 = ORIENTED_EDGE ( 'NONE', *, *, #9684, .T. ) ;
#4570 = DIRECTION ( 'NONE',  ( 0.000000000000000000, -0.000000000000000000, 1.000000000000000000 ) ) ;
#4571 = AXIS2_PLACEMENT_3D ( 'NONE', #833, #8842, #9737 ) ;
#4572 = PRODUCT_DEFINITION_SHAPE ( 'NONE', 'NONE',  #11746 ) ;
#4573 = CARTESIAN_POINT ( 'NONE',  ( 2.000000000000000000, -1.154700538379255015, -0.1786327949540832127 ) ) ;
#4574 = EDGE_LOOP ( 'NONE', ( #4218, #3598, #3612, #4676, #733 ) ) ;
#4575 = AXIS2_PLACEMENT_3D ( 'NONE', #10778, #1768, #7116 ) ;
#4576 = CARTESIAN_POINT ( 'NONE',  ( -2.000000000000002665, 2.500000000000000000, -23.30940107675841233 ) ) ;
#4577 = FACE_OUTER_BOUND ( 'NONE', #8664, .T. ) ;
#4578 = DIRECTION ( 'NONE',  ( -0.000000000000000000, -0.000000000000000000, -1.000000000000000000 ) ) ;
#4579 = ORIENTED_EDGE ( 'NONE', *, *, #10060, .F. ) ;
#4580 = DIRECTION ( 'NONE',  ( 0.000000000000000000, -1.000000000000000000, -0.000000000000000000 ) ) ;
#4581 = EDGE_CURVE ( 'NONE', #1889, #9916, #7655, .T. ) ;
#4582 = EDGE_CURVE ( 'NONE', #7936, #8024, #6057, .T. ) ;
#4583 = EDGE_CURVE ( 'NONE', #9201, #10884, #1235, .T. ) ;
#4584 = VERTEX_POINT ( 'NONE', #1481 ) ;
#4585 = APPLICATION_PROTOCOL_DEFINITION ( 'draft international standard', 'automotive_design', 1998, #2406 ) ;
#4586 = DIRECTION ( 'NONE',  ( -0.5000000000000008882, -0.8660254037844382635, 0.000000000000000000 ) ) ;
#4587 = CARTESIAN_POINT ( 'NONE',  ( 5.499999999999999112, 2.500000000000000000, -0.6905989232413867196 ) ) ;
#4588 = DIRECTION ( 'NONE',  ( 0.000000000000000000, 0.000000000000000000, -1.000000000000000000 ) ) ;
#4589 = DIRECTION ( 'NONE',  ( 0.000000000000000000, 0.000000000000000000, -1.000000000000000000 ) ) ;
#4590 = LINE ( 'NONE', #3597, #6284 ) ;
#4591 = VERTEX_POINT ( 'NONE', #10429 ) ;
#4592 = CARTESIAN_POINT ( 'NONE',  ( 5.499999999999998224, 0.3000000000000172529, -20.99999999999990763 ) ) ;
#4593 = CIRCLE ( 'NONE', #36, 0.1749999999999998224 ) ;
#4594 = APPLICATION_CONTEXT ( 'automotive_design' ) ;
#4595 = DIRECTION ( 'NONE',  ( 0.000000000000000000, 0.000000000000000000, -1.000000000000000000 ) ) ;
#4596 = VECTOR ( 'NONE', #11490, 999.9999999999998863 ) ;
#4597 = ORIENTED_EDGE ( 'NONE', *, *, #2224, .T. ) ;
#4598 = EDGE_CURVE ( 'NONE', #2549, #3983, #8695, .T. ) ;
#4599 = VECTOR ( 'NONE', #4847, 1000.000000000000000 ) ;
#4600 = DIRECTION ( 'NONE',  ( 0.000000000000000000, -0.000000000000000000, 1.000000000000000000 ) ) ;
#4601 = EDGE_CURVE ( 'NONE', #4687, #11538, #4209, .T. ) ;
#4602 = EDGE_LOOP ( 'NONE', ( #1597, #2436, #3535, #6837, #5493 ) ) ;
#4603 = PLANE ( 'NONE',  #6545 ) ;
#4604 = DIRECTION ( 'NONE',  ( -1.000000000000000000, 0.000000000000000000, 0.000000000000000000 ) ) ;
#4605 = CLOSED_SHELL ( 'NONE', ( #10398, #9388, #8, #2206, #3150, #1513 ) ) ;
#4606 = CARTESIAN_POINT ( 'NONE',  ( 7.500000000000003553, 0.8999999999999998002, -22.15470053837915643 ) ) ;
#4607 = DIRECTION ( 'NONE',  ( 0.000000000000000000, 0.000000000000000000, -1.000000000000000000 ) ) ;
#4608 = VECTOR ( 'NONE', #7324, 1000.000000000000000 ) ;
#4609 = VECTOR ( 'NONE', #7917, 1000.000000000000000 ) ;
#4610 = VECTOR ( 'NONE', #2620, 1000.000000000000000 ) ;
#4611 = ORIENTED_EDGE ( 'NONE', *, *, #8134, .F. ) ;
#4612 = DIRECTION ( 'NONE',  ( 2.775557561562890858E-16, 0.000000000000000000, -1.000000000000000000 ) ) ;
#4613 = ORIENTED_EDGE ( 'NONE', *, *, #4993, .T. ) ;
#4614 = DIRECTION ( 'NONE',  ( 0.000000000000000000, 0.000000000000000000, 1.000000000000000000 ) ) ;
#4615 = AXIS2_PLACEMENT_3D ( 'NONE', #1333, #4076, #8636 ) ;
#4616 = ORIENTED_EDGE ( 'NONE', *, *, #6429, .F. ) ;
#4617 = CARTESIAN_POINT ( 'NONE',  ( -17.94999999999999929, 0.000000000000000000, 0.000000000000000000 ) ) ;
#4618 = ORIENTED_EDGE ( 'NONE', *, *, #3508, .F. ) ;
#4619 = CARTESIAN_POINT ( 'NONE',  ( 1.340742937416024905, -1.535322780927274700, -1.599999999999999867 ) ) ;
#4620 = AXIS2_PLACEMENT_3D ( 'NONE', #2840, #6408, #2899 ) ;
#4621 = DIRECTION ( 'NONE',  ( 0.000000000000000000, 0.000000000000000000, -1.000000000000000000 ) ) ;
#4622 = CARTESIAN_POINT ( 'NONE',  ( 1.500000000000000000, 9.199999999999999289, -16.00000000000000355 ) ) ;
#4623 = CARTESIAN_POINT ( 'NONE',  ( -2.000000000000000000, 0.3931374000439445404, -0.01723613881363289871 ) ) ;
#4624 = CARTESIAN_POINT ( 'NONE',  ( 3.500000000000000000, 23.00000000000000000, 0.000000000000000000 ) ) ;
#4625 = EDGE_LOOP ( 'NONE', ( #4545, #3091, #7574 ) ) ;
#4626 = DIRECTION ( 'NONE',  ( -1.000000000000000000, 0.000000000000000000, 0.000000000000000000 ) ) ;
#4627 = CIRCLE ( 'NONE', #993, 4.000000000000001776 ) ;
#4628 = CARTESIAN_POINT ( 'NONE',  ( 11.50000000000000000, 7.500000000000000000, -6.116139535669825378 ) ) ;
#4629 = VECTOR ( 'NONE', #7115, 1000.000000000000000 ) ;
#4630 = EDGE_CURVE ( 'NONE', #7538, #7788, #949, .T. ) ;
#4631 = UNCERTAINTY_MEASURE_WITH_UNIT (LENGTH_MEASURE( 1.000000000000000082E-05 ), #2577, 'distance_accuracy_value', 'NONE');
#4632 = ORIENTED_EDGE ( 'NONE', *, *, #3327, .F. ) ;
#4633 = DIRECTION ( 'NONE',  ( -0.5000000000000008882, -0.8660254037844382635, 0.000000000000000000 ) ) ;
#4634 = AXIS2_PLACEMENT_3D ( 'NONE', #5860, #8578, #6508 ) ;
#4635 = ORIENTED_EDGE ( 'NONE', *, *, #1028, .T. ) ;
#4636 = EDGE_CURVE ( 'NONE', #8001, #6288, #469, .T. ) ;
#4637 = FACE_OUTER_BOUND ( 'NONE', #7219, .T. ) ;
#4638 = DIRECTION ( 'NONE',  ( 0.000000000000000000, 0.000000000000000000, 1.000000000000000000 ) ) ;
#4639 = DIRECTION ( 'NONE',  ( 0.000000000000000000, 0.000000000000000000, 1.000000000000000000 ) ) ;
#4640 = ORIENTED_EDGE ( 'NONE', *, *, #3217, .F. ) ;
#4641 = DIRECTION ( 'NONE',  ( -1.000000000000000000, -0.000000000000000000, -0.000000000000000000 ) ) ;
#4642 = CIRCLE ( 'NONE', #8812, 1.000000000000000000 ) ;
#4643 = VERTEX_POINT ( 'NONE', #7714 ) ;
#4644 = PRODUCT_CONTEXT ( 'NONE', #7106, 'mechanical' ) ;
#4645 = EDGE_CURVE ( 'NONE', #3421, #10507, #1371, .T. ) ;
#4647 = FACE_OUTER_BOUND ( 'NONE', #1207, .T. ) ;
#4646 = AXIS2_PLACEMENT_3D ( 'NONE', #2766, #5389, #6392 ) ;
#4648 = DIRECTION ( 'NONE',  ( -0.000000000000000000, -0.000000000000000000, -1.000000000000000000 ) ) ;
#4649 = DIRECTION ( 'NONE',  ( -0.000000000000000000, 0.000000000000000000, -1.000000000000000000 ) ) ;
#4650 = CARTESIAN_POINT ( 'NONE',  ( 1.000000000000000444, -1.732050807568876971, 0.000000000000000000 ) ) ;
#4651 = CARTESIAN_POINT ( 'NONE',  ( 0.000000000000000000, 2.821690854684141936, 0.9000000000000006883 ) ) ;
#4652 = ORIENTED_EDGE ( 'NONE', *, *, #2538, .F. ) ;
#4653 = DIRECTION ( 'NONE',  ( 1.000000000000000000, 0.000000000000000000, 0.000000000000000000 ) ) ;
#4654 = DIRECTION ( 'NONE',  ( -0.000000000000000000, -0.000000000000000000, 1.000000000000000000 ) ) ;
#4655 = AXIS2_PLACEMENT_3D ( 'NONE', #976, #10947, #6448 ) ;
#4656 = EDGE_LOOP ( 'NONE', ( #7130, #3726, #7283, #9849 ) ) ;
#4657 = LINE ( 'NONE', #9106, #11310 ) ;
#4658 = CARTESIAN_POINT ( 'NONE',  ( 4.099999999999999645, 2.821690854684141936, 0.3999999999999968026 ) ) ;
#4659 = ORIENTED_EDGE ( 'NONE', *, *, #3156, .F. ) ;
#4660 = EDGE_CURVE ( 'NONE', #11041, #10497, #7008, .T. ) ;
#4661 = FACE_OUTER_BOUND ( 'NONE', #9033, .T. ) ;
#4662 = CARTESIAN_POINT ( 'NONE',  ( 2.000000000000000000, -1.154700538379255015, -0.1786327949540832127 ) ) ;
#4663 = DIRECTION ( 'NONE',  ( -0.000000000000000000, -0.000000000000000000, 1.000000000000000000 ) ) ;
#4664 = CARTESIAN_POINT ( 'NONE',  ( 3.499999999999999556, 17.00000000000000000, -5.232195743157016743 ) ) ;
#4665 = B_SPLINE_CURVE_WITH_KNOTS ( 'NONE', 3,
 ( #11200, #4916, #7468, #11077, #5033, #3375, #4205, #1417, #7053, #5932 ),
 .UNSPECIFIED., .F., .F.,
 ( 4, 2, 2, 2, 4 ),
 ( -0.0002457929873126518216, -0.0001229444310149452996, -9.587471723877761740E-08, 0.0001227526815804678528, 0.0002456012378781744832 ),
 .UNSPECIFIED. ) ;
#4666 = AXIS2_PLACEMENT_3D ( 'NONE', #6968, #8562, #1557 ) ;
#4667 = AXIS2_PLACEMENT_3D ( 'NONE', #7678, #11407, #9515 ) ;
#4668 = CARTESIAN_POINT ( 'NONE',  ( -0.6302730391922004571, 0.000000000000000000, -500000.0000000000582 ) ) ;
#4669 = ADVANCED_FACE ( 'NONE', ( #2486 ), #11681, .T. ) ;
#4670 = APPLICATION_CONTEXT ( 'automotive_design' ) ;
#4671 = EDGE_CURVE ( 'NONE', #11008, #3113, #7940, .T. ) ;
#4672 = ORIENTED_EDGE ( 'NONE', *, *, #2125, .F. ) ;
#4673 = CARTESIAN_POINT ( 'NONE',  ( 0.000000000000000000, 4.738805170303855086E-16, -3.069518839163146939 ) ) ;
#4674 = ORIENTED_EDGE ( 'NONE', *, *, #3669, .T. ) ;
#4675 = DIRECTION ( 'NONE',  ( 1.000000000000000000, -0.000000000000000000, -0.000000000000000000 ) ) ;
#4676 = ORIENTED_EDGE ( 'NONE', *, *, #5143, .F. ) ;
#4677 = DIRECTION ( 'NONE',  ( 0.000000000000000000, 0.000000000000000000, -1.000000000000000000 ) ) ;
#4678 = VERTEX_POINT ( 'NONE', #7175 ) ;
#4679 = CARTESIAN_POINT ( 'NONE',  ( -1.339247740005897080, -1.536186033554502339, -0.01710519872702283631 ) ) ;
#4680 = SURFACE_SIDE_STYLE ('',( #8025 ) ) ;
#4681 = CARTESIAN_POINT ( 'NONE',  ( -2.000000000000000000, 0.7788341705667923831, -1.520151717152269599 ) ) ;
#4682 = DIRECTION ( 'NONE',  ( 0.000000000000000000, 0.000000000000000000, 1.000000000000000000 ) ) ;
#4683 = CARTESIAN_POINT ( 'NONE',  ( 4.250000000000000000, 0.000000000000000000, 0.000000000000000000 ) ) ;
#4684 =( GEOMETRIC_REPRESENTATION_CONTEXT ( 3 ) GLOBAL_UNCERTAINTY_ASSIGNED_CONTEXT ( ( #10914 ) ) GLOBAL_UNIT_ASSIGNED_CONTEXT ( ( #3161, #6656, #5768 ) ) REPRESENTATION_CONTEXT ( 'NONE', 'WORKASPACE' ) );
#4685 = EDGE_CURVE ( 'NONE', #10014, #8487, #6114, .T. ) ;
#4686 = AXIS2_PLACEMENT_3D ( 'NONE', #11338, #6836, #8013 ) ;
#4687 = VERTEX_POINT ( 'NONE', #5149 ) ;
#4688 = DIRECTION ( 'NONE',  ( -0.7071067811865474617, -0.000000000000000000, -0.7071067811865474617 ) ) ;
#4689 = VERTEX_POINT ( 'NONE', #3380 ) ;
#4690 = DIRECTION ( 'NONE',  ( -0.000000000000000000, 1.000000000000000000, 0.000000000000000000 ) ) ;
#4691 = ORIENTED_EDGE ( 'NONE', *, *, #5154, .T. ) ;
#4692 = CARTESIAN_POINT ( 'NONE',  ( 0.000000000000000000, 4.898598887637106556E-16, -1.599999999999999867 ) ) ;
#4693 = CIRCLE ( 'NONE', #11326, 1.000000000000000000 ) ;
#4694 = ORIENTED_EDGE ( 'NONE', *, *, #11098, .F. ) ;
#4695 = B_SPLINE_CURVE_WITH_KNOTS ( 'NONE', 3,
 ( #8904, #9853, #8023, #779, #8791, #6907 ),
 .UNSPECIFIED., .F., .F.,
 ( 4, 2, 4 ),
 ( 0.001168606431211099582, 0.001750609284260043214, 0.002332612137308987497 ),
 .UNSPECIFIED. ) ;
#4696 = AXIS2_PLACEMENT_3D ( 'NONE', #136, #250, #2044 ) ;
#4697 = CARTESIAN_POINT ( 'NONE',  ( -1.000000000000000444, 1.224646799147353947E-16, -1.199999999999999956 ) ) ;
#4698 = CARTESIAN_POINT ( 'NONE',  ( -1.999999999999999556, -0.3889866277140360817, -0.01677217554083886356 ) ) ;
#4699 = ORIENTED_EDGE ( 'NONE', *, *, #11336, .F. ) ;
#4700 = LINE ( 'NONE', #5533, #7735 ) ;
#4701 = VECTOR ( 'NONE', #8075, 1000.000000000000000 ) ;
#4702 = VERTEX_POINT ( 'NONE', #4271 ) ;
#4703 = DIRECTION ( 'NONE',  ( -0.7071067811865474617, -0.000000000000000000, 0.7071067811865474617 ) ) ;
#4704 = CARTESIAN_POINT ( 'NONE',  ( 3.500000000000000000, 23.00000000000000000, 0.000000000000000000 ) ) ;
#4705 = CARTESIAN_POINT ( 'NONE',  ( 5.499999999999999112, 0.8999999999999989120, -0.6905989232413867196 ) ) ;
#4706 =( NAMED_UNIT ( * ) PLANE_ANGLE_UNIT ( ) SI_UNIT ( $, .RADIAN. ) );
#4707 = AXIS2_PLACEMENT_3D ( 'NONE', #5453, #1100, #3782 ) ;
#4708 = FACE_OUTER_BOUND ( 'NONE', #5138, .T. ) ;
#4709 = ORIENTED_EDGE ( 'NONE', *, *, #10689, .F. ) ;
#4710 = DIRECTION ( 'NONE',  ( 1.000000000000000000, -0.000000000000000000, -0.000000000000000000 ) ) ;
#4711 = CARTESIAN_POINT ( 'NONE',  ( 5.499999999999997335, 0.8999999999999986899, -5.309401076758394566 ) ) ;
#4712 = EDGE_CURVE ( 'NONE', #7596, #5943, #8061, .T. ) ;
#4713 = VERTEX_POINT ( 'NONE', #764 ) ;
#4714 = FACE_OUTER_BOUND ( 'NONE', #9697, .T. ) ;
#4715 = CARTESIAN_POINT ( 'NONE',  ( -1.000000000000000000, 0.000000000000000000, 0.000000000000000000 ) ) ;
#4716 = ORIENTED_EDGE ( 'NONE', *, *, #2841, .T. ) ;
#4717 =( NAMED_UNIT ( * ) PLANE_ANGLE_UNIT ( ) SI_UNIT ( $, .RADIAN. ) );
#4718 = CARTESIAN_POINT ( 'NONE',  ( 0.000000000000000000, 5.058392604970359998E-16, -2.930481160836854393 ) ) ;
#4719 = DIRECTION ( 'NONE',  ( 1.000000000000000000, 0.000000000000000000, 0.000000000000000000 ) ) ;
#4720 = DIRECTION ( 'NONE',  ( 0.000000000000000000, 0.000000000000000000, -1.000000000000000000 ) ) ;
#4721 = FILL_AREA_STYLE_COLOUR ( '', #255 ) ;
#4722 = DIRECTION ( 'NONE',  ( 0.000000000000000000, 1.000000000000000000, 0.000000000000000000 ) ) ;
#4723 = ORIENTED_EDGE ( 'NONE', *, *, #7775, .F. ) ;
#4724 = DIRECTION ( 'NONE',  ( 0.000000000000000000, 0.000000000000000000, 1.000000000000000000 ) ) ;
#4725 = ADVANCED_FACE ( 'NONE', ( #8115, #9723, #1598 ), #5279, .T. ) ;
#4726 = ORIENTED_EDGE ( 'NONE', *, *, #6211, .T. ) ;
#4727 = LINE ( 'NONE', #1156, #5962 ) ;
#4728 = EDGE_CURVE ( 'NONE', #1847, #6514, #8732, .T. ) ;
#4729 = ADVANCED_FACE ( 'NONE', ( #11620, #4505 ), #5214, .T. ) ;
#4730 = ORIENTED_EDGE ( 'NONE', *, *, #7413, .T. ) ;
#4731 = DIRECTION ( 'NONE',  ( 0.000000000000000000, 0.000000000000000000, 1.000000000000000000 ) ) ;
#4732 = EDGE_LOOP ( 'NONE', ( #6084, #8783, #4560, #6096 ) ) ;
#4733 = AXIS2_PLACEMENT_3D ( 'NONE', #10521, #8867, #793 ) ;
#4734 = ADVANCED_FACE ( 'NONE', ( #10780 ), #7949, .T. ) ;
#4735 = PRODUCT_DEFINITION_CONTEXT ( 'detailed design', #10047, 'design' ) ;
#4736 = EDGE_CURVE ( 'NONE', #11704, #2313, #1497, .T. ) ;
#4737 = PLANE ( 'NONE',  #3518 ) ;
#4738 = CARTESIAN_POINT ( 'NONE',  ( 7.500000000000000000, 2.500000000000000000, -4.154700538379145769 ) ) ;
#4739 = DIRECTION ( 'NONE',  ( 0.000000000000000000, 1.000000000000000000, 0.000000000000000000 ) ) ;
#4740 = PRODUCT_DEFINITION_SHAPE ( 'NONE', 'NONE',  #11733 ) ;
#4741 = DIRECTION ( 'NONE',  ( 0.000000000000000000, 0.000000000000000000, 1.000000000000000000 ) ) ;
#4742 = DIRECTION ( 'NONE',  ( 1.000000000000000000, 0.000000000000000000, 0.000000000000000000 ) ) ;
#4743 = ORIENTED_EDGE ( 'NONE', *, *, #7406, .T. ) ;
#4744 = DIRECTION ( 'NONE',  ( 0.000000000000000000, 0.000000000000000000, 1.000000000000000000 ) ) ;
#4745 = UNCERTAINTY_MEASURE_WITH_UNIT (LENGTH_MEASURE( 1.000000000000000082E-05 ), #5235, 'distance_accuracy_value', 'NONE');
#4746 = CARTESIAN_POINT ( 'NONE',  ( 2.000000000000000000, 0.9679918988505321620, -0.1247346533081146042 ) ) ;
#4747 = ORIENTED_EDGE ( 'NONE', *, *, #8148, .F. ) ;
#4748 = CARTESIAN_POINT ( 'NONE',  ( 2.000000000000000000, 9.199999999999999289, -16.00000000000000000 ) ) ;
#4749 = EDGE_LOOP ( 'NONE', ( #2301, #1447, #6061, #10772 ) ) ;
#4750 = AXIS2_PLACEMENT_3D ( 'NONE', #3902, #90, #4607 ) ;
#4751 = ADVANCED_FACE ( 'NONE', ( #10718 ), #7059, .T. ) ;
#4752 = ADVANCED_FACE ( 'NONE', ( #8889 ), #1294, .T. ) ;
#4753 = DIRECTION ( 'NONE',  ( -1.000000000000000000, -0.000000000000000000, -0.000000000000000000 ) ) ;
#4754 = FACE_OUTER_BOUND ( 'NONE', #7879, .T. ) ;
#4755 = DIRECTION ( 'NONE',  ( -0.000000000000000000, -0.000000000000000000, -1.000000000000000000 ) ) ;
#4756 = CARTESIAN_POINT ( 'NONE',  ( 11.50000000000000000, 7.500000000000000888, -11.61613953566982538 ) ) ;
#4757 = ORIENTED_EDGE ( 'NONE', *, *, #2714, .T. ) ;
#4758 = DIRECTION ( 'NONE',  ( 1.000000000000000000, 0.000000000000000000, 0.000000000000000000 ) ) ;
#4759 = CIRCLE ( 'NONE', #1339, 1.099999999999998535 ) ;
#4760 = ORIENTED_EDGE ( 'NONE', *, *, #7576, .T. ) ;
#4761 = AXIS2_PLACEMENT_3D ( 'NONE', #4860, #1857, #1968 ) ;
#4762 = FACE_OUTER_BOUND ( 'NONE', #7081, .T. ) ;
#4763 = CARTESIAN_POINT ( 'NONE',  ( 2.000000000000000000, 9.199999999999999289, -18.50000000000000355 ) ) ;
#4764 = FACE_OUTER_BOUND ( 'NONE', #5868, .T. ) ;
#4765 = DIRECTION ( 'NONE',  ( 0.000000000000000000, 0.000000000000000000, -1.000000000000000000 ) ) ;
#4766 = LINE ( 'NONE', #8381, #2045 ) ;
#4767 = VERTEX_POINT ( 'NONE', #9668 ) ;
#4768 = CARTESIAN_POINT ( 'NONE',  ( 4.099999999999999645, -2.821690854684141936, -0.3999999999999968026 ) ) ;
#4769 = EDGE_LOOP ( 'NONE', ( #7701, #10898, #2070, #1971, #1271, #11036 ) ) ;
#4770 = CARTESIAN_POINT ( 'NONE',  ( -0.9365230391922001463, 0.000000000000000000, -500000.0000000000582 ) ) ;
#4771 = CARTESIAN_POINT ( 'NONE',  ( -2.000000000000001776, -0.7999999999999864997, -5.199999999999891820 ) ) ;
#4772 = ORIENTED_EDGE ( 'NONE', *, *, #962, .T. ) ;
#4773 = DIRECTION ( 'NONE',  ( -1.000000000000000000, 0.000000000000000000, 0.000000000000000000 ) ) ;
#4774 = CARTESIAN_POINT ( 'NONE',  ( -2.000000000000000000, 0.000000000000000000, -1.600000000000000089 ) ) ;
#4775 = CARTESIAN_POINT ( 'NONE',  ( 1.000000000000001998, 1.732050807568876083, -1.600000000000000089 ) ) ;
#4776 = DIRECTION ( 'NONE',  ( -1.000000000000000000, -0.000000000000000000, -0.000000000000000000 ) ) ;
#4777 = B_SPLINE_CURVE_WITH_KNOTS ( 'NONE', 3,
 ( #10640, #6097, #7873, #2527, #6161, #10531 ),
 .UNSPECIFIED., .F., .F.,
 ( 4, 2, 4 ),
 ( 0.002060137505873420056, 0.002644210467598552029, 0.003228283429323684436 ),
 .UNSPECIFIED. ) ;
#4778 = DIRECTION ( 'NONE',  ( -0.000000000000000000, 1.000000000000000000, -0.000000000000000000 ) ) ;
#4779 = ADVANCED_FACE ( 'NONE', ( #7032 ), #3764, .F. ) ;
#4780 = EDGE_LOOP ( 'NONE', ( #11523, #4102, #2314, #3251 ) ) ;
#4781 = DIRECTION ( 'NONE',  ( 1.000000000000000000, -0.000000000000000000, -0.000000000000000000 ) ) ;
#4782 = ORIENTED_EDGE ( 'NONE', *, *, #1045, .T. ) ;
#4783 = VECTOR ( 'NONE', #2699, 1000.000000000000000 ) ;
#4784 = DIRECTION ( 'NONE',  ( 0.000000000000000000, 0.000000000000000000, -1.000000000000000000 ) ) ;
#4785 = ORIENTED_EDGE ( 'NONE', *, *, #10889, .T. ) ;
#4786 = CARTESIAN_POINT ( 'NONE',  ( -1.339247740005897747, -1.536186033554502339, -1.582894801272977325 ) ) ;
#4787 = ORIENTED_EDGE ( 'NONE', *, *, #10343, .F. ) ;
#4788 = CIRCLE ( 'NONE', #1181, 1.500000000000001332 ) ;
#4789 = SURFACE_STYLE_USAGE ( .BOTH. , #1160 ) ;
#4790 = DIRECTION ( 'NONE',  ( 0.000000000000000000, -1.000000000000000000, 0.000000000000000000 ) ) ;
#4791 = SURFACE_SIDE_STYLE ('',( #8536 ) ) ;
#4792 = AXIS2_PLACEMENT_3D ( 'NONE', #3540, #10700, #5313 ) ;
#4793 = EDGE_CURVE ( 'NONE', #9644, #6045, #4343, .T. ) ;
#4794 = AXIS2_PLACEMENT_3D ( 'NONE', #8903, #47, #3627 ) ;
#4795 = ADVANCED_FACE ( 'NONE', ( #2064 ), #926, .F. ) ;
#4796 = EDGE_CURVE ( 'NONE', #7565, #242, #9292, .T. ) ;
#4797 = DIRECTION ( 'NONE',  ( -1.000000000000000000, 0.000000000000000000, 0.000000000000000000 ) ) ;
#4798 = CARTESIAN_POINT ( 'NONE',  ( 3.581183789785735176E-16, 2.309401076758504701, -1.600000000000000089 ) ) ;
#4799 = VERTEX_POINT ( 'NONE', #9058 ) ;
#4800 = FACE_OUTER_BOUND ( 'NONE', #10280, .T. ) ;
#4801 = ADVANCED_FACE ( 'NONE', ( #2952 ), #10179, .F. ) ;
#4802 = ORIENTED_EDGE ( 'NONE', *, *, #5092, .T. ) ;
#4803 = CARTESIAN_POINT ( 'NONE',  ( 0.000000000000000000, 0.000000000000000000, -1.600000000000000089 ) ) ;
#4804 = CIRCLE ( 'NONE', #9740, 2.000000000000000000 ) ;
#4805 = VERTEX_POINT ( 'NONE', #2770 ) ;
#4806 = CONICAL_SURFACE ( 'NONE', #7842, 1.000000000000000000, 1.047197551196604515 ) ;
#4807 = ORIENTED_EDGE ( 'NONE', *, *, #1974, .F. ) ;
#4808 = CARTESIAN_POINT ( 'NONE',  ( -0.6592570625839798693, -1.928778834210483462, -4.615899523244127080E-17 ) ) ;
#4809 = FACE_OUTER_BOUND ( 'NONE', #4954, .T. ) ;
#4810 = CIRCLE ( 'NONE', #7458, 1.000000000000000000 ) ;
#4811 = ADVANCED_FACE ( 'NONE', ( #8403 ), #3837, .F. ) ;
#4812 = CARTESIAN_POINT ( 'NONE',  ( 0.000000000000000000, 0.000000000000000000, 0.000000000000000000 ) ) ;
#4813 = DIRECTION ( 'NONE',  ( -1.000000000000000000, -0.000000000000000000, -0.000000000000000000 ) ) ;
#4814 = VECTOR ( 'NONE', #6044, 1000.000000000000000 ) ;
#4815 = AXIS2_PLACEMENT_3D ( 'NONE', #10288, #6752, #6871 ) ;
#4816 = VERTEX_POINT ( 'NONE', #9240 ) ;
#4817 = FACE_OUTER_BOUND ( 'NONE', #7882, .T. ) ;
#4818 = EDGE_CURVE ( 'NONE', #9013, #6989, #6397, .T. ) ;
#4819 = EDGE_CURVE ( 'NONE', #9673, #4805, #269, .T. ) ;
#4820 = CIRCLE ( 'NONE', #7666, 0.7740000000000000213 ) ;
#4821 = EDGE_LOOP ( 'NONE', ( #7838, #3728, #227, #3396, #3003, #3019 ) ) ;
#4822 = ITEM_DEFINED_TRANSFORMATION ( 'NONE', 'NONE', #11173,  #4873 ) ;
#4823 = DIRECTION ( 'NONE',  ( -1.000000000000000000, 0.000000000000000000, 0.000000000000000000 ) ) ;
#4824 = DIRECTION ( 'NONE',  ( -0.000000000000000000, -0.000000000000000000, 1.000000000000000000 ) ) ;
#4825 = ORIENTED_EDGE ( 'NONE', *, *, #6482, .F. ) ;
#4826 = CARTESIAN_POINT ( 'NONE',  ( -21.50000000000000000, 0.000000000000000000, -0.5000000000000000000 ) ) ;
#4827 = DIRECTION ( 'NONE',  ( 0.000000000000000000, 0.000000000000000000, 1.000000000000000000 ) ) ;
#4828 = VECTOR ( 'NONE', #293, 1000.000000000000000 ) ;
#4829 = PLANE ( 'NONE',  #4696 ) ;
#4830 = ADVANCED_FACE ( 'NONE', ( #152 ), #5564, .T. ) ;
#4831 = VERTEX_POINT ( 'NONE', #10008 ) ;
#4832 = CARTESIAN_POINT ( 'NONE',  ( -21.50000000000000000, 0.000000000000000000, 0.000000000000000000 ) ) ;
#4833 = EDGE_LOOP ( 'NONE', ( #7344, #4558, #323, #787 ) ) ;
#4834 = CIRCLE ( 'NONE', #6012, 2.000000000000000000 ) ;
#4835 = DIRECTION ( 'NONE',  ( 0.000000000000000000, 0.000000000000000000, 1.000000000000000000 ) ) ;
#4836 = AXIS2_PLACEMENT_3D ( 'NONE', #11261, #7585, #7402 ) ;
#4837 = ORIENTED_EDGE ( 'NONE', *, *, #9605, .T. ) ;
#4838 = DIRECTION ( 'NONE',  ( 1.000000000000000000, -3.500724386864989567E-16, -2.329709145910382463E-15 ) ) ;
#4839 = PLANE ( 'NONE',  #11088 ) ;
#4840 = CARTESIAN_POINT ( 'NONE',  ( -2.000000000000000000, 0.000000000000000000, -21.00000000000000000 ) ) ;
#4841 = B_SPLINE_CURVE_WITH_KNOTS ( 'NONE', 3,
 ( #10402, #3182, #9401, #8451, #6743, #319 ),
 .UNSPECIFIED., .F., .F.,
 ( 4, 2, 4 ),
 ( 3.086168651045376597E-07, 0.0001317793995238435330, 0.0002632501821825824714 ),
 .UNSPECIFIED. ) ;
#4842 = LINE ( 'NONE', #8459, #1024 ) ;
#4843 = DIRECTION ( 'NONE',  ( 1.000000000000000000, -0.000000000000000000, -0.000000000000000000 ) ) ;
#4844 = FACE_BOUND ( 'NONE', #4212, .T. ) ;
#4845 = ADVANCED_FACE ( 'NONE', ( #8346 ), #10463, .T. ) ;
#4846 = ORIENTED_EDGE ( 'NONE', *, *, #7711, .F. ) ;
#4847 = DIRECTION ( 'NONE',  ( 1.000000000000000000, -0.000000000000000000, -0.000000000000000000 ) ) ;
#4848 = ORIENTED_EDGE ( 'NONE', *, *, #1467, .T. ) ;
#4849 = DIRECTION ( 'NONE',  ( -1.000000000000000000, 0.000000000000000000, 0.000000000000000000 ) ) ;
#4850 = EDGE_LOOP ( 'NONE', ( #8350, #9433, #6754, #10376 ) ) ;
#4851 = CARTESIAN_POINT ( 'NONE',  ( 0.7063323362395499405, -0.4078011644652421719, -0.1291166393111907729 ) ) ;
#4852 = VERTEX_POINT ( 'NONE', #9116 ) ;
#4853 = EDGE_CURVE ( 'NONE', #655, #6930, #9721, .T. ) ;
#4854 =( LENGTH_UNIT ( ) NAMED_UNIT ( * ) SI_UNIT ( .MILLI., .METRE. ) );
#4855 = CARTESIAN_POINT ( 'NONE',  ( -1.999999999999999556, 2.500000000000000000, -0.6905989232413867196 ) ) ;
#4856 = CONICAL_SURFACE ( 'NONE', #112, 1.000000000000000000, 1.047197551196604515 ) ;
#4857 = UNCERTAINTY_MEASURE_WITH_UNIT (LENGTH_MEASURE( 1.000000000000000082E-05 ), #4854, 'distance_accuracy_value', 'NONE');
#4858 = CYLINDRICAL_SURFACE ( 'NONE', #8462, 1.000000000000000444 ) ;
#4859 = PRESENTATION_STYLE_ASSIGNMENT (( #7708 ) ) ;
#4860 = CARTESIAN_POINT ( 'NONE',  ( 0.000000000000000000, 4.898598887637106556E-16, -3.600000000000000089 ) ) ;
#4861 = DIRECTION ( 'NONE',  ( 0.000000000000000000, 0.000000000000000000, -1.000000000000000000 ) ) ;
#4862 = DIRECTION ( 'NONE',  ( 0.000000000000000000, 0.000000000000000000, 1.000000000000000000 ) ) ;
#4863 = ORIENTED_EDGE ( 'NONE', *, *, #10212, .F. ) ;
#4864 = DIRECTION ( 'NONE',  ( -1.000000000000000000, -0.000000000000000000, -0.000000000000000000 ) ) ;
#4865 = VERTEX_POINT ( 'NONE', #8169 ) ;
#4866 = CIRCLE ( 'NONE', #304, 1.999999999999999556 ) ;
#4867 = DIRECTION ( 'NONE',  ( 0.000000000000000000, 0.000000000000000000, -1.000000000000000000 ) ) ;
#4868 = CIRCLE ( 'NONE', #8083, 1.099999999999998757 ) ;
#4869 = VERTEX_POINT ( 'NONE', #3667 ) ;
#4870 = ORIENTED_EDGE ( 'NONE', *, *, #3649, .T. ) ;
#4871 = CARTESIAN_POINT ( 'NONE',  ( -0.3271719972790578246, -2.120508236058134877, -0.06957546252590419977 ) ) ;
#4872 = DIRECTION ( 'NONE',  ( 0.000000000000000000, 0.000000000000000000, -1.000000000000000000 ) ) ;
#4873 = AXIS2_PLACEMENT_3D ( 'NONE', #5914, #5705, #6598 ) ;
#4874 = VECTOR ( 'NONE', #4755, 1000.000000000000000 ) ;
#4875 = CARTESIAN_POINT ( 'NONE',  ( 0.000000000000000000, 0.000000000000000000, 0.000000000000000000 ) ) ;
#4876 = FACE_OUTER_BOUND ( 'NONE', #11413, .T. ) ;
#4877 = ORIENTED_EDGE ( 'NONE', *, *, #2552, .T. ) ;
#4878 = DIRECTION ( 'NONE',  ( -1.000000000000000000, -8.881784197001252323E-16, 0.000000000000000000 ) ) ;
#4879 = EDGE_CURVE ( 'NONE', #8388, #11606, #6886, .T. ) ;
#4880 = ADVANCED_FACE ( 'NONE', ( #8292 ), #7282, .F. ) ;
#4881 = AXIS2_PLACEMENT_3D ( 'NONE', #10071, #9125, #1951 ) ;
#4882 = AXIS2_PLACEMENT_3D ( 'NONE', #8152, #10936, #6554 ) ;
#4883 = ORIENTED_EDGE ( 'NONE', *, *, #9672, .F. ) ;
#4884 = ITEM_DEFINED_TRANSFORMATION ( 'NONE', 'NONE', #3789,  #4873 ) ;
#4885 = ADVANCED_FACE ( 'NONE', ( #5627 ), #8231, .T. ) ;
#4886 = CARTESIAN_POINT ( 'NONE',  ( 2.000000000000000000, -0.1951254011572750025, 8.046812998915848599E-18 ) ) ;
#4887 = EDGE_CURVE ( 'NONE', #6839, #11608, #10121, .T. ) ;
#4888 = DIRECTION ( 'NONE',  ( 0.000000000000000000, 1.000000000000000000, 0.000000000000000000 ) ) ;
#4889 = EDGE_LOOP ( 'NONE', ( #7007, #11069, #11511, #9353 ) ) ;
#4890 = DIRECTION ( 'NONE',  ( 0.000000000000000000, -1.000000000000000000, 0.000000000000000000 ) ) ;
#4891 = FACE_OUTER_BOUND ( 'NONE', #8749, .T. ) ;
#4892 = PLANE ( 'NONE',  #10186 ) ;
#4893 = ORIENTED_EDGE ( 'NONE', *, *, #7720, .F. ) ;
#4894 = DIRECTION ( 'NONE',  ( -1.000000000000000000, -0.000000000000000000, -0.000000000000000000 ) ) ;
#4895 = ORIENTED_EDGE ( 'NONE', *, *, #3045, .T. ) ;
#4896 = B_SPLINE_CURVE_WITH_KNOTS ( 'NONE', 3,
 ( #3974, #8470, #4786, #7581, #3020, #11134 ),
 .UNSPECIFIED., .F., .F.,
 ( 4, 2, 4 ),
 ( 0.001168606431211104352, 0.001750609284260045383, 0.002332612137308986630 ),
 .UNSPECIFIED. ) ;
#4897 = DIRECTION ( 'NONE',  ( 1.000000000000000000, 0.000000000000000000, 0.000000000000000000 ) ) ;
#4898 = VERTEX_POINT ( 'NONE', #10954 ) ;
#4899 = DIRECTION ( 'NONE',  ( -4.785058697776395497E-16, 0.9423957034545342726, 0.3345001317046577549 ) ) ;
#4900 = CYLINDRICAL_SURFACE ( 'NONE', #6551, 0.5000000000000000000 ) ;
#4901 = EDGE_CURVE ( 'NONE', #3113, #11008, #3095, .T. ) ;
#4902 = VECTOR ( 'NONE', #4100, 1000.000000000000000 ) ;
#4903 = FACE_OUTER_BOUND ( 'NONE', #4821, .T. ) ;
#4904 = CARTESIAN_POINT ( 'NONE',  ( 0.000000000000000000, -2.971690854684141847, -0.9000000000000006883 ) ) ;
#4905 = CARTESIAN_POINT ( 'NONE',  ( 3.699999999999999289, 2.821690854684141936, -0.4999999999999991673 ) ) ;
#4906 = ORIENTED_EDGE ( 'NONE', *, *, #9561, .T. ) ;
#4907 = FACE_BOUND ( 'NONE', #410, .T. ) ;
#4908 = ORIENTED_EDGE ( 'NONE', *, *, #6608, .F. ) ;
#4909 = AXIS2_PLACEMENT_3D ( 'NONE', #5314, #5489, #7160 ) ;
#4910 = DIRECTION ( 'NONE',  ( -0.000000000000000000, -0.000000000000000000, -1.000000000000000000 ) ) ;
#4911 = VERTEX_POINT ( 'NONE', #2179 ) ;
#4912 = DIRECTION ( 'NONE',  ( 0.000000000000000000, 0.000000000000000000, -1.000000000000000000 ) ) ;
#4913 = ORIENTED_EDGE ( 'NONE', *, *, #2062, .T. ) ;
#4914 = DIRECTION ( 'NONE',  ( -1.000000000000000000, 0.000000000000000000, 0.000000000000000000 ) ) ;
#4915 = EDGE_CURVE ( 'NONE', #9644, #3498, #5986, .T. ) ;
#4916 = CARTESIAN_POINT ( 'NONE',  ( -0.5909752386375995981, 0.5281053183114123861, -0.6896354667339628097 ) ) ;
#4917 = STYLED_ITEM ( 'NONE', ( #7348 ), #11227 ) ;
#4918 = CARTESIAN_POINT ( 'NONE',  ( 0.000000000000000000, 0.7740000000000005764, -2.000000000000000000 ) ) ;
#4919 = CARTESIAN_POINT ( 'NONE',  ( 9.478766225400515022E-17, -0.7739999999999994662, -3.600000000000000089 ) ) ;
#4920 = CARTESIAN_POINT ( 'NONE',  ( -0.000000000000000000, 2.500000000000000000, -18.00000000000000355 ) ) ;
#4921 = CARTESIAN_POINT ( 'NONE',  ( 2.000000000000000000, -0.9668978507697956193, -0.1244188288311465357 ) ) ;
#4922 = ORIENTED_EDGE ( 'NONE', *, *, #7927, .T. ) ;
#4923 = CYLINDRICAL_SURFACE ( 'NONE', #10204, 10.00000000000000000 ) ;
#4924 = VERTEX_POINT ( 'NONE', #7755 ) ;
#4925 = DIRECTION ( 'NONE',  ( 0.000000000000000000, 0.000000000000000000, -1.000000000000000000 ) ) ;
#4926 = AXIS2_PLACEMENT_3D ( 'NONE', #9090, #8665, #11450 ) ;
#4927 = ORIENTED_EDGE ( 'NONE', *, *, #10240, .F. ) ;
#4928 = ORIENTED_EDGE ( 'NONE', *, *, #962, .F. ) ;
#4929 = CARTESIAN_POINT ( 'NONE',  ( 2.000000000000000000, -1.154700538379255015, -1.421367205045916737 ) ) ;
#4930 = CARTESIAN_POINT ( 'NONE',  ( -2.000000000000003997, 0.9000000000000005773, -5.309401076758396343 ) ) ;
#4931 = LINE ( 'NONE', #11282, #10361 ) ;
#4932 =( GEOMETRIC_REPRESENTATION_CONTEXT ( 3 ) GLOBAL_UNCERTAINTY_ASSIGNED_CONTEXT ( ( #10627 ) ) GLOBAL_UNIT_ASSIGNED_CONTEXT ( ( #8807, #2463, #10093 ) ) REPRESENTATION_CONTEXT ( 'NONE', 'WORKASPACE' ) );
#4933 = DIRECTION ( 'NONE',  ( 0.000000000000000000, 0.000000000000000000, 1.000000000000000000 ) ) ;
#4934 = ORIENTED_EDGE ( 'NONE', *, *, #5908, .F. ) ;
#4935 = EDGE_CURVE ( 'NONE', #5420, #599, #5739, .T. ) ;
#4936 = DIRECTION ( 'NONE',  ( 0.000000000000000000, 1.000000000000000000, 0.000000000000000000 ) ) ;
#4937 = DIRECTION ( 'NONE',  ( -1.000000000000000000, 0.000000000000000000, 0.000000000000000000 ) ) ;
#4938 = AXIS2_PLACEMENT_3D ( 'NONE', #8897, #7182, #7899 ) ;
#4939 = VERTEX_POINT ( 'NONE', #8466 ) ;
#4940 = LINE ( 'NONE', #10394, #4416 ) ;
#4941 = VECTOR ( 'NONE', #9126, 1000.000000000000000 ) ;
#4942 = EDGE_LOOP ( 'NONE', ( #2241, #11095, #863, #4913 ) ) ;
#4943 = CARTESIAN_POINT ( 'NONE',  ( 5.500000000000000888, 0.000000000000000000, 0.000000000000000000 ) ) ;
#4944 = CARTESIAN_POINT ( 'NONE',  ( -2.000000000000000000, 1.154700538379251240, -0.1786327949540822413 ) ) ;
#4945 = ADVANCED_FACE ( 'NONE', ( #4907, #10235 ), #1338, .F. ) ;
#4946 = EDGE_CURVE ( 'NONE', #2197, #11067, #511, .T. ) ;
#4947 = DIRECTION ( 'NONE',  ( -0.000000000000000000, 1.224649721909276639E-16, -1.000000000000000000 ) ) ;
#4948 = VERTEX_POINT ( 'NONE', #8526 ) ;
#4949 = EDGE_CURVE ( 'NONE', #7246, #9786, #9298, .T. ) ;
#4950 = CARTESIAN_POINT ( 'NONE',  ( -8.000000000000000000, 17.00000000000000000, -3.232195743157015411 ) ) ;
#4951 = CONICAL_SURFACE ( 'NONE', #4761, 0.7740000000000000213, 1.047197551196601628 ) ;
#4952 = ORIENTED_EDGE ( 'NONE', *, *, #1397, .T. ) ;
#4953 = CARTESIAN_POINT ( 'NONE',  ( 3.500000000000000000, 0.000000000000000000, -6.000000000000000000 ) ) ;
#4954 = EDGE_LOOP ( 'NONE', ( #11477, #6892 ) ) ;
#4955 = CARTESIAN_POINT ( 'NONE',  ( -22.15914770952258905, -9.550261755315464285, 1052.100000000006958 ) ) ;
#4956 = CARTESIAN_POINT ( 'NONE',  ( 0.000000000000000000, 0.000000000000000000, 0.000000000000000000 ) ) ;
#4957 = DIRECTION ( 'NONE',  ( 1.000000000000000000, 0.000000000000000000, 0.000000000000000000 ) ) ;
#4958 = PRODUCT_DEFINITION_CONTEXT ( 'detailed design', #734, 'design' ) ;
#4959 = DIRECTION ( 'NONE',  ( 0.000000000000000000, 1.000000000000000000, 0.000000000000000000 ) ) ;
#4960 = FACE_OUTER_BOUND ( 'NONE', #8348, .T. ) ;
#4961 = VECTOR ( 'NONE', #9946, 1000.000000000000000 ) ;
#4962 = VERTEX_POINT ( 'NONE', #4022 ) ;
#4963 = CARTESIAN_POINT ( 'NONE',  ( 1.000000000000000444, -1.732050807568876971, 0.000000000000000000 ) ) ;
#4964 = EDGE_CURVE ( 'NONE', #6321, #11348, #5736, .T. ) ;
#4965 = ORIENTED_EDGE ( 'NONE', *, *, #2570, .T. ) ;
#4966 = ADVANCED_FACE ( 'NONE', ( #6873 ), #6815, .F. ) ;
#4967 = DIRECTION ( 'NONE',  ( 1.000000000000000000, 0.000000000000000000, 0.000000000000000000 ) ) ;
#4968 = ORIENTED_EDGE ( 'NONE', *, *, #10774, .F. ) ;
#4969 = CARTESIAN_POINT ( 'NONE',  ( 1.000000000000001998, 1.732050807568876083, 0.000000000000000000 ) ) ;
#4970 = ORIENTED_EDGE ( 'NONE', *, *, #8721, .F. ) ;
#4971 = CARTESIAN_POINT ( 'NONE',  ( 3.499999999999999556, 2.500000000000000000, -19.84529946162065528 ) ) ;
#4972 = DIRECTION ( 'NONE',  ( -1.000000000000000000, 0.000000000000000000, 0.000000000000000000 ) ) ;
#4973 = DIRECTION ( 'NONE',  ( 0.000000000000000000, 0.000000000000000000, -1.000000000000000000 ) ) ;
#4974 = PLANE ( 'NONE',  #10174 ) ;
#4975 = LINE ( 'NONE', #3085, #588 ) ;
#4976 = ORIENTED_EDGE ( 'NONE', *, *, #3080, .T. ) ;
#4977 = CARTESIAN_POINT ( 'NONE',  ( 1.000000000000000000, 0.000000000000000000, -3.000000000000000444 ) ) ;
#4978 = ORIENTED_EDGE ( 'NONE', *, *, #3737, .F. ) ;
#4979 = FACE_OUTER_BOUND ( 'NONE', #3454, .T. ) ;
#4980 = ORIENTED_EDGE ( 'NONE', *, *, #10443, .T. ) ;
#4981 =( REPRESENTATION_RELATIONSHIP ('NONE','NONE', #9860, #9464 ) REPRESENTATION_RELATIONSHIP_WITH_TRANSFORMATION ( #2326 )SHAPE_REPRESENTATION_RELATIONSHIP( ) );
#4982 = ORIENTED_EDGE ( 'NONE', *, *, #7, .F. ) ;
#4983 = AXIS2_PLACEMENT_3D ( 'NONE', #9338, #7622, #7564 ) ;
#4984 = VECTOR ( 'NONE', #4589, 1000.000000000000000 ) ;
#4985 = AXIS2_PLACEMENT_3D ( 'NONE', #4257, #10767, #11602 ) ;
#4986 = CARTESIAN_POINT ( 'NONE',  ( -0.1792794172266556074, 0.7024231517789284451, -0.7302883528660969459 ) ) ;
#4987 = LINE ( 'NONE', #7884, #11633 ) ;
#4988 = DIRECTION ( 'NONE',  ( 0.000000000000000000, 0.000000000000000000, -1.000000000000000000 ) ) ;
#4989 = DIRECTION ( 'NONE',  ( 0.8660254037844384856, 0.000000000000000000, 0.5000000000000001110 ) ) ;
#4990 = EDGE_LOOP ( 'NONE', ( #1685, #3383, #1535, #984 ) ) ;
#4991 = CARTESIAN_POINT ( 'NONE',  ( -2.000000000000000000, 0.000000000000000000, -21.00000000000000000 ) ) ;
#4992 = AXIS2_PLACEMENT_3D ( 'NONE', #1035, #8620, #2877 ) ;
#4993 = EDGE_CURVE ( 'NONE', #1913, #3784, #7078, .T. ) ;
#4994 = CARTESIAN_POINT ( 'NONE',  ( 2.000000000000000000, 0.7788341705667923831, -0.07984828284773053120 ) ) ;
#4995 = VECTOR ( 'NONE', #3489, 999.9999999999998863 ) ;
#4996 = CARTESIAN_POINT ( 'NONE',  ( -0.1702769162167616090, -0.7403828156981311359, 0.000000000000000000 ) ) ;
#4997 = VERTEX_POINT ( 'NONE', #3194 ) ;
#4998 = EDGE_CURVE ( 'NONE', #11087, #6978, #2140, .T. ) ;
#4999 = VECTOR ( 'NONE', #4288, 1000.000000000000000 ) ;
#5000 = ITEM_DEFINED_TRANSFORMATION ( 'NONE', 'NONE', #7583,  #4873 ) ;
#5001 = CIRCLE ( 'NONE', #5764, 1.000000000000000000 ) ;
#5002 = CARTESIAN_POINT ( 'NONE',  ( 0.4682615195961036259, -0.8110527431698564271, -500000.0000000000582 ) ) ;
#5003 = DIRECTION ( 'NONE',  ( -0.000000000000000000, 1.000000000000000000, 0.000000000000000000 ) ) ;
#5004 = VECTOR ( 'NONE', #9289, 1000.000000000000000 ) ;
#5005 = ORIENTED_EDGE ( 'NONE', *, *, #5684, .T. ) ;
#5006 = CARTESIAN_POINT ( 'NONE',  ( 2.070622276826203227E-15, 0.7000000000000020650, -500000.0000000000582 ) ) ;
#5007 = DIRECTION ( 'NONE',  ( 0.000000000000000000, -1.000000000000000000, 0.000000000000000000 ) ) ;
#5008 = CARTESIAN_POINT ( 'NONE',  ( 0.000000000000000000, 0.000000000000000000, 0.000000000000000000 ) ) ;
#5009 = ORIENTED_EDGE ( 'NONE', *, *, #9254, .F. ) ;
#5010 = VECTOR ( 'NONE', #11125, 1000.000000000000000 ) ;
#5011 = CARTESIAN_POINT ( 'NONE',  ( -2.000000000000000000, 1.154700538379254349, -1.421367205045916737 ) ) ;
#5012 = ORIENTED_EDGE ( 'NONE', *, *, #1703, .F. ) ;
#5013 = EDGE_CURVE ( 'NONE', #3788, #4319, #6688, .T. ) ;
#5014 = DIRECTION ( 'NONE',  ( 0.000000000000000000, 0.000000000000000000, 1.000000000000000000 ) ) ;
#5015 = ORIENTED_EDGE ( 'NONE', *, *, #5405, .T. ) ;
#5016 = EDGE_CURVE ( 'NONE', #8309, #9132, #8951, .T. ) ;
#5017 = SURFACE_STYLE_FILL_AREA ( #6620 ) ;
#5018 = PLANE ( 'NONE',  #1239 ) ;
#5019 = DIRECTION ( 'NONE',  ( -0.000000000000000000, 1.000000000000000000, -0.000000000000000000 ) ) ;
#5020 = CARTESIAN_POINT ( 'NONE',  ( -17.94999999999999929, 0.000000000000000000, 0.000000000000000000 ) ) ;
#5021 = CARTESIAN_POINT ( 'NONE',  ( 1.224646799147353207E-16, 1.000000000000000444, -2.669518839163146584 ) ) ;
#5022 = ORIENTED_EDGE ( 'NONE', *, *, #6802, .T. ) ;
#5023 = CARTESIAN_POINT ( 'NONE',  ( 2.000000000000000000, 0.000000000000000000, 0.000000000000000000 ) ) ;
#5024 = ORIENTED_EDGE ( 'NONE', *, *, #10113, .T. ) ;
#5025 = LINE ( 'NONE', #8643, #3092 ) ;
#5026 = CIRCLE ( 'NONE', #2191, 10.50000000000000000 ) ;
#5027 = ORIENTED_EDGE ( 'NONE', *, *, #1403, .F. ) ;
#5028 = EDGE_CURVE ( 'NONE', #10387, #7788, #7248, .T. ) ;
#5029 = CARTESIAN_POINT ( 'NONE',  ( -4.987329993433320396E-15, -2.309401076758504701, -0.1786327949540832127 ) ) ;
#5030 = EDGE_CURVE ( 'NONE', #9690, #2632, #9477, .T. ) ;
#5031 = VERTEX_POINT ( 'NONE', #5023 ) ;
#5032 = CARTESIAN_POINT ( 'NONE',  ( 0.1792794172266601316, -0.7024231517789285562, -0.7302883528660960577 ) ) ;
#5033 = CARTESIAN_POINT ( 'NONE',  ( -0.7367597884817487230, 0.4737380419973785672, -0.6400376310407445146 ) ) ;
#5034 = EDGE_CURVE ( 'NONE', #8469, #5974, #10991, .T. ) ;
#5035 = CYLINDRICAL_SURFACE ( 'NONE', #247, 3.000000000000000000 ) ;
#5036 = EDGE_CURVE ( 'NONE', #1328, #10184, #8768, .T. ) ;
#5037 = AXIS2_PLACEMENT_3D ( 'NONE', #7928, #9469, #1332 ) ;
#5038 = CARTESIAN_POINT ( 'NONE',  ( 0.000000000000000000, 0.000000000000000000, -18.00000000000000355 ) ) ;
#5039 = PRODUCT ( 'SeguraIma', 'SeguraIma', '', ( #2639 ) ) ;
#5040 = DIRECTION ( 'NONE',  ( -1.000000000000000000, -0.000000000000000000, -0.000000000000000000 ) ) ;
#5041 = ORIENTED_EDGE ( 'NONE', *, *, #10390, .F. ) ;
#5042 = CARTESIAN_POINT ( 'NONE',  ( 5.499999999999997335, 0.8999999999999986899, -5.309401076758394566 ) ) ;
#5043 = EDGE_LOOP ( 'NONE', ( #5148, #144, #2544, #8053, #8623, #2780 ) ) ;
#5044 = CARTESIAN_POINT ( 'NONE',  ( 0.5560518688116534713, 0.5176555429708578071, -0.7092725651034375023 ) ) ;
#5045 = ORIENTED_EDGE ( 'NONE', *, *, #2997, .F. ) ;
#5046 = ORIENTED_EDGE ( 'NONE', *, *, #11344, .F. ) ;
#5047 = CARTESIAN_POINT ( 'NONE',  ( 2.000000000000000000, -0.7745510564695445854, -1.521052330702030719 ) ) ;
#5048 = ADVANCED_FACE ( 'NONE', ( #6633 ), #5166, .T. ) ;
#5049 = DIRECTION ( 'NONE',  ( -0.000000000000000000, -0.000000000000000000, -1.000000000000000000 ) ) ;
#5050 = CARTESIAN_POINT ( 'NONE',  ( 0.000000000000000000, 0.000000000000000000, 0.000000000000000000 ) ) ;
#5051 = VECTOR ( 'NONE', #5458, 1000.000000000000000 ) ;
#5052 = AXIS2_PLACEMENT_3D ( 'NONE', #6972, #10567, #495 ) ;
#5053 = ORIENTED_EDGE ( 'NONE', *, *, #9517, .T. ) ;
#5054 = CARTESIAN_POINT ( 'NONE',  ( 5.499999999999998224, 0.000000000000000000, -20.99999999999990763 ) ) ;
#5055 = CARTESIAN_POINT ( 'NONE',  ( 0.000000000000000000, 0.000000000000000000, -1.600000000000000089 ) ) ;
#5056 = CIRCLE ( 'NONE', #7525, 1.000000000000000000 ) ;
#5057 = DIRECTION ( 'NONE',  ( -0.000000000000000000, 1.224649721909276639E-16, -1.000000000000000000 ) ) ;
#5058 = VECTOR ( 'NONE', #429, 1000.000000000000000 ) ;
#5059 = ORIENTED_EDGE ( 'NONE', *, *, #11642, .F. ) ;
#5060 = DIRECTION ( 'NONE',  ( 0.000000000000000000, 0.000000000000000000, -1.000000000000000000 ) ) ;
#5061 = FILL_AREA_STYLE_COLOUR ( '', #9952 ) ;
#5062 = ADVANCED_FACE ( 'NONE', ( #9826 ), #5360, .F. ) ;
#5063 = ORIENTED_EDGE ( 'NONE', *, *, #2057, .T. ) ;
#5064 = CARTESIAN_POINT ( 'NONE',  ( 0.000000000000000000, 5.058392604970359998E-16, -3.730481160836854215 ) ) ;
#5065 = CARTESIAN_POINT ( 'NONE',  ( 0.7812177826501164324, -0.3500000000112572507, -0.6513934606267701710 ) ) ;
#5066 = CARTESIAN_POINT ( 'NONE',  ( 3.400000000000000355, 6.123233995736766036E-17, -0.5000000000000000000 ) ) ;
#5067 = AXIS2_PLACEMENT_3D ( 'NONE', #5250, #6087, #6863 ) ;
#5068 = ORIENTED_EDGE ( 'NONE', *, *, #7895, .T. ) ;
#5069 = EDGE_LOOP ( 'NONE', ( #8947, #8769, #2817, #9842 ) ) ;
#5070 = CARTESIAN_POINT ( 'NONE',  ( 14.05000000000000071, 0.000000000000000000, 0.000000000000000000 ) ) ;
#5071 = ORIENTED_EDGE ( 'NONE', *, *, #6646, .T. ) ;
#5072 = DIRECTION ( 'NONE',  ( -2.325405537193559661E-29, -0.9999572096300346491, -0.009250886925854391249 ) ) ;
#5073 = CARTESIAN_POINT ( 'NONE',  ( -16.00000000000000000, 0.000000000000000000, 0.000000000000000000 ) ) ;
#5074 = CARTESIAN_POINT ( 'NONE',  ( 0.9999999999999997780, 0.000000000000000000, 0.000000000000000000 ) ) ;
#5075 = CYLINDRICAL_SURFACE ( 'NONE', #3129, 3.500000000000000000 ) ;
#5076 = CARTESIAN_POINT ( 'NONE',  ( 3.499999999999997335, 0.8999999999999986899, -1.845299461620636627 ) ) ;
#5077 = CIRCLE ( 'NONE', #6977, 1.000000000000000000 ) ;
#5078 = VERTEX_POINT ( 'NONE', #8815 ) ;
#5079 = DIRECTION ( 'NONE',  ( -1.000000000000000000, -0.000000000000000000, -0.000000000000000000 ) ) ;
#5080 = ORIENTED_EDGE ( 'NONE', *, *, #9561, .F. ) ;
#5081 = FACE_OUTER_BOUND ( 'NONE', #1101, .T. ) ;
#5082 = ORIENTED_EDGE ( 'NONE', *, *, #9164, .T. ) ;
#5083 = CARTESIAN_POINT ( 'NONE',  ( -1.999999999999999556, 2.500000000000000000, -0.6905989232413867196 ) ) ;
#5084 = AXIS2_PLACEMENT_3D ( 'NONE', #10328, #8673, #9507 ) ;
#5085 = EDGE_LOOP ( 'NONE', ( #6797, #2282, #834, #5776 ) ) ;
#5086 =( LENGTH_UNIT ( ) NAMED_UNIT ( * ) SI_UNIT ( .MILLI., .METRE. ) );
#5087 = DIRECTION ( 'NONE',  ( 0.000000000000000000, 0.000000000000000000, -1.000000000000000000 ) ) ;
#5088 = PLANE ( 'NONE',  #7875 ) ;
#5089 = SURFACE_STYLE_FILL_AREA ( #11377 ) ;
#5090 = CARTESIAN_POINT ( 'NONE',  ( 1.000000000000000000, 1.224646799147354933E-16, -2.530481160836854482 ) ) ;
#5091 = DIRECTION ( 'NONE',  ( -1.000000000000000000, 0.000000000000000000, -0.000000000000000000 ) ) ;
#5092 = EDGE_CURVE ( 'NONE', #8819, #2345, #4777, .T. ) ;
#5093 = VECTOR ( 'NONE', #8543, 1000.000000000000000 ) ;
#5094 = EDGE_CURVE ( 'NONE', #4009, #8819, #2513, .T. ) ;
#5095 = VERTEX_POINT ( 'NONE', #1752 ) ;
#5096 = CARTESIAN_POINT ( 'NONE',  ( 0.000000000000000000, 4.898598887637106556E-16, -3.600000000000000089 ) ) ;
#5097 = ORIENTED_EDGE ( 'NONE', *, *, #3202, .T. ) ;
#5098 = CYLINDRICAL_SURFACE ( 'NONE', #1594, 5.500000000000000000 ) ;
#5099 = EDGE_CURVE ( 'NONE', #1003, #7071, #11486, .T. ) ;
#5100 = VERTEX_POINT ( 'NONE', #4317 ) ;
#5101 = EDGE_CURVE ( 'NONE', #9675, #3903, #4414, .T. ) ;
#5102 = ORIENTED_EDGE ( 'NONE', *, *, #251, .T. ) ;
#5103 = CARTESIAN_POINT ( 'NONE',  ( 2.099999999999999645, -2.821690854684141936, -0.4999999999999992784 ) ) ;
#5104 = CARTESIAN_POINT ( 'NONE',  ( 1.500000000000000000, 0.000000000000000000, 0.000000000000000000 ) ) ;
#5105 = CARTESIAN_POINT ( 'NONE',  ( -4.000000000000001776, 2.500000000000000000, -1.845299461620639736 ) ) ;
#5106 = EDGE_LOOP ( 'NONE', ( #9343, #3796, #8140 ) ) ;
#5107 = DIRECTION ( 'NONE',  ( -0.000000000000000000, 1.000000000000000000, 0.000000000000000000 ) ) ;
#5108 = COLOUR_RGB ( '',1.000000000000000000, 0.9490196078431372140, 0.9098039215686274384 ) ;
#5109 = B_SPLINE_CURVE_WITH_KNOTS ( 'NONE', 3,
 ( #11179, #145, #3005, #3962, #7568, #10228 ),
 .UNSPECIFIED., .F., .F.,
 ( 4, 2, 4 ),
 ( 0.002060137505873420490, 0.002644210467598552897, 0.003228283429323685304 ),
 .UNSPECIFIED. ) ;
#5110 = SURFACE_STYLE_FILL_AREA ( #8619 ) ;
#5111 = EDGE_CURVE ( 'NONE', #1774, #8170, #6772, .T. ) ;
#5112 = EDGE_CURVE ( 'NONE', #3668, #4831, #9334, .T. ) ;
#5113 = DIRECTION ( 'NONE',  ( 0.000000000000000000, 1.000000000000000000, 0.000000000000000000 ) ) ;
#5114 = ORIENTED_EDGE ( 'NONE', *, *, #9906, .T. ) ;
#5115 = PRESENTATION_LAYER_ASSIGNMENT (  '', '', ( #9475 ) ) ;
#5116 = LINE ( 'NONE', #10393, #6196 ) ;
#5117 = ORIENTED_EDGE ( 'NONE', *, *, #7946, .T. ) ;
#5118 = FACE_OUTER_BOUND ( 'NONE', #6777, .T. ) ;
#5119 = CARTESIAN_POINT ( 'NONE',  ( 0.9365230391922044761, 2.153161244606388866E-16, -500000.0000000000582 ) ) ;
#5120 = CARTESIAN_POINT ( 'NONE',  ( 9.478766225400515022E-17, -0.7739999999999994662, -2.400000000000000355 ) ) ;
#5121 = VERTEX_POINT ( 'NONE', #7162 ) ;
#5122 = ORIENTED_EDGE ( 'NONE', *, *, #6596, .T. ) ;
#5123 = ORIENTED_EDGE ( 'NONE', *, *, #6213, .T. ) ;
#5124 = CARTESIAN_POINT ( 'NONE',  ( 1.000000000000000444, -1.732050807568876971, -1.600000000000000089 ) ) ;
#5125 = ORIENTED_EDGE ( 'NONE', *, *, #11188, .F. ) ;
#5126 = VECTOR ( 'NONE', #8128, 1000.000000000000114 ) ;
#5127 = DIRECTION ( 'NONE',  ( 0.000000000000000000, -1.000000000000000000, 6.123233995736766036E-17 ) ) ;
#5128 = LINE ( 'NONE', #4309, #679 ) ;
#5129 = CARTESIAN_POINT ( 'NONE',  ( 0.1631781751318165108, -2.215190113420280937, -1.475759930090786654 ) ) ;
#5130 = DIRECTION ( 'NONE',  ( 1.000000000000000000, 0.000000000000000000, 0.000000000000000000 ) ) ;
#5131 = SURFACE_STYLE_USAGE ( .BOTH. , #3474 ) ;
#5132 =( REPRESENTATION_RELATIONSHIP ('NONE','NONE', #9860, #2279 ) REPRESENTATION_RELATIONSHIP_WITH_TRANSFORMATION ( #7847 )SHAPE_REPRESENTATION_RELATIONSHIP( ) );
#5133 = ORIENTED_EDGE ( 'NONE', *, *, #219, .F. ) ;
#5134 = CARTESIAN_POINT ( 'NONE',  ( 3.400000000000000355, 0.000000000000000000, 0.000000000000000000 ) ) ;
#5135 = AXIS2_PLACEMENT_3D ( 'NONE', #10487, #1478, #5091 ) ;
#5136 = EDGE_LOOP ( 'NONE', ( #11532, #3344, #8926, #5122, #154 ) ) ;
#5137 = CARTESIAN_POINT ( 'NONE',  ( 0.000000000000000000, 0.000000000000000000, -1.600000000000000089 ) ) ;
#5138 = EDGE_LOOP ( 'NONE', ( #210, #11010, #9457, #11196, #1012 ) ) ;
#5139 = DIRECTION ( 'NONE',  ( -1.000000000000000000, 0.000000000000000000, 0.000000000000000000 ) ) ;
#5140 = UNCERTAINTY_MEASURE_WITH_UNIT (LENGTH_MEASURE( 1.000000000000000082E-05 ), #7601, 'distance_accuracy_value', 'NONE');
#5141 = ORIENTED_EDGE ( 'NONE', *, *, #224, .T. ) ;
#5142 = CARTESIAN_POINT ( 'NONE',  ( 0.7799999999999996936, 0.000000000000000000, -0.1540456584061371259 ) ) ;
#5143 = EDGE_CURVE ( 'NONE', #8232, #1392, #1178, .T. ) ;
#5144 = AXIS2_PLACEMENT_3D ( 'NONE', #11324, #3205, #4151 ) ;
#5145 = CARTESIAN_POINT ( 'NONE',  ( 0.000000000000000000, 2.821690854684141936, -0.8999999999999992450 ) ) ;
#5146 = CARTESIAN_POINT ( 'NONE',  ( 0.000000000000000000, 4.738805170303855086E-16, -1.869518839163146762 ) ) ;
#5147 = CARTESIAN_POINT ( 'NONE',  ( 1.000000000000001998, 1.732050807568876083, -1.600000000000000089 ) ) ;
#5148 = ORIENTED_EDGE ( 'NONE', *, *, #2771, .T. ) ;
#5149 = CARTESIAN_POINT ( 'NONE',  ( 5.500000000000000888, 0.000000000000000000, -6.000000000000000000 ) ) ;
#5150 = EDGE_LOOP ( 'NONE', ( #9828, #4506, #5525 ) ) ;
#5151 = CARTESIAN_POINT ( 'NONE',  ( 1.224646799147353454E-16, -0.9999999999999997780, -2.130481160836854126 ) ) ;
#5152 = ORIENTED_EDGE ( 'NONE', *, *, #10034, .F. ) ;
#5153 = VERTEX_POINT ( 'NONE', #1644 ) ;
#5154 = EDGE_CURVE ( 'NONE', #5960, #2829, #4043, .T. ) ;
#5155 = CARTESIAN_POINT ( 'NONE',  ( -1.000000000000000444, 0.000000000000000000, 0.000000000000000000 ) ) ;
#5156 = EDGE_CURVE ( 'NONE', #7788, #1989, #7878, .T. ) ;
#5157 = CARTESIAN_POINT ( 'NONE',  ( -1.000000000000000000, 9.629649721936179265E-32, -3.730481160836854215 ) ) ;
#5158 = DIRECTION ( 'NONE',  ( 0.000000000000000000, 0.000000000000000000, 1.000000000000000000 ) ) ;
#5159 = EDGE_CURVE ( 'NONE', #5818, #10359, #8196, .T. ) ;
#5160 = DIRECTION ( 'NONE',  ( 0.000000000000000000, -0.000000000000000000, 1.000000000000000000 ) ) ;
#5161 = ORIENTED_EDGE ( 'NONE', *, *, #7775, .T. ) ;
#5162 = FACE_OUTER_BOUND ( 'NONE', #5069, .T. ) ;
#5163 = CIRCLE ( 'NONE', #2700, 2.500000000000002220 ) ;
#5164 = LINE ( 'NONE', #7020, #9542 ) ;
#5165 = AXIS2_PLACEMENT_3D ( 'NONE', #74, #3821, #1021 ) ;
#5166 = CONICAL_SURFACE ( 'NONE', #4985, 2.000000000000000000, 1.047197551196596299 ) ;
#5167 = ADVANCED_FACE ( 'NONE', ( #11666 ), #3365, .F. ) ;
#5168 = DIRECTION ( 'NONE',  ( 1.000000000000000000, 0.000000000000000000, 0.000000000000000000 ) ) ;
#5169 = EDGE_LOOP ( 'NONE', ( #3733, #2558, #7268 ) ) ;
#5170 = CLOSED_SHELL ( 'NONE', ( #22, #9578, #6932, #2572, #7557, #11552, #9872, #6781, #2352, #11182, #9303, #9142, #6851, #11520, #7665, #9799, #9506, #7862, #1912, #2061, #2269, #1520, #7930, #6272, #9084, #4491, #11204, #6950, #1544, #10248, #5976, #3420, #8949, #9856, #3581, #7343, #10182, #4845, #7159, #1325, #7294, #11720, #9078, #8723, #8077, #9076, #2053, #7777, #6411, #3959, #1720, #8873, #7279, #2193, #10180, #4830, #9961, #3650, #9573, #4222, #11603, #6967, #5403 ) ) ;
#5171 = CONTEXT_DEPENDENT_SHAPE_REPRESENTATION ( #6360, #778 ) ;
#5172 = DIRECTION ( 'NONE',  ( 0.000000000000000000, 0.000000000000000000, -1.000000000000000000 ) ) ;
#5173 = ORIENTED_EDGE ( 'NONE', *, *, #5179, .F. ) ;
#5174 = FACE_OUTER_BOUND ( 'NONE', #3368, .T. ) ;
#5175 = AXIS2_PLACEMENT_3D ( 'NONE', #4711, #11056, #1205 ) ;
#5177 = EDGE_CURVE ( 'NONE', #6848, #10037, #2646, .T. ) ;
#5176 = CARTESIAN_POINT ( 'NONE',  ( 3.000000000000000000, 0.000000000000000000, 4.000000000000000000 ) ) ;
#5178 = CONICAL_SURFACE ( 'NONE', #2149, 1664.279482350497119, 1.029744258676648982 ) ;
#5179 = EDGE_CURVE ( 'NONE', #7365, #4087, #3310, .T. ) ;
#5180 = ORIENTED_EDGE ( 'NONE', *, *, #10380, .F. ) ;
#5181 = LINE ( 'NONE', #5120, #341 ) ;
#5182 = ORIENTED_EDGE ( 'NONE', *, *, #7576, .F. ) ;
#5183 = CIRCLE ( 'NONE', #10103, 1.899999999999999689 ) ;
#5184 = AXIS2_PLACEMENT_3D ( 'NONE', #5836, #8671, #4047 ) ;
#5185 = ORIENTED_EDGE ( 'NONE', *, *, #10453, .T. ) ;
#5186 = AXIS2_PLACEMENT_3D ( 'NONE', #3499, #11566, #10837 ) ;
#5187 = CARTESIAN_POINT ( 'NONE',  ( 1.086261710843702231E-16, 0.7740000000000005764, -4.000000000000000000 ) ) ;
#5188 = MECHANICAL_DESIGN_GEOMETRIC_PRESENTATION_REPRESENTATION (  '', ( #2910 ), #4061 ) ;
#5189 = ORIENTED_EDGE ( 'NONE', *, *, #1881, .T. ) ;
#5190 = CARTESIAN_POINT ( 'NONE',  ( 14.34085229047740029, -10.35026175531544546, 1049.100000000006958 ) ) ;
#5191 = CARTESIAN_POINT ( 'NONE',  ( 2.000000000000000000, -0.1951254011572750025, 8.046812998915848599E-18 ) ) ;
#5192 = DIRECTION ( 'NONE',  ( -0.000000000000000000, -1.000000000000000000, 0.000000000000000000 ) ) ;
#5193 = AXIS2_PLACEMENT_3D ( 'NONE', #328, #4135, #3064 ) ;
#5194 = CARTESIAN_POINT ( 'NONE',  ( 1.000000000000000444, -1.732050807568876971, 0.000000000000000000 ) ) ;
#5195 = FILL_AREA_STYLE ('',( #11598 ) ) ;
#5196 = EDGE_CURVE ( 'NONE', #5927, #9514, #1027, .T. ) ;
#5197 = AXIS2_PLACEMENT_3D ( 'NONE', #6817, #2300, #5806 ) ;
#5198 = ORIENTED_EDGE ( 'NONE', *, *, #7304, .T. ) ;
#5199 = CARTESIAN_POINT ( 'NONE',  ( 2.000000000000000000, 0.9679918988505321620, -0.1247346533081146042 ) ) ;
#5200 = ORIENTED_EDGE ( 'NONE', *, *, #9098, .T. ) ;
#5201 = FACE_OUTER_BOUND ( 'NONE', #5169, .T. ) ;
#5202 = VERTEX_POINT ( 'NONE', #9938 ) ;
#5203 = CARTESIAN_POINT ( 'NONE',  ( 0.9526279441628809908, -0.5500000000000001554, -0.3000000000000172529 ) ) ;
#5204 = AXIS2_PLACEMENT_3D ( 'NONE', #2752, #6375, #910 ) ;
#5205 = ORIENTED_EDGE ( 'NONE', *, *, #5754, .F. ) ;
#5206 = FILL_AREA_STYLE ('',( #6998 ) ) ;
#5207 = DIRECTION ( 'NONE',  ( 1.000000000000000000, 0.000000000000000000, 0.000000000000000000 ) ) ;
#5208 = CARTESIAN_POINT ( 'NONE',  ( 4.099999999999999645, -2.821690854684141936, -0.3999999999999968026 ) ) ;
#5209 = FILL_AREA_STYLE ('',( #3319 ) ) ;
#5210 = ADVANCED_FACE ( 'NONE', ( #9223, #9996 ), #2873, .T. ) ;
#5211 = CARTESIAN_POINT ( 'NONE',  ( 1.000000000000001998, 1.732050807568876083, -1.600000000000000089 ) ) ;
#5212 = VERTEX_POINT ( 'NONE', #2756 ) ;
#5213 = AXIS2_PLACEMENT_3D ( 'NONE', #1179, #3216, #10203 ) ;
#5214 = PLANE ( 'NONE',  #10044 ) ;
#5215 = VERTEX_POINT ( 'NONE', #6494 ) ;
#5216 = B_SPLINE_CURVE_WITH_KNOTS ( 'NONE', 3,
 ( #3809, #10028, #1182, #1007 ),
 .UNSPECIFIED., .F., .F.,
 ( 4, 4 ),
 ( 2.380749485076534898E-07, 0.001168606431211099148 ),
 .UNSPECIFIED. ) ;
#5217 = B_SPLINE_CURVE_WITH_KNOTS ( 'NONE', 3,
 ( #2371, #5817, #11380, #521, #409, #349 ),
 .UNSPECIFIED., .F., .F.,
 ( 4, 2, 4 ),
 ( 0.001168606431211104352, 0.001750609284260045383, 0.002332612137308986630 ),
 .UNSPECIFIED. ) ;
#5218 = LINE ( 'NONE', #8833, #7265 ) ;
#5219 = ORIENTED_EDGE ( 'NONE', *, *, #8839, .T. ) ;
#5220 = ORIENTED_EDGE ( 'NONE', *, *, #2212, .F. ) ;
#5221 = SHAPE_REPRESENTATION_RELATIONSHIP ( 'NONE' , 'NONE' ,  #5449, #4307 ) ;
#5222 = DIRECTION ( 'NONE',  ( 0.000000000000000000, 1.000000000000000000, 0.000000000000000000 ) ) ;
#5223 = AXIS2_PLACEMENT_3D ( 'NONE', #9609, #2304, #4147 ) ;
#5224 = DIRECTION ( 'NONE',  ( 0.000000000000000000, 0.000000000000000000, -1.000000000000000000 ) ) ;
#5225 = CARTESIAN_POINT ( 'NONE',  ( -0.7799999999999996936, 9.552245033349351121E-17, -0.1540456584061371259 ) ) ;
#5226 = DIRECTION ( 'NONE',  ( -1.000000000000000000, 0.000000000000000000, 0.000000000000000000 ) ) ;
#5227 = ORIENTED_EDGE ( 'NONE', *, *, #5308, .F. ) ;
#5228 = DIRECTION ( 'NONE',  ( 1.000000000000000000, 0.000000000000000000, -0.000000000000000000 ) ) ;
#5229 = PLANE ( 'NONE',  #10095 ) ;
#5230 = CIRCLE ( 'NONE', #3527, 1.999999999999999556 ) ;
#5231 = B_SPLINE_CURVE_WITH_KNOTS ( 'NONE', 3,
 ( #11543, #1576, #7101, #10763 ),
 .UNSPECIFIED., .F., .F.,
 ( 4, 4 ),
 ( 2.380749485120318031E-07, 0.001168606431211104352 ),
 .UNSPECIFIED. ) ;
#5232 = FACE_OUTER_BOUND ( 'NONE', #3173, .T. ) ;
#5233 = EDGE_LOOP ( 'NONE', ( #4132, #1301, #1885, #8590, #9981, #890 ) ) ;
#5234 = ITEM_DEFINED_TRANSFORMATION ( 'NONE', 'NONE', #11567,  #4873 ) ;
#5235 =( LENGTH_UNIT ( ) NAMED_UNIT ( * ) SI_UNIT ( .MILLI., .METRE. ) );
#5236 = AXIS2_PLACEMENT_3D ( 'NONE', #9188, #2839, #8302 ) ;
#5237 = AXIS2_PLACEMENT_3D ( 'NONE', #11229, #371, #4890 ) ;
#5238 = ORIENTED_EDGE ( 'NONE', *, *, #10815, .F. ) ;
#5239 = CARTESIAN_POINT ( 'NONE',  ( 0.04123106663163618457, -0.8750777604359802897, -0.6399626214424704029 ) ) ;
#5240 = DIRECTION ( 'NONE',  ( 0.000000000000000000, -0.000000000000000000, 1.000000000000000000 ) ) ;
#5241 = ORIENTED_EDGE ( 'NONE', *, *, #4466, .T. ) ;
#5242 = CARTESIAN_POINT ( 'NONE',  ( 2.000000000000000000, -1.154700538379255015, -1.421367205045916737 ) ) ;
#5243 = EDGE_CURVE ( 'NONE', #8352, #6498, #5936, .T. ) ;
#5244 = EDGE_CURVE ( 'NONE', #2356, #2565, #8380, .T. ) ;
#5245 = EDGE_LOOP ( 'NONE', ( #3151, #1236, #3193, #1340, #6619 ) ) ;
#5246 = VECTOR ( 'NONE', #864, 1000.000000000000000 ) ;
#5247 = CIRCLE ( 'NONE', #120, 0.9999999999999997780 ) ;
#5248 = ORIENTED_EDGE ( 'NONE', *, *, #6112, .F. ) ;
#5249 = EDGE_CURVE ( 'NONE', #10972, #11703, #7212, .T. ) ;
#5250 = CARTESIAN_POINT ( 'NONE',  ( 2.645657173485741849E-15, -0.7000000000000021760, -500000.0000000000582 ) ) ;
#5251 = EDGE_CURVE ( 'NONE', #8488, #11219, #1987, .T. ) ;
#5252 = ORIENTED_EDGE ( 'NONE', *, *, #6929, .F. ) ;
#5253 = CARTESIAN_POINT ( 'NONE',  ( 10.84085229047739851, -0.3502617553154292462, 1033.600000000006958 ) ) ;
#5254 = FACE_OUTER_BOUND ( 'NONE', #8136, .T. ) ;
#5255 = DIRECTION ( 'NONE',  ( -0.000000000000000000, -0.000000000000000000, -1.000000000000000000 ) ) ;
#5256 = DIRECTION ( 'NONE',  ( 0.000000000000000000, 0.000000000000000000, 1.000000000000000000 ) ) ;
#5257 = CARTESIAN_POINT ( 'NONE',  ( -2.000000000000000888, 0.9000000000000003553, -0.6905989232413876078 ) ) ;
#5258 =( GEOMETRIC_REPRESENTATION_CONTEXT ( 3 ) GLOBAL_UNCERTAINTY_ASSIGNED_CONTEXT ( ( #3690 ) ) GLOBAL_UNIT_ASSIGNED_CONTEXT ( ( #4185, #7797, #2516 ) ) REPRESENTATION_CONTEXT ( 'NONE', 'WORKASPACE' ) );
#5259 = AXIS2_PLACEMENT_3D ( 'NONE', #6897, #2263, #3164 ) ;
#5260 = ORIENTED_EDGE ( 'NONE', *, *, #678, .T. ) ;
#5261 = CARTESIAN_POINT ( 'NONE',  ( -1.339247740005897747, -1.536186033554502339, -1.582894801272977325 ) ) ;
#5262 = EDGE_LOOP ( 'NONE', ( #8933, #3324 ) ) ;
#5263 = PLANE ( 'NONE',  #1948 ) ;
#5264 = ORIENTED_EDGE ( 'NONE', *, *, #423, .T. ) ;
#5265 = CARTESIAN_POINT ( 'NONE',  ( 0.000000000000000000, 0.000000000000000000, 0.000000000000000000 ) ) ;
#5266 = EDGE_CURVE ( 'NONE', #2169, #8434, #7819, .T. ) ;
#5267 = CIRCLE ( 'NONE', #135, 1.000000000000000000 ) ;
#5268 = VERTEX_POINT ( 'NONE', #970 ) ;
#5269 = B_SPLINE_CURVE_WITH_KNOTS ( 'NONE', 3,
 ( #9263, #6599, #2085, #5886, #1120, #1363, #5706, #9319, #4986, #8611 ),
 .UNSPECIFIED., .F., .F.,
 ( 4, 2, 2, 2, 4 ),
 ( 2.343975232994142577E-07, 0.0001314336292885001883, 0.0002626328610537009985, 0.0003938320928189017545, 0.0005250313245841025647 ),
 .UNSPECIFIED. ) ;
#5270 =( NAMED_UNIT ( * ) SI_UNIT ( $, .STERADIAN. ) SOLID_ANGLE_UNIT ( ) );
#5271 = CARTESIAN_POINT ( 'NONE',  ( -1.000000000000000000, 3.061616997868383141E-16, 2.500000000000000000 ) ) ;
#5272 = VECTOR ( 'NONE', #7971, 1000.000000000000000 ) ;
#5273 = DIRECTION ( 'NONE',  ( -0.000000000000000000, 0.000000000000000000, -1.000000000000000000 ) ) ;
#5274 = FACE_OUTER_BOUND ( 'NONE', #11568, .T. ) ;
#5275 = CARTESIAN_POINT ( 'NONE',  ( 0.000000000000000000, 9.199999999999999289, -18.50000000000000355 ) ) ;
#5276 = MANIFOLD_SOLID_BREP ( 'Corte-extrus\X2\00e3\X0\o2', #1776 ) ;
#5277 = CARTESIAN_POINT ( 'NONE',  ( 0.000000000000000000, 0.000000000000000000, 11.00000000000000000 ) ) ;
#5278 = ORIENTED_EDGE ( 'NONE', *, *, #2716, .T. ) ;
#5279 = PLANE ( 'NONE',  #9448 ) ;
#5280 = ORIENTED_EDGE ( 'NONE', *, *, #396, .F. ) ;
#5281 = VECTOR ( 'NONE', #4641, 1000.000000000000000 ) ;
#5282 = DIRECTION ( 'NONE',  ( 0.000000000000000000, 0.000000000000000000, 1.000000000000000000 ) ) ;
#5283 = ORIENTED_EDGE ( 'NONE', *, *, #6630, .F. ) ;
#5284 = VERTEX_POINT ( 'NONE', #5610 ) ;
#5285 =( LENGTH_UNIT ( ) NAMED_UNIT ( * ) SI_UNIT ( .MILLI., .METRE. ) );
#5286 = APPLICATION_CONTEXT ( 'automotive_design' ) ;
#5287 = FACE_OUTER_BOUND ( 'NONE', #11385, .T. ) ;
#5288 = DIRECTION ( 'NONE',  ( 0.000000000000000000, 0.000000000000000000, -1.000000000000000000 ) ) ;
#5289 = VECTOR ( 'NONE', #2079, 999.9999999999998863 ) ;
#5290 = CARTESIAN_POINT ( 'NONE',  ( 0.000000000000000000, 2.971690854684141847, 0.9000000000000006883 ) ) ;
#5291 = DIRECTION ( 'NONE',  ( 0.000000000000000000, 0.000000000000000000, 1.000000000000000000 ) ) ;
#5292 = ORIENTED_EDGE ( 'NONE', *, *, #9018, .T. ) ;
#5293 = CARTESIAN_POINT ( 'NONE',  ( 1.500000000000000000, 9.199999999999999289, -18.50000000000000355 ) ) ;
#5294 = FACE_OUTER_BOUND ( 'NONE', #1159, .T. ) ;
#5295 = ORIENTED_EDGE ( 'NONE', *, *, #7824, .F. ) ;
#5296 = DIRECTION ( 'NONE',  ( -0.000000000000000000, -1.000000000000000000, -0.000000000000000000 ) ) ;
#5297 = ADVANCED_FACE ( 'NONE', ( #5438 ), #8211, .F. ) ;
#5298 = ORIENTED_EDGE ( 'NONE', *, *, #676, .T. ) ;
#5299 = FACE_OUTER_BOUND ( 'NONE', #4373, .T. ) ;
#5300 = STYLED_ITEM ( 'NONE', ( #5324 ), #7829 ) ;
#5301 = PLANE ( 'NONE',  #10821 ) ;
#5302 = CARTESIAN_POINT ( 'NONE',  ( 1.734723475976807094E-15, 0.9000000000000005773, -4.154700538379141328 ) ) ;
#5303 = ORIENTED_EDGE ( 'NONE', *, *, #5630, .F. ) ;
#5304 = MECHANICAL_DESIGN_GEOMETRIC_PRESENTATION_REPRESENTATION (  '', ( #3401 ), #7961 ) ;
#5305 = VERTEX_POINT ( 'NONE', #193 ) ;
#5306 = ORIENTED_EDGE ( 'NONE', *, *, #11099, .T. ) ;
#5307 = DIRECTION ( 'NONE',  ( 1.000000000000000000, 0.000000000000000000, 0.000000000000000000 ) ) ;
#5308 = EDGE_CURVE ( 'NONE', #9271, #6074, #1390, .T. ) ;
#5309 = CARTESIAN_POINT ( 'NONE',  ( -0.6302730391922507502, 0.04368000243685821182, -0.7870467931636644376 ) ) ;
#5310 = CARTESIAN_POINT ( 'NONE',  ( 8.500000000000000000, 0.000000000000000000, -18.00000000000000355 ) ) ;
#5311 = EDGE_CURVE ( 'NONE', #10835, #3237, #10046, .T. ) ;
#5312 = LINE ( 'NONE', #6215, #1609 ) ;
#5313 = DIRECTION ( 'NONE',  ( -1.000000000000000000, 1.776356839400250465E-15, 0.000000000000000000 ) ) ;
#5314 = CARTESIAN_POINT ( 'NONE',  ( 0.000000000000000000, 4.898598887637106556E-16, -3.600000000000000089 ) ) ;
#5315 = CARTESIAN_POINT ( 'NONE',  ( -2.000000000000000000, -0.9668978507697956193, -0.1244188288311465912 ) ) ;
#5316 = EDGE_CURVE ( 'NONE', #4924, #7593, #3995, .T. ) ;
#5317 = ORIENTED_EDGE ( 'NONE', *, *, #11337, .F. ) ;
#5318 = DIRECTION ( 'NONE',  ( 0.000000000000000000, 0.000000000000000000, -1.000000000000000000 ) ) ;
#5319 = DIRECTION ( 'NONE',  ( 0.000000000000000000, 0.000000000000000000, -1.000000000000000000 ) ) ;
#5320 = VECTOR ( 'NONE', #7449, 1000.000000000000000 ) ;
#5321 = ORIENTED_EDGE ( 'NONE', *, *, #3170, .T. ) ;
#5322 = FACE_OUTER_BOUND ( 'NONE', #11445, .T. ) ;
#5323 = ORIENTED_EDGE ( 'NONE', *, *, #11467, .T. ) ;
#5324 = PRESENTATION_STYLE_ASSIGNMENT (( #3371 ) ) ;
#5325 = EDGE_CURVE ( 'NONE', #7736, #7977, #8103, .T. ) ;
#5326 = DIRECTION ( 'NONE',  ( -1.000000000000000000, -0.000000000000000000, -0.000000000000000000 ) ) ;
#5327 = CARTESIAN_POINT ( 'NONE',  ( -2.000000000000000000, 0.7788341705667923831, -1.520151717152269599 ) ) ;
#5328 = CARTESIAN_POINT ( 'NONE',  ( 2.099999999999999645, 2.821690854684141936, 0.4999999999999991673 ) ) ;
#5329 =( NAMED_UNIT ( * ) SI_UNIT ( $, .STERADIAN. ) SOLID_ANGLE_UNIT ( ) );
#5330 = CARTESIAN_POINT ( 'NONE',  ( 1.340742937416024905, -1.535322780927274700, -2.470117744885353961E-16 ) ) ;
#5331 = AXIS2_PLACEMENT_3D ( 'NONE', #4519, #7184, #8782 ) ;
#5332 = EDGE_CURVE ( 'NONE', #5215, #8792, #1496, .T. ) ;
#5333 = EDGE_CURVE ( 'NONE', #11314, #1619, #7440, .T. ) ;
#5334 = VERTEX_POINT ( 'NONE', #6016 ) ;
#5335 = CARTESIAN_POINT ( 'NONE',  ( 0.000000000000000000, 0.000000000000000000, -0.3000000000000181410 ) ) ;
#5336 = ORIENTED_EDGE ( 'NONE', *, *, #7933, .T. ) ;
#5337 = CARTESIAN_POINT ( 'NONE',  ( 1.224646799147353454E-16, -0.9999999999999997780, -3.730481160836854215 ) ) ;
#5338 = ORIENTED_EDGE ( 'NONE', *, *, #6129, .T. ) ;
#5339 = EDGE_LOOP ( 'NONE', ( #4056, #3801, #7399 ) ) ;
#5340 = AXIS2_PLACEMENT_3D ( 'NONE', #5119, #553, #3288 ) ;
#5341 = PRESENTATION_STYLE_ASSIGNMENT (( #2611 ) ) ;
#5342 = DIRECTION ( 'NONE',  ( -1.000000000000000000, -0.000000000000000000, -0.000000000000000000 ) ) ;
#5343 = FACE_OUTER_BOUND ( 'NONE', #626, .T. ) ;
#5344 = B_SPLINE_CURVE_WITH_KNOTS ( 'NONE', 3,
 ( #4511, #5315, #8237, #7231, #10839, #2723 ),
 .UNSPECIFIED., .F., .F.,
 ( 4, 2, 4 ),
 ( 0.002060137505873420056, 0.002644210467598552029, 0.003228283429323684436 ),
 .UNSPECIFIED. ) ;
#5345 = DIRECTION ( 'NONE',  ( -1.000000000000000000, 0.000000000000000000, -0.000000000000000000 ) ) ;
#5346 = DIRECTION ( 'NONE',  ( 1.000000000000000000, -0.000000000000000000, -0.000000000000000000 ) ) ;
#5347 = EDGE_CURVE ( 'NONE', #3786, #9630, #6512, .T. ) ;
#5348 = VERTEX_POINT ( 'NONE', #8787 ) ;
#5349 = CYLINDRICAL_SURFACE ( 'NONE', #10383, 1.000000000000000000 ) ;
#5350 = DIRECTION ( 'NONE',  ( 0.000000000000000000, 0.000000000000000000, -1.000000000000000000 ) ) ;
#5351 = B_SPLINE_CURVE_WITH_KNOTS ( 'NONE', 3,
 ( #6201, #8913, #9028, #3698, #10804, #1802 ),
 .UNSPECIFIED., .F., .F.,
 ( 4, 2, 4 ),
 ( 0.001168606431211103485, 0.001750609284260044515, 0.002332612137308985329 ),
 .UNSPECIFIED. ) ;
#5352 = FACE_OUTER_BOUND ( 'NONE', #3811, .T. ) ;
#5353 = ORIENTED_EDGE ( 'NONE', *, *, #1905, .F. ) ;
#5354 = FACE_OUTER_BOUND ( 'NONE', #4488, .T. ) ;
#5355 = ORIENTED_EDGE ( 'NONE', *, *, #11398, .T. ) ;
#5356 = CARTESIAN_POINT ( 'NONE',  ( 0.000000000000000000, 4.738805170303855086E-16, -3.869518839163146762 ) ) ;
#5357 = CARTESIAN_POINT ( 'NONE',  ( 2.500000000000000000, 9.199999999999999289, -18.50000000000000355 ) ) ;
#5358 = EDGE_CURVE ( 'NONE', #3050, #10566, #2909, .T. ) ;
#5359 = DIRECTION ( 'NONE',  ( 0.000000000000000000, 0.000000000000000000, -1.000000000000000000 ) ) ;
#5360 = CONICAL_SURFACE ( 'NONE', #11232, 1.099999999999998757, 1.029744258676652091 ) ;
#5361 = ORIENTED_EDGE ( 'NONE', *, *, #10094, .T. ) ;
#5362 = B_SPLINE_CURVE_WITH_KNOTS ( 'NONE', 3,
 ( #5242, #10864, #7089, #9861, #788, #902 ),
 .UNSPECIFIED., .F., .F.,
 ( 4, 2, 4 ),
 ( 0.002060137505873420490, 0.002644210467598552897, 0.003228283429323685304 ),
 .UNSPECIFIED. ) ;
#5363 = CIRCLE ( 'NONE', #5942, 1.999999999999999556 ) ;
#5364 = ORIENTED_EDGE ( 'NONE', *, *, #5311, .T. ) ;
#5365 = CIRCLE ( 'NONE', #4419, 0.7740000000000000213 ) ;
#5366 = APPLICATION_PROTOCOL_DEFINITION ( 'draft international standard', 'automotive_design', 1998, #8689 ) ;
#5367 = STYLED_ITEM ( 'NONE', ( #1695 ), #1700 ) ;
#5368 = AXIS2_PLACEMENT_3D ( 'NONE', #4053, #8674, #9682 ) ;
#5369 = CYLINDRICAL_SURFACE ( 'NONE', #8258, 2.499999999999998668 ) ;
#5370 = CARTESIAN_POINT ( 'NONE',  ( 14.05000000000000071, 0.000000000000000000, 0.000000000000000000 ) ) ;
#5371 = CARTESIAN_POINT ( 'NONE',  ( -0.6607522599941049180, 1.927915581583253601, -1.582894801272977992 ) ) ;
#5372 = DIRECTION ( 'NONE',  ( -1.000000000000000000, 0.000000000000000000, 0.000000000000000000 ) ) ;
#5373 = DIRECTION ( 'NONE',  ( -0.000000000000000000, 1.224649721909276639E-16, -1.000000000000000000 ) ) ;
#5374 = CIRCLE ( 'NONE', #8591, 2.999999999999999112 ) ;
#5375 = ORIENTED_EDGE ( 'NONE', *, *, #8845, .T. ) ;
#5376 = CARTESIAN_POINT ( 'NONE',  ( 0.000000000000000000, 0.000000000000000000, -0.3000000000000172529 ) ) ;
#5377 = VECTOR ( 'NONE', #2503, 1000.000000000000000 ) ;
#5378 = EDGE_CURVE ( 'NONE', #1941, #3888, #11281, .T. ) ;
#5379 = AXIS2_PLACEMENT_3D ( 'NONE', #10782, #1832, #6116 ) ;
#5380 = CYLINDRICAL_SURFACE ( 'NONE', #2354, 0.1749999999999998224 ) ;
#5381 = AXIS2_PLACEMENT_3D ( 'NONE', #7469, #7353, #9307 ) ;
#5382 = ADVANCED_FACE ( 'NONE', ( #3393 ), #1002, .T. ) ;
#5383 = EDGE_LOOP ( 'NONE', ( #7443, #8345, #602, #612 ) ) ;
#5384 = CARTESIAN_POINT ( 'NONE',  ( -2.000000000000000000, -1.154700538379252794, -1.600000000000000089 ) ) ;
#5385 = ORIENTED_EDGE ( 'NONE', *, *, #1759, .F. ) ;
#5386 =( NAMED_UNIT ( * ) PLANE_ANGLE_UNIT ( ) SI_UNIT ( $, .RADIAN. ) );
#5387 = DIRECTION ( 'NONE',  ( -0.000000000000000000, -0.000000000000000000, 1.000000000000000000 ) ) ;
#5388 = CYLINDRICAL_SURFACE ( 'NONE', #3671, 10.50000000000000000 ) ;
#5389 = DIRECTION ( 'NONE',  ( -0.5000000000000002220, 0.000000000000000000, 0.8660254037844385966 ) ) ;
#5390 = CARTESIAN_POINT ( 'NONE',  ( -1.000000000000001776, -1.732050807568876527, 0.000000000000000000 ) ) ;
#5391 = CIRCLE ( 'NONE', #1977, 4.000000000000000888 ) ;
#5392 = DIRECTION ( 'NONE',  ( 0.000000000000000000, 0.000000000000000000, 1.000000000000000000 ) ) ;
#5393 = ORIENTED_EDGE ( 'NONE', *, *, #5398, .T. ) ;
#5394 = CARTESIAN_POINT ( 'NONE',  ( 0.000000000000000000, 0.8999999999999995781, -19.84529946162065883 ) ) ;
#5395 = EDGE_CURVE ( 'NONE', #5825, #3973, #2267, .T. ) ;
#5396 = ORIENTED_EDGE ( 'NONE', *, *, #2637, .F. ) ;
#5397 = FACE_OUTER_BOUND ( 'NONE', #11626, .T. ) ;
#5398 = EDGE_CURVE ( 'NONE', #3421, #4346, #8201, .T. ) ;
#5399 = CIRCLE ( 'NONE', #11268, 0.1749999999999999056 ) ;
#5400 = VERTEX_POINT ( 'NONE', #6130 ) ;
#5401 = CARTESIAN_POINT ( 'NONE',  ( 0.000000000000000000, -0.9999999999999995559, -3.469518839163146406 ) ) ;
#5402 = ORIENTED_EDGE ( 'NONE', *, *, #10364, .T. ) ;
#5403 = ADVANCED_FACE ( 'NONE', ( #11345 ), #5894, .T. ) ;
#5405 = EDGE_CURVE ( 'NONE', #7964, #5510, #10444, .T. ) ;
#5404 = SHAPE_REPRESENTATION ( 'MancalDireito', ( #4873 ), #3409 ) ;
#5406 = FACE_OUTER_BOUND ( 'NONE', #454, .T. ) ;
#5407 = CARTESIAN_POINT ( 'NONE',  ( -17.30000000000000071, 6.123233995736766036E-17, 0.5000000000000000000 ) ) ;
#5408 = CONICAL_SURFACE ( 'NONE', #6926, 0.7799999999999996936, 0.9599310885968785900 ) ;
#5409 = FACE_OUTER_BOUND ( 'NONE', #8718, .T. ) ;
#5410 = DIRECTION ( 'NONE',  ( -0.000000000000000000, 0.000000000000000000, -1.000000000000000000 ) ) ;
#5411 = EDGE_LOOP ( 'NONE', ( #3766, #11120, #7774 ) ) ;
#5412 = CARTESIAN_POINT ( 'NONE',  ( -0.5000000000000000000, 9.199999999999999289, -18.50000000000000355 ) ) ;
#5413 = CARTESIAN_POINT ( 'NONE',  ( 7.500000000000000000, 0.8999999999999986899, -1.845299461620641068 ) ) ;
#5414 = MANIFOLD_SOLID_BREP ( 'Ressalto-extrus\X2\00e3\X0\o1', #3294 ) ;
#5415 = PRODUCT_DEFINITION_CONTEXT ( 'detailed design', #10877, 'design' ) ;
#5416 = COLOUR_RGB ( '',1.000000000000000000, 0.9490196078431372140, 0.9098039215686274384 ) ;
#5417 = AXIS2_PLACEMENT_3D ( 'NONE', #6999, #8824, #2367 ) ;
#5418 = EDGE_CURVE ( 'NONE', #6674, #6757, #5164, .T. ) ;
#5419 = CARTESIAN_POINT ( 'NONE',  ( 0.000000000000000000, 0.000000000000000000, 0.000000000000000000 ) ) ;
#5420 = VERTEX_POINT ( 'NONE', #2449 ) ;
#5421 = B_SPLINE_CURVE_WITH_KNOTS ( 'NONE', 3,
 ( #6275, #1584, #6990, #1705, #4259, #9939 ),
 .UNSPECIFIED., .F., .F.,
 ( 4, 2, 4 ),
 ( 0.003228283429323685304, 0.003812703409393314574, 0.004397123389462943843 ),
 .UNSPECIFIED. ) ;
#5422 = CARTESIAN_POINT ( 'NONE',  ( 2.000000000000000000, -1.154700538379253905, -1.600000000000000089 ) ) ;
#5423 = DIRECTION ( 'NONE',  ( -1.000000000000000000, 0.000000000000000000, 0.000000000000000000 ) ) ;
#5424 = ORIENTED_EDGE ( 'NONE', *, *, #8090, .T. ) ;
#5425 = CARTESIAN_POINT ( 'NONE',  ( 5.500000000000000888, 0.000000000000000000, -21.00000000000000000 ) ) ;
#5426 = VECTOR ( 'NONE', #2040, 1000.000000000000000 ) ;
#5427 = ORIENTED_EDGE ( 'NONE', *, *, #1174, .T. ) ;
#5428 = PRODUCT_DEFINITION_SHAPE ( 'NONE', 'NONE',  #11742 ) ;
#5429 = APPLICATION_PROTOCOL_DEFINITION ( 'draft international standard', 'automotive_design', 1998, #3835 ) ;
#5430 = CARTESIAN_POINT ( 'NONE',  ( 1.339247740005896636, 1.536186033554500785, -1.582894801272978658 ) ) ;
#5431 = CARTESIAN_POINT ( 'NONE',  ( 5.500000000000001776, -0.8000000000000194733, -2.999999999999891642 ) ) ;
#5432 = CARTESIAN_POINT ( 'NONE',  ( 0.000000000000000000, 1.000000000000000444, -2.930481160836854393 ) ) ;
#5433 = CARTESIAN_POINT ( 'NONE',  ( 0.000000000000000000, 2.309401076758504701, -0.1786327949540832127 ) ) ;
#5434 = FACE_OUTER_BOUND ( 'NONE', #7148, .T. ) ;
#5435 = VECTOR ( 'NONE', #7880, 1000.000000000000000 ) ;
#5436 = ORIENTED_EDGE ( 'NONE', *, *, #3515, .T. ) ;
#5437 = MECHANICAL_DESIGN_GEOMETRIC_PRESENTATION_REPRESENTATION (  '', ( #10918 ), #1808 ) ;
#5438 = FACE_OUTER_BOUND ( 'NONE', #9784, .T. ) ;
#5439 = CARTESIAN_POINT ( 'NONE',  ( 1.000000000000000000, 9.199999999999999289, -16.00000000000000355 ) ) ;
#5440 = ORIENTED_EDGE ( 'NONE', *, *, #2470, .T. ) ;
#5441 = CARTESIAN_POINT ( 'NONE',  ( -2.000000000000001776, 0.9000000000000003553, -4.099999999999888622 ) ) ;
#5442 = ORIENTED_EDGE ( 'NONE', *, *, #6919, .F. ) ;
#5443 = VECTOR ( 'NONE', #5014, 1000.000000000000000 ) ;
#5444 = DIRECTION ( 'NONE',  ( -1.000000000000000000, 1.776356839400250465E-15, 0.000000000000000000 ) ) ;
#5445 = CARTESIAN_POINT ( 'NONE',  ( 0.000000000000000000, 4.738805170303855086E-16, -3.469518839163146406 ) ) ;
#5446 = CIRCLE ( 'NONE', #5833, 10.00000000000000000 ) ;
#5447 = CARTESIAN_POINT ( 'NONE',  ( 0.000000000000000000, 2.309401076758504701, -1.421367205045916737 ) ) ;
#5448 = CARTESIAN_POINT ( 'NONE',  ( 1.672282218993687231, 1.343908487461472401, -1.520662200187639090 ) ) ;
#5449 = SHAPE_REPRESENTATION ( 'Pneu', ( #4873 ), #6027 ) ;
#5450 = LINE ( 'NONE', #7335, #955 ) ;
#5451 = EDGE_CURVE ( 'NONE', #11528, #5284, #6706, .T. ) ;
#5452 = ORIENTED_EDGE ( 'NONE', *, *, #308, .T. ) ;
#5453 = CARTESIAN_POINT ( 'NONE',  ( 8.500000000000000000, 0.000000000000000000, -6.000000000000000000 ) ) ;
#5454 = EDGE_LOOP ( 'NONE', ( #8865, #5853, #5469, #6059 ) ) ;
#5455 = DIRECTION ( 'NONE',  ( -1.000000000000000000, 0.000000000000000000, 0.000000000000000000 ) ) ;
#5456 = AXIS2_PLACEMENT_3D ( 'NONE', #10730, #2615, #2495 ) ;
#5457 = ORIENTED_EDGE ( 'NONE', *, *, #9519, .F. ) ;
#5458 = DIRECTION ( 'NONE',  ( 0.000000000000000000, 0.000000000000000000, 1.000000000000000000 ) ) ;
#5459 = VECTOR ( 'NONE', #10925, 1000.000000000000000 ) ;
#5460 = ORIENTED_EDGE ( 'NONE', *, *, #9421, .T. ) ;
#5461 = CARTESIAN_POINT ( 'NONE',  ( 2.000000000000000000, 1.154700538379254349, -0.1786327949540832127 ) ) ;
#5462 = PLANE ( 'NONE',  #7088 ) ;
#5463 = EDGE_CURVE ( 'NONE', #5348, #6889, #9852, .T. ) ;
#5464 = EDGE_CURVE ( 'NONE', #8963, #9312, #6188, .T. ) ;
#5465 = VECTOR ( 'NONE', #11492, 1000.000000000000000 ) ;
#5466 = CARTESIAN_POINT ( 'NONE',  ( -1.999999999999999556, 0.9000000000000005773, -0.6905989232413867196 ) ) ;
#5467 = DIRECTION ( 'NONE',  ( 0.000000000000000000, 0.000000000000000000, -1.000000000000000000 ) ) ;
#5468 = CIRCLE ( 'NONE', #332, 1.000000000000000000 ) ;
#5469 = ORIENTED_EDGE ( 'NONE', *, *, #9754, .T. ) ;
#5470 = CARTESIAN_POINT ( 'NONE',  ( 0.000000000000000000, 5.058392604970359998E-16, -2.530481160836854482 ) ) ;
#5471 = EDGE_CURVE ( 'NONE', #4948, #3074, #9910, .T. ) ;
#5472 = UNCERTAINTY_MEASURE_WITH_UNIT (LENGTH_MEASURE( 1.000000000000000082E-05 ), #10754, 'distance_accuracy_value', 'NONE');
#5474 = AXIS2_PLACEMENT_3D ( 'NONE', #2920, #3755, #126 ) ;
#5473 = DIRECTION ( 'NONE',  ( 0.000000000000000000, 1.000000000000000000, 0.000000000000000000 ) ) ;
#5475 = ORIENTED_EDGE ( 'NONE', *, *, #3278, .F. ) ;
#5476 = CARTESIAN_POINT ( 'NONE',  ( -0.1702769162167616090, -0.7403828156981311359, -0.7092725651034388346 ) ) ;
#5477 = DIRECTION ( 'NONE',  ( 0.000000000000000000, -0.000000000000000000, 1.000000000000000000 ) ) ;
#5478 = EDGE_LOOP ( 'NONE', ( #1925, #7550 ) ) ;
#5479 = CARTESIAN_POINT ( 'NONE',  ( -1.999999999999999556, -0.1951254011572753355, -1.058791184067874808E-17 ) ) ;
#5480 = EDGE_CURVE ( 'NONE', #3440, #5763, #9970, .T. ) ;
#5481 = ADVANCED_FACE ( 'NONE', ( #10736 ), #5229, .F. ) ;
#5482 = VECTOR ( 'NONE', #6530, 1000.000000000000000 ) ;
#5483 = EDGE_LOOP ( 'NONE', ( #11688, #10621, #5015, #10162 ) ) ;
#5484 = APPLICATION_PROTOCOL_DEFINITION ( 'draft international standard', 'automotive_design', 1998, #4072 ) ;
#5485 = CARTESIAN_POINT ( 'NONE',  ( 1.000000000000000000, 9.199999999999999289, -18.50000000000000355 ) ) ;
#5486 = CARTESIAN_POINT ( 'NONE',  ( 1.224646799147353454E-16, -0.9999999999999997780, -2.530481160836854482 ) ) ;
#5487 = CARTESIAN_POINT ( 'NONE',  ( -0.5000000000000000000, 9.199999999999999289, -14.50000000000000178 ) ) ;
#5488 = CARTESIAN_POINT ( 'NONE',  ( 0.000000000000000000, 0.000000000000000000, 0.000000000000000000 ) ) ;
#5489 = DIRECTION ( 'NONE',  ( -0.000000000000000000, 1.224649721909276639E-16, -1.000000000000000000 ) ) ;
#5490 = VERTEX_POINT ( 'NONE', #3575 ) ;
#5491 = DIRECTION ( 'NONE',  ( 0.000000000000000000, 0.000000000000000000, -1.000000000000000000 ) ) ;
#5492 = CARTESIAN_POINT ( 'NONE',  ( 0.000000000000000000, 0.000000000000000000, -1.600000000000000089 ) ) ;
#5493 = ORIENTED_EDGE ( 'NONE', *, *, #825, .F. ) ;
#5494 = CARTESIAN_POINT ( 'NONE',  ( 0.000000000000000000, 5.058392604970359998E-16, -3.330481160836854304 ) ) ;
#5495 = ORIENTED_EDGE ( 'NONE', *, *, #6547, .T. ) ;
#5496 =( NAMED_UNIT ( * ) PLANE_ANGLE_UNIT ( ) SI_UNIT ( $, .RADIAN. ) );
#5497 = CARTESIAN_POINT ( 'NONE',  ( 0.1631781751318165108, -2.215190113420280937, -1.475759930090786654 ) ) ;
#5498 = CARTESIAN_POINT ( 'NONE',  ( 2.000000000000000000, -1.154700538379255015, -0.1786327949540832127 ) ) ;
#5499 = CARTESIAN_POINT ( 'NONE',  ( 2.000000000000000000, 1.154700538379254349, -1.421367205045916737 ) ) ;
#5500 = AXIS2_PLACEMENT_3D ( 'NONE', #7037, #10695, #2580 ) ;
#5501 = DIRECTION ( 'NONE',  ( -1.000000000000000000, 0.000000000000000000, 0.000000000000000000 ) ) ;
#5502 = CARTESIAN_POINT ( 'NONE',  ( 2.500000000000000000, 9.199999999999999289, -18.50000000000000355 ) ) ;
#5503 = EDGE_CURVE ( 'NONE', #6839, #11041, #1583, .T. ) ;
#5504 = VERTEX_POINT ( 'NONE', #941 ) ;
#5505 = DIRECTION ( 'NONE',  ( 0.000000000000000000, 0.000000000000000000, -1.000000000000000000 ) ) ;
#5506 = VECTOR ( 'NONE', #9679, 1000.000000000000000 ) ;
#5507 = ORIENTED_EDGE ( 'NONE', *, *, #10525, .T. ) ;
#5508 = LINE ( 'NONE', #5682, #3872 ) ;
#5509 = EDGE_LOOP ( 'NONE', ( #11168, #914 ) ) ;
#5510 = VERTEX_POINT ( 'NONE', #7297 ) ;
#5511 = DIRECTION ( 'NONE',  ( 0.000000000000000000, 0.000000000000000000, -1.000000000000000000 ) ) ;
#5512 = ORIENTED_EDGE ( 'NONE', *, *, #4387, .T. ) ;
#5513 = ADVANCED_FACE ( 'NONE', ( #6301 ), #3104, .T. ) ;
#5514 =( LENGTH_UNIT ( ) NAMED_UNIT ( * ) SI_UNIT ( .MILLI., .METRE. ) );
#5515 = DIRECTION ( 'NONE',  ( 0.000000000000000000, -0.000000000000000000, 1.000000000000000000 ) ) ;
#5516 = VECTOR ( 'NONE', #11266, 1000.000000000000000 ) ;
#5517 = FACE_OUTER_BOUND ( 'NONE', #230, .T. ) ;
#5518 = CARTESIAN_POINT ( 'NONE',  ( 0.000000000000000000, 2.309401076758504701, -1.421367205045916737 ) ) ;
#5519 = LINE ( 'NONE', #10020, #9305 ) ;
#5520 = ORIENTED_EDGE ( 'NONE', *, *, #8133, .T. ) ;
#5521 = DIRECTION ( 'NONE',  ( -1.000000000000000000, 0.000000000000000000, 0.000000000000000000 ) ) ;
#5522 = CARTESIAN_POINT ( 'NONE',  ( 1.999999999999999556, 0.9679918988505321620, -1.475265346691885027 ) ) ;
#5523 = VECTOR ( 'NONE', #5392, 1000.000000000000000 ) ;
#5524 = EDGE_CURVE ( 'NONE', #2911, #9916, #5949, .T. ) ;
#5525 = ORIENTED_EDGE ( 'NONE', *, *, #3863, .F. ) ;
#5526 = LINE ( 'NONE', #5588, #3490 ) ;
#5527 = ORIENTED_EDGE ( 'NONE', *, *, #2630, .T. ) ;
#5528 = CIRCLE ( 'NONE', #414, 1.000000000000000000 ) ;
#5529 = CARTESIAN_POINT ( 'NONE',  ( 3.500000000000000000, 23.00000000000000000, 0.000000000000000000 ) ) ;
#5530 = DIRECTION ( 'NONE',  ( 1.000000000000000000, 0.000000000000000000, 0.000000000000000000 ) ) ;
#5531 = CARTESIAN_POINT ( 'NONE',  ( 0.7812177826368175149, 0.4046859928386118965, -0.6379588589927356335 ) ) ;
#5532 = EDGE_LOOP ( 'NONE', ( #4743, #2734, #1099, #4159 ) ) ;
#5533 = CARTESIAN_POINT ( 'NONE',  ( -0.5560518688116490305, -0.5176555429708573630, -500000.0000000000582 ) ) ;
#5534 = EDGE_CURVE ( 'NONE', #4702, #7643, #4349, .T. ) ;
#5535 = EDGE_LOOP ( 'NONE', ( #1137, #11133, #1104, #10551 ) ) ;
#5536 = APPLICATION_PROTOCOL_DEFINITION ( 'draft international standard', 'automotive_design', 1998, #186 ) ;
#5537 = EDGE_CURVE ( 'NONE', #10136, #2892, #777, .T. ) ;
#5538 = FACE_OUTER_BOUND ( 'NONE', #7822, .T. ) ;
#5539 = ADVANCED_FACE ( 'NONE', ( #3517 ), #7833, .F. ) ;
#5540 = FACE_OUTER_BOUND ( 'NONE', #5085, .T. ) ;
#5541 = DIRECTION ( 'NONE',  ( -0.8660254037844380415, 0.5000000000000008882, 0.000000000000000000 ) ) ;
#5542 = DIRECTION ( 'NONE',  ( -1.000000000000000000, 0.000000000000000000, 0.000000000000000000 ) ) ;
#5543 = DIRECTION ( 'NONE',  ( 0.000000000000000000, 0.000000000000000000, 1.000000000000000000 ) ) ;
#5544 = ORIENTED_EDGE ( 'NONE', *, *, #6327, .T. ) ;
#5545 = CARTESIAN_POINT ( 'NONE',  ( -17.30000000000000071, 0.000000000000000000, 0.000000000000000000 ) ) ;
#5546 = VECTOR ( 'NONE', #2751, 1000.000000000000114 ) ;
#5547 = FACE_BOUND ( 'NONE', #3236, .T. ) ;
#5548 = AXIS2_PLACEMENT_3D ( 'NONE', #6481, #4813, #3934 ) ;
#5549 = ORIENTED_EDGE ( 'NONE', *, *, #8845, .F. ) ;
#5550 = AXIS2_PLACEMENT_3D ( 'NONE', #5721, #496, #7501 ) ;
#5551 = VECTOR ( 'NONE', #6731, 1000.000000000000000 ) ;
#5552 = DIRECTION ( 'NONE',  ( 0.000000000000000000, 0.000000000000000000, 1.000000000000000000 ) ) ;
#5553 = LINE ( 'NONE', #3225, #10859 ) ;
#5554 = ORIENTED_EDGE ( 'NONE', *, *, #5628, .F. ) ;
#5555 = DIRECTION ( 'NONE',  ( 1.000000000000000000, 0.000000000000000000, 0.000000000000000000 ) ) ;
#5556 = ADVANCED_FACE ( 'NONE', ( #3688 ), #10679, .F. ) ;
#5557 = LINE ( 'NONE', #978, #3486 ) ;
#5558 = LINE ( 'NONE', #4606, #3526 ) ;
#5559 = CARTESIAN_POINT ( 'NONE',  ( 1.169735307079673214, 1.634054082335443692, -1.600000000000000977 ) ) ;
#5560 = MANIFOLD_SOLID_BREP ( 'Ressalto-extrus\X2\00e3\X0\o7', #9337 ) ;
#5561 = CARTESIAN_POINT ( 'NONE',  ( 3.400000000000000355, 0.000000000000000000, 0.000000000000000000 ) ) ;
#5562 = CIRCLE ( 'NONE', #59, 1.099999999999998757 ) ;
#5563 = ORIENTED_EDGE ( 'NONE', *, *, #10601, .F. ) ;
#5564 = CYLINDRICAL_SURFACE ( 'NONE', #545, 0.3062499999999996891 ) ;
#5565 = ORIENTED_EDGE ( 'NONE', *, *, #5463, .T. ) ;
#5566 = FACE_OUTER_BOUND ( 'NONE', #2475, .T. ) ;
#5567 = AXIS2_PLACEMENT_3D ( 'NONE', #9109, #8225, #7331 ) ;
#5568 = VERTEX_POINT ( 'NONE', #3802 ) ;
#5569 = CARTESIAN_POINT ( 'NONE',  ( -1.000000000000000000, 0.000000000000000000, 0.000000000000000000 ) ) ;
#5570 = ORIENTED_EDGE ( 'NONE', *, *, #5464, .F. ) ;
#5571 = AXIS2_PLACEMENT_3D ( 'NONE', #51, #11700, #11027 ) ;
#5572 =( NAMED_UNIT ( * ) PLANE_ANGLE_UNIT ( ) SI_UNIT ( $, .RADIAN. ) );
#5573 = CONICAL_SURFACE ( 'NONE', #10290, 2.000000000000000000, 1.047197551196595855 ) ;
#5574 = CARTESIAN_POINT ( 'NONE',  ( 2.000000000000000000, -1.154700538379255015, -1.421367205045916737 ) ) ;
#5575 = PRODUCT_RELATED_PRODUCT_CATEGORY ( 'part', '', ( #5997 ) ) ;
#5576 = CIRCLE ( 'NONE', #1795, 2.000000000000000000 ) ;
#5577 = CARTESIAN_POINT ( 'NONE',  ( -1.999999999999999556, -0.3889866277140360817, -0.01677217554083886356 ) ) ;
#5578 = PRESENTATION_STYLE_ASSIGNMENT (( #6465 ) ) ;
#5579 = CARTESIAN_POINT ( 'NONE',  ( 1.000000000000000000, 9.199999999999999289, -18.50000000000000355 ) ) ;
#5580 = LINE ( 'NONE', #7410, #3999 ) ;
#5581 = ORIENTED_EDGE ( 'NONE', *, *, #5325, .T. ) ;
#5582 = VECTOR ( 'NONE', #11245, 1000.000000000000000 ) ;
#5583 = CARTESIAN_POINT ( 'NONE',  ( -2.000000000000000000, -1.154700538379254349, -1.421367205045916737 ) ) ;
#5584 = AXIS2_PLACEMENT_3D ( 'NONE', #2119, #8349, #2889 ) ;
#5585 = ORIENTED_EDGE ( 'NONE', *, *, #8793, .F. ) ;
#5586 = CARTESIAN_POINT ( 'NONE',  ( 0.000000000000000000, 4.738805170303855086E-16, -3.069518839163146939 ) ) ;
#5587 = EDGE_LOOP ( 'NONE', ( #1373, #7820, #1806, #11484 ) ) ;
#5588 = CARTESIAN_POINT ( 'NONE',  ( 3.699999999999999289, -2.821690854684141936, 0.4999999999999991673 ) ) ;
#5589 = CIRCLE ( 'NONE', #468, 4.000000000000000000 ) ;
#5590 = CARTESIAN_POINT ( 'NONE',  ( -0.8302646929203290060, 1.830047532802309806, 9.328656192427350549E-16 ) ) ;
#5591 = DIRECTION ( 'NONE',  ( 0.000000000000000000, 1.000000000000000000, 0.000000000000000000 ) ) ;
#5592 = CARTESIAN_POINT ( 'NONE',  ( 1.000000000000000444, 0.000000000000000000, -1.199999999999999956 ) ) ;
#5593 = LINE ( 'NONE', #2088, #2518 ) ;
#5594 = EDGE_LOOP ( 'NONE', ( #7371, #1295, #10796 ) ) ;
#5595 = CARTESIAN_POINT ( 'NONE',  ( 0.000000000000000000, 0.000000000000000000, 0.000000000000000000 ) ) ;
#5596 = CIRCLE ( 'NONE', #5223, 1.000000000000000000 ) ;
#5597 = PRODUCT ( 'Pneu', 'Pneu', '', ( #1745 ) ) ;
#5598 = ORIENTED_EDGE ( 'NONE', *, *, #6239, .T. ) ;
#5599 = SHAPE_DEFINITION_REPRESENTATION ( #8337, #7134 ) ;
#5601 = CARTESIAN_POINT ( 'NONE',  ( 4.250000000000000000, 0.000000000000000000, 10.00000000000000000 ) ) ;
#5600 = AXIS2_PLACEMENT_3D ( 'NONE', #7333, #8226, #8287 ) ;
#5602 = DIRECTION ( 'NONE',  ( 1.000000000000000000, 0.000000000000000000, 0.000000000000000000 ) ) ;
#5603 = LINE ( 'NONE', #4705, #8262 ) ;
#5604 = CARTESIAN_POINT ( 'NONE',  ( 3.903127820947815962E-15, 0.8999999999999998002, -19.84529946162065883 ) ) ;
#5605 = EDGE_CURVE ( 'NONE', #2666, #5990, #2736, .T. ) ;
#5606 = EDGE_CURVE ( 'NONE', #11147, #8834, #5907, .T. ) ;
#5607 = EDGE_CURVE ( 'NONE', #259, #9107, #111, .T. ) ;
#5608 = DIRECTION ( 'NONE',  ( 0.000000000000000000, 0.000000000000000000, -1.000000000000000000 ) ) ;
#5609 = ORIENTED_EDGE ( 'NONE', *, *, #4385, .T. ) ;
#5610 = CARTESIAN_POINT ( 'NONE',  ( -2.000000000000001776, 0.3000000000000172529, -1.899999999999894884 ) ) ;
#5611 = ADVANCED_FACE ( 'NONE', ( #9313, #1957 ), #9197, .T. ) ;
#5612 = EDGE_CURVE ( 'NONE', #10234, #2339, #5001, .T. ) ;
#5613 = CARTESIAN_POINT ( 'NONE',  ( -0.6592570625839797582, -1.928778834210483462, -1.600000000000000089 ) ) ;
#5614 = VECTOR ( 'NONE', #9170, 1000.000000000000000 ) ;
#5615 = ORIENTED_EDGE ( 'NONE', *, *, #5251, .T. ) ;
#5616 = DIRECTION ( 'NONE',  ( 0.000000000000000000, 0.000000000000000000, 1.000000000000000000 ) ) ;
#5617 = LINE ( 'NONE', #6847, #8212 ) ;
#5618 = ORIENTED_EDGE ( 'NONE', *, *, #9522, .F. ) ;
#5619 = CARTESIAN_POINT ( 'NONE',  ( 0.000000000000000000, 0.000000000000000000, 10.00000000000000000 ) ) ;
#5620 = CARTESIAN_POINT ( 'NONE',  ( 0.000000000000000000, 2.500000000000000000, -24.00000000000000000 ) ) ;
#5621 = FACE_OUTER_BOUND ( 'NONE', #1629, .T. ) ;
#5622 = DIRECTION ( 'NONE',  ( 0.000000000000000000, 1.000000000000000000, 0.000000000000000000 ) ) ;
#5623 = CIRCLE ( 'NONE', #6006, 1.000000000000000000 ) ;
#5624 = VECTOR ( 'NONE', #6912, 1000.000000000000000 ) ;
#5625 = CARTESIAN_POINT ( 'NONE',  ( 2.000000000000000000, 9.199999999999999289, -20.00000000000000355 ) ) ;
#5626 = ORIENTED_EDGE ( 'NONE', *, *, #3111, .F. ) ;
#5627 = FACE_OUTER_BOUND ( 'NONE', #10201, .T. ) ;
#5628 = EDGE_CURVE ( 'NONE', #8639, #285, #8786, .T. ) ;
#5629 = ORIENTED_EDGE ( 'NONE', *, *, #6753, .T. ) ;
#5630 = EDGE_CURVE ( 'NONE', #6405, #9669, #9741, .T. ) ;
#5631 = CARTESIAN_POINT ( 'NONE',  ( -5.000000000000000000, 0.000000000000000000, -3.000000000000000000 ) ) ;
#5632 = ORIENTED_EDGE ( 'NONE', *, *, #3803, .T. ) ;
#5633 = CONICAL_SURFACE ( 'NONE', #508, 2.000000000000000000, 1.047197551196595855 ) ;
#5634 = CARTESIAN_POINT ( 'NONE',  ( 3.499999999999998668, 0.8999999999999998002, -22.15470053837915998 ) ) ;
#5635 = AXIS2_PLACEMENT_3D ( 'NONE', #5356, #8964, #3583 ) ;
#5636 = ORIENTED_EDGE ( 'NONE', *, *, #11387, .F. ) ;
#5637 = CARTESIAN_POINT ( 'NONE',  ( -2.000000000000000444, 0.8999999999999998002, -18.69059892324140293 ) ) ;
#5638 = DIRECTION ( 'NONE',  ( -1.000000000000000000, -0.000000000000000000, -0.000000000000000000 ) ) ;
#5639 = CARTESIAN_POINT ( 'NONE',  ( 4.250000000000000000, 1.224646799147353256E-15, -10.00000000000000000 ) ) ;
#5640 = DIRECTION ( 'NONE',  ( 1.060575238724911106E-16, 0.8660254037844419273, 0.4999999999999942268 ) ) ;
#5641 = FACE_OUTER_BOUND ( 'NONE', #3441, .T. ) ;
#5642 = CIRCLE ( 'NONE', #897, 1.500000000000001332 ) ;
#5643 = ORIENTED_EDGE ( 'NONE', *, *, #6416, .F. ) ;
#5644 = LINE ( 'NONE', #5698, #919 ) ;
#5645 = ORIENTED_EDGE ( 'NONE', *, *, #7195, .T. ) ;
#5646 = LINE ( 'NONE', #2081, #2918 ) ;
#5647 = ORIENTED_EDGE ( 'NONE', *, *, #9814, .T. ) ;
#5648 = DIRECTION ( 'NONE',  ( 0.000000000000000000, 0.000000000000000000, 1.000000000000000000 ) ) ;
#5649 = AXIS2_PLACEMENT_3D ( 'NONE', #1836, #10899, #8298 ) ;
#5650 = DIRECTION ( 'NONE',  ( -0.000000000000000000, 1.000000000000000000, -0.000000000000000000 ) ) ;
#5651 = AXIS2_PLACEMENT_3D ( 'NONE', #5595, #3937, #2983 ) ;
#5652 = DIRECTION ( 'NONE',  ( 0.000000000000000000, -1.000000000000000000, 0.000000000000000000 ) ) ;
#5653 = LINE ( 'NONE', #9267, #2342 ) ;
#5654 = ORIENTED_EDGE ( 'NONE', *, *, #1013, .F. ) ;
#5655 = DIRECTION ( 'NONE',  ( 0.000000000000000000, -0.000000000000000000, 1.000000000000000000 ) ) ;
#5656 = VECTOR ( 'NONE', #7548, 1000.000000000000000 ) ;
#5657 = ORIENTED_EDGE ( 'NONE', *, *, #6395, .T. ) ;
#5658 = EDGE_CURVE ( 'NONE', #6162, #4025, #10484, .T. ) ;
#5659 = CARTESIAN_POINT ( 'NONE',  ( -1.000000000000000444, 0.000000000000000000, 0.000000000000000000 ) ) ;
#5660 = CARTESIAN_POINT ( 'NONE',  ( 3.500000000000000000, 23.00000000000000000, 0.000000000000000000 ) ) ;
#5661 = LINE ( 'NONE', #6738, #7518 ) ;
#5662 = CARTESIAN_POINT ( 'NONE',  ( 5.500000000000000888, 0.000000000000000000, -21.00000000000000000 ) ) ;
#5663 = VECTOR ( 'NONE', #2006, 1000.000000000000000 ) ;
#5664 = CARTESIAN_POINT ( 'NONE',  ( 3.581183789785735176E-16, 2.309401076758504701, -1.600000000000000089 ) ) ;
#5665 = ORIENTED_EDGE ( 'NONE', *, *, #10309, .T. ) ;
#5666 = DIRECTION ( 'NONE',  ( 0.000000000000000000, 0.000000000000000000, 1.000000000000000000 ) ) ;
#5667 = ORIENTED_EDGE ( 'NONE', *, *, #8366, .F. ) ;
#5668 = EDGE_CURVE ( 'NONE', #1913, #7657, #8313, .T. ) ;
#5669 = DIRECTION ( 'NONE',  ( 0.000000000000000000, 1.000000000000000000, 0.000000000000000000 ) ) ;
#5670 = EDGE_CURVE ( 'NONE', #2009, #10664, #172, .T. ) ;
#5671 = DIRECTION ( 'NONE',  ( 0.000000000000000000, 0.000000000000000000, -1.000000000000000000 ) ) ;
#5672 = ORIENTED_EDGE ( 'NONE', *, *, #2922, .F. ) ;
#5673 = CARTESIAN_POINT ( 'NONE',  ( 0.000000000000000000, 5.058392604970359998E-16, -1.730481160836854215 ) ) ;
#5674 = DIRECTION ( 'NONE',  ( -0.000000000000000000, -0.000000000000000000, -1.000000000000000000 ) ) ;
#5675 = DIRECTION ( 'NONE',  ( 0.000000000000000000, 0.000000000000000000, -1.000000000000000000 ) ) ;
#5676 = EDGE_CURVE ( 'NONE', #2985, #7598, #3108, .T. ) ;
#5677 = CARTESIAN_POINT ( 'NONE',  ( -2.000000000000000000, 1.154700538379251240, -1.600000000000000089 ) ) ;
#5678 =( GEOMETRIC_REPRESENTATION_CONTEXT ( 3 ) GLOBAL_UNCERTAINTY_ASSIGNED_CONTEXT ( ( #5690 ) ) GLOBAL_UNIT_ASSIGNED_CONTEXT ( ( #10480, #7704, #1346 ) ) REPRESENTATION_CONTEXT ( 'NONE', 'WORKASPACE' ) );
#5679 = EDGE_LOOP ( 'NONE', ( #547, #9511, #1321, #7859 ) ) ;
#5680 = DIRECTION ( 'NONE',  ( 0.000000000000000000, 0.000000000000000000, -1.000000000000000000 ) ) ;
#5681 = VERTEX_POINT ( 'NONE', #4748 ) ;
#5682 = CARTESIAN_POINT ( 'NONE',  ( -3.000000000000000000, 1.285879139104720831E-15, 10.50000000000000000 ) ) ;
#5683 = ORIENTED_EDGE ( 'NONE', *, *, #10981, .F. ) ;
#5684 = EDGE_CURVE ( 'NONE', #6930, #655, #10677, .T. ) ;
#5685 = DIRECTION ( 'NONE',  ( -0.000000000000000000, -0.000000000000000000, 1.000000000000000000 ) ) ;
#5686 = ORIENTED_EDGE ( 'NONE', *, *, #8576, .T. ) ;
#5687 = AXIS2_PLACEMENT_3D ( 'NONE', #10407, #3062, #6565 ) ;
#5688 = SURFACE_SIDE_STYLE ('',( #8239 ) ) ;
#5689 = DIRECTION ( 'NONE',  ( 7.511572993685793184E-16, 0.000000000000000000, 1.000000000000000000 ) ) ;
#5690 = UNCERTAINTY_MEASURE_WITH_UNIT (LENGTH_MEASURE( 1.000000000000000082E-05 ), #10480, 'distance_accuracy_value', 'NONE');
#5691 = DIRECTION ( 'NONE',  ( -1.000000000000000000, 0.000000000000000000, 0.000000000000000000 ) ) ;
#5692 = ADVANCED_FACE ( 'NONE', ( #7359 ), #5573, .T. ) ;
#5693 = CARTESIAN_POINT ( 'NONE',  ( 3.500000000000000000, 0.000000000000000000, 0.000000000000000000 ) ) ;
#5694 = EDGE_CURVE ( 'NONE', #7215, #5700, #6182, .T. ) ;
#5695 = DIRECTION ( 'NONE',  ( -1.000000000000000000, -0.000000000000000000, -0.000000000000000000 ) ) ;
#5696 = DIRECTION ( 'NONE',  ( -1.000000000000000000, 0.000000000000000000, 0.000000000000000000 ) ) ;
#5697 = ORIENTED_EDGE ( 'NONE', *, *, #10333, .T. ) ;
#5698 = CARTESIAN_POINT ( 'NONE',  ( 2.000000000000000000, -1.154700538379253905, -1.600000000000000089 ) ) ;
#5699 = UNCERTAINTY_MEASURE_WITH_UNIT (LENGTH_MEASURE( 1.000000000000000082E-05 ), #3416, 'distance_accuracy_value', 'NONE');
#5700 = VERTEX_POINT ( 'NONE', #10200 ) ;
#5701 = CARTESIAN_POINT ( 'NONE',  ( 0.000000000000000000, 2.309401076758504701, -1.600000000000000089 ) ) ;
#5702 = ORIENTED_EDGE ( 'NONE', *, *, #527, .F. ) ;
#5703 = VERTEX_POINT ( 'NONE', #6533 ) ;
#5704 = AXIS2_PLACEMENT_3D ( 'NONE', #10843, #3389, #1790 ) ;
#5705 = DIRECTION ( 'NONE',  ( 0.000000000000000000, 0.000000000000000000, 1.000000000000000000 ) ) ;
#5706 = CARTESIAN_POINT ( 'NONE',  ( -0.2444460970124005539, 0.5979195380787974967, -0.7781636319687684766 ) ) ;
#5707 = VERTEX_POINT ( 'NONE', #11209 ) ;
#5708 = EDGE_CURVE ( 'NONE', #4434, #11319, #449, .T. ) ;
#5709 = DIRECTION ( 'NONE',  ( -0.000000000000000000, -0.000000000000000000, 1.000000000000000000 ) ) ;
#5710 = DIRECTION ( 'NONE',  ( -0.000000000000000000, -1.000000000000000000, -0.000000000000000000 ) ) ;
#5711 = ORIENTED_EDGE ( 'NONE', *, *, #8433, .F. ) ;
#5712 = CARTESIAN_POINT ( 'NONE',  ( -4.000000000000003553, 0.9000000000000005773, -4.154700538379143993 ) ) ;
#5713 = CIRCLE ( 'NONE', #2861, 1.099999999999998535 ) ;
#5714 = VERTEX_POINT ( 'NONE', #2023 ) ;
#5715 = AXIS2_PLACEMENT_3D ( 'NONE', #9205, #8189, #10922 ) ;
#5716 = CONTEXT_DEPENDENT_SHAPE_REPRESENTATION ( #1108, #6546 ) ;
#5717 = FACE_OUTER_BOUND ( 'NONE', #9493, .T. ) ;
#5718 = LINE ( 'NONE', #2219, #8383 ) ;
#5719 = EDGE_CURVE ( 'NONE', #6773, #9817, #5646, .T. ) ;
#5720 = CARTESIAN_POINT ( 'NONE',  ( 0.000000000000000000, 0.000000000000000000, -1.600000000000000089 ) ) ;
#5721 = CARTESIAN_POINT ( 'NONE',  ( 0.000000000000000000, 0.000000000000000000, 0.000000000000000000 ) ) ;
#5722 = CARTESIAN_POINT ( 'NONE',  ( -4.987329993433320396E-15, -2.309401076758504701, -0.1786327949540832127 ) ) ;
#5723 = VERTEX_POINT ( 'NONE', #11446 ) ;
#5724 = LINE ( 'NONE', #8569, #9538 ) ;
#5725 = ORIENTED_EDGE ( 'NONE', *, *, #10130, .F. ) ;
#5726 = DIRECTION ( 'NONE',  ( 0.000000000000000000, 0.000000000000000000, -1.000000000000000000 ) ) ;
#5727 = ORIENTED_EDGE ( 'NONE', *, *, #8744, .F. ) ;
#5728 = DIRECTION ( 'NONE',  ( 0.000000000000000000, 0.000000000000000000, 1.000000000000000000 ) ) ;
#5729 = FACE_OUTER_BOUND ( 'NONE', #3638, .T. ) ;
#5730 = DIRECTION ( 'NONE',  ( 1.000000000000000000, 0.000000000000000000, 0.000000000000000000 ) ) ;
#5731 = CARTESIAN_POINT ( 'NONE',  ( 5.500000000000000888, 2.500000000000000000, -24.00000000000000000 ) ) ;
#5732 = CARTESIAN_POINT ( 'NONE',  ( 2.000000000000000000, 0.3931374000439457617, -0.01723613881363322137 ) ) ;
#5733 = DIRECTION ( 'NONE',  ( 0.8660254037844385966, 0.5000000000000000000, 0.000000000000000000 ) ) ;
#5734 = VECTOR ( 'NONE', #7206, 1000.000000000000000 ) ;
#5735 = EDGE_LOOP ( 'NONE', ( #5353, #768 ) ) ;
#5736 = LINE ( 'NONE', #1217, #11617 ) ;
#5737 = VECTOR ( 'NONE', #9533, 1000.000000000000000 ) ;
#5738 = VERTEX_POINT ( 'NONE', #11331 ) ;
#5739 = CIRCLE ( 'NONE', #7638, 0.9999999999999997780 ) ;
#5740 = DIRECTION ( 'NONE',  ( 0.000000000000000000, 0.000000000000000000, 1.000000000000000000 ) ) ;
#5741 = EDGE_LOOP ( 'NONE', ( #5759, #8450, #11332 ) ) ;
#5742 = CARTESIAN_POINT ( 'NONE',  ( 11.50000000000000000, 7.500000000000000000, -6.116139535669825378 ) ) ;
#5743 = ORIENTED_EDGE ( 'NONE', *, *, #3687, .F. ) ;
#5744 = CLOSED_SHELL ( 'NONE', ( #2405, #2393, #4966, #5753, #2781, #8644, #5848, #7196, #1344, #5167, #6123, #6329, #6491, #11470, #10836, #7817, #5481, #761, #8009, #2631, #4801, #3621, #9447, #7079, #5297, #11187, #4729, #9215, #5881, #20, #157, #5762, #4751, #8288, #9317, #4501, #10269, #3531, #2260, #620, #10522, #4524, #1923, #693, #9146, #1132, #9080, #4880, #1668, #9003, #10868, #11181, #7056 ) ) ;
#5745 = CARTESIAN_POINT ( 'NONE',  ( -2.000000000000000000, 0.000000000000000000, -20.99999999999990763 ) ) ;
#5746 = CONICAL_SURFACE ( 'NONE', #2713, 0.7740000000000000213, 1.047197551196601628 ) ;
#5747 = DIRECTION ( 'NONE',  ( 0.000000000000000000, 1.000000000000000000, 0.000000000000000000 ) ) ;
#5748 = LINE ( 'NONE', #8709, #9352 ) ;
#5749 = AXIS2_PLACEMENT_3D ( 'NONE', #4002, #10272, #1318 ) ;
#5750 = VECTOR ( 'NONE', #4710, 1000.000000000000000 ) ;
#5751 = CARTESIAN_POINT ( 'NONE',  ( -0.3277177810063121588, 2.120193127676282430, -1.520662200187637758 ) ) ;
#5752 = CARTESIAN_POINT ( 'NONE',  ( 2.000000000000000000, 0.000000000000000000, 0.000000000000000000 ) ) ;
#5753 = ADVANCED_FACE ( 'NONE', ( #413 ), #6717, .F. ) ;
#5754 = EDGE_CURVE ( 'NONE', #525, #1311, #10375, .T. ) ;
#5755 = VERTEX_POINT ( 'NONE', #4157 ) ;
#5756 = DIRECTION ( 'NONE',  ( 0.000000000000000000, -0.000000000000000000, 1.000000000000000000 ) ) ;
#5757 = ADVANCED_FACE ( 'NONE', ( #4979 ), #5941, .F. ) ;
#5758 = AXIS2_PLACEMENT_3D ( 'NONE', #1147, #2056, #9345 ) ;
#5759 = ORIENTED_EDGE ( 'NONE', *, *, #4379, .T. ) ;
#5760 = DIRECTION ( 'NONE',  ( 0.8660254037844385966, 0.000000000000000000, 0.5000000000000002220 ) ) ;
#5761 = CIRCLE ( 'NONE', #8965, 1.099999999999997202 ) ;
#5762 = ADVANCED_FACE ( 'NONE', ( #11271 ), #6060, .T. ) ;
#5763 = VERTEX_POINT ( 'NONE', #9562 ) ;
#5764 = AXIS2_PLACEMENT_3D ( 'NONE', #7537, #3745, #4867 ) ;
#5765 = EDGE_CURVE ( 'NONE', #94, #2722, #4198, .T. ) ;
#5766 = AXIS2_PLACEMENT_3D ( 'NONE', #8681, #550, #4739 ) ;
#5767 = ORIENTED_EDGE ( 'NONE', *, *, #646, .T. ) ;
#5768 =( NAMED_UNIT ( * ) SI_UNIT ( $, .STERADIAN. ) SOLID_ANGLE_UNIT ( ) );
#5769 = CARTESIAN_POINT ( 'NONE',  ( 0.6592570625839772047, 1.928778834210482351, 1.192706214622512997E-15 ) ) ;
#5770 = CARTESIAN_POINT ( 'NONE',  ( 0.000000000000000000, 0.000000000000000000, -0.3000000000000172529 ) ) ;
#5771 = AXIS2_PLACEMENT_3D ( 'NONE', #9407, #4013, #1274 ) ;
#5772 = LINE ( 'NONE', #5529, #3361 ) ;
#5773 = DIRECTION ( 'NONE',  ( -0.000000000000000000, -0.000000000000000000, 1.000000000000000000 ) ) ;
#5774 = AXIS2_PLACEMENT_3D ( 'NONE', #6694, #8702, #2362 ) ;
#5775 = VECTOR ( 'NONE', #8826, 1000.000000000000000 ) ;
#5776 = ORIENTED_EDGE ( 'NONE', *, *, #5332, .F. ) ;
#5777 = DIRECTION ( 'NONE',  ( 0.8660254037844381525, -0.000000000000000000, 0.5000000000000007772 ) ) ;
#5778 = EDGE_CURVE ( 'NONE', #2970, #1627, #7892, .T. ) ;
#5779 = VECTOR ( 'NONE', #10699, 1000.000000000000000 ) ;
#5780 = VERTEX_POINT ( 'NONE', #8605 ) ;
#5781 = SHAPE_DEFINITION_REPRESENTATION ( #8539, #1031 ) ;
#5782 = CARTESIAN_POINT ( 'NONE',  ( 0.000000000000000000, 0.000000000000000000, -1.600000000000000089 ) ) ;
#5783 = DIRECTION ( 'NONE',  ( 0.000000000000000000, 1.000000000000000000, 2.168404344971008868E-16 ) ) ;
#5784 = ORIENTED_EDGE ( 'NONE', *, *, #3737, .T. ) ;
#5785 = LINE ( 'NONE', #4001, #11499 ) ;
#5786 = CARTESIAN_POINT ( 'NONE',  ( 3.500000000000000000, 0.000000000000000000, 0.000000000000000000 ) ) ;
#5787 = CIRCLE ( 'NONE', #658, 1.399999999999981037 ) ;
#5788 = FACE_OUTER_BOUND ( 'NONE', #2526, .T. ) ;
#5789 = ORIENTED_EDGE ( 'NONE', *, *, #11355, .F. ) ;
#5790 = PRODUCT_RELATED_PRODUCT_CATEGORY ( 'part', '', ( #7385 ) ) ;
#5791 = DIRECTION ( 'NONE',  ( 0.000000000000000000, 0.000000000000000000, 1.000000000000000000 ) ) ;
#5792 = ORIENTED_EDGE ( 'NONE', *, *, #11456, .F. ) ;
#5793 = STYLED_ITEM ( 'NONE', ( #2540 ), #9187 ) ;
#5794 = CARTESIAN_POINT ( 'NONE',  ( -2.000000000000001776, 0.3000000000000172529, -4.099999999999888622 ) ) ;
#5795 = AXIS2_PLACEMENT_3D ( 'NONE', #3079, #2072, #3912 ) ;
#5796 = VERTEX_POINT ( 'NONE', #4103 ) ;
#5797 = PRODUCT_DEFINITION_SHAPE ( 'NONE', 'NONE',  #8548 ) ;
#5798 = CARTESIAN_POINT ( 'NONE',  ( -22.15914770952258905, -0.3502617553154639962, 1033.600000000006958 ) ) ;
#5799 = DIRECTION ( 'NONE',  ( -1.000000000000000000, -0.000000000000000000, -0.000000000000000000 ) ) ;
#5800 = PLANE ( 'NONE',  #5771 ) ;
#5801 = FACE_OUTER_BOUND ( 'NONE', #7758, .T. ) ;
#5802 = DIRECTION ( 'NONE',  ( -1.000000000000000000, 0.000000000000000000, 0.000000000000000000 ) ) ;
#5803 = ORIENTED_EDGE ( 'NONE', *, *, #7784, .T. ) ;
#5804 = DIRECTION ( 'NONE',  ( 0.000000000000000000, 0.000000000000000000, -1.000000000000000000 ) ) ;
#5805 = ORIENTED_EDGE ( 'NONE', *, *, #3315, .T. ) ;
#5806 = DIRECTION ( 'NONE',  ( 0.000000000000000000, 0.000000000000000000, -1.000000000000000000 ) ) ;
#5807 = VERTEX_POINT ( 'NONE', #5044 ) ;
#5808 = CARTESIAN_POINT ( 'NONE',  ( 1.672282218993687231, 1.343908487461472401, -0.07933779981236054046 ) ) ;
#5809 = EDGE_LOOP ( 'NONE', ( #3625, #1755, #10415, #9437, #5654, #10491 ) ) ;
#5810 = DIRECTION ( 'NONE',  ( -1.000000000000000000, 0.000000000000000000, 0.000000000000000000 ) ) ;
#5811 = VECTOR ( 'NONE', #5638, 1000.000000000000000 ) ;
#5812 = AXIS2_PLACEMENT_3D ( 'NONE', #7317, #10933, #2810 ) ;
#5813 = EDGE_CURVE ( 'NONE', #259, #8001, #7772, .T. ) ;
#5814 = DIRECTION ( 'NONE',  ( 0.000000000000000000, 0.000000000000000000, 1.000000000000000000 ) ) ;
#5815 = DIRECTION ( 'NONE',  ( -0.8660254037844380415, 0.5000000000000008882, 0.000000000000000000 ) ) ;
#5816 = CARTESIAN_POINT ( 'NONE',  ( -3.000000000000000000, 0.000000000000000000, -1.000000000000000000 ) ) ;
#5817 = CARTESIAN_POINT ( 'NONE',  ( -1.169735307079674547, -1.634054082335445690, -1.276902167985857268E-16 ) ) ;
#5818 = VERTEX_POINT ( 'NONE', #5151 ) ;
#5819 = DIRECTION ( 'NONE',  ( -0.000000000000000000, 0.000000000000000000, 1.000000000000000000 ) ) ;
#5820 = VERTEX_POINT ( 'NONE', #1427 ) ;
#5821 = VECTOR ( 'NONE', #6807, 1000.000000000000000 ) ;
#5822 = CARTESIAN_POINT ( 'NONE',  ( 0.000000000000000000, 0.000000000000000000, -24.00000000000000000 ) ) ;
#5823 = PRESENTATION_LAYER_ASSIGNMENT (  '', '', ( #10918 ) ) ;
#5824 = CIRCLE ( 'NONE', #10733, 1.099999999999998535 ) ;
#5825 = VERTEX_POINT ( 'NONE', #6831 ) ;
#5826 = APPLICATION_CONTEXT ( 'automotive_design' ) ;
#5827 = VERTEX_POINT ( 'NONE', #9670 ) ;
#5828 = EDGE_CURVE ( 'NONE', #6074, #9271, #826, .T. ) ;
#5829 = DIRECTION ( 'NONE',  ( 0.5000000000000003331, -0.8660254037844385966, 0.000000000000000000 ) ) ;
#5830 = EDGE_CURVE ( 'NONE', #9916, #2911, #9351, .T. ) ;
#5831 = PLANE ( 'NONE',  #1190 ) ;
#5832 = STYLED_ITEM ( 'NONE', ( #11570 ), #4307 ) ;
#5833 = AXIS2_PLACEMENT_3D ( 'NONE', #4875, #7604, #233 ) ;
#5834 = CARTESIAN_POINT ( 'NONE',  ( 3.500000000000000000, 0.000000000000000000, -18.00000000000000355 ) ) ;
#5835 = EDGE_CURVE ( 'NONE', #5738, #8963, #365, .T. ) ;
#5836 = CARTESIAN_POINT ( 'NONE',  ( -2.000000000000000000, 0.000000000000000000, -20.99999999999990763 ) ) ;
#5837 = ORIENTED_EDGE ( 'NONE', *, *, #9539, .T. ) ;
#5838 = CARTESIAN_POINT ( 'NONE',  ( -0.1631781751318187312, 2.215190113420277385, -1.475759930090788874 ) ) ;
#5839 = PRESENTATION_LAYER_ASSIGNMENT (  '', '', ( #4323 ) ) ;
#5840 = AXIS2_PLACEMENT_3D ( 'NONE', #4401, #3388, #8127 ) ;
#5841 = CIRCLE ( 'NONE', #2237, 0.3062499999999996891 ) ;
#5842 = ORIENTED_EDGE ( 'NONE', *, *, #4348, .F. ) ;
#5843 = FACE_BOUND ( 'NONE', #558, .T. ) ;
#5844 = LINE ( 'NONE', #9393, #9135 ) ;
#5845 = ORIENTED_EDGE ( 'NONE', *, *, #5929, .T. ) ;
#5846 = DIRECTION ( 'NONE',  ( -1.000000000000000000, -0.000000000000000000, -0.000000000000000000 ) ) ;
#5848 = ADVANCED_FACE ( 'NONE', ( #11384 ), #5098, .T. ) ;
#5847 = CARTESIAN_POINT ( 'NONE',  ( 0.000000000000000000, 4.738805170303855086E-16, -3.469518839163146406 ) ) ;
#5849 = EDGE_CURVE ( 'NONE', #9998, #1284, #9160, .T. ) ;
#5850 = CARTESIAN_POINT ( 'NONE',  ( 5.500000000000000888, 2.500000000000000000, 0.000000000000000000 ) ) ;
#5851 = ORIENTED_EDGE ( 'NONE', *, *, #1022, .F. ) ;
#5852 = CARTESIAN_POINT ( 'NONE',  ( 2.000000000000000000, 0.000000000000000000, -1.600000000000000089 ) ) ;
#5853 = ORIENTED_EDGE ( 'NONE', *, *, #3276, .F. ) ;
#5854 = CYLINDRICAL_SURFACE ( 'NONE', #2215, 1.899999999999999689 ) ;
#5855 = ORIENTED_EDGE ( 'NONE', *, *, #6194, .T. ) ;
#5856 = DIRECTION ( 'NONE',  ( 0.000000000000000000, 0.000000000000000000, 1.000000000000000000 ) ) ;
#5857 = CARTESIAN_POINT ( 'NONE',  ( -0.5000000000000000000, 9.199999999999999289, -17.00000000000000000 ) ) ;
#5858 = AXIS2_PLACEMENT_3D ( 'NONE', #2662, #6287, #9839 ) ;
#5859 = DIRECTION ( 'NONE',  ( 0.000000000000000000, 0.000000000000000000, -1.000000000000000000 ) ) ;
#5860 = CARTESIAN_POINT ( 'NONE',  ( -1.000000000000000000, 0.000000000000000000, 0.000000000000000000 ) ) ;
#5861 = CARTESIAN_POINT ( 'NONE',  ( 5.500000000000000000, 0.8999999999999995781, -18.69059892324140293 ) ) ;
#5862 = VERTEX_POINT ( 'NONE', #6951 ) ;
#5863 = CARTESIAN_POINT ( 'NONE',  ( 0.000000000000000000, 0.000000000000000000, 0.000000000000000000 ) ) ;
#5864 = ADVANCED_BREP_SHAPE_REPRESENTATION ( '', ( #1197, #4873 ), #748 ) ;
#5865 = ORIENTED_EDGE ( 'NONE', *, *, #9685, .T. ) ;
#5866 = VECTOR ( 'NONE', #11722, 1000.000000000000000 ) ;
#5867 = FACE_OUTER_BOUND ( 'NONE', #8272, .T. ) ;
#5868 = EDGE_LOOP ( 'NONE', ( #4747, #334, #10876 ) ) ;
#5869 = FACE_OUTER_BOUND ( 'NONE', #5923, .T. ) ;
#5870 = ORIENTED_EDGE ( 'NONE', *, *, #7407, .F. ) ;
#5871 = CARTESIAN_POINT ( 'NONE',  ( 3.400000000000000355, 6.123233995736766036E-17, -0.5000000000000000000 ) ) ;
#5872 = CARTESIAN_POINT ( 'NONE',  ( 5.500000000000001776, 0.000000000000000000, -1.599999999999910605 ) ) ;
#5873 = ADVANCED_FACE ( 'NONE', ( #6714 ), #7451, .F. ) ;
#5874 = CARTESIAN_POINT ( 'NONE',  ( 0.9000000000000000222, 0.000000000000000000, 0.000000000000000000 ) ) ;
#5875 = FACE_OUTER_BOUND ( 'NONE', #4294, .T. ) ;
#5876 = CARTESIAN_POINT ( 'NONE',  ( -2.000000000000000000, 0.000000000000000000, -1.600000000000000089 ) ) ;
#5877 = EDGE_LOOP ( 'NONE', ( #1316, #118 ) ) ;
#5878 = CARTESIAN_POINT ( 'NONE',  ( 5.500000000000000888, 0.000000000000000000, -21.00000000000000000 ) ) ;
#5879 = ORIENTED_EDGE ( 'NONE', *, *, #6000, .T. ) ;
#5880 = DIRECTION ( 'NONE',  ( 1.000000000000000000, 0.000000000000000000, 0.000000000000000000 ) ) ;
#5881 = ADVANCED_FACE ( 'NONE', ( #2720, #8171 ), #9002, .F. ) ;
#5882 = COLOUR_RGB ( '',1.000000000000000000, 0.9490196078431372140, 0.9098039215686274384 ) ;
#5883 = EDGE_LOOP ( 'NONE', ( #9395, #5280, #7894 ) ) ;
#5884 = ORIENTED_EDGE ( 'NONE', *, *, #3098, .F. ) ;
#5885 =( NAMED_UNIT ( * ) SI_UNIT ( $, .STERADIAN. ) SOLID_ANGLE_UNIT ( ) );
#5886 = CARTESIAN_POINT ( 'NONE',  ( -0.3961041568211338126, 0.5105416457795518559, -0.7780255052810373106 ) ) ;
#5887 = DIRECTION ( 'NONE',  ( 1.000000000000000000, 0.000000000000000000, 0.000000000000000000 ) ) ;
#5888 = PLANE ( 'NONE',  #329 ) ;
#5889 = PRODUCT_DEFINITION_FORMATION_WITH_SPECIFIED_SOURCE ( 'ANY', '', #2092, .NOT_KNOWN. ) ;
#5890 = CYLINDRICAL_SURFACE ( 'NONE', #10289, 1.099999999999997202 ) ;
#5891 = EDGE_LOOP ( 'NONE', ( #3558, #4479, #8221 ) ) ;
#5892 = CARTESIAN_POINT ( 'NONE',  ( 0.000000000000000000, 0.000000000000000000, 0.000000000000000000 ) ) ;
#5893 = EDGE_CURVE ( 'NONE', #10053, #7232, #5218, .T. ) ;
#5894 = CYLINDRICAL_SURFACE ( 'NONE', #2336, 1.000000000000000444 ) ;
#5895 = VECTOR ( 'NONE', #10891, 1000.000000000000000 ) ;
#5896 = CARTESIAN_POINT ( 'NONE',  ( 0.000000000000000000, 0.000000000000000000, -1.600000000000000089 ) ) ;
#5897 = EDGE_LOOP ( 'NONE', ( #1689, #10120, #29, #5180 ) ) ;
#5898 = ITEM_DEFINED_TRANSFORMATION ( 'NONE', 'NONE', #4555,  #4873 ) ;
#5899 = DIRECTION ( 'NONE',  ( 0.000000000000000000, 1.000000000000000000, 2.168404344971008868E-16 ) ) ;
#5900 = DIRECTION ( 'NONE',  ( -0.000000000000000000, -0.000000000000000000, 1.000000000000000000 ) ) ;
#5901 = SHAPE_REPRESENTATION ( 'Maxon_DCX8M', ( #4873 ), #325 ) ;
#5902 = AXIS2_PLACEMENT_3D ( 'NONE', #10875, #3708, #1870 ) ;
#5903 = VERTEX_POINT ( 'NONE', #2607 ) ;
#5904 = CARTESIAN_POINT ( 'NONE',  ( -3.129822080702421140E-16, -2.309401076758506477, -1.600000000000000089 ) ) ;
#5905 = CARTESIAN_POINT ( 'NONE',  ( 0.000000000000000000, 0.000000000000000000, -0.3000000000000035416 ) ) ;
#5906 = DIRECTION ( 'NONE',  ( 0.000000000000000000, -1.000000000000000000, 0.000000000000000000 ) ) ;
#5907 = B_SPLINE_CURVE_WITH_KNOTS ( 'NONE', 3,
 ( #9374, #3089, #10075, #288, #3031, #8363 ),
 .UNSPECIFIED., .F., .F.,
 ( 4, 2, 4 ),
 ( 0.003228283429323685304, 0.003812703409393314574, 0.004397123389462943843 ),
 .UNSPECIFIED. ) ;
#5908 = EDGE_CURVE ( 'NONE', #2872, #8174, #8967, .T. ) ;
#5909 = EDGE_LOOP ( 'NONE', ( #5046, #7226, #3631, #3466, #1494, #9706 ) ) ;
#5910 = CARTESIAN_POINT ( 'NONE',  ( 3.500000000000000000, 2.500000000000000000, 0.000000000000000000 ) ) ;
#5911 = VECTOR ( 'NONE', #6973, 1000.000000000000000 ) ;
#5912 = EDGE_LOOP ( 'NONE', ( #4260, #8107, #8918, #10707 ) ) ;
#5913 = EDGE_CURVE ( 'NONE', #3573, #7281, #6150, .T. ) ;
#5914 = CARTESIAN_POINT ( 'NONE',  ( 0.000000000000000000, 0.000000000000000000, 0.000000000000000000 ) ) ;
#5915 = EDGE_CURVE ( 'NONE', #9791, #8801, #6290, .T. ) ;
#5916 = ORIENTED_EDGE ( 'NONE', *, *, #11667, .F. ) ;
#5917 = CARTESIAN_POINT ( 'NONE',  ( -16.90914770952257484, -0.3502617553154639962, 1033.600000000006958 ) ) ;
#5918 = LINE ( 'NONE', #5857, #1632 ) ;
#5919 = B_SPLINE_CURVE_WITH_KNOTS ( 'NONE', 3,
 ( #11171, #11109, #11233, #9335, #1265, #5722 ),
 .UNSPECIFIED., .F., .F.,
 ( 4, 2, 4 ),
 ( 0.001168606431211098931, 0.001750609284260044515, 0.002332612137308990100 ),
 .UNSPECIFIED. ) ;
#5920 = CARTESIAN_POINT ( 'NONE',  ( 0.000000000000000000, 0.000000000000000000, -24.00000000000000000 ) ) ;
#5921 = CARTESIAN_POINT ( 'NONE',  ( 3.699999999999999289, 2.971690854684141847, -0.4999999999999991673 ) ) ;
#5922 = DIRECTION ( 'NONE',  ( -0.000000000000000000, -0.000000000000000000, 1.000000000000000000 ) ) ;
#5923 = EDGE_LOOP ( 'NONE', ( #5427, #5053, #4184, #11372, #3981 ) ) ;
#5924 = CARTESIAN_POINT ( 'NONE',  ( 0.3277177810063109376, -2.120193127676285538, -0.07933779981236312173 ) ) ;
#5925 = EDGE_LOOP ( 'NONE', ( #2576, #10982, #1256 ) ) ;
#5926 = CARTESIAN_POINT ( 'NONE',  ( 0.000000000000000000, 0.000000000000000000, 0.000000000000000000 ) ) ;
#5927 = VERTEX_POINT ( 'NONE', #2547 ) ;
#5928 = CARTESIAN_POINT ( 'NONE',  ( 2.000000000000000000, 1.154700538379254349, -0.1786327949540832127 ) ) ;
#5929 = EDGE_CURVE ( 'NONE', #9690, #587, #1970, .T. ) ;
#5930 = VERTEX_POINT ( 'NONE', #8063 ) ;
#5931 = CARTESIAN_POINT ( 'NONE',  ( 0.1631781751318166773, -2.215190113420280049, -0.1242400699092133382 ) ) ;
#5932 = CARTESIAN_POINT ( 'NONE',  ( -0.7263287850424601233, 0.2227272727405295860, -0.7092725651436193601 ) ) ;
#5933 = FACE_OUTER_BOUND ( 'NONE', #608, .T. ) ;
#5934 = LINE ( 'NONE', #4919, #2681 ) ;
#5935 = FACE_OUTER_BOUND ( 'NONE', #2447, .T. ) ;
#5936 = CIRCLE ( 'NONE', #1757, 1.099999999999996758 ) ;
#5937 = ORIENTED_EDGE ( 'NONE', *, *, #9086, .F. ) ;
#5938 = DIRECTION ( 'NONE',  ( -0.000000000000000000, 1.224649721909276639E-16, -1.000000000000000000 ) ) ;
#5939 = VERTEX_POINT ( 'NONE', #6235 ) ;
#5940 = B_SPLINE_CURVE_WITH_KNOTS ( 'NONE', 3,
 ( #8247, #1899, #8361, #8183 ),
 .UNSPECIFIED., .F., .F.,
 ( 4, 4 ),
 ( 2.380749485086116428E-07, 0.001168606431211100015 ),
 .UNSPECIFIED. ) ;
#5941 = PLANE ( 'NONE',  #3676 ) ;
#5942 = AXIS2_PLACEMENT_3D ( 'NONE', #4310, #2582, #11479 ) ;
#5943 = VERTEX_POINT ( 'NONE', #1775 ) ;
#5944 = ADVANCED_FACE ( 'NONE', ( #11683 ), #8945, .F. ) ;
#5945 = ORIENTED_EDGE ( 'NONE', *, *, #1189, .T. ) ;
#5946 = AXIS2_PLACEMENT_3D ( 'NONE', #5137, #7937, #11668 ) ;
#5947 =( LENGTH_UNIT ( ) NAMED_UNIT ( * ) SI_UNIT ( .MILLI., .METRE. ) );
#5948 = CIRCLE ( 'NONE', #2334, 1.000000000000000000 ) ;
#5949 = CIRCLE ( 'NONE', #3850, 2.500000000000002220 ) ;
#5950 = DIRECTION ( 'NONE',  ( 0.000000000000000000, 0.000000000000000000, -1.000000000000000000 ) ) ;
#5951 = CIRCLE ( 'NONE', #7446, 0.9999999999999997780 ) ;
#5952 = CARTESIAN_POINT ( 'NONE',  ( 4.099999999999999645, 2.971690854684141847, -0.8999999999999992450 ) ) ;
#5953 = CARTESIAN_POINT ( 'NONE',  ( 1.000000000000000000, 1.224646799147354933E-16, -3.869518839163146762 ) ) ;
#5954 = ORIENTED_EDGE ( 'NONE', *, *, #10017, .F. ) ;
#5955 = CYLINDRICAL_SURFACE ( 'NONE', #5084, 2.499999999999998668 ) ;
#5956 = VECTOR ( 'NONE', #9129, 1000.000000000000000 ) ;
#5957 = CIRCLE ( 'NONE', #7453, 2.499999999999998668 ) ;
#5958 = CIRCLE ( 'NONE', #9156, 1.000000000000000000 ) ;
#5959 = CARTESIAN_POINT ( 'NONE',  ( 3.500000000000000000, 23.00000000000000000, -24.00000000000000000 ) ) ;
#5960 = VERTEX_POINT ( 'NONE', #5337 ) ;
#5961 = AXIS2_PLACEMENT_3D ( 'NONE', #6018, #11580, #5168 ) ;
#5962 = VECTOR ( 'NONE', #4614, 1000.000000000000000 ) ;
#5963 = B_SPLINE_CURVE_WITH_KNOTS ( 'NONE', 3,
 ( #8411, #278, #11140, #518, #5931, #1651 ),
 .UNSPECIFIED., .F., .F.,
 ( 4, 2, 4 ),
 ( 0.001168606431211098931, 0.001750609284260044515, 0.002332612137308990100 ),
 .UNSPECIFIED. ) ;
#5964 = CARTESIAN_POINT ( 'NONE',  ( 0.9000000000000000222, 0.000000000000000000, 0.000000000000000000 ) ) ;
#5965 = VECTOR ( 'NONE', #2658, 1000.000000000000000 ) ;
#5966 = EDGE_LOOP ( 'NONE', ( #4000, #3435 ) ) ;
#5967 = CARTESIAN_POINT ( 'NONE',  ( 5.499999999999997335, 2.500000000000000000, -5.309401076758394566 ) ) ;
#5968 = LINE ( 'NONE', #8856, #9730 ) ;
#5969 = B_SPLINE_CURVE_WITH_KNOTS ( 'NONE', 3,
 ( #1561, #1445, #2399, #4411, #10687, #5065 ),
 .UNSPECIFIED., .F., .F.,
 ( 4, 2, 4 ),
 ( -0.0002457929873126549116, -7.671868299287501773E-05, 9.235562132690487615E-05 ),
 .UNSPECIFIED. ) ;
#5970 = CARTESIAN_POINT ( 'NONE',  ( 0.4682615195961031263, 0.8110527431698568712, 0.000000000000000000 ) ) ;
#5971 = ORIENTED_EDGE ( 'NONE', *, *, #9421, .F. ) ;
#5972 = VECTOR ( 'NONE', #7514, 1000.000000000000000 ) ;
#5973 = ORIENTED_EDGE ( 'NONE', *, *, #9517, .F. ) ;
#5974 = VERTEX_POINT ( 'NONE', #8118 ) ;
#5975 = CARTESIAN_POINT ( 'NONE',  ( 4.090852290477400288, -0.3502617553154290797, 1033.600000000006958 ) ) ;
#5976 = ADVANCED_FACE ( 'NONE', ( #5397 ), #9061, .T. ) ;
#5977 = DIRECTION ( 'NONE',  ( 1.000000000000000000, 0.000000000000000000, 0.000000000000000000 ) ) ;
#5978 = CARTESIAN_POINT ( 'NONE',  ( 1.000000000000000444, -1.732050807568876971, 0.000000000000000000 ) ) ;
#5979 = ADVANCED_FACE ( 'NONE', ( #3615 ), #705, .T. ) ;
#5980 = AXIS2_PLACEMENT_3D ( 'NONE', #2727, #4457, #6351 ) ;
#5981 = FACE_OUTER_BOUND ( 'NONE', #4275, .T. ) ;
#5982 = PLANE ( 'NONE',  #6340 ) ;
#5983 = ADVANCED_FACE ( 'NONE', ( #7951, #4394 ), #9725, .T. ) ;
#5984 = EDGE_CURVE ( 'NONE', #8309, #2594, #9841, .T. ) ;
#5985 = VERTEX_POINT ( 'NONE', #4561 ) ;
#5986 = LINE ( 'NONE', #8640, #4599 ) ;
#5987 = EDGE_LOOP ( 'NONE', ( #5743, #6820, #4965, #4034, #7238 ) ) ;
#5988 = DIRECTION ( 'NONE',  ( 0.000000000000000000, -1.000000000000000000, 0.000000000000000000 ) ) ;
#5989 = CIRCLE ( 'NONE', #10331, 1.099999999999998535 ) ;
#5990 = VERTEX_POINT ( 'NONE', #10661 ) ;
#5991 = DIRECTION ( 'NONE',  ( 0.000000000000000000, 0.000000000000000000, 1.000000000000000000 ) ) ;
#5992 = ORIENTED_EDGE ( 'NONE', *, *, #9098, .F. ) ;
#5993 = CARTESIAN_POINT ( 'NONE',  ( 0.000000000000000000, 0.000000000000000000, 0.000000000000000000 ) ) ;
#5994 = DIRECTION ( 'NONE',  ( -0.000000000000000000, -0.000000000000000000, 1.000000000000000000 ) ) ;
#5995 = CIRCLE ( 'NONE', #4655, 2.000000000000000000 ) ;
#5996 = FACE_OUTER_BOUND ( 'NONE', #1423, .T. ) ;
#5997 = PRODUCT ( 'hexa csunk flathd screw_iso_ISO 14581 M2x4x4-S', 'hexa csunk flathd screw_iso_ISO 14581 M2x4x4-S', '', ( #961 ) ) ;
#5998 = EDGE_CURVE ( 'NONE', #7547, #10755, #3906, .T. ) ;
#5999 = CARTESIAN_POINT ( 'NONE',  ( 2.000000000000000000, -1.154700538379255015, -0.1786327949540832127 ) ) ;
#6000 = EDGE_CURVE ( 'NONE', #4962, #7232, #3382, .T. ) ;
#6001 = ORIENTED_EDGE ( 'NONE', *, *, #10456, .T. ) ;
#6002 = CARTESIAN_POINT ( 'NONE',  ( -1.000000000000001776, -1.732050807568876527, 0.000000000000000000 ) ) ;
#6003 = ORIENTED_EDGE ( 'NONE', *, *, #3377, .T. ) ;
#6004 = CARTESIAN_POINT ( 'NONE',  ( 7.500000000000000888, 0.8999999999999989120, -4.154700538379145769 ) ) ;
#6005 = ORIENTED_EDGE ( 'NONE', *, *, #5405, .F. ) ;
#6006 = AXIS2_PLACEMENT_3D ( 'NONE', #4175, #9453, #5899 ) ;
#6007 = ORIENTED_EDGE ( 'NONE', *, *, #5830, .T. ) ;
#6008 = DIRECTION ( 'NONE',  ( 0.000000000000000000, 0.000000000000000000, -1.000000000000000000 ) ) ;
#6009 = DIRECTION ( 'NONE',  ( -0.000000000000000000, -0.000000000000000000, 1.000000000000000000 ) ) ;
#6010 = CARTESIAN_POINT ( 'NONE',  ( 4.336808689942017736E-16, 2.500000000000000000, -22.15470053837916353 ) ) ;
#6011 = CIRCLE ( 'NONE', #1079, 0.5000000000000000000 ) ;
#6012 = AXIS2_PLACEMENT_3D ( 'NONE', #519, #635, #7998 ) ;
#6013 = AXIS2_PLACEMENT_3D ( 'NONE', #3948, #2042, #10271 ) ;
#6014 = EDGE_LOOP ( 'NONE', ( #3582, #704 ) ) ;
#6015 = CARTESIAN_POINT ( 'NONE',  ( 0.000000000000000000, 0.000000000000000000, 0.000000000000000000 ) ) ;
#6016 = CARTESIAN_POINT ( 'NONE',  ( 0.7812177826491106813, 0.3500000000000013656, 0.000000000000000000 ) ) ;
#6017 = AXIS2_PLACEMENT_3D ( 'NONE', #6385, #9047, #6328 ) ;
#6018 = CARTESIAN_POINT ( 'NONE',  ( 0.6062177826491110810, -0.3500000000000007550, -500000.0000000000582 ) ) ;
#6019 = AXIS2_PLACEMENT_3D ( 'NONE', #4281, #6955, #7667 ) ;
#6020 = EDGE_LOOP ( 'NONE', ( #1119, #10599, #8296, #8682, #8238, #803 ) ) ;
#6021 = DIRECTION ( 'NONE',  ( 0.000000000000000000, 0.000000000000000000, 1.000000000000000000 ) ) ;
#6022 = DIRECTION ( 'NONE',  ( -1.000000000000000000, -0.000000000000000000, -0.000000000000000000 ) ) ;
#6023 = VERTEX_POINT ( 'NONE', #10720 ) ;
#6024 = DIRECTION ( 'NONE',  ( 0.000000000000000000, 0.000000000000000000, -1.000000000000000000 ) ) ;
#6025 = FACE_BOUND ( 'NONE', #2271, .T. ) ;
#6026 = CARTESIAN_POINT ( 'NONE',  ( -2.000000000000000000, -0.9668978507697953972, -1.475581171168853123 ) ) ;
#6027 =( GEOMETRIC_REPRESENTATION_CONTEXT ( 3 ) GLOBAL_UNCERTAINTY_ASSIGNED_CONTEXT ( ( #5140 ) ) GLOBAL_UNIT_ASSIGNED_CONTEXT ( ( #7601, #9377, #7066 ) ) REPRESENTATION_CONTEXT ( 'NONE', 'WORKASPACE' ) );
#6028 = ORIENTED_EDGE ( 'NONE', *, *, #5451, .F. ) ;
#6029 = AXIS2_PLACEMENT_3D ( 'NONE', #9794, #9071, #9736 ) ;
#6030 = EDGE_LOOP ( 'NONE', ( #2682, #342, #1055, #7769, #3427, #10294 ) ) ;
#6031 = DIRECTION ( 'NONE',  ( 0.000000000000000000, 0.000000000000000000, -1.000000000000000000 ) ) ;
#6032 = VERTEX_POINT ( 'NONE', #4451 ) ;
#6033 = DIRECTION ( 'NONE',  ( 1.000000000000000000, 0.000000000000000000, 0.000000000000000000 ) ) ;
#6034 = DIRECTION ( 'NONE',  ( 0.000000000000000000, 0.000000000000000000, 1.000000000000000000 ) ) ;
#6035 = LINE ( 'NONE', #9651, #6310 ) ;
#6036 = VECTOR ( 'NONE', #8646, 1000.000000000000000 ) ;
#6037 = CARTESIAN_POINT ( 'NONE',  ( 0.000000000000000000, 0.000000000000000000, -1.600000000000000089 ) ) ;
#6038 = CARTESIAN_POINT ( 'NONE',  ( 0.000000000000000000, 0.000000000000000000, 2.500000000000000000 ) ) ;
#6039 = VECTOR ( 'NONE', #5906, 1000.000000000000000 ) ;
#6040 = EDGE_LOOP ( 'NONE', ( #6485, #660, #503, #7112 ) ) ;
#6041 = DIRECTION ( 'NONE',  ( -0.000000000000000000, 0.000000000000000000, -1.000000000000000000 ) ) ;
#6042 = EDGE_CURVE ( 'NONE', #689, #5820, #3562, .T. ) ;
#6043 = ORIENTED_EDGE ( 'NONE', *, *, #577, .T. ) ;
#6044 = DIRECTION ( 'NONE',  ( 0.000000000000000000, 1.000000000000000000, 0.000000000000000000 ) ) ;
#6045 = VERTEX_POINT ( 'NONE', #11009 ) ;
#6046 = LINE ( 'NONE', #4261, #5435 ) ;
#6047 = VECTOR ( 'NONE', #4758, 1000.000000000000000 ) ;
#6048 = EDGE_LOOP ( 'NONE', ( #6899, #1855, #6164, #4579 ) ) ;
#6049 = FILL_AREA_STYLE ('',( #3428 ) ) ;
#6050 = ADVANCED_FACE ( 'NONE', ( #5566 ), #6727, .T. ) ;
#6051 = DIRECTION ( 'NONE',  ( 0.000000000000000000, -0.000000000000000000, 1.000000000000000000 ) ) ;
#6052 = DIRECTION ( 'NONE',  ( -1.000000000000000000, 0.000000000000000000, 0.000000000000000000 ) ) ;
#6053 = CARTESIAN_POINT ( 'NONE',  ( 0.000000000000000000, 0.000000000000000000, -1.600000000000000089 ) ) ;
#6054 = CARTESIAN_POINT ( 'NONE',  ( 0.000000000000000000, 2.309401076758504701, -0.1786327949540832127 ) ) ;
#6055 = VECTOR ( 'NONE', #9951, 1000.000000000000000 ) ;
#6056 = EDGE_LOOP ( 'NONE', ( #7476, #8105, #8143, #10683 ) ) ;
#6057 = LINE ( 'NONE', #3152, #8499 ) ;
#6058 = EDGE_CURVE ( 'NONE', #10257, #9693, #7340, .T. ) ;
#6059 = ORIENTED_EDGE ( 'NONE', *, *, #10966, .T. ) ;
#6060 = CYLINDRICAL_SURFACE ( 'NONE', #8214, 3.000000000000000000 ) ;
#6061 = ORIENTED_EDGE ( 'NONE', *, *, #7261, .T. ) ;
#6062 = ORIENTED_EDGE ( 'NONE', *, *, #5112, .F. ) ;
#6063 =( NAMED_UNIT ( * ) SI_UNIT ( $, .STERADIAN. ) SOLID_ANGLE_UNIT ( ) );
#6064 = EDGE_CURVE ( 'NONE', #775, #9877, #5508, .T. ) ;
#6065 = EDGE_CURVE ( 'NONE', #4948, #10879, #3908, .T. ) ;
#6066 = LINE ( 'NONE', #5155, #11459 ) ;
#6067 = DIRECTION ( 'NONE',  ( -0.000000000000000000, 0.000000000000000000, 1.000000000000000000 ) ) ;
#6068 = DIRECTION ( 'NONE',  ( 0.000000000000000000, 0.000000000000000000, 1.000000000000000000 ) ) ;
#6069 = ORIENTED_EDGE ( 'NONE', *, *, #11699, .F. ) ;
#6070 = PLANE ( 'NONE',  #9441 ) ;
#6071 = B_SPLINE_CURVE_WITH_KNOTS ( 'NONE', 3,
 ( #7801, #11541, #1638, #7039, #5129, #8696 ),
 .UNSPECIFIED., .F., .F.,
 ( 4, 2, 4 ),
 ( 0.001168606431211099148, 0.001750609284260044515, 0.002332612137308990100 ),
 .UNSPECIFIED. ) ;
#6072 = EDGE_CURVE ( 'NONE', #6099, #2872, #4727, .T. ) ;
#6073 = DIRECTION ( 'NONE',  ( -0.000000000000000000, -1.000000000000000000, -0.000000000000000000 ) ) ;
#6074 = VERTEX_POINT ( 'NONE', #8234 ) ;
#6075 = ITEM_DEFINED_TRANSFORMATION ( 'NONE', 'NONE', #377,  #4873 ) ;
#6076 = AXIS2_PLACEMENT_3D ( 'NONE', #4364, #7926, #6153 ) ;
#6077 = DIRECTION ( 'NONE',  ( 0.000000000000000000, 1.000000000000000000, -0.000000000000000000 ) ) ;
#6078 = SURFACE_SIDE_STYLE ('',( #9749 ) ) ;
#6079 = ORIENTED_EDGE ( 'NONE', *, *, #7947, .T. ) ;
#6080 = DIRECTION ( 'NONE',  ( 0.000000000000000000, 1.000000000000000000, 0.000000000000000000 ) ) ;
#6081 = DIRECTION ( 'NONE',  ( 0.000000000000000000, 1.000000000000000000, 0.000000000000000000 ) ) ;
#6082 = CARTESIAN_POINT ( 'NONE',  ( -0.9365230391922001463, 0.000000000000000000, 0.000000000000000000 ) ) ;
#6083 = AXIS2_PLACEMENT_3D ( 'NONE', #1040, #8290, #2768 ) ;
#6084 = ORIENTED_EDGE ( 'NONE', *, *, #8008, .F. ) ;
#6085 = DIRECTION ( 'NONE',  ( -1.000000000000000000, 0.000000000000000000, 0.000000000000000000 ) ) ;
#6086 = ORIENTED_EDGE ( 'NONE', *, *, #11167, .T. ) ;
#6087 = DIRECTION ( 'NONE',  ( 0.000000000000000000, 0.000000000000000000, 1.000000000000000000 ) ) ;
#6088 = EDGE_CURVE ( 'NONE', #3956, #2009, #6400, .T. ) ;
#6089 = EDGE_LOOP ( 'NONE', ( #8320, #3208, #4716, #10472, #10321, #8621 ) ) ;
#6090 = AXIS2_PLACEMENT_3D ( 'NONE', #1657, #8767, #4268 ) ;
#6091 = DIRECTION ( 'NONE',  ( 0.9999363202837162623, -6.910182219422616578E-19, -0.01128518397995855599 ) ) ;
#6092 = CARTESIAN_POINT ( 'NONE',  ( 2.000000000000000000, -0.9668978507697956193, -0.1244188288311465357 ) ) ;
#6093 = CARTESIAN_POINT ( 'NONE',  ( -0.8156023289305088797, 1.111735790324613713E-16, -0.1291166393111727595 ) ) ;
#6094 = LINE ( 'NONE', #5921, #11645 ) ;
#6095 = ADVANCED_FACE ( 'NONE', ( #1103 ), #10865, .F. ) ;
#6096 = ORIENTED_EDGE ( 'NONE', *, *, #5676, .T. ) ;
#6097 = CARTESIAN_POINT ( 'NONE',  ( -2.000000000000000000, -0.9668978507697953972, -1.475581171168853123 ) ) ;
#6098 = VECTOR ( 'NONE', #2496, 1000.000000000000114 ) ;
#6099 = VERTEX_POINT ( 'NONE', #9296 ) ;
#6100 = CARTESIAN_POINT ( 'NONE',  ( -0.6062177826491067512, -0.3500000000000009770, -500000.0000000000582 ) ) ;
#6101 = ORIENTED_EDGE ( 'NONE', *, *, #1394, .F. ) ;
#6102 = CARTESIAN_POINT ( 'NONE',  ( 14.05000000000000071, 1.224646799147353207E-16, -1.000000000000000000 ) ) ;
#6103 = ORIENTED_EDGE ( 'NONE', *, *, #3452, .T. ) ;
#6104 = SURFACE_STYLE_FILL_AREA ( #6049 ) ;
#6105 = DIRECTION ( 'NONE',  ( -1.000000000000000000, 0.000000000000000000, 0.000000000000000000 ) ) ;
#6106 = LINE ( 'NONE', #5208, #1006 ) ;
#6107 = CIRCLE ( 'NONE', #2865, 1.000000000000000000 ) ;
#6108 = PRESENTATION_STYLE_ASSIGNMENT (( #7001 ) ) ;
#6109 = PLANE ( 'NONE',  #2165 ) ;
#6110 = B_SPLINE_CURVE_WITH_KNOTS ( 'NONE', 3,
 ( #2764, #11609, #9885, #6389, #5497, #9108 ),
 .UNSPECIFIED., .F., .F.,
 ( 4, 2, 4 ),
 ( 0.001168606431211099148, 0.001750609284260044515, 0.002332612137308990100 ),
 .UNSPECIFIED. ) ;
#6111 = CARTESIAN_POINT ( 'NONE',  ( 0.000000000000000000, 2.309401076758504701, -1.421367205045916737 ) ) ;
#6112 = EDGE_CURVE ( 'NONE', #1152, #2632, #5391, .T. ) ;
#6113 = ORIENTED_EDGE ( 'NONE', *, *, #4514, .F. ) ;
#6114 = LINE ( 'NONE', #7227, #7364 ) ;
#6115 = ORIENTED_EDGE ( 'NONE', *, *, #10222, .F. ) ;
#6116 = DIRECTION ( 'NONE',  ( 0.000000000000000000, 0.000000000000000000, 1.000000000000000000 ) ) ;
#6117 = ORIENTED_EDGE ( 'NONE', *, *, #7974, .T. ) ;
#6118 = ORIENTED_EDGE ( 'NONE', *, *, #8162, .T. ) ;
#6119 = FACE_OUTER_BOUND ( 'NONE', #10856, .T. ) ;
#6120 = CYLINDRICAL_SURFACE ( 'NONE', #3240, 1.099999999999996758 ) ;
#6121 = ADVANCED_FACE ( 'NONE', ( #2954 ), #8616, .T. ) ;
#6122 = EDGE_CURVE ( 'NONE', #8087, #2441, #1793, .T. ) ;
#6123 = ADVANCED_FACE ( 'NONE', ( #3018 ), #9356, .T. ) ;
#6124 = DIRECTION ( 'NONE',  ( -0.000000000000000000, -0.000000000000000000, -1.000000000000000000 ) ) ;
#6125 = DIRECTION ( 'NONE',  ( 0.000000000000000000, 0.000000000000000000, -1.000000000000000000 ) ) ;
#6126 = ORIENTED_EDGE ( 'NONE', *, *, #2998, .F. ) ;
#6127 = FACE_OUTER_BOUND ( 'NONE', #3033, .T. ) ;
#6128 = ADVANCED_FACE ( 'NONE', ( #10123 ), #3120, .T. ) ;
#6129 = EDGE_CURVE ( 'NONE', #6149, #109, #11448, .T. ) ;
#6130 = CARTESIAN_POINT ( 'NONE',  ( 1.224646799147353454E-16, -0.9999999999999997780, -2.930481160836854393 ) ) ;
#6131 = AXIS2_PLACEMENT_3D ( 'NONE', #1646, #11605, #10586 ) ;
#6132 = COLOUR_RGB ( '',0.2980392156862745057, 0.2980392156862745057, 0.2980392156862745057 ) ;
#6133 = VECTOR ( 'NONE', #4081, 1000.000000000000000 ) ;
#6134 = DIRECTION ( 'NONE',  ( 0.000000000000000000, 0.000000000000000000, -1.000000000000000000 ) ) ;
#6135 = ORIENTED_EDGE ( 'NONE', *, *, #11028, .F. ) ;
#6136 = CARTESIAN_POINT ( 'NONE',  ( 1.950000000000000400, 7.500000000000000000, -6.116139535669825378 ) ) ;
#6137 = LINE ( 'NONE', #7738, #4054 ) ;
#6138 = ORIENTED_EDGE ( 'NONE', *, *, #10399, .T. ) ;
#6139 = CYLINDRICAL_SURFACE ( 'NONE', #10354, 1.000000000000000444 ) ;
#6140 = CIRCLE ( 'NONE', #5946, 1.999999999999999556 ) ;
#6141 = LINE ( 'NONE', #2569, #5911 ) ;
#6142 = AXIS2_PLACEMENT_3D ( 'NONE', #4286, #657, #1435 ) ;
#6143 = PRODUCT_DEFINITION_CONTEXT ( 'detailed design', #4072, 'design' ) ;
#6144 = ORIENTED_EDGE ( 'NONE', *, *, #9808, .F. ) ;
#6145 = CARTESIAN_POINT ( 'NONE',  ( -1.000000000000000000, 9.629649721936179265E-32, -1.869518839163146762 ) ) ;
#6146 = EDGE_CURVE ( 'NONE', #6032, #7938, #10825, .T. ) ;
#6147 = ORIENTED_EDGE ( 'NONE', *, *, #4964, .T. ) ;
#6148 = CIRCLE ( 'NONE', #634, 3.999999999999996447 ) ;
#6149 = VERTEX_POINT ( 'NONE', #10897 ) ;
#6150 = CIRCLE ( 'NONE', #1010, 3.000000000000000000 ) ;
#6151 = CARTESIAN_POINT ( 'NONE',  ( 0.6607522599941045849, -1.927915581583256932, -1.582894801272977103 ) ) ;
#6152 = ORIENTED_EDGE ( 'NONE', *, *, #7407, .T. ) ;
#6153 = DIRECTION ( 'NONE',  ( 1.000000000000000000, 0.000000000000000000, 0.000000000000000000 ) ) ;
#6154 = CARTESIAN_POINT ( 'NONE',  ( 1.000000000000000444, -1.732050807568876971, 0.000000000000000000 ) ) ;
#6155 = CARTESIAN_POINT ( 'NONE',  ( 0.000000000000000000, 5.058392604970359998E-16, -2.130481160836854126 ) ) ;
#6156 = LINE ( 'NONE', #2466, #2923 ) ;
#6157 = CONICAL_SURFACE ( 'NONE', #6131, 2.000000000000000000, 1.047197551196595855 ) ;
#6158 = PRODUCT_RELATED_PRODUCT_CATEGORY ( 'part', '', ( #2194 ) ) ;
#6159 = AXIS2_PLACEMENT_3D ( 'NONE', #1039, #8289, #149 ) ;
#6160 = ORIENTED_EDGE ( 'NONE', *, *, #5311, .F. ) ;
#6161 = CARTESIAN_POINT ( 'NONE',  ( -2.000000000000000000, -0.1951254011572752800, -1.600000000000000089 ) ) ;
#6162 = VERTEX_POINT ( 'NONE', #2773 ) ;
#6163 = CARTESIAN_POINT ( 'NONE',  ( 5.500000000000000888, 0.000000000000000000, -18.00000000000000355 ) ) ;
#6164 = ORIENTED_EDGE ( 'NONE', *, *, #10318, .T. ) ;
#6165 = PLANE ( 'NONE',  #9022 ) ;
#6166 = VECTOR ( 'NONE', #2111, 1000.000000000000000 ) ;
#6167 = ORIENTED_EDGE ( 'NONE', *, *, #6676, .T. ) ;
#6168 = CARTESIAN_POINT ( 'NONE',  ( 4.000000000000000000, 9.199999999999999289, -18.50000000000000355 ) ) ;
#6169 = DIRECTION ( 'NONE',  ( -1.000000000000000000, 0.000000000000000000, 0.000000000000000000 ) ) ;
#6170 =( LENGTH_UNIT ( ) NAMED_UNIT ( * ) SI_UNIT ( .MILLI., .METRE. ) );
#6171 =( LENGTH_UNIT ( ) NAMED_UNIT ( * ) SI_UNIT ( .MILLI., .METRE. ) );
#6172 = CARTESIAN_POINT ( 'NONE',  ( -2.000000000000000000, 1.154700538379251240, -0.1786327949540822413 ) ) ;
#6173 = VERTEX_POINT ( 'NONE', #1046 ) ;
#6174 = CARTESIAN_POINT ( 'NONE',  ( 0.9000000000000000222, 0.000000000000000000, 0.000000000000000000 ) ) ;
#6175 = ORIENTED_EDGE ( 'NONE', *, *, #9768, .F. ) ;
#6176 = CARTESIAN_POINT ( 'NONE',  ( 1.672828002720946117, -1.343593379079623285, -1.530424537474095681 ) ) ;
#6177 = ORIENTED_EDGE ( 'NONE', *, *, #8531, .T. ) ;
#6178 = ORIENTED_EDGE ( 'NONE', *, *, #9449, .F. ) ;
#6179 = AXIS2_PLACEMENT_3D ( 'NONE', #9172, #10888, #1711 ) ;
#6180 = CARTESIAN_POINT ( 'NONE',  ( 0.9999999999999997780, 0.000000000000000000, 0.000000000000000000 ) ) ;
#6181 = AXIS2_PLACEMENT_3D ( 'NONE', #2707, #5387, #2654 ) ;
#6182 = B_SPLINE_CURVE_WITH_KNOTS ( 'NONE', 3,
 ( #11023, #10969, #2849, #3984, #5522, #7477 ),
 .UNSPECIFIED., .F., .F.,
 ( 4, 2, 4 ),
 ( 0.003228283429323685304, 0.003812703409393314574, 0.004397123389462943843 ),
 .UNSPECIFIED. ) ;
#6183 = CARTESIAN_POINT ( 'NONE',  ( 2.000000000000000000, 1.154700538379250130, -1.600000000000000089 ) ) ;
#6184 = CARTESIAN_POINT ( 'NONE',  ( -21.50000000000000000, 0.000000000000000000, 0.000000000000000000 ) ) ;
#6185 = DIRECTION ( 'NONE',  ( 0.000000000000000000, -1.000000000000000000, -0.000000000000000000 ) ) ;
#6186 = ORIENTED_EDGE ( 'NONE', *, *, #3804, .T. ) ;
#6187 = DIRECTION ( 'NONE',  ( 0.000000000000000000, 0.000000000000000000, -1.000000000000000000 ) ) ;
#6188 = LINE ( 'NONE', #10910, #1771 ) ;
#6189 = AXIS2_PLACEMENT_3D ( 'NONE', #9344, #11362, #9530 ) ;
#6190 = EDGE_CURVE ( 'NONE', #1548, #8963, #6699, .T. ) ;
#6191 = EDGE_CURVE ( 'NONE', #1125, #6687, #6875, .T. ) ;
#6192 = CARTESIAN_POINT ( 'NONE',  ( 0.000000000000000000, 0.000000000000000000, 0.000000000000000000 ) ) ;
#6193 = ORIENTED_EDGE ( 'NONE', *, *, #5534, .F. ) ;
#6194 = EDGE_CURVE ( 'NONE', #11461, #11528, #10358, .T. ) ;
#6195 = DIRECTION ( 'NONE',  ( 0.000000000000000000, 0.000000000000000000, -1.000000000000000000 ) ) ;
#6196 = VECTOR ( 'NONE', #11403, 1000.000000000000000 ) ;
#6197 = AXIS2_PLACEMENT_3D ( 'NONE', #9641, #11294, #2331 ) ;
#6198 = ORIENTED_EDGE ( 'NONE', *, *, #5668, .F. ) ;
#6199 = CARTESIAN_POINT ( 'NONE',  ( -21.50000000000000000, 0.000000000000000000, 0.000000000000000000 ) ) ;
#6200 = CARTESIAN_POINT ( 'NONE',  ( 3.599999999999992095, -2.821690854684141936, -0.9000000000000006883 ) ) ;
#6201 = CARTESIAN_POINT ( 'NONE',  ( 1.000000000000001998, 1.732050807568876083, -1.600000000000000089 ) ) ;
#6202 = ORIENTED_EDGE ( 'NONE', *, *, #11489, .T. ) ;
#6203 = B_SPLINE_CURVE_WITH_KNOTS ( 'NONE', 3,
 ( #9128, #3744, #7358, #9371 ),
 .UNSPECIFIED., .F., .F.,
 ( 4, 4 ),
 ( 2.380749485076534898E-07, 0.001168606431211099148 ),
 .UNSPECIFIED. ) ;
#6204 = EDGE_CURVE ( 'NONE', #2872, #11316, #6338, .T. ) ;
#6205 = VECTOR ( 'NONE', #1991, 1000.000000000000000 ) ;
#6206 = CIRCLE ( 'NONE', #1653, 1.099999999999996758 ) ;
#6207 = ORIENTED_EDGE ( 'NONE', *, *, #1264, .T. ) ;
#6208 =( REPRESENTATION_RELATIONSHIP ('NONE','NONE', #9860, #5404 ) REPRESENTATION_RELATIONSHIP_WITH_TRANSFORMATION ( #5898 )SHAPE_REPRESENTATION_RELATIONSHIP( ) );
#6209 = ORIENTED_EDGE ( 'NONE', *, *, #10293, .F. ) ;
#6210 = CARTESIAN_POINT ( 'NONE',  ( -16.65914770952259261, -7.050261755315464285, 1031.100000000006958 ) ) ;
#6211 = EDGE_CURVE ( 'NONE', #10566, #3050, #3307, .T. ) ;
#6212 = CARTESIAN_POINT ( 'NONE',  ( 0.000000000000000000, 7.500000000000000000, -6.116139535669825378 ) ) ;
#6213 = EDGE_CURVE ( 'NONE', #9416, #421, #1466, .T. ) ;
#6214 = CARTESIAN_POINT ( 'NONE',  ( 0.000000000000000000, 0.000000000000000000, 0.000000000000000000 ) ) ;
#6215 = CARTESIAN_POINT ( 'NONE',  ( 2.099999999999999645, 4.001000000000000334, 0.4999999999999991673 ) ) ;
#6216 = COLOUR_RGB ( '',1.000000000000000000, 0.8705882352941176627, 0.5294117647058823595 ) ;
#6217 = VECTOR ( 'NONE', #4461, 1000.000000000000000 ) ;
#6218 = PLANE ( 'NONE',  #10996 ) ;
#6219 = ORIENTED_EDGE ( 'NONE', *, *, #3606, .T. ) ;
#6220 = DIRECTION ( 'NONE',  ( 1.000000000000000000, 0.000000000000000000, 0.000000000000000000 ) ) ;
#6221 = CARTESIAN_POINT ( 'NONE',  ( 0.000000000000000000, 0.000000000000000000, -1.600000000000000089 ) ) ;
#6222 = VERTEX_POINT ( 'NONE', #9415 ) ;
#6223 = CARTESIAN_POINT ( 'NONE',  ( 0.000000000000000000, 2.309401076758504701, -1.421367205045916737 ) ) ;
#6224 = VERTEX_POINT ( 'NONE', #8468 ) ;
#6225 = FACE_OUTER_BOUND ( 'NONE', #7640, .T. ) ;
#6226 = AXIS2_PLACEMENT_3D ( 'NONE', #10102, #7620, #3117 ) ;
#6227 = CARTESIAN_POINT ( 'NONE',  ( -2.000000000000000000, 1.154700538379254349, -1.421367205045916737 ) ) ;
#6228 = DIRECTION ( 'NONE',  ( 1.000000000000000000, 0.000000000000000000, 0.000000000000000000 ) ) ;
#6229 = CARTESIAN_POINT ( 'NONE',  ( -1.000000000000001776, -1.732050807568876527, -1.600000000000000089 ) ) ;
#6230 = CARTESIAN_POINT ( 'NONE',  ( 2.000000000000000000, -1.154700538379255015, -0.1786327949540832127 ) ) ;
#6231 = VERTEX_POINT ( 'NONE', #9657 ) ;
#6232 = CARTESIAN_POINT ( 'NONE',  ( -2.000000000000000000, 0.000000000000000000, -3.000000000000000000 ) ) ;
#6233 = EDGE_LOOP ( 'NONE', ( #2806, #3590, #8756, #5629, #5152, #5626, #3348, #4436, #5442, #10639, #10516 ) ) ;
#6234 = VECTOR ( 'NONE', #7839, 1000.000000000000000 ) ;
#6235 = CARTESIAN_POINT ( 'NONE',  ( -0.9526279441628795475, -0.5499999999999986011, -1.600000000000000089 ) ) ;
#6236 = ORIENTED_EDGE ( 'NONE', *, *, #9953, .F. ) ;
#6237 = ORIENTED_EDGE ( 'NONE', *, *, #7990, .T. ) ;
#6238 = DIRECTION ( 'NONE',  ( -1.000000000000000000, -0.000000000000000000, -0.000000000000000000 ) ) ;
#6239 = EDGE_CURVE ( 'NONE', #1744, #4319, #3022, .T. ) ;
#6240 = B_SPLINE_CURVE_WITH_KNOTS ( 'NONE', 3,
 ( #7888, #11503, #7055, #11562, #1714, #6172 ),
 .UNSPECIFIED., .F., .F.,
 ( 4, 2, 4 ),
 ( 0.003228283429323684436, 0.003812703409393311971, 0.004397123389462939506 ),
 .UNSPECIFIED. ) ;
#6241 = DIRECTION ( 'NONE',  ( 1.000000000000000000, 0.000000000000000000, 0.000000000000000000 ) ) ;
#6242 = AXIS2_PLACEMENT_3D ( 'NONE', #10022, #5756, #170 ) ;
#6243 = DIRECTION ( 'NONE',  ( 1.000000000000000000, -0.000000000000000000, -0.000000000000000000 ) ) ;
#6244 = LINE ( 'NONE', #2616, #9103 ) ;
#6245 = EDGE_LOOP ( 'NONE', ( #1260, #10111, #3501, #4240 ) ) ;
#6246 = DIRECTION ( 'NONE',  ( -0.000000000000000000, 0.000000000000000000, 1.000000000000000000 ) ) ;
#6247 = DIRECTION ( 'NONE',  ( 0.000000000000000000, 0.000000000000000000, -1.000000000000000000 ) ) ;
#6248 = DIRECTION ( 'NONE',  ( 0.000000000000000000, 0.000000000000000000, -1.000000000000000000 ) ) ;
#6249 = VERTEX_POINT ( 'NONE', #11371 ) ;
#6250 = CARTESIAN_POINT ( 'NONE',  ( 0.000000000000000000, 4.738805170303855086E-16, -3.469518839163146406 ) ) ;
#6251 = ORIENTED_EDGE ( 'NONE', *, *, #7558, .T. ) ;
#6252 = DIRECTION ( 'NONE',  ( 0.000000000000000000, -1.000000000000000000, -0.000000000000000000 ) ) ;
#6253 = CARTESIAN_POINT ( 'NONE',  ( -5.000000000000000000, 0.000000000000000000, -21.00000000000000000 ) ) ;
#6254 = ADVANCED_FACE ( 'NONE', ( #5081 ), #397, .T. ) ;
#6255 = B_SPLINE_CURVE_WITH_KNOTS ( 'NONE', 3,
 ( #4774, #1037, #9286, #6622, #1092, #10285 ),
 .UNSPECIFIED., .F., .F.,
 ( 4, 2, 4 ),
 ( 0.003228283429323684436, 0.003812703409393313706, 0.004397123389462942976 ),
 .UNSPECIFIED. ) ;
#6256 = DIRECTION ( 'NONE',  ( -1.000000000000000000, 0.000000000000000000, 0.000000000000000000 ) ) ;
#6257 = ORIENTED_EDGE ( 'NONE', *, *, #2443, .T. ) ;
#6258 = AXIS2_PLACEMENT_3D ( 'NONE', #1691, #3242, #6865 ) ;
#6259 = ORIENTED_EDGE ( 'NONE', *, *, #2387, .T. ) ;
#6260 = ORIENTED_EDGE ( 'NONE', *, *, #4601, .T. ) ;
#6261 = PRODUCT_CONTEXT ( 'NONE', #8689, 'mechanical' ) ;
#6262 = CARTESIAN_POINT ( 'NONE',  ( 3.699999999999999289, -2.971690854684141847, 0.4999999999999991673 ) ) ;
#6263 = CARTESIAN_POINT ( 'NONE',  ( 0.000000000000000000, 0.000000000000000000, -0.1291166393111727595 ) ) ;
#6264 = DIRECTION ( 'NONE',  ( 0.000000000000000000, 1.000000000000000000, -0.000000000000000000 ) ) ;
#6265 = DIRECTION ( 'NONE',  ( 1.000000000000000000, -0.000000000000000000, -0.000000000000000000 ) ) ;
#6266 = EDGE_CURVE ( 'NONE', #3617, #3167, #6936, .T. ) ;
#6267 = EDGE_CURVE ( 'NONE', #7281, #4997, #2242, .T. ) ;
#6268 = EDGE_CURVE ( 'NONE', #268, #6862, #4253, .T. ) ;
#6269 = CARTESIAN_POINT ( 'NONE',  ( -0.6592570625839797582, -1.928778834210483462, -1.600000000000000089 ) ) ;
#6270 = ORIENTED_EDGE ( 'NONE', *, *, #10130, .T. ) ;
#6271 = CARTESIAN_POINT ( 'NONE',  ( -1.836821824868181352, -1.248911501717480554, -1.475759930090788652 ) ) ;
#6272 = ADVANCED_FACE ( 'NONE', ( #10416 ), #11429, .T. ) ;
#6273 = APPLICATION_CONTEXT ( 'automotive_design' ) ;
#6274 = EDGE_CURVE ( 'NONE', #11608, #10497, #7277, .T. ) ;
#6275 = CARTESIAN_POINT ( 'NONE',  ( 2.000000000000000000, 0.000000000000000000, -1.600000000000000089 ) ) ;
#6276 = AXIS2_PLACEMENT_3D ( 'NONE', #6353, #9009, #9733 ) ;
#6277 = ORIENTED_EDGE ( 'NONE', *, *, #6190, .F. ) ;
#6278 = DIRECTION ( 'NONE',  ( -1.000000000000000000, -0.000000000000000000, -0.000000000000000000 ) ) ;
#6279 = ORIENTED_EDGE ( 'NONE', *, *, #5177, .F. ) ;
#6280 = FACE_OUTER_BOUND ( 'NONE', #5809, .T. ) ;
#6281 = CARTESIAN_POINT ( 'NONE',  ( 0.000000000000000000, 0.000000000000000000, 0.000000000000000000 ) ) ;
#6282 = LINE ( 'NONE', #7275, #10704 ) ;
#6283 = FACE_OUTER_BOUND ( 'NONE', #10806, .T. ) ;
#6284 = VECTOR ( 'NONE', #10043, 1000.000000000000000 ) ;
#6285 = ADVANCED_BREP_SHAPE_REPRESENTATION ( '', ( #1505, #4873 ), #3409 ) ;
#6286 = ORIENTED_EDGE ( 'NONE', *, *, #3795, .T. ) ;
#6287 = DIRECTION ( 'NONE',  ( 0.000000000000000000, 0.000000000000000000, -1.000000000000000000 ) ) ;
#6288 = VERTEX_POINT ( 'NONE', #4024 ) ;
#6289 = EDGE_CURVE ( 'NONE', #11319, #11386, #11253, .T. ) ;
#6290 = LINE ( 'NONE', #7010, #4058 ) ;
#6291 = EDGE_LOOP ( 'NONE', ( #10357, #3826, #4952 ) ) ;
#6292 = FACE_OUTER_BOUND ( 'NONE', #1834, .T. ) ;
#6293 = ORIENTED_EDGE ( 'NONE', *, *, #3591, .T. ) ;
#6294 = PLANE ( 'NONE',  #10505 ) ;
#6295 = DIRECTION ( 'NONE',  ( 0.000000000000000000, 0.000000000000000000, -1.000000000000000000 ) ) ;
#6296 = DIRECTION ( 'NONE',  ( 1.000000000000000000, 0.000000000000000000, 0.000000000000000000 ) ) ;
#6297 = DIRECTION ( 'NONE',  ( 1.060575238724911106E-16, 0.8660254037844419273, 0.4999999999999942268 ) ) ;
#6298 = ORIENTED_EDGE ( 'NONE', *, *, #11110, .F. ) ;
#6299 = CARTESIAN_POINT ( 'NONE',  ( 2.000000000000000000, 0.000000000000000000, 0.000000000000000000 ) ) ;
#6300 = PRODUCT_RELATED_PRODUCT_CATEGORY ( 'part', '', ( #2092 ) ) ;
#6301 = FACE_OUTER_BOUND ( 'NONE', #6384, .T. ) ;
#6302 = CARTESIAN_POINT ( 'NONE',  ( 1.086261710843702231E-16, -0.7739999999999994662, -1.599999999999999867 ) ) ;
#6303 = ORIENTED_EDGE ( 'NONE', *, *, #11236, .T. ) ;
#6304 = VERTEX_POINT ( 'NONE', #6758 ) ;
#6305 = CARTESIAN_POINT ( 'NONE',  ( -0.1420668001776634604, -0.8093834734528495556, -0.6723905438247471666 ) ) ;
#6306 = DIRECTION ( 'NONE',  ( 0.000000000000000000, 0.000000000000000000, 1.000000000000000000 ) ) ;
#6307 = ORIENTED_EDGE ( 'NONE', *, *, #4543, .T. ) ;
#6308 = CARTESIAN_POINT ( 'NONE',  ( 0.000000000000000000, -0.9999999999999995559, -1.869518839163146984 ) ) ;
#6309 = ORIENTED_EDGE ( 'NONE', *, *, #5463, .F. ) ;
#6310 = VECTOR ( 'NONE', #8752, 1000.000000000000000 ) ;
#6311 = ORIENTED_EDGE ( 'NONE', *, *, #3761, .T. ) ;
#6312 = VECTOR ( 'NONE', #11235, 1000.000000000000000 ) ;
#6313 = SHAPE_DEFINITION_REPRESENTATION ( #6446, #2279 ) ;
#6314 = STYLED_ITEM ( 'NONE', ( #7730 ), #5414 ) ;
#6315 = CARTESIAN_POINT ( 'NONE',  ( -0.6302730391908566432, 1.999084177282596809E-13, -0.7870467931649092197 ) ) ;
#6316 = FACE_OUTER_BOUND ( 'NONE', #10605, .T. ) ;
#6317 = CARTESIAN_POINT ( 'NONE',  ( -4.000000000000002665, 0.8999999999999995781, -22.15470053837915643 ) ) ;
#6318 = PLANE ( 'NONE',  #4421 ) ;
#6319 = DIRECTION ( 'NONE',  ( -0.8660254037844380415, 0.5000000000000008882, 0.000000000000000000 ) ) ;
#6320 = CLOSED_SHELL ( 'NONE', ( #9350, #2863, #5983, #2843, #10260, #8344 ) ) ;
#6321 = VERTEX_POINT ( 'NONE', #2420 ) ;
#6322 = CARTESIAN_POINT ( 'NONE',  ( 3.000000000000000000, 0.000000000000000000, 0.000000000000000000 ) ) ;
#6323 = AXIS2_PLACEMENT_3D ( 'NONE', #143, #5057, #7734 ) ;
#6324 = AXIS2_PLACEMENT_3D ( 'NONE', #9787, #7229, #6085 ) ;
#6325 = CARTESIAN_POINT ( 'NONE',  ( 4.250000000000000000, 1.224646799147353256E-15, -10.00000000000000000 ) ) ;
#6326 = ORIENTED_EDGE ( 'NONE', *, *, #1759, .T. ) ;
#6327 = EDGE_CURVE ( 'NONE', #4007, #1722, #5025, .T. ) ;
#6328 = DIRECTION ( 'NONE',  ( 0.000000000000000000, 0.000000000000000000, 1.000000000000000000 ) ) ;
#6329 = ADVANCED_FACE ( 'NONE', ( #5867, #337, #9479 ), #453, .F. ) ;
#6330 = ORIENTED_EDGE ( 'NONE', *, *, #5605, .T. ) ;
#6331 = AXIS2_PLACEMENT_3D ( 'NONE', #87, #3607, #1094 ) ;
#6332 = FILL_AREA_STYLE ('',( #2763 ) ) ;
#6333 = CARTESIAN_POINT ( 'NONE',  ( 0.000000000000000000, 0.000000000000000000, 0.000000000000000000 ) ) ;
#6334 = DIRECTION ( 'NONE',  ( 0.000000000000000000, 1.000000000000000000, 0.000000000000000000 ) ) ;
#6335 = DIRECTION ( 'NONE',  ( -0.000000000000000000, -0.000000000000000000, 1.000000000000000000 ) ) ;
#6336 = EDGE_CURVE ( 'NONE', #7522, #9324, #5421, .T. ) ;
#6337 = DIRECTION ( 'NONE',  ( -0.000000000000000000, 1.224649721909276639E-16, -1.000000000000000000 ) ) ;
#6338 = CIRCLE ( 'NONE', #4067, 0.3062499999999996891 ) ;
#6339 = EDGE_CURVE ( 'NONE', #1565, #9960, #63, .T. ) ;
#6340 = AXIS2_PLACEMENT_3D ( 'NONE', #1459, #5802, #3966 ) ;
#6341 = DIRECTION ( 'NONE',  ( 0.000000000000000000, 0.000000000000000000, 1.000000000000000000 ) ) ;
#6342 = EDGE_LOOP ( 'NONE', ( #8568, #8230, #8360 ) ) ;
#6343 = DIRECTION ( 'NONE',  ( 0.000000000000000000, 0.000000000000000000, -1.000000000000000000 ) ) ;
#6344 = ORIENTED_EDGE ( 'NONE', *, *, #3153, .F. ) ;
#6345 = DIRECTION ( 'NONE',  ( 1.000000000000000000, 0.000000000000000000, 0.000000000000000000 ) ) ;
#6346 = CIRCLE ( 'NONE', #1212, 0.1749999999999999056 ) ;
#6347 = EDGE_LOOP ( 'NONE', ( #6198, #362, #5063, #8705 ) ) ;
#6348 = CARTESIAN_POINT ( 'NONE',  ( 3.499999999999996003, 0.8999999999999989120, -4.154700538379139552 ) ) ;
#6349 = ORIENTED_EDGE ( 'NONE', *, *, #10669, .F. ) ;
#6350 = SURFACE_STYLE_FILL_AREA ( #2837 ) ;
#6351 = DIRECTION ( 'NONE',  ( -1.000000000000000000, 0.000000000000000000, 0.000000000000000000 ) ) ;
#6352 = EDGE_CURVE ( 'NONE', #10359, #4141, #9747, .T. ) ;
#6353 = CARTESIAN_POINT ( 'NONE',  ( -17.30000000000000071, 0.000000000000000000, 0.000000000000000000 ) ) ;
#6354 = EDGE_CURVE ( 'NONE', #2974, #8888, #3546, .T. ) ;
#6355 = AXIS2_PLACEMENT_3D ( 'NONE', #8067, #6462, #9963 ) ;
#6356 = LINE ( 'NONE', #8841, #9801 ) ;
#6357 = DIRECTION ( 'NONE',  ( 1.000000000000000000, -0.000000000000000000, -0.000000000000000000 ) ) ;
#6358 = ORIENTED_EDGE ( 'NONE', *, *, #1551, .T. ) ;
#6359 = DIRECTION ( 'NONE',  ( 0.000000000000000000, 0.000000000000000000, -1.000000000000000000 ) ) ;
#6360 =( REPRESENTATION_RELATIONSHIP ('NONE','NONE', #9860, #9464 ) REPRESENTATION_RELATIONSHIP_WITH_TRANSFORMATION ( #723 )SHAPE_REPRESENTATION_RELATIONSHIP( ) );
#6361 = FILL_AREA_STYLE ('',( #8131 ) ) ;
#6362 = VECTOR ( 'NONE', #8473, 1000.000000000000000 ) ;
#6363 = LINE ( 'NONE', #1853, #6522 ) ;
#6364 = ORIENTED_EDGE ( 'NONE', *, *, #6720, .T. ) ;
#6365 = DIRECTION ( 'NONE',  ( 0.000000000000000000, 0.8660254037844407060, -0.4999999999999963918 ) ) ;
#6366 = CARTESIAN_POINT ( 'NONE',  ( -2.000000000000000000, 0.000000000000000000, -1.600000000000000089 ) ) ;
#6367 = CIRCLE ( 'NONE', #7697, 10.50000000000000000 ) ;
#6368 = ORIENTED_EDGE ( 'NONE', *, *, #10587, .F. ) ;
#6369 = CARTESIAN_POINT ( 'NONE',  ( 0.1702769162167659112, 0.7403828156981310249, -0.7092725651034382794 ) ) ;
#6370 = SHAPE_REPRESENTATION_RELATIONSHIP ( 'NONE' , 'NONE' ,  #5901, #11076 ) ;
#6371 = VERTEX_POINT ( 'NONE', #4432 ) ;
#6372 = APPLICATION_PROTOCOL_DEFINITION ( 'draft international standard', 'automotive_design', 1998, #11343 ) ;
#6373 = DIRECTION ( 'NONE',  ( 0.8660254037844381525, -0.5000000000000007772, 0.000000000000000000 ) ) ;
#6374 = CARTESIAN_POINT ( 'NONE',  ( -2.000000000000000000, -1.154700538379254349, -1.421367205045916737 ) ) ;
#6375 = DIRECTION ( 'NONE',  ( 0.000000000000000000, 0.000000000000000000, -1.000000000000000000 ) ) ;
#6376 = CARTESIAN_POINT ( 'NONE',  ( -0.6302730391908566432, 1.999084177282596809E-13, -0.7870467931649092197 ) ) ;
#6377 = AXIS2_PLACEMENT_3D ( 'NONE', #9342, #2939, #6561 ) ;
#6378 = ORIENTED_EDGE ( 'NONE', *, *, #7408, .T. ) ;
#6379 = CIRCLE ( 'NONE', #1254, 1.099999999999996758 ) ;
#6380 = CIRCLE ( 'NONE', #2779, 0.8156023289305076585 ) ;
#6381 = DIRECTION ( 'NONE',  ( 0.000000000000000000, 0.000000000000000000, -1.000000000000000000 ) ) ;
#6382 = ADVANCED_FACE ( 'NONE', ( #11184 ), #8049, .T. ) ;
#6383 = CYLINDRICAL_SURFACE ( 'NONE', #7635, 10.50000000000000000 ) ;
#6384 = EDGE_LOOP ( 'NONE', ( #10685, #6257, #1875 ) ) ;
#6385 = CARTESIAN_POINT ( 'NONE',  ( -16.00000000000000000, 0.000000000000000000, 0.000000000000000000 ) ) ;
#6386 = ORIENTED_EDGE ( 'NONE', *, *, #2929, .T. ) ;
#6387 = SURFACE_STYLE_FILL_AREA ( #6332 ) ;
#6388 = PRESENTATION_LAYER_ASSIGNMENT (  '', '', ( #6963 ) ) ;
#6389 = CARTESIAN_POINT ( 'NONE',  ( 0.3277177810063108265, -2.120193127676285982, -1.520662200187636870 ) ) ;
#6390 = FACE_OUTER_BOUND ( 'NONE', #2471, .T. ) ;
#6391 = VECTOR ( 'NONE', #8370, 999.9999999999998863 ) ;
#6392 = DIRECTION ( 'NONE',  ( 0.000000000000000000, 1.000000000000000000, 0.000000000000000000 ) ) ;
#6393 = FACE_OUTER_BOUND ( 'NONE', #10440, .T. ) ;
#6394 = LINE ( 'NONE', #4668, #5320 ) ;
#6395 = EDGE_CURVE ( 'NONE', #7657, #1891, #4627, .T. ) ;
#6396 = ORIENTED_EDGE ( 'NONE', *, *, #6065, .T. ) ;
#6397 = LINE ( 'NONE', #96, #1102 ) ;
#6398 = ADVANCED_FACE ( 'NONE', ( #5201 ), #6157, .T. ) ;
#6399 = ORIENTED_EDGE ( 'NONE', *, *, #1189, .F. ) ;
#6400 = LINE ( 'NONE', #3670, #1570 ) ;
#6401 = AXIS2_PLACEMENT_3D ( 'NONE', #2130, #8179, #10193 ) ;
#6402 = EDGE_CURVE ( 'NONE', #2666, #10884, #7163, .T. ) ;
#6403 = ORIENTED_EDGE ( 'NONE', *, *, #302, .T. ) ;
#6404 = CARTESIAN_POINT ( 'NONE',  ( -17.94999999999999929, 4.286263797015736595E-16, 3.500000000000000000 ) ) ;
#6405 = VERTEX_POINT ( 'NONE', #2472 ) ;
#6406 =( NAMED_UNIT ( * ) SI_UNIT ( $, .STERADIAN. ) SOLID_ANGLE_UNIT ( ) );
#6407 = DIRECTION ( 'NONE',  ( -1.000000000000000000, 0.000000000000000000, 0.000000000000000000 ) ) ;
#6408 = DIRECTION ( 'NONE',  ( -1.000000000000000000, 0.000000000000000000, 0.000000000000000000 ) ) ;
#6409 = CARTESIAN_POINT ( 'NONE',  ( -17.30000000000000071, 0.000000000000000000, 0.000000000000000000 ) ) ;
#6410 = PLANE ( 'NONE',  #10435 ) ;
#6411 = ADVANCED_FACE ( 'NONE', ( #3481 ), #5380, .F. ) ;
#6412 = CIRCLE ( 'NONE', #3006, 1.099999999999996758 ) ;
#6413 = VERTEX_POINT ( 'NONE', #9708 ) ;
#6414 = DIRECTION ( 'NONE',  ( -0.000000000000000000, 0.000000000000000000, -1.000000000000000000 ) ) ;
#6415 = DIRECTION ( 'NONE',  ( 0.000000000000000000, 0.000000000000000000, -1.000000000000000000 ) ) ;
#6416 = EDGE_CURVE ( 'NONE', #11703, #3528, #3601, .T. ) ;
#6417 = EDGE_CURVE ( 'NONE', #685, #8883, #8972, .T. ) ;
#6418 = UNCERTAINTY_MEASURE_WITH_UNIT (LENGTH_MEASURE( 1.000000000000000082E-05 ), #11558, 'distance_accuracy_value', 'NONE');
#6420 = AXIS2_PLACEMENT_3D ( 'NONE', #2604, #642, #11564 ) ;
#6419 = DIRECTION ( 'NONE',  ( 0.000000000000000000, -0.000000000000000000, 1.000000000000000000 ) ) ;
#6421 = ORIENTED_EDGE ( 'NONE', *, *, #153, .F. ) ;
#6422 = CARTESIAN_POINT ( 'NONE',  ( 1.000000000000000000, 0.000000000000000000, 1.000000000000000000 ) ) ;
#6423 = DIRECTION ( 'NONE',  ( 0.8660254037844391517, 0.000000000000000000, -0.4999999999999991118 ) ) ;
#6424 = CARTESIAN_POINT ( 'NONE',  ( -1.899999999999999689, 0.000000000000000000, 0.000000000000000000 ) ) ;
#6425 = APPLICATION_CONTEXT ( 'automotive_design' ) ;
#6426 = ORIENTED_EDGE ( 'NONE', *, *, #5143, .T. ) ;
#6427 = CARTESIAN_POINT ( 'NONE',  ( 0.1702769162167659112, 0.7403828156981310249, -0.7092725651034382794 ) ) ;
#6428 = AXIS2_PLACEMENT_3D ( 'NONE', #8925, #2754, #968 ) ;
#6429 = EDGE_CURVE ( 'NONE', #11333, #5723, #7103, .T. ) ;
#6430 = ORIENTED_EDGE ( 'NONE', *, *, #7512, .T. ) ;
#6431 = APPLICATION_PROTOCOL_DEFINITION ( 'draft international standard', 'automotive_design', 1998, #10047 ) ;
#6432 = DIRECTION ( 'NONE',  ( -1.000000000000000000, 0.000000000000000000, 0.000000000000000000 ) ) ;
#6433 = CARTESIAN_POINT ( 'NONE',  ( 0.000000000000000000, 2.309401076758504701, -1.421367205045916737 ) ) ;
#6434 = FACE_OUTER_BOUND ( 'NONE', #10792, .T. ) ;
#6435 = CARTESIAN_POINT ( 'NONE',  ( 4.099999999999999645, -2.971690854684141847, -0.9000000000000006883 ) ) ;
#6436 = DIRECTION ( 'NONE',  ( 0.000000000000000000, 0.000000000000000000, -1.000000000000000000 ) ) ;
#6437 = ORIENTED_EDGE ( 'NONE', *, *, #3224, .F. ) ;
#6438 = DIRECTION ( 'NONE',  ( 0.000000000000000000, 0.000000000000000000, -1.000000000000000000 ) ) ;
#6439 = MECHANICAL_DESIGN_GEOMETRIC_PRESENTATION_REPRESENTATION (  '', ( #1900 ), #11366 ) ;
#6440 = PRODUCT_RELATED_PRODUCT_CATEGORY ( 'part', '', ( #5039 ) ) ;
#6441 = DIRECTION ( 'NONE',  ( 0.000000000000000000, -1.000000000000000000, -0.000000000000000000 ) ) ;
#6442 = ORIENTED_EDGE ( 'NONE', *, *, #4082, .T. ) ;
#6443 = CARTESIAN_POINT ( 'NONE',  ( -16.00000000000000000, 0.000000000000000000, 0.000000000000000000 ) ) ;
#6444 = DIRECTION ( 'NONE',  ( -0.000000000000000000, 0.000000000000000000, -1.000000000000000000 ) ) ;
#6445 = ORIENTED_EDGE ( 'NONE', *, *, #10496, .F. ) ;
#6446 = PRODUCT_DEFINITION_SHAPE ( 'NONE', 'NONE',  #8385 ) ;
#6447 = FILL_AREA_STYLE_COLOUR ( '', #5882 ) ;
#6448 = DIRECTION ( 'NONE',  ( 1.000000000000000000, 0.000000000000000000, 0.000000000000000000 ) ) ;
#6449 = CARTESIAN_POINT ( 'NONE',  ( -0.3271719972790578246, -2.120508236058134877, -0.06957546252590419977 ) ) ;
#6450 = DIRECTION ( 'NONE',  ( 1.000000000000000000, -0.000000000000000000, -0.000000000000000000 ) ) ;
#6451 = DIRECTION ( 'NONE',  ( -1.000000000000000000, -0.000000000000000000, -0.000000000000000000 ) ) ;
#6452 = CARTESIAN_POINT ( 'NONE',  ( 7.499999999999998224, 0.8999999999999998002, -19.84529946162064817 ) ) ;
#6453 = ORIENTED_EDGE ( 'NONE', *, *, #301, .F. ) ;
#6454 = CARTESIAN_POINT ( 'NONE',  ( 0.000000000000000000, 4.898598887637106556E-16, -2.400000000000000355 ) ) ;
#6455 = AXIS2_PLACEMENT_3D ( 'NONE', #7901, #3447, #5291 ) ;
#6456 = ORIENTED_EDGE ( 'NONE', *, *, #3566, .T. ) ;
#6457 = DIRECTION ( 'NONE',  ( -0.000000000000000000, -0.000000000000000000, -1.000000000000000000 ) ) ;
#6458 = ORIENTED_EDGE ( 'NONE', *, *, #8691, .F. ) ;
#6459 = CARTESIAN_POINT ( 'NONE',  ( 0.000000000000000000, -2.821690854684141936, -0.9000000000000006883 ) ) ;
#6460 = VERTEX_POINT ( 'NONE', #6325 ) ;
#6461 =( NAMED_UNIT ( * ) SI_UNIT ( $, .STERADIAN. ) SOLID_ANGLE_UNIT ( ) );
#6462 = DIRECTION ( 'NONE',  ( -0.000000000000000000, 0.000000000000000000, 1.000000000000000000 ) ) ;
#6463 = CIRCLE ( 'NONE', #4389, 1.000000000000000000 ) ;
#6464 = PRESENTATION_STYLE_ASSIGNMENT (( #11647 ) ) ;
#6465 = SURFACE_STYLE_USAGE ( .BOTH. , #1164 ) ;
#6466 = DIRECTION ( 'NONE',  ( -1.000000000000000000, 0.000000000000000000, 0.000000000000000000 ) ) ;
#6467 = DIRECTION ( 'NONE',  ( -1.000000000000000000, 0.000000000000000000, 0.000000000000000000 ) ) ;
#6468 = ORIENTED_EDGE ( 'NONE', *, *, #9112, .F. ) ;
#6469 = CARTESIAN_POINT ( 'NONE',  ( -2.000000000000000000, 0.000000000000000000, -1.600000000000000089 ) ) ;
#6470 = DIRECTION ( 'NONE',  ( 1.000000000000000000, -0.000000000000000000, -0.000000000000000000 ) ) ;
#6471 = CIRCLE ( 'NONE', #4006, 10.00000000000000000 ) ;
#6472 = ORIENTED_EDGE ( 'NONE', *, *, #8022, .F. ) ;
#6473 = EDGE_CURVE ( 'NONE', #473, #1354, #6140, .T. ) ;
#6474 = FACE_OUTER_BOUND ( 'NONE', #8065, .T. ) ;
#6475 = EDGE_CURVE ( 'NONE', #7246, #5714, #10470, .T. ) ;
#6476 = FACE_OUTER_BOUND ( 'NONE', #7781, .T. ) ;
#6477 = B_SPLINE_CURVE_WITH_KNOTS ( 'NONE', 3,
 ( #3760, #7316, #8203, #2641, #10039, #6433 ),
 .UNSPECIFIED., .F., .F.,
 ( 4, 2, 4 ),
 ( 0.001168606431211100015, 0.001750609284260043648, 0.002332612137308987497 ),
 .UNSPECIFIED. ) ;
#6478 = LINE ( 'NONE', #2856, #4874 ) ;
#6480 = EDGE_CURVE ( 'NONE', #5153, #3697, #8759, .T. ) ;
#6479 = CARTESIAN_POINT ( 'NONE',  ( 1.000000000000000000, 1.224646799147354933E-16, -2.669518839163146584 ) ) ;
#6481 = CARTESIAN_POINT ( 'NONE',  ( 4.250000000000000000, 0.000000000000000000, 0.000000000000000000 ) ) ;
#6482 = EDGE_CURVE ( 'NONE', #3000, #4702, #2531, .T. ) ;
#6483 = ORIENTED_EDGE ( 'NONE', *, *, #1833, .F. ) ;
#6484 = DIRECTION ( 'NONE',  ( -1.000000000000000000, -0.000000000000000000, -0.000000000000000000 ) ) ;
#6485 = ORIENTED_EDGE ( 'NONE', *, *, #4818, .F. ) ;
#6486 = SHAPE_DEFINITION_REPRESENTATION ( #1231, #10305 ) ;
#6487 = CARTESIAN_POINT ( 'NONE',  ( -4.000000000000003553, 0.9000000000000003553, -4.154700538379143993 ) ) ;
#6488 = LINE ( 'NONE', #1866, #5734 ) ;
#6489 = CARTESIAN_POINT ( 'NONE',  ( 4.099999999999999645, 2.971690854684141847, -0.3999999999999987454 ) ) ;
#6490 = DIRECTION ( 'NONE',  ( 0.8660254037844383745, 0.000000000000000000, -0.5000000000000006661 ) ) ;
#6491 = ADVANCED_FACE ( 'NONE', ( #9773 ), #5263, .T. ) ;
#6492 = LINE ( 'NONE', #10160, #9052 ) ;
#6493 = ORIENTED_EDGE ( 'NONE', *, *, #3510, .F. ) ;
#6494 = CARTESIAN_POINT ( 'NONE',  ( 0.9526279441628809908, 0.5499999999999998224, -0.2999999999999834466 ) ) ;
#6495 = CONICAL_SURFACE ( 'NONE', #7814, 0.7799999999999996936, 0.9599310885968785900 ) ;
#6496 = FACE_OUTER_BOUND ( 'NONE', #4071, .T. ) ;
#6497 = CIRCLE ( 'NONE', #430, 2.500000000000000000 ) ;
#6498 = VERTEX_POINT ( 'NONE', #8386 ) ;
#6499 = VECTOR ( 'NONE', #8446, 1000.000000000000000 ) ;
#6500 = AXIS2_PLACEMENT_3D ( 'NONE', #747, #799, #1579 ) ;
#6501 = DIRECTION ( 'NONE',  ( 0.8660254037844383745, 0.5000000000000005551, 0.000000000000000000 ) ) ;
#6502 = FACE_OUTER_BOUND ( 'NONE', #428, .T. ) ;
#6503 = VERTEX_POINT ( 'NONE', #1139 ) ;
#6504 = SHAPE_REPRESENTATION_RELATIONSHIP ( 'NONE' , 'NONE' ,  #2279, #1754 ) ;
#6505 = CARTESIAN_POINT ( 'NONE',  ( 4.099999999999999645, 2.971690854684141847, 0.3999999999999968026 ) ) ;
#6506 = DIRECTION ( 'NONE',  ( 0.000000000000000000, 1.000000000000000000, 0.000000000000000000 ) ) ;
#6507 = VECTOR ( 'NONE', #7603, 1000.000000000000000 ) ;
#6508 = DIRECTION ( 'NONE',  ( 0.000000000000000000, 0.000000000000000000, 1.000000000000000000 ) ) ;
#6509 = DIRECTION ( 'NONE',  ( 0.5000000000000003331, -0.8660254037844385966, 0.000000000000000000 ) ) ;
#6510 = CYLINDRICAL_SURFACE ( 'NONE', #945, 1.099999999999997202 ) ;
#6511 = AXIS2_PLACEMENT_3D ( 'NONE', #7837, #11339, #4933 ) ;
#6512 = CIRCLE ( 'NONE', #5368, 1.000000000000000000 ) ;
#6513 = AXIS2_PLACEMENT_3D ( 'NONE', #9552, #8653, #1227 ) ;
#6514 = VERTEX_POINT ( 'NONE', #2757 ) ;
#6515 = CARTESIAN_POINT ( 'NONE',  ( -17.94999999999999929, 0.000000000000000000, -3.500000000000000000 ) ) ;
#6516 = VERTEX_POINT ( 'NONE', #916 ) ;
#6517 = CARTESIAN_POINT ( 'NONE',  ( -2.000000000000000000, 0.3931374000439445404, -0.01723613881363289871 ) ) ;
#6518 = VECTOR ( 'NONE', #26, 1000.000000000000000 ) ;
#6519 = ORIENTED_EDGE ( 'NONE', *, *, #5984, .F. ) ;
#6520 = CARTESIAN_POINT ( 'NONE',  ( 3.000000000000000000, 6.123233995736766036E-17, -0.5000000000000000000 ) ) ;
#6521 = ORIENTED_EDGE ( 'NONE', *, *, #4636, .F. ) ;
#6522 = VECTOR ( 'NONE', #1963, 1000.000000000000000 ) ;
#6523 = LINE ( 'NONE', #2186, #9584 ) ;
#6524 = AXIS2_PLACEMENT_3D ( 'NONE', #11004, #6509, #9945 ) ;
#6525 = DIRECTION ( 'NONE',  ( -0.000000000000000000, 0.000000000000000000, -1.000000000000000000 ) ) ;
#6526 = CARTESIAN_POINT ( 'NONE',  ( 1.086261710843702231E-16, -0.7739999999999994662, -2.000000000000000000 ) ) ;
#6527 = DIRECTION ( 'NONE',  ( -1.000000000000000000, 0.000000000000000000, 0.000000000000000000 ) ) ;
#6528 = ORIENTED_EDGE ( 'NONE', *, *, #11667, .T. ) ;
#6529 = VECTOR ( 'NONE', #4959, 1000.000000000000000 ) ;
#6530 = DIRECTION ( 'NONE',  ( -0.8571673007021094470, 1.049727191138615121E-16, 0.5150380749100589295 ) ) ;
#6531 = UNCERTAINTY_MEASURE_WITH_UNIT (LENGTH_MEASURE( 1.000000000000000082E-05 ), #2561, 'distance_accuracy_value', 'NONE');
#6532 = VERTEX_POINT ( 'NONE', #4768 ) ;
#6533 = CARTESIAN_POINT ( 'NONE',  ( 1.000000000000000000, 1.224646799147354933E-16, -2.930481160836854393 ) ) ;
#6534 = EDGE_CURVE ( 'NONE', #8483, #6593, #9045, .T. ) ;
#6535 = EDGE_LOOP ( 'NONE', ( #4632, #4521, #8050, #1780 ) ) ;
#6536 = CARTESIAN_POINT ( 'NONE',  ( -0.3955904915634472219, -0.5106562904773507272, -0.7781636247345542490 ) ) ;
#6537 = AXIS2_PLACEMENT_3D ( 'NONE', #10379, #5648, #2261 ) ;
#6538 = LINE ( 'NONE', #10143, #6507 ) ;
#6539 = CARTESIAN_POINT ( 'NONE',  ( 3.500000000000000000, 0.000000000000000000, 0.000000000000000000 ) ) ;
#6540 = DIRECTION ( 'NONE',  ( 0.8660254037844382635, 0.000000000000000000, 0.5000000000000005551 ) ) ;
#6541 = ORIENTED_EDGE ( 'NONE', *, *, #4915, .T. ) ;
#6542 = LINE ( 'NONE', #300, #1678 ) ;
#6543 = EDGE_CURVE ( 'NONE', #4434, #2982, #2047, .T. ) ;
#6544 = EDGE_CURVE ( 'NONE', #9295, #1943, #3467, .T. ) ;
#6545 = AXIS2_PLACEMENT_3D ( 'NONE', #2597, #8161, #7330 ) ;
#6546 = PRODUCT_DEFINITION_SHAPE ( 'NONE', 'NONE',  #11732 ) ;
#6547 = EDGE_CURVE ( 'NONE', #8944, #6856, #3889, .T. ) ;
#6548 = ORIENTED_EDGE ( 'NONE', *, *, #6088, .T. ) ;
#6549 = DIRECTION ( 'NONE',  ( -1.000000000000000000, -0.000000000000000000, -0.000000000000000000 ) ) ;
#6550 = DIRECTION ( 'NONE',  ( -0.7423286577013628040, 0.4285836503510564444, -0.5150380749100560429 ) ) ;
#6551 = AXIS2_PLACEMENT_3D ( 'NONE', #11001, #5799, #6749 ) ;
#6552 = CARTESIAN_POINT ( 'NONE',  ( 2.000000000000000000, 1.154700538379250130, -1.600000000000000089 ) ) ;
#6553 = CARTESIAN_POINT ( 'NONE',  ( 0.000000000000000000, 0.000000000000000000, -1.600000000000000089 ) ) ;
#6554 = DIRECTION ( 'NONE',  ( 0.000000000000000000, 0.000000000000000000, -1.000000000000000000 ) ) ;
#6555 = ADVANCED_FACE ( 'NONE', ( #8155 ), #9141, .T. ) ;
#6556 = EDGE_LOOP ( 'NONE', ( #5475, #6303, #6260, #2724 ) ) ;
#6557 = DIRECTION ( 'NONE',  ( 1.000000000000000000, 0.000000000000000000, 0.000000000000000000 ) ) ;
#6558 = AXIS2_PLACEMENT_3D ( 'NONE', #6136, #3736, #7083 ) ;
#6559 = ORIENTED_EDGE ( 'NONE', *, *, #10076, .F. ) ;
#6560 = EDGE_CURVE ( 'NONE', #2722, #8116, #6849, .T. ) ;
#6561 = DIRECTION ( 'NONE',  ( 0.000000000000000000, -1.000000000000000000, 0.000000000000000000 ) ) ;
#6562 = ADVANCED_FACE ( 'NONE', ( #2999 ), #6383, .T. ) ;
#6563 = DIRECTION ( 'NONE',  ( -0.8660254037844383745, 0.000000000000000000, 0.5000000000000003331 ) ) ;
#6564 = VERTEX_POINT ( 'NONE', #8332 ) ;
#6565 = DIRECTION ( 'NONE',  ( 1.000000000000000000, 1.753162518384991016E-16, 9.365873361625519941E-16 ) ) ;
#6566 = DIRECTION ( 'NONE',  ( -0.000000000000000000, 1.224649721909276639E-16, -1.000000000000000000 ) ) ;
#6567 = CARTESIAN_POINT ( 'NONE',  ( 0.000000000000000000, 4.898587196589412829E-16, 4.000000000000000000 ) ) ;
#6568 = LINE ( 'NONE', #2174, #1975 ) ;
#6569 = CARTESIAN_POINT ( 'NONE',  ( 4.099999999999999645, -2.821690854684141936, 0.3999999999999987454 ) ) ;
#6570 = AXIS2_PLACEMENT_3D ( 'NONE', #400, #11195, #9300 ) ;
#6571 = PRESENTATION_LAYER_ASSIGNMENT (  '', '', ( #11686 ) ) ;
#6572 = VECTOR ( 'NONE', #11107, 1000.000000000000000 ) ;
#6573 = DIRECTION ( 'NONE',  ( 0.000000000000000000, 0.000000000000000000, -1.000000000000000000 ) ) ;
#6574 = ORIENTED_EDGE ( 'NONE', *, *, #9470, .F. ) ;
#6575 = DIRECTION ( 'NONE',  ( 0.000000000000000000, 1.000000000000000000, 0.000000000000000000 ) ) ;
#6576 = ORIENTED_EDGE ( 'NONE', *, *, #7578, .T. ) ;
#6577 = CARTESIAN_POINT ( 'NONE',  ( 0.6980152358661454448, -0.1960069466852014108, -0.7302444783932311445 ) ) ;
#6578 = ORIENTED_EDGE ( 'NONE', *, *, #6721, .T. ) ;
#6579 = CIRCLE ( 'NONE', #6017, 3.500000000000000000 ) ;
#6580 = CARTESIAN_POINT ( 'NONE',  ( 1.169735307079673214, 1.634054082335443692, 1.229256564702802973E-15 ) ) ;
#6581 = EDGE_CURVE ( 'NONE', #8129, #2090, #8387, .T. ) ;
#6582 = AXIS2_PLACEMENT_3D ( 'NONE', #9858, #1739, #7191 ) ;
#6583 = ORIENTED_EDGE ( 'NONE', *, *, #7406, .F. ) ;
#6584 = DIRECTION ( 'NONE',  ( -0.7071067811865475727, -0.000000000000000000, -0.7071067811865475727 ) ) ;
#6585 = CARTESIAN_POINT ( 'NONE',  ( 0.000000000000000000, 4.738805170303855086E-16, -1.469518839163146406 ) ) ;
#6586 = PLANE ( 'NONE',  #2156 ) ;
#6587 = FACE_BOUND ( 'NONE', #1297, .T. ) ;
#6588 = CARTESIAN_POINT ( 'NONE',  ( -2.000000000000001776, 0.9000000000000003553, -1.899999999999894884 ) ) ;
#6589 = STYLED_ITEM ( 'NONE', ( #9865 ), #4458 ) ;
#6590 = CIRCLE ( 'NONE', #11124, 3.000000000000000444 ) ;
#6591 = ORIENTED_EDGE ( 'NONE', *, *, #10443, .F. ) ;
#6592 = CARTESIAN_POINT ( 'NONE',  ( -2.000000000000000000, -0.9668978507697953972, -1.475581171168853123 ) ) ;
#6593 = VERTEX_POINT ( 'NONE', #8275 ) ;
#6594 = CARTESIAN_POINT ( 'NONE',  ( -4.000000000000001776, 0.9000000000000005773, -1.845299461620639736 ) ) ;
#6595 = ORIENTED_EDGE ( 'NONE', *, *, #1299, .F. ) ;
#6596 = EDGE_CURVE ( 'NONE', #7967, #8639, #2148, .T. ) ;
#6597 = ORIENTED_EDGE ( 'NONE', *, *, #10089, .F. ) ;
#6598 = DIRECTION ( 'NONE',  ( 1.000000000000000000, 0.000000000000000000, 0.000000000000000000 ) ) ;
#6599 = CARTESIAN_POINT ( 'NONE',  ( -0.5187328775923116808, 0.5064889494504235534, -0.7302567000638606753 ) ) ;
#6600 = CARTESIAN_POINT ( 'NONE',  ( 1.500000000000000000, 0.000000000000000000, 0.000000000000000000 ) ) ;
#6601 = CIRCLE ( 'NONE', #7544, 1.999999999999999556 ) ;
#6602 = DIRECTION ( 'NONE',  ( 0.000000000000000000, 0.000000000000000000, -1.000000000000000000 ) ) ;
#6603 = DIRECTION ( 'NONE',  ( -0.000000000000000000, 1.224649721909276639E-16, -1.000000000000000000 ) ) ;
#6604 = EDGE_LOOP ( 'NONE', ( #10395, #930, #2760, #9810, #3829, #2769 ) ) ;
#6605 = DIRECTION ( 'NONE',  ( -0.000000000000000000, -1.000000000000000000, -0.000000000000000000 ) ) ;
#6606 = EDGE_LOOP ( 'NONE', ( #7065, #9587 ) ) ;
#6607 = ITEM_DEFINED_TRANSFORMATION ( 'NONE', 'NONE', #10219,  #4873 ) ;
#6608 = EDGE_CURVE ( 'NONE', #1359, #6224, #79, .T. ) ;
#6609 = DIRECTION ( 'NONE',  ( 0.000000000000000000, -1.224649721909276639E-16, 1.000000000000000000 ) ) ;
#6610 = DIRECTION ( 'NONE',  ( -1.000000000000000000, 0.000000000000000000, 0.000000000000000000 ) ) ;
#6611 = CARTESIAN_POINT ( 'NONE',  ( 2.000000000000000000, 1.154700538379250130, -1.600000000000000089 ) ) ;
#6612 = DIRECTION ( 'NONE',  ( 0.000000000000000000, 0.000000000000000000, 1.000000000000000000 ) ) ;
#6613 = CARTESIAN_POINT ( 'NONE',  ( 5.499999999999998224, -0.7999999999999864997, -23.19999999999990692 ) ) ;
#6614 = ORIENTED_EDGE ( 'NONE', *, *, #3516, .T. ) ;
#6615 = DIRECTION ( 'NONE',  ( 1.000000000000000000, -0.000000000000000000, -0.000000000000000000 ) ) ;
#6616 = ORIENTED_EDGE ( 'NONE', *, *, #3327, .T. ) ;
#6617 = CYLINDRICAL_SURFACE ( 'NONE', #11694, 3.000000000000000444 ) ;
#6618 = FACE_BOUND ( 'NONE', #11327, .T. ) ;
#6619 = ORIENTED_EDGE ( 'NONE', *, *, #11050, .F. ) ;
#6620 = FILL_AREA_STYLE ('',( #9468 ) ) ;
#6621 = ADVANCED_FACE ( 'NONE', ( #5547, #3825 ), #3651, .T. ) ;
#6622 = CARTESIAN_POINT ( 'NONE',  ( -2.000000000000000000, 0.7788341705667923831, -1.520151717152269599 ) ) ;
#6623 = B_SPLINE_CURVE_WITH_KNOTS ( 'NONE', 3,
 ( #1814, #11599, #6269, #4369 ),
 .UNSPECIFIED., .F., .F.,
 ( 4, 4 ),
 ( 2.380749485120318031E-07, 0.001168606431211104352 ),
 .UNSPECIFIED. ) ;
#6624 = CARTESIAN_POINT ( 'NONE',  ( 0.000000000000000000, 0.000000000000000000, 0.000000000000000000 ) ) ;
#6625 = EDGE_CURVE ( 'NONE', #9896, #2324, #1001, .T. ) ;
#6626 = LINE ( 'NONE', #9473, #2173 ) ;
#6627 = DIRECTION ( 'NONE',  ( 0.000000000000000000, -0.7071067811865482389, -0.7071067811865469066 ) ) ;
#6628 = CARTESIAN_POINT ( 'NONE',  ( -4.987329993433320396E-15, -2.309401076758504701, -1.421367205045916737 ) ) ;
#6629 = PRESENTATION_LAYER_ASSIGNMENT (  '', '', ( #9082 ) ) ;
#6630 = EDGE_CURVE ( 'NONE', #4831, #19, #10878, .T. ) ;
#6631 = EDGE_CURVE ( 'NONE', #4687, #4997, #10279, .T. ) ;
#6632 = ORIENTED_EDGE ( 'NONE', *, *, #1045, .F. ) ;
#6633 = FACE_OUTER_BOUND ( 'NONE', #6342, .T. ) ;
#6634 = ORIENTED_EDGE ( 'NONE', *, *, #2409, .F. ) ;
#6635 = DIRECTION ( 'NONE',  ( -1.000000000000000000, -0.000000000000000000, -0.000000000000000000 ) ) ;
#6636 = ORIENTED_EDGE ( 'NONE', *, *, #11276, .F. ) ;
#6637 = CYLINDRICAL_SURFACE ( 'NONE', #8490, 3.000000000000000000 ) ;
#6638 = ORIENTED_EDGE ( 'NONE', *, *, #10669, .T. ) ;
#6639 = PRESENTATION_STYLE_ASSIGNMENT (( #4789 ) ) ;
#6640 = FACE_OUTER_BOUND ( 'NONE', #3311, .T. ) ;
#6641 = UNCERTAINTY_MEASURE_WITH_UNIT (LENGTH_MEASURE( 1.000000000000000082E-05 ), #1529, 'distance_accuracy_value', 'NONE');
#6642 = FILL_AREA_STYLE ('',( #2963 ) ) ;
#6643 = PRODUCT_DEFINITION_SHAPE ( 'NONE', 'NONE',  #10851 ) ;
#6644 = CARTESIAN_POINT ( 'NONE',  ( 0.000000000000000000, 0.000000000000000000, 0.000000000000000000 ) ) ;
#6645 = DIRECTION ( 'NONE',  ( 0.000000000000000000, -1.000000000000000000, -0.000000000000000000 ) ) ;
#6646 = EDGE_CURVE ( 'NONE', #9278, #7798, #10048, .T. ) ;
#6647 = EDGE_LOOP ( 'NONE', ( #3483, #5845, #7093, #3379 ) ) ;
#6648 = DIRECTION ( 'NONE',  ( -1.000000000000000000, 0.000000000000000000, 0.000000000000000000 ) ) ;
#6649 = PRODUCT_DEFINITION_FORMATION_WITH_SPECIFIED_SOURCE ( 'ANY', '', #10036, .NOT_KNOWN. ) ;
#6650 = ORIENTED_EDGE ( 'NONE', *, *, #4531, .F. ) ;
#6651 = DIRECTION ( 'NONE',  ( 0.000000000000000000, 1.000000000000000000, 0.000000000000000000 ) ) ;
#6652 = ORIENTED_EDGE ( 'NONE', *, *, #7792, .F. ) ;
#6653 = B_SPLINE_CURVE_WITH_KNOTS ( 'NONE', 3,
 ( #4944, #9397, #431, #2222 ),
 .UNSPECIFIED., .F., .F.,
 ( 4, 4 ),
 ( 2.380749485071512786E-07, 0.001168606431211099582 ),
 .UNSPECIFIED. ) ;
#6654 = ORIENTED_EDGE ( 'NONE', *, *, #2422, .F. ) ;
#6655 = CIRCLE ( 'NONE', #188, 0.3062499999999995781 ) ;
#6656 =( NAMED_UNIT ( * ) PLANE_ANGLE_UNIT ( ) SI_UNIT ( $, .RADIAN. ) );
#6657 = CARTESIAN_POINT ( 'NONE',  ( -2.000000000000000000, 1.154700538379251240, -0.1786327949540822413 ) ) ;
#6658 = ORIENTED_EDGE ( 'NONE', *, *, #5243, .T. ) ;
#6659 = LINE ( 'NONE', #10081, #8843 ) ;
#6660 = DIRECTION ( 'NONE',  ( 0.000000000000000000, 0.000000000000000000, 1.000000000000000000 ) ) ;
#6661 = ADVANCED_FACE ( 'NONE', ( #6496 ), #1084, .F. ) ;
#6662 = ORIENTED_EDGE ( 'NONE', *, *, #438, .F. ) ;
#6663 = CARTESIAN_POINT ( 'NONE',  ( 0.000000000000000000, 0.000000000000000000, -1.600000000000000089 ) ) ;
#6664 = AXIS2_PLACEMENT_3D ( 'NONE', #3794, #4742, #10135 ) ;
#6665 = ORIENTED_EDGE ( 'NONE', *, *, #7060, .T. ) ;
#6666 = CIRCLE ( 'NONE', #7795, 0.5000000000000000000 ) ;
#6667 = DIRECTION ( 'NONE',  ( 0.000000000000000000, 1.000000000000000000, 2.168404344971008868E-16 ) ) ;
#6668 = DIRECTION ( 'NONE',  ( 0.000000000000000000, 0.000000000000000000, -1.000000000000000000 ) ) ;
#6669 = ORIENTED_EDGE ( 'NONE', *, *, #2998, .T. ) ;
#6670 = DIRECTION ( 'NONE',  ( -0.000000000000000000, 0.000000000000000000, -1.000000000000000000 ) ) ;
#6671 = CARTESIAN_POINT ( 'NONE',  ( -4.000000000000001776, 0.9000000000000005773, -1.845299461620639958 ) ) ;
#6672 = DIRECTION ( 'NONE',  ( 0.000000000000000000, -1.224649721909276639E-16, 1.000000000000000000 ) ) ;
#6673 = B_SPLINE_CURVE_WITH_KNOTS ( 'NONE', 3,
 ( #4161, #10609, #5047, #3505, #11451, #1607 ),
 .UNSPECIFIED., .F., .F.,
 ( 4, 2, 4 ),
 ( 0.002060137505873420490, 0.002644210467598552897, 0.003228283429323685304 ),
 .UNSPECIFIED. ) ;
#6674 = VERTEX_POINT ( 'NONE', #4950 ) ;
#6675 = CARTESIAN_POINT ( 'NONE',  ( 0.000000000000000000, 0.000000000000000000, 0.000000000000000000 ) ) ;
#6676 = EDGE_CURVE ( 'NONE', #5723, #11333, #9912, .T. ) ;
#6677 = EDGE_LOOP ( 'NONE', ( #2258, #11072 ) ) ;
#6678 = DIRECTION ( 'NONE',  ( -0.000000000000000000, -0.000000000000000000, 1.000000000000000000 ) ) ;
#6679 = ORIENTED_EDGE ( 'NONE', *, *, #944, .F. ) ;
#6680 =( NAMED_UNIT ( * ) PLANE_ANGLE_UNIT ( ) SI_UNIT ( $, .RADIAN. ) );
#6681 = DIRECTION ( 'NONE',  ( -0.000000000000000000, 1.224649721909276639E-16, -1.000000000000000000 ) ) ;
#6682 = DIRECTION ( 'NONE',  ( 0.000000000000000000, 0.000000000000000000, 1.000000000000000000 ) ) ;
#6683 = DIRECTION ( 'NONE',  ( 0.000000000000000000, 0.000000000000000000, 1.000000000000000000 ) ) ;
#6684 = DIRECTION ( 'NONE',  ( 0.4999999999999987788, 0.000000000000000000, 0.8660254037844393737 ) ) ;
#6685 = DIRECTION ( 'NONE',  ( 0.000000000000000000, -1.000000000000000000, -0.000000000000000000 ) ) ;
#6686 = AXIS2_PLACEMENT_3D ( 'NONE', #5310, #8811, #10637 ) ;
#6687 = VERTEX_POINT ( 'NONE', #11174 ) ;
#6688 = LINE ( 'NONE', #9413, #3470 ) ;
#6689 = VECTOR ( 'NONE', #4675, 1000.000000000000000 ) ;
#6690 =( GEOMETRIC_REPRESENTATION_CONTEXT ( 3 ) GLOBAL_UNCERTAINTY_ASSIGNED_CONTEXT ( ( #5699 ) ) GLOBAL_UNIT_ASSIGNED_CONTEXT ( ( #3416, #4706, #1922 ) ) REPRESENTATION_CONTEXT ( 'NONE', 'WORKASPACE' ) );
#6691 = EDGE_CURVE ( 'NONE', #1155, #10362, #379, .T. ) ;
#6692 = ORIENTED_EDGE ( 'NONE', *, *, #462, .F. ) ;
#6693 = AXIS2_PLACEMENT_3D ( 'NONE', #8983, #8927, #9655 ) ;
#6694 = CARTESIAN_POINT ( 'NONE',  ( 3.499999999999999556, 7.500000000000000000, -6.116139535669825378 ) ) ;
#6695 = ADVANCED_FACE ( 'NONE', ( #3055 ), #11425, .T. ) ;
#6696 = ORIENTED_EDGE ( 'NONE', *, *, #11642, .T. ) ;
#6697 = FACE_OUTER_BOUND ( 'NONE', #8858, .T. ) ;
#6698 = ORIENTED_EDGE ( 'NONE', *, *, #1785, .T. ) ;
#6699 = B_SPLINE_CURVE_WITH_KNOTS ( 'NONE', 3,
 ( #156, #10011, #3840, #11070, #6577, #10295 ),
 .UNSPECIFIED., .F., .F.,
 ( 4, 2, 4 ),
 ( 0.0002632501821825824714, 0.0003941783276224121836, 0.0005251064730622419501 ),
 .UNSPECIFIED. ) ;
#6700 = EDGE_CURVE ( 'NONE', #6514, #6032, #7437, .T. ) ;
#6701 = CARTESIAN_POINT ( 'NONE',  ( -2.000000000000000000, 0.8999999999999995781, -22.09999999999990550 ) ) ;
#6702 = VECTOR ( 'NONE', #6660, 1000.000000000000000 ) ;
#6703 = CARTESIAN_POINT ( 'NONE',  ( 0.1702769162167666883, -0.7403828156981310249, -500000.0000000000582 ) ) ;
#6704 = CARTESIAN_POINT ( 'NONE',  ( 0.000000000000000000, 0.000000000000000000, -1.600000000000000089 ) ) ;
#6705 = CIRCLE ( 'NONE', #8200, 1.999999999999999556 ) ;
#6706 = CIRCLE ( 'NONE', #9914, 1.099999999999996758 ) ;
#6707 = FACE_OUTER_BOUND ( 'NONE', #3448, .T. ) ;
#6708 = DIRECTION ( 'NONE',  ( 0.000000000000000000, 0.000000000000000000, -1.000000000000000000 ) ) ;
#6709 = CARTESIAN_POINT ( 'NONE',  ( 2.000000000000000000, -0.7745510564695443634, -0.07894766929796886989 ) ) ;
#6710 = ORIENTED_EDGE ( 'NONE', *, *, #2470, .F. ) ;
#6711 = DIRECTION ( 'NONE',  ( 0.000000000000000000, 0.000000000000000000, -1.000000000000000000 ) ) ;
#6712 = VECTOR ( 'NONE', #2233, 1000.000000000000000 ) ;
#6713 = ORIENTED_EDGE ( 'NONE', *, *, #1817, .T. ) ;
#6714 = FACE_OUTER_BOUND ( 'NONE', #4850, .T. ) ;
#6715 = AXIS2_PLACEMENT_3D ( 'NONE', #4172, #9800, #8677 ) ;
#6716 = VERTEX_POINT ( 'NONE', #2164 ) ;
#6717 = CONICAL_SURFACE ( 'NONE', #2726, 2.200000000000000622, 0.7853981633974473908 ) ;
#6718 = EDGE_LOOP ( 'NONE', ( #5784, #6298, #11510 ) ) ;
#6719 = PRESENTATION_STYLE_ASSIGNMENT (( #6834 ) ) ;
#6720 = EDGE_CURVE ( 'NONE', #556, #11621, #2897, .T. ) ;
#6721 = EDGE_CURVE ( 'NONE', #8483, #1548, #4841, .T. ) ;
#6722 = DIRECTION ( 'NONE',  ( 1.000000000000000000, 0.000000000000000000, 0.000000000000000000 ) ) ;
#6723 = ORIENTED_EDGE ( 'NONE', *, *, #4853, .F. ) ;
#6724 = CIRCLE ( 'NONE', #10297, 1.999999999999999556 ) ;
#6725 = DIRECTION ( 'NONE',  ( 1.000000000000000000, 0.000000000000000000, 0.000000000000000000 ) ) ;
#6726 = CARTESIAN_POINT ( 'NONE',  ( 0.000000000000000000, 0.000000000000000000, 0.000000000000000000 ) ) ;
#6727 = CONICAL_SURFACE ( 'NONE', #2163, 2.000000000000000000, 1.047197551196596299 ) ;
#6728 = VECTOR ( 'NONE', #6627, 999.9999999999998863 ) ;
#6729 = ORIENTED_EDGE ( 'NONE', *, *, #9144, .F. ) ;
#6730 = CARTESIAN_POINT ( 'NONE',  ( 3.500000000000000000, 0.000000000000000000, -18.00000000000000355 ) ) ;
#6731 = DIRECTION ( 'NONE',  ( 1.060575238724909257E-16, -0.8660254037844404840, -0.4999999999999967248 ) ) ;
#6732 = AXIS2_PLACEMENT_3D ( 'NONE', #1748, #1867, #7156 ) ;
#6733 = ORIENTED_EDGE ( 'NONE', *, *, #5835, .F. ) ;
#6734 = ITEM_DEFINED_TRANSFORMATION ( 'NONE', 'NONE', #9089,  #4873 ) ;
#6735 = FACE_OUTER_BOUND ( 'NONE', #2166, .T. ) ;
#6736 = CARTESIAN_POINT ( 'NONE',  ( -2.000000000000000000, 0.3931374000439456506, -1.582763861186367027 ) ) ;
#6737 = EDGE_LOOP ( 'NONE', ( #6806, #4039, #8424, #5041 ) ) ;
#6738 = CARTESIAN_POINT ( 'NONE',  ( 0.000000000000000000, 0.7740000000000005764, -1.599999999999999867 ) ) ;
#6739 = LINE ( 'NONE', #4124, #2139 ) ;
#6740 = AXIS2_PLACEMENT_3D ( 'NONE', #8176, #7125, #3620 ) ;
#6741 = CARTESIAN_POINT ( 'NONE',  ( 2.099999999999999645, 2.971690854684141847, 0.4999999999999991673 ) ) ;
#6742 = VERTEX_POINT ( 'NONE', #5011 ) ;
#6743 = CARTESIAN_POINT ( 'NONE',  ( 0.6302730391921533837, 0.04386103604797393640, -0.7870467931637529224 ) ) ;
#6744 = ORIENTED_EDGE ( 'NONE', *, *, #8984, .F. ) ;
#6745 = DIRECTION ( 'NONE',  ( 0.000000000000000000, 1.000000000000000000, 2.168404344971008868E-16 ) ) ;
#6746 = EDGE_CURVE ( 'NONE', #5930, #2339, #5724, .T. ) ;
#6747 = AXIS2_PLACEMENT_3D ( 'NONE', #697, #10054, #3605 ) ;
#6748 = VERTEX_POINT ( 'NONE', #8512 ) ;
#6749 = DIRECTION ( 'NONE',  ( 0.000000000000000000, 0.000000000000000000, 1.000000000000000000 ) ) ;
#6750 = CARTESIAN_POINT ( 'NONE',  ( -2.000000000000000000, 1.154700538379251240, -1.600000000000000089 ) ) ;
#6751 = CARTESIAN_POINT ( 'NONE',  ( 1.000000000000001998, 1.732050807568876083, 0.000000000000000000 ) ) ;
#6752 = DIRECTION ( 'NONE',  ( -0.000000000000000000, -0.000000000000000000, 1.000000000000000000 ) ) ;
#6753 = EDGE_CURVE ( 'NONE', #7539, #11348, #4005, .T. ) ;
#6754 = ORIENTED_EDGE ( 'NONE', *, *, #7004, .F. ) ;
#6755 = AXIS2_PLACEMENT_3D ( 'NONE', #9230, #8284, #2054 ) ;
#6756 = DIRECTION ( 'NONE',  ( -1.000000000000000000, 0.000000000000000000, 0.000000000000000000 ) ) ;
#6757 = VERTEX_POINT ( 'NONE', #9523 ) ;
#6758 = CARTESIAN_POINT ( 'NONE',  ( 3.699999999999999289, 2.821690854684141936, 0.4999999999999992784 ) ) ;
#6759 = ORIENTED_EDGE ( 'NONE', *, *, #10382, .F. ) ;
#6760 = CARTESIAN_POINT ( 'NONE',  ( -0.6592570625839798693, -1.928778834210483462, -4.615899523244127080E-17 ) ) ;
#6761 = EDGE_LOOP ( 'NONE', ( #5585, #1821, #8300, #2674, #4376, #10692 ) ) ;
#6762 = DIRECTION ( 'NONE',  ( 0.000000000000000000, 0.000000000000000000, -1.000000000000000000 ) ) ;
#6763 = CIRCLE ( 'NONE', #9211, 3.000000000000000000 ) ;
#6764 = VECTOR ( 'NONE', #4063, 1000.000000000000000 ) ;
#6765 = DIRECTION ( 'NONE',  ( -0.000000000000000000, 1.224649721909276639E-16, -1.000000000000000000 ) ) ;
#6766 = EDGE_CURVE ( 'NONE', #7119, #10404, #7826, .T. ) ;
#6767 = DIRECTION ( 'NONE',  ( 1.000000000000000000, 0.000000000000000000, 0.000000000000000000 ) ) ;
#6768 = DIRECTION ( 'NONE',  ( 0.000000000000000000, 0.000000000000000000, 1.000000000000000000 ) ) ;
#6769 = CARTESIAN_POINT ( 'NONE',  ( 0.000000000000000000, 2.309401076758504701, 0.000000000000000000 ) ) ;
#6770 = ORIENTED_EDGE ( 'NONE', *, *, #6631, .T. ) ;
#6771 = DIRECTION ( 'NONE',  ( 0.000000000000000000, 0.000000000000000000, -1.000000000000000000 ) ) ;
#6772 = B_SPLINE_CURVE_WITH_KNOTS ( 'NONE', 3,
 ( #9705, #6988, #1522, #8048, #5199, #2590 ),
 .UNSPECIFIED., .F., .F.,
 ( 4, 2, 4 ),
 ( 0.003228283429323685737, 0.003812703409393315007, 0.004397123389462943843 ),
 .UNSPECIFIED. ) ;
#6773 = VERTEX_POINT ( 'NONE', #10220 ) ;
#6774 = VECTOR ( 'NONE', #2424, 1000.000000000000114 ) ;
#6775 = DIRECTION ( 'NONE',  ( 0.000000000000000000, 1.000000000000000000, 0.000000000000000000 ) ) ;
#6776 = VECTOR ( 'NONE', #3037, 1000.000000000000000 ) ;
#6777 = EDGE_LOOP ( 'NONE', ( #11084, #1064 ) ) ;
#6778 = EDGE_LOOP ( 'NONE', ( #355, #3503, #1324, #11274, #8894, #7180, #6770, #5336, #10461, #3754 ) ) ;
#6779 = CARTESIAN_POINT ( 'NONE',  ( 3.000000000000000000, 0.000000000000000000, 0.000000000000000000 ) ) ;
#6780 = CARTESIAN_POINT ( 'NONE',  ( 0.000000000000000000, 4.738805170303855086E-16, -3.069518839163146939 ) ) ;
#6781 = ADVANCED_FACE ( 'NONE', ( #2227 ), #48, .T. ) ;
#6782 =( GEOMETRIC_REPRESENTATION_CONTEXT ( 3 ) GLOBAL_UNCERTAINTY_ASSIGNED_CONTEXT ( ( #115 ) ) GLOBAL_UNIT_ASSIGNED_CONTEXT ( ( #64, #292, #10436 ) ) REPRESENTATION_CONTEXT ( 'NONE', 'WORKASPACE' ) );
#6783 = CIRCLE ( 'NONE', #8100, 11.00000000000000000 ) ;
#6784 = FACE_BOUND ( 'NONE', #7633, .T. ) ;
#6785 = CARTESIAN_POINT ( 'NONE',  ( 0.000000000000000000, 0.000000000000000000, -1.600000000000000089 ) ) ;
#6786 = ORIENTED_EDGE ( 'NONE', *, *, #9957, .F. ) ;
#6787 = CARTESIAN_POINT ( 'NONE',  ( 0.000000000000000000, 2.309401076758504701, -1.421367205045916737 ) ) ;
#6788 = EDGE_CURVE ( 'NONE', #5268, #5807, #318, .T. ) ;
#6789 = EDGE_CURVE ( 'NONE', #9324, #8745, #3871, .T. ) ;
#6790 = CARTESIAN_POINT ( 'NONE',  ( 0.000000000000000000, 0.000000000000000000, 0.000000000000000000 ) ) ;
#6791 = CONICAL_SURFACE ( 'NONE', #6570, 2.200000000000000622, 0.7853981633974482790 ) ;
#6792 = AXIS2_PLACEMENT_3D ( 'NONE', #7247, #4358, #6256 ) ;
#6793 = ORIENTED_EDGE ( 'NONE', *, *, #2805, .F. ) ;
#6794 = CONTEXT_DEPENDENT_SHAPE_REPRESENTATION ( #3556, #3241 ) ;
#6795 = FACE_OUTER_BOUND ( 'NONE', #467, .T. ) ;
#6796 = DIRECTION ( 'NONE',  ( -0.000000000000000000, -1.000000000000000000, -0.000000000000000000 ) ) ;
#6797 = ORIENTED_EDGE ( 'NONE', *, *, #11467, .F. ) ;
#6798 = LINE ( 'NONE', #5967, #1061 ) ;
#6799 = LINE ( 'NONE', #1135, #432 ) ;
#6800 = B_SPLINE_CURVE_WITH_KNOTS ( 'NONE', 3,
 ( #2753, #967, #8151, #4650 ),
 .UNSPECIFIED., .F., .F.,
 ( 4, 4 ),
 ( 2.380749485076419225E-07, 0.001168606431211098931 ),
 .UNSPECIFIED. ) ;
#6801 = DIRECTION ( 'NONE',  ( -1.000000000000000000, -0.000000000000000000, -0.000000000000000000 ) ) ;
#6802 = EDGE_CURVE ( 'NONE', #8232, #321, #7486, .T. ) ;
#6803 = AXIS2_PLACEMENT_3D ( 'NONE', #5470, #1730, #1792 ) ;
#6804 = ORIENTED_EDGE ( 'NONE', *, *, #2103, .F. ) ;
#6805 = CARTESIAN_POINT ( 'NONE',  ( 1.999999999999999556, 0.9679918988505321620, -1.475265346691885027 ) ) ;
#6806 = ORIENTED_EDGE ( 'NONE', *, *, #7895, .F. ) ;
#6807 = DIRECTION ( 'NONE',  ( -0.000000000000000000, -0.000000000000000000, -1.000000000000000000 ) ) ;
#6808 = VERTEX_POINT ( 'NONE', #2858 ) ;
#6809 = DIRECTION ( 'NONE',  ( -1.000000000000000000, 0.000000000000000000, 0.000000000000000000 ) ) ;
#6810 = AXIS2_PLACEMENT_3D ( 'NONE', #526, #10313, #2437 ) ;
#6811 = CARTESIAN_POINT ( 'NONE',  ( 0.000000000000000000, 2.821690854684141936, -0.8999999999999992450 ) ) ;
#6812 = CARTESIAN_POINT ( 'NONE',  ( 0.000000000000000000, 0.000000000000000000, 2.000000000000000000 ) ) ;
#6813 = CARTESIAN_POINT ( 'NONE',  ( 2.000000000000000000, 1.154700538379254349, -0.1786327949540832127 ) ) ;
#6814 = ORIENTED_EDGE ( 'NONE', *, *, #7004, .T. ) ;
#6815 = CYLINDRICAL_SURFACE ( 'NONE', #615, 1.099999999999996758 ) ;
#6816 = VERTEX_POINT ( 'NONE', #9138 ) ;
#6817 = CARTESIAN_POINT ( 'NONE',  ( -16.00000000000000000, 0.000000000000000000, 0.000000000000000000 ) ) ;
#6818 = ORIENTED_EDGE ( 'NONE', *, *, #11276, .T. ) ;
#6819 = LINE ( 'NONE', #8530, #1479 ) ;
#6820 = ORIENTED_EDGE ( 'NONE', *, *, #1615, .T. ) ;
#6821 =( NAMED_UNIT ( * ) SI_UNIT ( $, .STERADIAN. ) SOLID_ANGLE_UNIT ( ) );
#6822 = CARTESIAN_POINT ( 'NONE',  ( 0.4787371468088156279, -0.5021775808706709920, -0.7493711149401124372 ) ) ;
#6823 = DIRECTION ( 'NONE',  ( 0.000000000000000000, 0.000000000000000000, 1.000000000000000000 ) ) ;
#6824 =( GEOMETRIC_REPRESENTATION_CONTEXT ( 3 ) GLOBAL_UNCERTAINTY_ASSIGNED_CONTEXT ( ( #10190 ) ) GLOBAL_UNIT_ASSIGNED_CONTEXT ( ( #5514, #11013, #6406 ) ) REPRESENTATION_CONTEXT ( 'NONE', 'WORKASPACE' ) );
#6825 =( NAMED_UNIT ( * ) SI_UNIT ( $, .STERADIAN. ) SOLID_ANGLE_UNIT ( ) );
#6826 = CARTESIAN_POINT ( 'NONE',  ( 0.000000000000000000, 0.000000000000000000, 0.000000000000000000 ) ) ;
#6827 = DIRECTION ( 'NONE',  ( 1.000000000000000000, -0.000000000000000000, -0.000000000000000000 ) ) ;
#6828 = ORIENTED_EDGE ( 'NONE', *, *, #2116, .T. ) ;
#6829 = CARTESIAN_POINT ( 'NONE',  ( -0.6302730391921491648, -0.04386103604797385314, -0.7870467931637553649 ) ) ;
#6830 = ORIENTED_EDGE ( 'NONE', *, *, #2168, .F. ) ;
#6831 = CARTESIAN_POINT ( 'NONE',  ( 0.000000000000000000, 0.000000000000000000, -6.000000000000000000 ) ) ;
#6832 = EDGE_LOOP ( 'NONE', ( #11312, #6996, #8604, #2955, #1525 ) ) ;
#6833 = ORIENTED_EDGE ( 'NONE', *, *, #7492, .T. ) ;
#6834 = SURFACE_STYLE_USAGE ( .BOTH. , #9500 ) ;
#6835 = CYLINDRICAL_SURFACE ( 'NONE', #9190, 10.00000000000000000 ) ;
#6836 = DIRECTION ( 'NONE',  ( 1.000000000000000000, -0.000000000000000000, -0.000000000000000000 ) ) ;
#6837 = ORIENTED_EDGE ( 'NONE', *, *, #8133, .F. ) ;
#6838 = FACE_OUTER_BOUND ( 'NONE', #8866, .T. ) ;
#6839 = VERTEX_POINT ( 'NONE', #1009 ) ;
#6840 = FACE_BOUND ( 'NONE', #1107, .T. ) ;
#6841 = DIRECTION ( 'NONE',  ( 0.000000000000000000, 0.000000000000000000, -1.000000000000000000 ) ) ;
#6842 = AXIS2_PLACEMENT_3D ( 'NONE', #9793, #1786, #883 ) ;
#6843 = PRODUCT_DEFINITION_SHAPE ( 'NONE', 'NONE',  #11726 ) ;
#6844 = EDGE_CURVE ( 'NONE', #6716, #8487, #5593, .T. ) ;
#6845 = EDGE_CURVE ( 'NONE', #5510, #2974, #8958, .T. ) ;
#6846 = EDGE_CURVE ( 'NONE', #8883, #7936, #10262, .T. ) ;
#6847 = CARTESIAN_POINT ( 'NONE',  ( -5.000000000000000000, 2.500000000000000000, -6.000000000000000000 ) ) ;
#6848 = VERTEX_POINT ( 'NONE', #6424 ) ;
#6849 = B_SPLINE_CURVE_WITH_KNOTS ( 'NONE', 3,
 ( #3769, #7504, #5613, #11114 ),
 .UNSPECIFIED., .F., .F.,
 ( 4, 4 ),
 ( 2.380749485120318031E-07, 0.001168606431211104352 ),
 .UNSPECIFIED. ) ;
#6850 = CONTEXT_DEPENDENT_SHAPE_REPRESENTATION ( #9454, #9868 ) ;
#6851 = ADVANCED_FACE ( 'NONE', ( #1183 ), #5746, .T. ) ;
#6852 = PLANE ( 'NONE',  #4666 ) ;
#6853 = ADVANCED_FACE ( 'NONE', ( #952 ), #234, .F. ) ;
#6854 = FILL_AREA_STYLE ('',( #5061 ) ) ;
#6855 = VECTOR ( 'NONE', #5040, 1000.000000000000000 ) ;
#6856 = VERTEX_POINT ( 'NONE', #180 ) ;
#6857 = DIRECTION ( 'NONE',  ( -0.000000000000000000, 1.224649721909276639E-16, -1.000000000000000000 ) ) ;
#6858 = DIRECTION ( 'NONE',  ( 0.000000000000000000, 0.000000000000000000, -1.000000000000000000 ) ) ;
#6859 = DIRECTION ( 'NONE',  ( 1.000000000000000000, 0.000000000000000000, 0.000000000000000000 ) ) ;
#6860 = ORIENTED_EDGE ( 'NONE', *, *, #2121, .F. ) ;
#6861 = AXIS2_PLACEMENT_3D ( 'NONE', #11378, #3262, #5815 ) ;
#6862 = VERTEX_POINT ( 'NONE', #10146 ) ;
#6863 = DIRECTION ( 'NONE',  ( 1.000000000000000000, 0.000000000000000000, 0.000000000000000000 ) ) ;
#6864 = ORIENTED_EDGE ( 'NONE', *, *, #4796, .F. ) ;
#6865 = DIRECTION ( 'NONE',  ( 0.5000000000000008882, 0.000000000000000000, 0.8660254037844382635 ) ) ;
#6866 = EDGE_CURVE ( 'NONE', #1284, #9998, #6497, .T. ) ;
#6867 = CARTESIAN_POINT ( 'NONE',  ( 0.5560518688116538044, -0.5176555429708572520, -0.7092725651034377243 ) ) ;
#6868 = EDGE_CURVE ( 'NONE', #10753, #10136, #5365, .T. ) ;
#6869 = DIRECTION ( 'NONE',  ( -0.000000000000000000, 0.000000000000000000, -1.000000000000000000 ) ) ;
#6870 = DIRECTION ( 'NONE',  ( 0.000000000000000000, 0.000000000000000000, 1.000000000000000000 ) ) ;
#6871 = DIRECTION ( 'NONE',  ( 1.000000000000000000, 0.000000000000000000, 0.000000000000000000 ) ) ;
#6872 = ORIENTED_EDGE ( 'NONE', *, *, #7650, .F. ) ;
#6873 = FACE_OUTER_BOUND ( 'NONE', #8900, .T. ) ;
#6874 = EDGE_LOOP ( 'NONE', ( #3970, #5767, #8372 ) ) ;
#6875 = LINE ( 'NONE', #3972, #3502 ) ;
#6876 = VERTEX_POINT ( 'NONE', #7368 ) ;
#6877 = DIRECTION ( 'NONE',  ( 0.000000000000000000, 0.000000000000000000, 1.000000000000000000 ) ) ;
#6878 = EDGE_LOOP ( 'NONE', ( #10532, #4407, #9986, #2078 ) ) ;
#6879 = SURFACE_STYLE_FILL_AREA ( #11139 ) ;
#6880 = DIRECTION ( 'NONE',  ( -1.000000000000000000, 0.000000000000000000, 0.000000000000000000 ) ) ;
#6881 = SURFACE_STYLE_FILL_AREA ( #7764 ) ;
#6882 = CARTESIAN_POINT ( 'NONE',  ( 5.500000000000000888, 0.000000000000000000, -3.000000000000000000 ) ) ;
#6883 = APPLICATION_CONTEXT ( 'automotive_design' ) ;
#6884 = CARTESIAN_POINT ( 'NONE',  ( -1.000000000000000000, 9.629649721936179265E-32, -2.669518839163146584 ) ) ;
#6885 = DIRECTION ( 'NONE',  ( 0.000000000000000000, 0.000000000000000000, -1.000000000000000000 ) ) ;
#6886 = CIRCLE ( 'NONE', #10088, 1.000000000000000000 ) ;
#6887 = ORIENTED_EDGE ( 'NONE', *, *, #4946, .F. ) ;
#6888 = CARTESIAN_POINT ( 'NONE',  ( -1.836821824868181352, -1.248911501717480332, -0.1242400699092116589 ) ) ;
#6889 = VERTEX_POINT ( 'NONE', #1911 ) ;
#6890 = CARTESIAN_POINT ( 'NONE',  ( 0.7812177826602691999, -0.3002328626189142979, -0.6636196566015178933 ) ) ;
#6891 = VECTOR ( 'NONE', #1315, 1000.000000000000000 ) ;
#6892 = ORIENTED_EDGE ( 'NONE', *, *, #2997, .T. ) ;
#6893 = ORIENTED_EDGE ( 'NONE', *, *, #5668, .T. ) ;
#6894 = VECTOR ( 'NONE', #8928, 1000.000000000000000 ) ;
#6895 = VECTOR ( 'NONE', #7985, 1000.000000000000000 ) ;
#6896 = CARTESIAN_POINT ( 'NONE',  ( 0.000000000000000000, 5.058392604970359998E-16, -2.530481160836854482 ) ) ;
#6897 = CARTESIAN_POINT ( 'NONE',  ( 4.000000000000000000, 9.199999999999999289, -18.50000000000000355 ) ) ;
#6898 = DIRECTION ( 'NONE',  ( 1.000000000000000000, 0.000000000000000000, 0.000000000000000000 ) ) ;
#6899 = ORIENTED_EDGE ( 'NONE', *, *, #2341, .F. ) ;
#6900 = EDGE_CURVE ( 'NONE', #1407, #10507, #3039, .T. ) ;
#6901 = DIRECTION ( 'NONE',  ( 0.000000000000000000, 0.000000000000000000, -1.000000000000000000 ) ) ;
#6902 = AXIS2_PLACEMENT_3D ( 'NONE', #593, #5773, #7668 ) ;
#6903 = AXIS2_PLACEMENT_3D ( 'NONE', #820, #10603, #5282 ) ;
#6904 = CARTESIAN_POINT ( 'NONE',  ( 2.000000000000000000, 0.000000000000000000, 0.000000000000000000 ) ) ;
#6905 = PRESENTATION_LAYER_ASSIGNMENT (  '', '', ( #1196 ) ) ;
#6906 = AXIS2_PLACEMENT_3D ( 'NONE', #9713, #1364, #6169 ) ;
#6907 = CARTESIAN_POINT ( 'NONE',  ( 0.000000000000000000, 2.309401076758504701, -0.1786327949540832127 ) ) ;
#6908 = ORIENTED_EDGE ( 'NONE', *, *, #2733, .F. ) ;
#6909 = CARTESIAN_POINT ( 'NONE',  ( 0.000000000000000000, 0.000000000000000000, -0.2999999999999842792 ) ) ;
#6910 =( GEOMETRIC_REPRESENTATION_CONTEXT ( 3 ) GLOBAL_UNCERTAINTY_ASSIGNED_CONTEXT ( ( #2021 ) ) GLOBAL_UNIT_ASSIGNED_CONTEXT ( ( #9173, #10176, #2059 ) ) REPRESENTATION_CONTEXT ( 'NONE', 'WORKASPACE' ) );
#6911 = ORIENTED_EDGE ( 'NONE', *, *, #10453, .F. ) ;
#6912 = DIRECTION ( 'NONE',  ( -0.000000000000000000, -0.000000000000000000, 1.000000000000000000 ) ) ;
#6913 = DIRECTION ( 'NONE',  ( 0.000000000000000000, 0.000000000000000000, -1.000000000000000000 ) ) ;
#6914 = EDGE_CURVE ( 'NONE', #11267, #7176, #9085, .T. ) ;
#6915 = EDGE_CURVE ( 'NONE', #4319, #4911, #8521, .T. ) ;
#6916 = DIRECTION ( 'NONE',  ( -0.000000000000000000, 1.224649721909276639E-16, -1.000000000000000000 ) ) ;
#6917 = EDGE_LOOP ( 'NONE', ( #6144, #3943, #9937, #5520, #6138 ) ) ;
#6918 = CIRCLE ( 'NONE', #4634, 1.000000000000000000 ) ;
#6919 = EDGE_CURVE ( 'NONE', #2885, #11192, #11034, .T. ) ;
#6920 = ORIENTED_EDGE ( 'NONE', *, *, #1718, .T. ) ;
#6921 = PLANE ( 'NONE',  #2596 ) ;
#6922 = ORIENTED_EDGE ( 'NONE', *, *, #9166, .T. ) ;
#6923 = CARTESIAN_POINT ( 'NONE',  ( -15.90914770952257484, -0.3502617553154639962, 1033.600000000006958 ) ) ;
#6924 = CARTESIAN_POINT ( 'NONE',  ( 0.1618649730664564745, 0.7758523517199529262, -0.6896353986941863301 ) ) ;
#6925 = CARTESIAN_POINT ( 'NONE',  ( -4.987329993433320396E-15, -2.309401076758504701, -0.1786327949540832127 ) ) ;
#6926 = AXIS2_PLACEMENT_3D ( 'NONE', #7289, #1947, #9007 ) ;
#6927 = CARTESIAN_POINT ( 'NONE',  ( 0.000000000000000000, 4.898598887637106556E-16, -2.799999999999999822 ) ) ;
#6928 = FILL_AREA_STYLE_COLOUR ( '', #6132 ) ;
#6929 = EDGE_CURVE ( 'NONE', #932, #4412, #5653, .T. ) ;
#6930 = VERTEX_POINT ( 'NONE', #4756 ) ;
#6931 = CARTESIAN_POINT ( 'NONE',  ( 9.478766225400515022E-17, -0.7739999999999994662, -1.599999999999999867 ) ) ;
#6932 = ADVANCED_FACE ( 'NONE', ( #10557 ), #7727, .T. ) ;
#6933 = ORIENTED_EDGE ( 'NONE', *, *, #4278, .F. ) ;
#6934 = PRESENTATION_LAYER_ASSIGNMENT (  '', '', ( #281 ) ) ;
#6935 = EDGE_CURVE ( 'NONE', #9115, #7905, #9504, .T. ) ;
#6936 = LINE ( 'NONE', #3252, #7848 ) ;
#6937 = AXIS2_PLACEMENT_3D ( 'NONE', #6941, #10538, #2429 ) ;
#6938 = ORIENTED_EDGE ( 'NONE', *, *, #11099, .F. ) ;
#6939 = FACE_OUTER_BOUND ( 'NONE', #7524, .T. ) ;
#6940 = ORIENTED_EDGE ( 'NONE', *, *, #10277, .F. ) ;
#6941 = CARTESIAN_POINT ( 'NONE',  ( 0.000000000000000000, 0.000000000000000000, -0.2999999999999842792 ) ) ;
#6942 = SURFACE_STYLE_FILL_AREA ( #5209 ) ;
#6943 = PRESENTATION_STYLE_ASSIGNMENT (( #9717 ) ) ;
#6944 = AXIS2_PLACEMENT_3D ( 'NONE', #2640, #794, #10811 ) ;
#6945 = CARTESIAN_POINT ( 'NONE',  ( -1.000000000000000444, 1.775737858763662163E-16, -1.199999999999999956 ) ) ;
#6946 = PRODUCT_DEFINITION_SHAPE ( 'NONE', 'NONE',  #11753 ) ;
#6947 = VERTEX_POINT ( 'NONE', #2208 ) ;
#6948 = DIRECTION ( 'NONE',  ( 0.8660254037844393737, 0.000000000000000000, -0.4999999999999986677 ) ) ;
#6949 = ORIENTED_EDGE ( 'NONE', *, *, #4320, .F. ) ;
#6950 = ADVANCED_FACE ( 'NONE', ( #2264 ), #8725, .T. ) ;
#6951 = CARTESIAN_POINT ( 'NONE',  ( 1.949999999999999956, 7.500000000000000000, -2.616139535669826266 ) ) ;
#6952 = EDGE_LOOP ( 'NONE', ( #11082, #5581, #664, #4027 ) ) ;
#6953 = ORIENTED_EDGE ( 'NONE', *, *, #8722, .F. ) ;
#6954 = CARTESIAN_POINT ( 'NONE',  ( 3.000000000000000000, 0.000000000000000000, 0.000000000000000000 ) ) ;
#6955 = DIRECTION ( 'NONE',  ( -1.000000000000000000, 0.000000000000000000, 0.000000000000000000 ) ) ;
#6956 = DIRECTION ( 'NONE',  ( -0.000000000000000000, -1.000000000000000000, -0.000000000000000000 ) ) ;
#6957 = AXIS2_PLACEMENT_3D ( 'NONE', #279, #6765, #3847 ) ;
#6958 = CONICAL_SURFACE ( 'NONE', #6013, 1664.279482350497119, 1.029744258676648982 ) ;
#6959 = ORIENTED_EDGE ( 'NONE', *, *, #2431, .F. ) ;
#6960 = FACE_OUTER_BOUND ( 'NONE', #5043, .T. ) ;
#6961 = ADVANCED_FACE ( 'NONE', ( #1366 ), #2384, .F. ) ;
#6962 = FILL_AREA_STYLE_COLOUR ( '', #1188 ) ;
#6963 = STYLED_ITEM ( 'NONE', ( #4214 ), #474 ) ;
#6964 = PLANE ( 'NONE',  #6715 ) ;
#6965 = CIRCLE ( 'NONE', #10927, 2.999999999999999112 ) ;
#6966 = ORIENTED_EDGE ( 'NONE', *, *, #7200, .T. ) ;
#6967 = ADVANCED_FACE ( 'NONE', ( #10502 ), #11627, .T. ) ;
#6968 = CARTESIAN_POINT ( 'NONE',  ( -3.129822080702421140E-16, -2.309401076758506477, -1.600000000000000089 ) ) ;
#6969 =( REPRESENTATION_RELATIONSHIP ('NONE','NONE', #9860, #5449 ) REPRESENTATION_RELATIONSHIP_WITH_TRANSFORMATION ( #2986 )SHAPE_REPRESENTATION_RELATIONSHIP( ) );
#6970 = LINE ( 'NONE', #11405, #8580 ) ;
#6971 = VERTEX_POINT ( 'NONE', #6010 ) ;
#6972 = CARTESIAN_POINT ( 'NONE',  ( 0.000000000000000000, 0.000000000000000000, 0.000000000000000000 ) ) ;
#6973 = DIRECTION ( 'NONE',  ( -0.000000000000000000, -0.000000000000000000, -1.000000000000000000 ) ) ;
#6974 = ORIENTED_EDGE ( 'NONE', *, *, #2077, .F. ) ;
#6975 = DIRECTION ( 'NONE',  ( -0.000000000000000000, 0.000000000000000000, 1.000000000000000000 ) ) ;
#6976 = EDGE_LOOP ( 'NONE', ( #7018, #5457, #8172, #10259, #4870 ) ) ;
#6977 = AXIS2_PLACEMENT_3D ( 'NONE', #1200, #8270, #5608 ) ;
#6978 = VERTEX_POINT ( 'NONE', #11217 ) ;
#6979 = CARTESIAN_POINT ( 'NONE',  ( -4.987329993433320396E-15, -2.309401076758504701, -1.421367205045916737 ) ) ;
#6980 = ORIENTED_EDGE ( 'NONE', *, *, #4101, .F. ) ;
#6981 = CARTESIAN_POINT ( 'NONE',  ( -0.1702769162167621364, 0.7403828156981309139, -0.7092725651034388346 ) ) ;
#6982 = DIRECTION ( 'NONE',  ( 0.000000000000000000, 1.000000000000000000, 0.000000000000000000 ) ) ;
#6983 = AXIS2_PLACEMENT_3D ( 'NONE', #4617, #1890, #5511 ) ;
#6984 = DIRECTION ( 'NONE',  ( 0.000000000000000000, 0.000000000000000000, -1.000000000000000000 ) ) ;
#6985 = PLANE ( 'NONE',  #11426 ) ;
#6986 = CARTESIAN_POINT ( 'NONE',  ( 0.000000000000000000, 0.000000000000000000, 0.000000000000000000 ) ) ;
#6987 = ORIENTED_EDGE ( 'NONE', *, *, #5094, .F. ) ;
#6988 = CARTESIAN_POINT ( 'NONE',  ( 2.000000000000000000, 0.1952413320394014717, -1.143494478793305150E-17 ) ) ;
#6989 = VERTEX_POINT ( 'NONE', #1306 ) ;
#6990 = CARTESIAN_POINT ( 'NONE',  ( 2.000000000000000000, 0.3931374000439454286, -1.582763861186367027 ) ) ;
#6991 = ORIENTED_EDGE ( 'NONE', *, *, #892, .T. ) ;
#6992 = ADVANCED_FACE ( 'NONE', ( #8555 ), #1388, .T. ) ;
#6993 = CARTESIAN_POINT ( 'NONE',  ( -5.000000000000000000, 2.500000000000000000, 0.000000000000000000 ) ) ;
#6994 = CIRCLE ( 'NONE', #4145, 1.099999999999996758 ) ;
#6995 = ADVANCED_FACE ( 'NONE', ( #539 ), #5890, .F. ) ;
#6996 = ORIENTED_EDGE ( 'NONE', *, *, #5099, .T. ) ;
#6997 = EDGE_CURVE ( 'NONE', #5095, #2046, #480, .T. ) ;
#6998 = FILL_AREA_STYLE_COLOUR ( '', #5108 ) ;
#6999 = CARTESIAN_POINT ( 'NONE',  ( 0.000000000000000000, 0.000000000000000000, 0.000000000000000000 ) ) ;
#7000 = CARTESIAN_POINT ( 'NONE',  ( 0.000000000000000000, 0.000000000000000000, -0.1291166393111913002 ) ) ;
#7001 = SURFACE_STYLE_USAGE ( .BOTH. , #7885 ) ;
#7002 = EDGE_CURVE ( 'NONE', #4083, #10992, #7659, .T. ) ;
#7003 = CARTESIAN_POINT ( 'NONE',  ( 0.000000000000000000, 0.000000000000000000, -0.1540456584061371259 ) ) ;
#7004 = EDGE_CURVE ( 'NONE', #10928, #8888, #11042, .T. ) ;
#7005 = CARTESIAN_POINT ( 'NONE',  ( 0.000000000000000000, 0.000000000000000000, 0.000000000000000000 ) ) ;
#7006 = VECTOR ( 'NONE', #1954, 1000.000000000000000 ) ;
#7007 = ORIENTED_EDGE ( 'NONE', *, *, #11404, .T. ) ;
#7008 = LINE ( 'NONE', #4392, #8316 ) ;
#7009 = EDGE_LOOP ( 'NONE', ( #11284, #717 ) ) ;
#7010 = CARTESIAN_POINT ( 'NONE',  ( 0.9526279441628808797, -0.5500000000000002665, -3.300000000000018918 ) ) ;
#7011 = EDGE_LOOP ( 'NONE', ( #4635, #7456, #9179, #8219 ) ) ;
#7012 = ORIENTED_EDGE ( 'NONE', *, *, #942, .T. ) ;
#7013 = CARTESIAN_POINT ( 'NONE',  ( 0.9526279441628799916, 0.5499999999999986011, -3.299999999999985167 ) ) ;
#7014 = CARTESIAN_POINT ( 'NONE',  ( 0.000000000000000000, 1.347111479062088405E-15, -11.00000000000000000 ) ) ;
#7015 = ADVANCED_FACE ( 'NONE', ( #9443 ), #8028, .T. ) ;
#7016 = DIRECTION ( 'NONE',  ( 0.000000000000000000, 0.000000000000000000, -1.000000000000000000 ) ) ;
#7017 = CARTESIAN_POINT ( 'NONE',  ( 4.099999999999999645, -2.971690854684141847, -0.9000000000000006883 ) ) ;
#7018 = ORIENTED_EDGE ( 'NONE', *, *, #1615, .F. ) ;
#7019 = CARTESIAN_POINT ( 'NONE',  ( 3.000000000000000000, 6.123233995736766036E-17, -0.5000000000000000000 ) ) ;
#7020 = CARTESIAN_POINT ( 'NONE',  ( -8.000000000000000000, 17.00000000000000000, -3.232195743157015411 ) ) ;
#7021 = CARTESIAN_POINT ( 'NONE',  ( -1.000000000000001776, -1.732050807568876527, -1.600000000000000089 ) ) ;
#7022 = ORIENTED_EDGE ( 'NONE', *, *, #9294, .T. ) ;
#7023 = CARTESIAN_POINT ( 'NONE',  ( 1.000000000000001998, 1.732050807568876083, -1.600000000000000089 ) ) ;
#7024 = ADVANCED_FACE ( 'NONE', ( #6838 ), #10439, .T. ) ;
#7025 = ORIENTED_EDGE ( 'NONE', *, *, #543, .T. ) ;
#7026 = LINE ( 'NONE', #10625, #2025 ) ;
#7027 = CARTESIAN_POINT ( 'NONE',  ( 4.250000000000000000, 0.000000000000000000, 0.000000000000000000 ) ) ;
#7028 = EDGE_LOOP ( 'NONE', ( #101, #6028, #6665, #5238 ) ) ;
#7029 = DIRECTION ( 'NONE',  ( 0.7423286577013628040, -0.4285836503510563333, -0.5150380749100559319 ) ) ;
#7030 = AXIS2_PLACEMENT_3D ( 'NONE', #2554, #3622, #6241 ) ;
#7031 = ORIENTED_EDGE ( 'NONE', *, *, #10320, .T. ) ;
#7032 = FACE_OUTER_BOUND ( 'NONE', #8545, .T. ) ;
#7033 = ORIENTED_EDGE ( 'NONE', *, *, #9522, .T. ) ;
#7034 =( REPRESENTATION_RELATIONSHIP ('NONE','NONE', #9860, #5901 ) REPRESENTATION_RELATIONSHIP_WITH_TRANSFORMATION ( #1192 )SHAPE_REPRESENTATION_RELATIONSHIP( ) );
#7035 = VERTEX_POINT ( 'NONE', #5953 ) ;
#7036 = VECTOR ( 'NONE', #6357, 1000.000000000000000 ) ;
#7037 = CARTESIAN_POINT ( 'NONE',  ( -24.15914770952258905, -7.050261755315463397, 1049.100000000006958 ) ) ;
#7038 = CARTESIAN_POINT ( 'NONE',  ( -1.000000000000000000, 9.629649721936179265E-32, -3.869518839163146762 ) ) ;
#7039 = CARTESIAN_POINT ( 'NONE',  ( 0.3277177810063108265, -2.120193127676285982, -1.520662200187636870 ) ) ;
#7040 = FACE_OUTER_BOUND ( 'NONE', #9658, .T. ) ;
#7041 = CARTESIAN_POINT ( 'NONE',  ( -3.001000000000000334, 0.000000000000000000, 0.000000000000000000 ) ) ;
#7042 = ORIENTED_EDGE ( 'NONE', *, *, #4014, .F. ) ;
#7043 = CARTESIAN_POINT ( 'NONE',  ( -0.7799999999999996936, 9.552245033349351121E-17, -0.1540456584061371259 ) ) ;
#7044 = EDGE_CURVE ( 'NONE', #4306, #9376, #4804, .T. ) ;
#7045 = AXIS2_PLACEMENT_3D ( 'NONE', #3752, #8966, #4638 ) ;
#7046 = ORIENTED_EDGE ( 'NONE', *, *, #10165, .F. ) ;
#7047 = DIRECTION ( 'NONE',  ( 1.000000000000000000, 0.000000000000000000, 0.000000000000000000 ) ) ;
#7048 = EDGE_LOOP ( 'NONE', ( #8760, #10338, #9006, #9726 ) ) ;
#7049 = CARTESIAN_POINT ( 'NONE',  ( 0.5560518688116538044, -0.5176555429708572520, 0.000000000000000000 ) ) ;
#7050 = EDGE_LOOP ( 'NONE', ( #11012, #9521, #6219, #11161, #9802, #9241 ) ) ;
#7051 = FACE_OUTER_BOUND ( 'NONE', #5106, .T. ) ;
#7052 = DIRECTION ( 'NONE',  ( -0.000000000000000000, -0.000000000000000000, 1.000000000000000000 ) ) ;
#7053 = CARTESIAN_POINT ( 'NONE',  ( -0.7528715711426308133, 0.2477764778270162838, -0.6896122603117946781 ) ) ;
#7054 = LINE ( 'NONE', #1531, #5965 ) ;
#7055 = CARTESIAN_POINT ( 'NONE',  ( -2.000000000000000000, 0.3931374000439445404, -0.01723613881363289871 ) ) ;
#7056 = ADVANCED_FACE ( 'NONE', ( #9629 ), #11454, .F. ) ;
#7057 = ADVANCED_FACE ( 'NONE', ( #4876 ), #8494, .F. ) ;
#7058 = EDGE_LOOP ( 'NONE', ( #6662, #1537, #1367, #5396 ) ) ;
#7059 = CYLINDRICAL_SURFACE ( 'NONE', #3017, 3.000000000000000000 ) ;
#7060 = EDGE_CURVE ( 'NONE', #11528, #4083, #7328, .T. ) ;
#7061 = ORIENTED_EDGE ( 'NONE', *, *, #8997, .T. ) ;
#7062 = CARTESIAN_POINT ( 'NONE',  ( 4.250000000000000000, 0.000000000000000000, 11.00000000000000000 ) ) ;
#7063 = ADVANCED_FACE ( 'NONE', ( #10224 ), #10169, .F. ) ;
#7064 = ORIENTED_EDGE ( 'NONE', *, *, #9605, .F. ) ;
#7065 = ORIENTED_EDGE ( 'NONE', *, *, #8076, .F. ) ;
#7066 =( NAMED_UNIT ( * ) SI_UNIT ( $, .STERADIAN. ) SOLID_ANGLE_UNIT ( ) );
#7067 = DIRECTION ( 'NONE',  ( -0.000000000000000000, 1.224649721909276639E-16, -1.000000000000000000 ) ) ;
#7068 = DIRECTION ( 'NONE',  ( -0.000000000000000000, 0.000000000000000000, 1.000000000000000000 ) ) ;
#7069 = CARTESIAN_POINT ( 'NONE',  ( 0.000000000000000000, 0.000000000000000000, 0.000000000000000000 ) ) ;
#7070 = FACE_BOUND ( 'NONE', #1443, .T. ) ;
#7071 = VERTEX_POINT ( 'NONE', #11119 ) ;
#7072 = DIRECTION ( 'NONE',  ( 0.000000000000000000, 1.000000000000000000, 0.000000000000000000 ) ) ;
#7073 = CIRCLE ( 'NONE', #2514, 1.399999999999980815 ) ;
#7074 = CARTESIAN_POINT ( 'NONE',  ( 8.500000000000000000, 2.500000000000000000, -18.00000000000000355 ) ) ;
#7075 = AXIS2_PLACEMENT_3D ( 'NONE', #2937, #972, #2816 ) ;
#7076 = ADVANCED_FACE ( 'NONE', ( #2323 ), #4117, .T. ) ;
#7077 = CIRCLE ( 'NONE', #9540, 0.5000000000000000000 ) ;
#7078 = CIRCLE ( 'NONE', #2322, 4.000000000000000888 ) ;
#7079 = ADVANCED_FACE ( 'NONE', ( #9510, #6502 ), #2941, .T. ) ;
#7080 = CYLINDRICAL_SURFACE ( 'NONE', #1959, 1.000000000000000000 ) ;
#7081 = EDGE_LOOP ( 'NONE', ( #6086, #8481, #3221, #3057 ) ) ;
#7082 = CLOSED_SHELL ( 'NONE', ( #2292, #2960, #11701, #2530 ) ) ;
#7083 = DIRECTION ( 'NONE',  ( 0.000000000000000000, 0.000000000000000000, 1.000000000000000000 ) ) ;
#7084 = ORIENTED_EDGE ( 'NONE', *, *, #11398, .F. ) ;
#7085 = CARTESIAN_POINT ( 'NONE',  ( 5.500000000000001776, 0.000000000000000000, -4.399999999999872458 ) ) ;
#7086 = CIRCLE ( 'NONE', #4992, 3.000000000000000000 ) ;
#7087 = DIRECTION ( 'NONE',  ( 1.000000000000000000, 0.000000000000000000, 0.000000000000000000 ) ) ;
#7088 = AXIS2_PLACEMENT_3D ( 'NONE', #2964, #8242, #9124 ) ;
#7089 = CARTESIAN_POINT ( 'NONE',  ( 2.000000000000000000, -0.7745510564695445854, -1.521052330702030719 ) ) ;
#7090 = ORIENTED_EDGE ( 'NONE', *, *, #8076, .T. ) ;
#7091 = CIRCLE ( 'NONE', #7844, 2.999999999999999112 ) ;
#7092 = VECTOR ( 'NONE', #9077, 1000.000000000000000 ) ;
#7093 = ORIENTED_EDGE ( 'NONE', *, *, #3975, .T. ) ;
#7094 = AXIS2_PLACEMENT_3D ( 'NONE', #4211, #7823, #3325 ) ;
#7095 = VECTOR ( 'NONE', #4017, 1000.000000000000000 ) ;
#7096 = EDGE_LOOP ( 'NONE', ( #2935, #4846, #7121, #6147, #4258, #6804, #9357, #8837, #10315, #10808 ) ) ;
#7097 = CARTESIAN_POINT ( 'NONE',  ( 8.340852290477400288, -0.3502617553154292462, 1033.600000000006958 ) ) ;
#7098 = CARTESIAN_POINT ( 'NONE',  ( -0.6741496830304615218, 0.1633139160587919470, -0.7494674507636197580 ) ) ;
#7099 = DIRECTION ( 'NONE',  ( 0.000000000000000000, 1.000000000000000000, 0.000000000000000000 ) ) ;
#7100 = DIRECTION ( 'NONE',  ( -0.000000000000000000, 0.000000000000000000, 1.000000000000000000 ) ) ;
#7101 = CARTESIAN_POINT ( 'NONE',  ( -0.6592570625839797582, -1.928778834210483462, -1.600000000000000089 ) ) ;
#7102 = CARTESIAN_POINT ( 'NONE',  ( -1.340742937416024017, 1.535322780927272257, -1.600000000000000977 ) ) ;
#7103 = CIRCLE ( 'NONE', #9728, 3.499999999999999556 ) ;
#7104 = EDGE_LOOP ( 'NONE', ( #848, #3213, #2953, #9995, #8798, #9813, #6472, #3743, #11651, #6277 ) ) ;
#7105 = CARTESIAN_POINT ( 'NONE',  ( -1.672282218993688341, -1.343908487461473733, -1.520662200187637758 ) ) ;
#7106 = APPLICATION_CONTEXT ( 'automotive_design' ) ;
#7107 = EDGE_CURVE ( 'NONE', #6516, #2705, #5761, .T. ) ;
#7108 = DIRECTION ( 'NONE',  ( -1.000000000000000000, 0.000000000000000000, 0.000000000000000000 ) ) ;
#7109 = EDGE_LOOP ( 'NONE', ( #4450, #8881, #3269, #4105 ) ) ;
#7110 = CARTESIAN_POINT ( 'NONE',  ( -2.000000000000003997, 0.9000000000000005773, -5.309401076758396343 ) ) ;
#7111 = VECTOR ( 'NONE', #9792, 1000.000000000000000 ) ;
#7112 = ORIENTED_EDGE ( 'NONE', *, *, #964, .F. ) ;
#7113 = CARTESIAN_POINT ( 'NONE',  ( -0.7853116536265609682, -0.3585538494096699447, -0.6474138478982397471 ) ) ;
#7114 = PLANE ( 'NONE',  #4437 ) ;
#7115 = DIRECTION ( 'NONE',  ( -0.000000000000000000, 1.000000000000000000, -0.000000000000000000 ) ) ;
#7116 = DIRECTION ( 'NONE',  ( 0.8660254037844393737, 0.000000000000000000, 0.4999999999999987788 ) ) ;
#7117 = ORIENTED_EDGE ( 'NONE', *, *, #1697, .T. ) ;
#7118 = DIRECTION ( 'NONE',  ( -1.000000000000000000, -0.000000000000000000, -0.000000000000000000 ) ) ;
#7119 = VERTEX_POINT ( 'NONE', #2050 ) ;
#7120 = DIRECTION ( 'NONE',  ( 0.000000000000000000, 0.000000000000000000, -1.000000000000000000 ) ) ;
#7121 = ORIENTED_EDGE ( 'NONE', *, *, #10952, .F. ) ;
#7122 = VERTEX_POINT ( 'NONE', #1994 ) ;
#7123 = ADVANCED_FACE ( 'NONE', ( #8392, #6618 ), #8280, .F. ) ;
#7124 = CIRCLE ( 'NONE', #2003, 1.000000000000000000 ) ;
#7125 = DIRECTION ( 'NONE',  ( 1.000000000000000000, 0.000000000000000000, 0.000000000000000000 ) ) ;
#7126 = AXIS2_PLACEMENT_3D ( 'NONE', #4956, #443, #1809 ) ;
#7127 = DIRECTION ( 'NONE',  ( -0.000000000000000000, -1.000000000000000000, -0.000000000000000000 ) ) ;
#7128 = CARTESIAN_POINT ( 'NONE',  ( 0.000000000000000000, 23.00000000000000000, 0.000000000000000000 ) ) ;
#7129 = CARTESIAN_POINT ( 'NONE',  ( 0.9526279441628809908, 0.5499999999999998224, -0.2999999999999834466 ) ) ;
#7130 = ORIENTED_EDGE ( 'NONE', *, *, #4660, .F. ) ;
#7131 = CARTESIAN_POINT ( 'NONE',  ( 4.250000000000000000, 0.000000000000000000, 10.00000000000000000 ) ) ;
#7132 = DIRECTION ( 'NONE',  ( 0.000000000000000000, 0.000000000000000000, 1.000000000000000000 ) ) ;
#7133 = AXIS2_PLACEMENT_3D ( 'NONE', #5002, #6021, #8736 ) ;
#7134 = SHAPE_REPRESENTATION ( 'hexa csunk flathd screw_iso_ISO 14581 M2x4x4-S', ( #4873 ), #3032 ) ;
#7135 = EDGE_CURVE ( 'NONE', #8116, #94, #1781, .T. ) ;
#7136 = FACE_BOUND ( 'NONE', #11000, .T. ) ;
#7137 = ORIENTED_EDGE ( 'NONE', *, *, #6042, .F. ) ;
#7138 = EDGE_CURVE ( 'NONE', #7176, #8982, #5553, .T. ) ;
#7139 = CARTESIAN_POINT ( 'NONE',  ( -0.5000000000000000000, 9.199999999999999289, -18.50000000000000355 ) ) ;
#7140 = VECTOR ( 'NONE', #1919, 1000.000000000000000 ) ;
#7141 = VECTOR ( 'NONE', #8204, 1000.000000000000000 ) ;
#7142 = VERTEX_POINT ( 'NONE', #4996 ) ;
#7143 = DIRECTION ( 'NONE',  ( -0.000000000000000000, -0.000000000000000000, -1.000000000000000000 ) ) ;
#7145 = EDGE_CURVE ( 'NONE', #874, #3973, #5617, .T. ) ;
#7144 = LINE ( 'NONE', #6253, #3816 ) ;
#7146 = EDGE_CURVE ( 'NONE', #7281, #4852, #7086, .T. ) ;
#7147 = CARTESIAN_POINT ( 'NONE',  ( 0.2768074057575407032, 0.5680519185244691238, -0.7869771035352067790 ) ) ;
#7148 = EDGE_LOOP ( 'NONE', ( #11696, #11591, #6307, #3773 ) ) ;
#7149 = CIRCLE ( 'NONE', #4301, 1.000000000000000000 ) ;
#7150 = AXIS2_PLACEMENT_3D ( 'NONE', #8493, #10261, #8255 ) ;
#7151 = ORIENTED_EDGE ( 'NONE', *, *, #8374, .F. ) ;
#7152 = ORIENTED_EDGE ( 'NONE', *, *, #394, .T. ) ;
#7153 = SHAPE_DEFINITION_REPRESENTATION ( #11288, #11531 ) ;
#7154 = CARTESIAN_POINT ( 'NONE',  ( 1.836821824868180020, 1.248911501717478334, -1.475759930090789540 ) ) ;
#7155 = DIRECTION ( 'NONE',  ( 0.000000000000000000, 0.000000000000000000, -1.000000000000000000 ) ) ;
#7156 = DIRECTION ( 'NONE',  ( 0.000000000000000000, 0.000000000000000000, -1.000000000000000000 ) ) ;
#7157 = DIRECTION ( 'NONE',  ( 0.000000000000000000, 1.000000000000000000, 0.000000000000000000 ) ) ;
#7158 = STYLED_ITEM ( 'NONE', ( #6719 ), #9104 ) ;
#7159 = ADVANCED_FACE ( 'NONE', ( #9167 ), #8785, .T. ) ;
#7160 = DIRECTION ( 'NONE',  ( 0.000000000000000000, 1.000000000000000000, 0.000000000000000000 ) ) ;
#7161 = VERTEX_POINT ( 'NONE', #5959 ) ;
#7162 = CARTESIAN_POINT ( 'NONE',  ( 0.000000000000000000, 4.898587196589412829E-16, -4.000000000000000000 ) ) ;
#7163 = LINE ( 'NONE', #2591, #11260 ) ;
#7164 = ORIENTED_EDGE ( 'NONE', *, *, #8930, .F. ) ;
#7165 = LINE ( 'NONE', #7382, #6205 ) ;
#7166 = AXIS2_PLACEMENT_3D ( 'NONE', #9897, #1778, #9005 ) ;
#7167 = EDGE_LOOP ( 'NONE', ( #7809, #2065, #2285, #4976 ) ) ;
#7168 = SURFACE_SIDE_STYLE ('',( #6104 ) ) ;
#7169 = CARTESIAN_POINT ( 'NONE',  ( -0.7372415519787292038, -0.4732216720518186426, -0.6399611849858323209 ) ) ;
#7170 = VECTOR ( 'NONE', #7432, 1000.000000000000000 ) ;
#7171 = CARTESIAN_POINT ( 'NONE',  ( 0.000000000000000000, 2.309401076758504701, -0.1786327949540832127 ) ) ;
#7172 = PRODUCT_RELATED_PRODUCT_CATEGORY ( 'part', '', ( #11079 ) ) ;
#7173 = DIRECTION ( 'NONE',  ( 0.000000000000000000, 1.000000000000000000, 0.000000000000000000 ) ) ;
#7174 = VERTEX_POINT ( 'NONE', #4658 ) ;
#7175 = CARTESIAN_POINT ( 'NONE',  ( 2.099999999999999645, 2.821690854684140159, -0.4999999999999991673 ) ) ;
#7176 = VERTEX_POINT ( 'NONE', #9227 ) ;
#7177 = AXIS2_PLACEMENT_3D ( 'NONE', #11083, #6414, #4626 ) ;
#7178 = DIRECTION ( 'NONE',  ( -1.000000000000000000, -0.000000000000000000, -0.000000000000000000 ) ) ;
#7179 = ORIENTED_EDGE ( 'NONE', *, *, #6997, .T. ) ;
#7180 = ORIENTED_EDGE ( 'NONE', *, *, #4601, .F. ) ;
#7181 = CARTESIAN_POINT ( 'NONE',  ( -1.672282218993687675, -1.343908487461474177, -0.07933779981236170620 ) ) ;
#7182 = DIRECTION ( 'NONE',  ( 1.000000000000000000, 0.000000000000000000, 0.000000000000000000 ) ) ;
#7183 = LINE ( 'NONE', #10790, #2608 ) ;
#7184 = DIRECTION ( 'NONE',  ( -1.000000000000000000, 0.000000000000000000, 0.000000000000000000 ) ) ;
#7185 = ORIENTED_EDGE ( 'NONE', *, *, #5813, .F. ) ;
#7186 = FACE_OUTER_BOUND ( 'NONE', #11553, .T. ) ;
#7187 = CARTESIAN_POINT ( 'NONE',  ( -2.000000000000000000, 0.000000000000000000, -18.00000000000000355 ) ) ;
#7188 = DIRECTION ( 'NONE',  ( 0.000000000000000000, 0.000000000000000000, -1.000000000000000000 ) ) ;
#7189 = ORIENTED_EDGE ( 'NONE', *, *, #11110, .T. ) ;
#7190 = ORIENTED_EDGE ( 'NONE', *, *, #9199, .T. ) ;
#7191 = DIRECTION ( 'NONE',  ( 1.000000000000000000, 0.000000000000000000, 0.000000000000000000 ) ) ;
#7192 = DIRECTION ( 'NONE',  ( 0.000000000000000000, 0.000000000000000000, -1.000000000000000000 ) ) ;
#7193 = ORIENTED_EDGE ( 'NONE', *, *, #10293, .T. ) ;
#7194 = CARTESIAN_POINT ( 'NONE',  ( 0.5186766272845236836, 0.5064721182257589938, -0.7302883291087556294 ) ) ;
#7195 = EDGE_CURVE ( 'NONE', #10908, #7736, #6148, .T. ) ;
#7196 = ADVANCED_FACE ( 'NONE', ( #7442 ), #487, .F. ) ;
#7197 = ORIENTED_EDGE ( 'NONE', *, *, #10904, .F. ) ;
#7198 = B_SPLINE_CURVE_WITH_KNOTS ( 'NONE', 3,
 ( #10749, #9757, #4533, #3460 ),
 .UNSPECIFIED., .F., .F.,
 ( 4, 4 ),
 ( 2.380749485071512786E-07, 0.001168606431211099582 ),
 .UNSPECIFIED. ) ;
#7199 = AXIS2_PLACEMENT_3D ( 'NONE', #5975, #9592, #1571 ) ;
#7200 = EDGE_CURVE ( 'NONE', #566, #9960, #3002, .T. ) ;
#7201 =( LENGTH_UNIT ( ) NAMED_UNIT ( * ) SI_UNIT ( .MILLI., .METRE. ) );
#7202 = ADVANCED_FACE ( 'NONE', ( #10741 ), #6964, .F. ) ;
#7203 = ORIENTED_EDGE ( 'NONE', *, *, #638, .T. ) ;
#7204 = APPLICATION_PROTOCOL_DEFINITION ( 'draft international standard', 'automotive_design', 1998, #3011 ) ;
#7205 = DIRECTION ( 'NONE',  ( -0.000000000000000000, -0.000000000000000000, 1.000000000000000000 ) ) ;
#7206 = DIRECTION ( 'NONE',  ( -0.000000000000000000, -0.000000000000000000, -1.000000000000000000 ) ) ;
#7207 = CARTESIAN_POINT ( 'NONE',  ( -1.000000000000000000, 0.000000000000000000, 1.000000000000000000 ) ) ;
#7208 = FACE_OUTER_BOUND ( 'NONE', #4537, .T. ) ;
#7209 = CYLINDRICAL_SURFACE ( 'NONE', #10963, 1.099999999999998757 ) ;
#7210 = ORIENTED_EDGE ( 'NONE', *, *, #8059, .F. ) ;
#7211 = VERTEX_POINT ( 'NONE', #7908 ) ;
#7212 = LINE ( 'NONE', #10820, #4783 ) ;
#7213 = DIRECTION ( 'NONE',  ( 1.000000000000000000, 0.000000000000000000, 0.000000000000000000 ) ) ;
#7214 = CIRCLE ( 'NONE', #8730, 1.999999999999999556 ) ;
#7215 = VERTEX_POINT ( 'NONE', #10681 ) ;
#7216 = ADVANCED_FACE ( 'NONE', ( #1677 ), #7080, .F. ) ;
#7217 = PLANE ( 'NONE',  #9619 ) ;
#7218 = EDGE_CURVE ( 'NONE', #11621, #556, #3295, .T. ) ;
#7219 = EDGE_LOOP ( 'NONE', ( #4454, #746, #5647, #8628 ) ) ;
#7220 =( LENGTH_UNIT ( ) NAMED_UNIT ( * ) SI_UNIT ( .MILLI., .METRE. ) );
#7221 = DIRECTION ( 'NONE',  ( 1.000000000000000000, -0.000000000000000000, -0.000000000000000000 ) ) ;
#7222 = CARTESIAN_POINT ( 'NONE',  ( 0.000000000000000000, 4.738805170303855086E-16, -3.469518839163146406 ) ) ;
#7223 = CARTESIAN_POINT ( 'NONE',  ( 0.6592570625839772047, 1.928778834210482351, -1.600000000000001421 ) ) ;
#7224 = CARTESIAN_POINT ( 'NONE',  ( 0.000000000000000000, 0.000000000000000000, 0.000000000000000000 ) ) ;
#7225 = CIRCLE ( 'NONE', #1034, 1.000000000000000000 ) ;
#7226 = ORIENTED_EDGE ( 'NONE', *, *, #10076, .T. ) ;
#7227 = CARTESIAN_POINT ( 'NONE',  ( 0.000000000000000000, 0.000000000000000000, 0.000000000000000000 ) ) ;
#7228 = ORIENTED_EDGE ( 'NONE', *, *, #10921, .T. ) ;
#7229 = DIRECTION ( 'NONE',  ( -0.000000000000000000, -0.000000000000000000, -1.000000000000000000 ) ) ;
#7230 = ORIENTED_EDGE ( 'NONE', *, *, #93, .F. ) ;
#7231 = CARTESIAN_POINT ( 'NONE',  ( -1.999999999999999556, -0.3889866277140360817, -0.01677217554083886356 ) ) ;
#7232 = VERTEX_POINT ( 'NONE', #6192 ) ;
#7233 = VECTOR ( 'NONE', #1477, 1000.000000000000000 ) ;
#7234 = CARTESIAN_POINT ( 'NONE',  ( 3.500000000000000000, 0.000000000000000000, -24.00000000000000000 ) ) ;
#7235 = PLANE ( 'NONE',  #4938 ) ;
#7236 = DIRECTION ( 'NONE',  ( 1.000000000000000000, 0.000000000000000000, 0.000000000000000000 ) ) ;
#7237 = CARTESIAN_POINT ( 'NONE',  ( 0.000000000000000000, 0.000000000000000000, 0.000000000000000000 ) ) ;
#7238 = ORIENTED_EDGE ( 'NONE', *, *, #6191, .F. ) ;
#7239 = CARTESIAN_POINT ( 'NONE',  ( 1.169735307079673214, 1.634054082335443692, 1.229256564702802973E-15 ) ) ;
#7240 = CARTESIAN_POINT ( 'NONE',  ( 5.500000000000001776, -0.8000000000000211386, -2.999999999999891642 ) ) ;
#7241 = DIRECTION ( 'NONE',  ( -0.000000000000000000, 1.224649721909276639E-16, -1.000000000000000000 ) ) ;
#7242 = EDGE_LOOP ( 'NONE', ( #5185, #8771 ) ) ;
#7243 = CIRCLE ( 'NONE', #3648, 1.099999999999996758 ) ;
#7244 = DIRECTION ( 'NONE',  ( -0.000000000000000000, 1.224649721909276639E-16, -1.000000000000000000 ) ) ;
#7245 = DIRECTION ( 'NONE',  ( 1.000000000000000000, 0.000000000000000000, 0.000000000000000000 ) ) ;
#7246 = VERTEX_POINT ( 'NONE', #7021 ) ;
#7247 = CARTESIAN_POINT ( 'NONE',  ( 0.000000000000000000, 0.000000000000000000, -0.1291166393111907729 ) ) ;
#7248 = CIRCLE ( 'NONE', #3839, 1.999999999999999556 ) ;
#7249 = ORIENTED_EDGE ( 'NONE', *, *, #2893, .F. ) ;
#7250 = VECTOR ( 'NONE', #297, 1000.000000000000000 ) ;
#7251 = SHAPE_DEFINITION_REPRESENTATION ( #486, #7872 ) ;
#7252 = VECTOR ( 'NONE', #314, 1000.000000000000000 ) ;
#7253 = ADVANCED_FACE ( 'NONE', ( #7845, #11521, #9634, #7136 ), #2564, .T. ) ;
#7254 = LINE ( 'NONE', #10870, #2758 ) ;
#7255 = CARTESIAN_POINT ( 'NONE',  ( 4.250000000000000000, 0.000000000000000000, 0.000000000000000000 ) ) ;
#7256 = ADVANCED_FACE ( 'NONE', ( #5294 ), #4051, .T. ) ;
#7257 = CARTESIAN_POINT ( 'NONE',  ( 0.7812177826603308173, 0.3001387394294851019, -0.6636427796626199749 ) ) ;
#7258 = CARTESIAN_POINT ( 'NONE',  ( 1.000000000000000444, 1.224646799147353947E-16, 0.000000000000000000 ) ) ;
#7259 = FACE_BOUND ( 'NONE', #8905, .T. ) ;
#7260 = AXIS2_PLACEMENT_3D ( 'NONE', #10948, #8396, #8575 ) ;
#7261 = EDGE_CURVE ( 'NONE', #8642, #8915, #3280, .T. ) ;
#7262 = ORIENTED_EDGE ( 'NONE', *, *, #4298, .T. ) ;
#7263 =( NAMED_UNIT ( * ) SI_UNIT ( $, .STERADIAN. ) SOLID_ANGLE_UNIT ( ) );
#7264 = AXIS2_PLACEMENT_3D ( 'NONE', #10944, #9283, #10110 ) ;
#7265 = VECTOR ( 'NONE', #7178, 1000.000000000000000 ) ;
#7266 = DIRECTION ( 'NONE',  ( 0.000000000000000000, 0.000000000000000000, 1.000000000000000000 ) ) ;
#7267 = VECTOR ( 'NONE', #7530, 1000.000000000000227 ) ;
#7268 = ORIENTED_EDGE ( 'NONE', *, *, #6475, .T. ) ;
#7269 = FACE_BOUND ( 'NONE', #9121, .T. ) ;
#7270 = ORIENTED_EDGE ( 'NONE', *, *, #3014, .T. ) ;
#7271 = VECTOR ( 'NONE', #740, 1000.000000000000000 ) ;
#7272 = ADVANCED_FACE ( 'NONE', ( #1618 ), #8035, .F. ) ;
#7273 = CARTESIAN_POINT ( 'NONE',  ( -0.5000000000000000000, 9.199999999999999289, -22.50000000000000355 ) ) ;
#7274 = PLANE ( 'NONE',  #9559 ) ;
#7275 = CARTESIAN_POINT ( 'NONE',  ( 3.500000000000000000, 23.00000000000000000, 0.000000000000000000 ) ) ;
#7276 = FACE_OUTER_BOUND ( 'NONE', #3928, .T. ) ;
#7277 = CIRCLE ( 'NONE', #3685, 3.500000000000000000 ) ;
#7278 = DIRECTION ( 'NONE',  ( 0.000000000000000000, 0.000000000000000000, 1.000000000000000000 ) ) ;
#7279 = ADVANCED_FACE ( 'NONE', ( #5232 ), #9686, .F. ) ;
#7280 = EDGE_CURVE ( 'NONE', #5707, #5780, #4695, .T. ) ;
#7281 = VERTEX_POINT ( 'NONE', #3520 ) ;
#7282 = PLANE ( 'NONE',  #10657 ) ;
#7283 = ORIENTED_EDGE ( 'NONE', *, *, #4887, .T. ) ;
#7284 = CARTESIAN_POINT ( 'NONE',  ( -2.000000000000000000, 0.7788341705667901627, -0.07984828284772985119 ) ) ;
#7285 = ORIENTED_EDGE ( 'NONE', *, *, #4313, .T. ) ;
#7286 = LINE ( 'NONE', #10126, #9633 ) ;
#7287 = EDGE_LOOP ( 'NONE', ( #8878, #6167 ) ) ;
#7288 = SURFACE_SIDE_STYLE ('',( #6350 ) ) ;
#7289 = CARTESIAN_POINT ( 'NONE',  ( 0.000000000000000000, 0.000000000000000000, -0.1540456584061371259 ) ) ;
#7290 = DIRECTION ( 'NONE',  ( -0.8660254037844393737, 0.000000000000000000, 0.4999999999999985567 ) ) ;
#7291 = CARTESIAN_POINT ( 'NONE',  ( -0.8302646929203288950, 1.830047532802310029, -1.600000000000000755 ) ) ;
#7292 = FACE_OUTER_BOUND ( 'NONE', #8119, .T. ) ;
#7293 = STYLED_ITEM ( 'NONE', ( #3229 ), #1077 ) ;
#7294 = ADVANCED_FACE ( 'NONE', ( #659 ), #10493, .T. ) ;
#7295 = VERTEX_POINT ( 'NONE', #546 ) ;
#7296 = DIRECTION ( 'NONE',  ( -0.000000000000000000, 0.000000000000000000, -1.000000000000000000 ) ) ;
#7297 = CARTESIAN_POINT ( 'NONE',  ( -2.000000000000000000, 0.2999999999999825584, -22.09999999999990550 ) ) ;
#7298 = VECTOR ( 'NONE', #2536, 1000.000000000000000 ) ;
#7299 = FACE_OUTER_BOUND ( 'NONE', #1567, .T. ) ;
#7300 = EDGE_LOOP ( 'NONE', ( #7193, #1859, #790 ) ) ;
#7301 = DIRECTION ( 'NONE',  ( -0.8660254037844380415, 0.000000000000000000, 0.5000000000000013323 ) ) ;
#7302 = CARTESIAN_POINT ( 'NONE',  ( 0.000000000000000000, 1.000000000000000444, -3.730481160836854215 ) ) ;
#7303 = CARTESIAN_POINT ( 'NONE',  ( 3.499999999999996003, 2.500000000000000000, -1.845299461620641512 ) ) ;
#7304 = EDGE_CURVE ( 'NONE', #7654, #3614, #9745, .T. ) ;
#7305 = AXIS2_PLACEMENT_3D ( 'NONE', #2171, #8395, #1998 ) ;
#7306 = ORIENTED_EDGE ( 'NONE', *, *, #4453, .F. ) ;
#7307 = LINE ( 'NONE', #730, #5459 ) ;
#7308 = B_SPLINE_CURVE_WITH_KNOTS ( 'NONE', 3,
 ( #4969, #6580, #9481, #5808, #1222, #5928 ),
 .UNSPECIFIED., .F., .F.,
 ( 4, 2, 4 ),
 ( 0.001168606431211103485, 0.001750609284260044515, 0.002332612137308985329 ),
 .UNSPECIFIED. ) ;
#7309 = EDGE_CURVE ( 'NONE', #9527, #6971, #8849, .T. ) ;
#7310 =( NAMED_UNIT ( * ) PLANE_ANGLE_UNIT ( ) SI_UNIT ( $, .RADIAN. ) );
#7311 = VECTOR ( 'NONE', #9748, 1000.000000000000000 ) ;
#7312 = CIRCLE ( 'NONE', #3351, 1.099999999999996758 ) ;
#7313 = ORIENTED_EDGE ( 'NONE', *, *, #373, .F. ) ;
#7314 = PRODUCT_CONTEXT ( 'NONE', #5826, 'mechanical' ) ;
#7315 = CARTESIAN_POINT ( 'NONE',  ( 0.9526279441628806577, -0.5500000000000001554, -1.600000000000000089 ) ) ;
#7316 = CARTESIAN_POINT ( 'NONE',  ( -0.8302646929203288950, 1.830047532802310029, -1.600000000000000755 ) ) ;
#7317 = CARTESIAN_POINT ( 'NONE',  ( 0.000000000000000000, 0.000000000000000000, -1.600000000000000089 ) ) ;
#7318 = CARTESIAN_POINT ( 'NONE',  ( -4.987329993433320396E-15, -2.309401076758504701, -0.1786327949540832127 ) ) ;
#7319 = FACE_OUTER_BOUND ( 'NONE', #10196, .T. ) ;
#7320 = AXIS2_PLACEMENT_3D ( 'NONE', #6443, #8278, #918 ) ;
#7321 = VERTEX_POINT ( 'NONE', #598 ) ;
#7322 = CIRCLE ( 'NONE', #5635, 1.000000000000000000 ) ;
#7323 = DIRECTION ( 'NONE',  ( -1.000000000000000000, -0.000000000000000000, -0.000000000000000000 ) ) ;
#7324 = DIRECTION ( 'NONE',  ( -1.000000000000000000, -0.000000000000000000, -0.000000000000000000 ) ) ;
#7325 = EDGE_CURVE ( 'NONE', #1649, #685, #8971, .T. ) ;
#7326 = VERTEX_POINT ( 'NONE', #10915 ) ;
#7327 = DIRECTION ( 'NONE',  ( -0.000000000000000000, -1.000000000000000000, -0.000000000000000000 ) ) ;
#7328 = LINE ( 'NONE', #4771, #10665 ) ;
#7329 = ORIENTED_EDGE ( 'NONE', *, *, #1299, .T. ) ;
#7330 = DIRECTION ( 'NONE',  ( 0.000000000000000000, 0.000000000000000000, 1.000000000000000000 ) ) ;
#7331 = DIRECTION ( 'NONE',  ( 0.000000000000000000, 0.000000000000000000, -1.000000000000000000 ) ) ;
#7332 = AXIS2_PLACEMENT_3D ( 'NONE', #8598, #3147, #6768 ) ;
#7333 = CARTESIAN_POINT ( 'NONE',  ( 0.000000000000000000, 0.000000000000000000, 0.000000000000000000 ) ) ;
#7334 = CARTESIAN_POINT ( 'NONE',  ( 2.000000000000000000, 3.673940397442060361E-16, -3.000000000000000444 ) ) ;
#7335 = CARTESIAN_POINT ( 'NONE',  ( -2.000000000000000000, -1.154700538379252794, -1.600000000000000089 ) ) ;
#7336 = ORIENTED_EDGE ( 'NONE', *, *, #4636, .T. ) ;
#7337 = DIRECTION ( 'NONE',  ( -0.5000000000000004441, 0.8660254037844383745, 0.000000000000000000 ) ) ;
#7338 = ADVANCED_FACE ( 'NONE', ( #6474 ), #1796, .T. ) ;
#7339 = ORIENTED_EDGE ( 'NONE', *, *, #6625, .T. ) ;
#7340 = LINE ( 'NONE', #10238, #8228 ) ;
#7341 = EDGE_CURVE ( 'NONE', #10536, #5121, #836, .T. ) ;
#7342 = CONICAL_SURFACE ( 'NONE', #6401, 0.7799999999999996936, 0.9599310885968785900 ) ;
#7343 = ADVANCED_FACE ( 'NONE', ( #7299 ), #1063, .T. ) ;
#7344 = ORIENTED_EDGE ( 'NONE', *, *, #1704, .F. ) ;
#7345 = CARTESIAN_POINT ( 'NONE',  ( 0.000000000000000000, -0.9999999999999995559, -3.869518839163146762 ) ) ;
#7346 = CONICAL_SURFACE ( 'NONE', #11136, 2.000000000000000000, 1.047197551196595855 ) ;
#7347 = VERTEX_POINT ( 'NONE', #2794 ) ;
#7348 = PRESENTATION_STYLE_ASSIGNMENT (( #3734 ) ) ;
#7349 = ADVANCED_FACE ( 'NONE', ( #8253 ), #9133, .F. ) ;
#7350 = EDGE_CURVE ( 'NONE', #6231, #6173, #7363, .T. ) ;
#7351 = CARTESIAN_POINT ( 'NONE',  ( -1.000000000000000888, 1.732050807568876749, 0.000000000000000000 ) ) ;
#7352 = FILL_AREA_STYLE_COLOUR ( '', #667 ) ;
#7353 = DIRECTION ( 'NONE',  ( -0.000000000000000000, -0.000000000000000000, 1.000000000000000000 ) ) ;
#7354 = CARTESIAN_POINT ( 'NONE',  ( -1.000000000000000888, 1.732050807568876749, -1.600000000000000089 ) ) ;
#7355 = DIRECTION ( 'NONE',  ( -0.8660254037844381525, 0.5000000000000007772, 0.000000000000000000 ) ) ;
#7356 = CIRCLE ( 'NONE', #2623, 1.999999999999999556 ) ;
#7357 = ORIENTED_EDGE ( 'NONE', *, *, #8365, .T. ) ;
#7358 = CARTESIAN_POINT ( 'NONE',  ( 1.340742937416024905, -1.535322780927274700, -1.599999999999999867 ) ) ;
#7359 = FACE_OUTER_BOUND ( 'NONE', #5891, .T. ) ;
#7360 = UNCERTAINTY_MEASURE_WITH_UNIT (LENGTH_MEASURE( 1.000000000000000082E-05 ), #7201, 'distance_accuracy_value', 'NONE');
#7361 = ORIENTED_EDGE ( 'NONE', *, *, #2552, .F. ) ;
#7362 = EDGE_CURVE ( 'NONE', #1359, #5504, #8606, .T. ) ;
#7364 = VECTOR ( 'NONE', #3436, 1000.000000000000000 ) ;
#7363 = LINE ( 'NONE', #7418, #7463 ) ;
#7365 = VERTEX_POINT ( 'NONE', #6302 ) ;
#7366 = PLANE ( 'NONE',  #7150 ) ;
#7367 = CARTESIAN_POINT ( 'NONE',  ( 4.099999999999999645, 2.821690854684141936, -0.8999999999999992450 ) ) ;
#7368 = CARTESIAN_POINT ( 'NONE',  ( 3.499999999999998668, 2.500000000000000000, -22.15470053837915998 ) ) ;
#7369 = ORIENTED_EDGE ( 'NONE', *, *, #5316, .F. ) ;
#7370 = CARTESIAN_POINT ( 'NONE',  ( 1.086261710843702231E-16, -0.7739999999999994662, -3.600000000000000089 ) ) ;
#7371 = ORIENTED_EDGE ( 'NONE', *, *, #11699, .T. ) ;
#7372 = CARTESIAN_POINT ( 'NONE',  ( -1.999999999999999556, 0.000000000000000000, 0.000000000000000000 ) ) ;
#7373 = DIRECTION ( 'NONE',  ( -0.000000000000000000, 1.000000000000000000, 0.000000000000000000 ) ) ;
#7374 = CARTESIAN_POINT ( 'NONE',  ( -2.000000000000002665, 0.8999999999999995781, -23.30940107675841233 ) ) ;
#7375 = FACE_BOUND ( 'NONE', #901, .T. ) ;
#7376 = DIRECTION ( 'NONE',  ( 0.000000000000000000, 0.000000000000000000, 1.000000000000000000 ) ) ;
#7377 = ORIENTED_EDGE ( 'NONE', *, *, #1464, .F. ) ;
#7378 = DIRECTION ( 'NONE',  ( -0.000000000000000000, -1.000000000000000000, -0.000000000000000000 ) ) ;
#7379 =( GEOMETRIC_REPRESENTATION_CONTEXT ( 3 ) GLOBAL_UNCERTAINTY_ASSIGNED_CONTEXT ( ( #7918 ) ) GLOBAL_UNIT_ASSIGNED_CONTEXT ( ( #9405, #6680, #8456 ) ) REPRESENTATION_CONTEXT ( 'NONE', 'WORKASPACE' ) );
#7380 = DIRECTION ( 'NONE',  ( 1.000000000000000000, 0.000000000000000000, 0.000000000000000000 ) ) ;
#7381 = ORIENTED_EDGE ( 'NONE', *, *, #1958, .T. ) ;
#7382 = CARTESIAN_POINT ( 'NONE',  ( 0.000000000000000000, 2.500000000000000000, -6.000000000000000000 ) ) ;
#7383 = CARTESIAN_POINT ( 'NONE',  ( 4.000000000000000000, 9.199999999999999289, -18.50000000000000355 ) ) ;
#7384 = ORIENTED_EDGE ( 'NONE', *, *, #10889, .F. ) ;
#7385 = PRODUCT ( 'Rolamento', 'Rolamento', '', ( #3758 ) ) ;
#7386 = SURFACE_STYLE_FILL_AREA ( #8223 ) ;
#7387 = CARTESIAN_POINT ( 'NONE',  ( 0.000000000000000000, 0.000000000000000000, -1.600000000000000089 ) ) ;
#7388 = CARTESIAN_POINT ( 'NONE',  ( -1.000000000000000000, 9.629649721936179265E-32, -3.469518839163146406 ) ) ;
#7389 = DIRECTION ( 'NONE',  ( 1.000000000000000000, 0.000000000000000000, 0.000000000000000000 ) ) ;
#7390 = PRODUCT_DEFINITION_FORMATION_WITH_SPECIFIED_SOURCE ( 'ANY', '', #1330, .NOT_KNOWN. ) ;
#7391 = CARTESIAN_POINT ( 'NONE',  ( -2.000000000000000000, 1.154700538379251240, -1.600000000000000089 ) ) ;
#7392 = LINE ( 'NONE', #1149, #10040 ) ;
#7393 = EDGE_CURVE ( 'NONE', #8513, #1941, #1283, .T. ) ;
#7394 = VERTEX_POINT ( 'NONE', #1904 ) ;
#7395 = DIRECTION ( 'NONE',  ( -0.000000000000000000, 1.224649721909276639E-16, -1.000000000000000000 ) ) ;
#7396 = AXIS2_PLACEMENT_3D ( 'NONE', #5502, #11127, #6573 ) ;
#7397 = EDGE_LOOP ( 'NONE', ( #10979, #1300, #3911 ) ) ;
#7398 = DIRECTION ( 'NONE',  ( 0.000000000000000000, 0.000000000000000000, 1.000000000000000000 ) ) ;
#7399 = ORIENTED_EDGE ( 'NONE', *, *, #11097, .F. ) ;
#7400 = DIRECTION ( 'NONE',  ( -0.5000000000000004441, 0.8660254037844383745, 0.000000000000000000 ) ) ;
#7401 = ORIENTED_EDGE ( 'NONE', *, *, #10310, .T. ) ;
#7402 = DIRECTION ( 'NONE',  ( 0.000000000000000000, 0.000000000000000000, 1.000000000000000000 ) ) ;
#7403 = CIRCLE ( 'NONE', #3250, 10.00000000000000000 ) ;
#7404 = DIRECTION ( 'NONE',  ( 0.000000000000000000, 0.000000000000000000, 1.000000000000000000 ) ) ;
#7405 = CARTESIAN_POINT ( 'NONE',  ( 0.000000000000000000, 0.000000000000000000, -0.3000000000000172529 ) ) ;
#7406 = EDGE_CURVE ( 'NONE', #644, #7811, #6363, .T. ) ;
#7407 = EDGE_CURVE ( 'NONE', #7739, #3352, #2678, .T. ) ;
#7408 = EDGE_CURVE ( 'NONE', #7596, #11351, #2353, .T. ) ;
#7409 = FACE_OUTER_BOUND ( 'NONE', #6917, .T. ) ;
#7410 = CARTESIAN_POINT ( 'NONE',  ( 7.500000000000000888, 2.500000000000000000, -4.154700538379145769 ) ) ;
#7411 = EDGE_LOOP ( 'NONE', ( #3683, #1209, #2137 ) ) ;
#7412 = CARTESIAN_POINT ( 'NONE',  ( 1.000000000000000000, 9.199999999999999289, -18.50000000000000355 ) ) ;
#7413 = EDGE_CURVE ( 'NONE', #6816, #9079, #295, .T. ) ;
#7414 = ORIENTED_EDGE ( 'NONE', *, *, #10822, .T. ) ;
#7415 = DIRECTION ( 'NONE',  ( 1.000000000000000000, 0.000000000000000000, 0.000000000000000000 ) ) ;
#7416 = AXIS2_PLACEMENT_3D ( 'NONE', #785, #8800, #6913 ) ;
#7417 = ORIENTED_EDGE ( 'NONE', *, *, #10310, .F. ) ;
#7418 = CARTESIAN_POINT ( 'NONE',  ( -0.7799999999999996936, 9.552245033349351121E-17, -0.1540456584061371259 ) ) ;
#7419 = CARTESIAN_POINT ( 'NONE',  ( -11.31370849898476116, 7.500000000000000000, -6.116139535669825378 ) ) ;
#7420 = EDGE_CURVE ( 'NONE', #3296, #4898, #5526, .T. ) ;
#7421 = DIRECTION ( 'NONE',  ( -0.000000000000000000, -1.000000000000000000, 0.000000000000000000 ) ) ;
#7422 = CARTESIAN_POINT ( 'NONE',  ( -2.000000000000000000, 0.000000000000000000, 0.000000000000000000 ) ) ;
#7423 = EDGE_LOOP ( 'NONE', ( #6521, #7185, #3044, #441 ) ) ;
#7424 = CARTESIAN_POINT ( 'NONE',  ( 0.7799999999999996936, 0.000000000000000000, -0.1540456584061371259 ) ) ;
#7425 = EDGE_CURVE ( 'NONE', #3903, #4493, #7225, .T. ) ;
#7426 = EDGE_CURVE ( 'NONE', #11504, #7365, #8243, .T. ) ;
#7427 = VERTEX_POINT ( 'NONE', #2912 ) ;
#7428 = DIRECTION ( 'NONE',  ( -1.000000000000000000, -0.000000000000000000, -0.000000000000000000 ) ) ;
#7429 = DIRECTION ( 'NONE',  ( 1.000000000000000000, 0.000000000000000000, 0.000000000000000000 ) ) ;
#7430 = DIRECTION ( 'NONE',  ( 1.000000000000000000, -0.000000000000000000, -0.000000000000000000 ) ) ;
#7431 = VECTOR ( 'NONE', #5079, 1000.000000000000000 ) ;
#7432 = DIRECTION ( 'NONE',  ( 0.000000000000000000, 0.000000000000000000, 1.000000000000000000 ) ) ;
#7433 = ADVANCED_FACE ( 'NONE', ( #5352 ), #7680, .F. ) ;
#7434 = ORIENTED_EDGE ( 'NONE', *, *, #11561, .T. ) ;
#7435 = CIRCLE ( 'NONE', #1566, 1.000000000000000000 ) ;
#7436 = DIRECTION ( 'NONE',  ( -1.000000000000000000, -0.000000000000000000, -0.000000000000000000 ) ) ;
#7437 = CIRCLE ( 'NONE', #4233, 1.999999999999999556 ) ;
#7438 = ORIENTED_EDGE ( 'NONE', *, *, #1637, .T. ) ;
#7439 = VECTOR ( 'NONE', #6265, 1000.000000000000000 ) ;
#7440 = CIRCLE ( 'NONE', #8777, 1.999999999999999556 ) ;
#7441 = CARTESIAN_POINT ( 'NONE',  ( -2.000000000000000000, -0.8000000000000194733, -20.99999999999990763 ) ) ;
#7442 = FACE_OUTER_BOUND ( 'NONE', #4256, .T. ) ;
#7443 = ORIENTED_EDGE ( 'NONE', *, *, #5684, .F. ) ;
#7444 = CARTESIAN_POINT ( 'NONE',  ( 0.000000000000000000, 4.738805170303855086E-16, -1.869518839163146762 ) ) ;
#7445 = DIRECTION ( 'NONE',  ( 0.000000000000000000, 0.000000000000000000, 1.000000000000000000 ) ) ;
#7446 = AXIS2_PLACEMENT_3D ( 'NONE', #10648, #7052, #5887 ) ;
#7447 = LINE ( 'NONE', #1213, #5582 ) ;
#7448 = CARTESIAN_POINT ( 'NONE',  ( 1.550000000000000266, 17.00000000000000000, -8.732195743157015855 ) ) ;
#7449 = DIRECTION ( 'NONE',  ( 0.000000000000000000, 0.000000000000000000, 1.000000000000000000 ) ) ;
#7450 = AXIS2_PLACEMENT_3D ( 'NONE', #2107, #6444, #10999 ) ;
#7451 = CONICAL_SURFACE ( 'NONE', #3298, 2.200000000000000622, 0.7853981633974473908 ) ;
#7452 = EDGE_CURVE ( 'NONE', #5974, #1744, #4551, .T. ) ;
#7453 = AXIS2_PLACEMENT_3D ( 'NONE', #579, #4029, #5814 ) ;
#7454 = ORIENTED_EDGE ( 'NONE', *, *, #9470, .T. ) ;
#7455 = DIRECTION ( 'NONE',  ( 1.000000000000000000, -0.000000000000000000, -0.000000000000000000 ) ) ;
#7456 = ORIENTED_EDGE ( 'NONE', *, *, #5719, .T. ) ;
#7457 = CARTESIAN_POINT ( 'NONE',  ( -5.000000000000000000, 2.500000000000000000, -18.00000000000000355 ) ) ;
#7458 = AXIS2_PLACEMENT_3D ( 'NONE', #5445, #11063, #6506 ) ;
#7459 = ORIENTED_EDGE ( 'NONE', *, *, #543, .F. ) ;
#7460 = CARTESIAN_POINT ( 'NONE',  ( 3.000000000000000000, 0.000000000000000000, 0.000000000000000000 ) ) ;
#7461 = ORIENTED_EDGE ( 'NONE', *, *, #2637, .T. ) ;
#7462 = ADVANCED_FACE ( 'NONE', ( #2976 ), #3988, .T. ) ;
#7463 = VECTOR ( 'NONE', #3691, 1000.000000000000114 ) ;
#7464 =( NAMED_UNIT ( * ) PLANE_ANGLE_UNIT ( ) SI_UNIT ( $, .RADIAN. ) );
#7465 = AXIS2_PLACEMENT_3D ( 'NONE', #211, #4784, #271 ) ;
#7466 = LINE ( 'NONE', #4971, #10698 ) ;
#7467 = AXIS2_PLACEMENT_3D ( 'NONE', #204, #2825, #11065 ) ;
#7468 = CARTESIAN_POINT ( 'NONE',  ( -0.6299130951762662578, 0.5277252221084173245, -0.6723906046483473231 ) ) ;
#7469 = CARTESIAN_POINT ( 'NONE',  ( 0.000000000000000000, 0.000000000000000000, -1.600000000000000089 ) ) ;
#7470 = DIRECTION ( 'NONE',  ( 0.000000000000000000, 0.000000000000000000, 1.000000000000000000 ) ) ;
#7471 = CARTESIAN_POINT ( 'NONE',  ( 1.000000000000000444, -1.732050807568876971, 0.000000000000000000 ) ) ;
#7472 = ORIENTED_EDGE ( 'NONE', *, *, #4131, .T. ) ;
#7473 = VECTOR ( 'NONE', #3359, 1000.000000000000114 ) ;
#7474 = CARTESIAN_POINT ( 'NONE',  ( 3.499999999999999556, 0.8999999999999998002, -19.84529946162065528 ) ) ;
#7475 = UNCERTAINTY_MEASURE_WITH_UNIT (LENGTH_MEASURE( 1.000000000000000082E-05 ), #6171, 'distance_accuracy_value', 'NONE');
#7476 = ORIENTED_EDGE ( 'NONE', *, *, #10921, .F. ) ;
#7477 = CARTESIAN_POINT ( 'NONE',  ( 2.000000000000000000, 1.154700538379254349, -1.421367205045916737 ) ) ;
#7478 = ORIENTED_EDGE ( 'NONE', *, *, #10164, .F. ) ;
#7479 = ADVANCED_FACE ( 'NONE', ( #417 ), #1302, .T. ) ;
#7480 = APPLICATION_CONTEXT ( 'automotive_design' ) ;
#7481 = ORIENTED_EDGE ( 'NONE', *, *, #10739, .T. ) ;
#7482 = DIRECTION ( 'NONE',  ( 0.000000000000000000, 1.000000000000000000, 0.000000000000000000 ) ) ;
#7483 = AXIS2_PLACEMENT_3D ( 'NONE', #3444, #7067, #5222 ) ;
#7484 = VERTEX_POINT ( 'NONE', #4929 ) ;
#7485 = LINE ( 'NONE', #4697, #6391 ) ;
#7486 = LINE ( 'NONE', #10031, #11615 ) ;
#7487 = ORIENTED_EDGE ( 'NONE', *, *, #3061, .F. ) ;
#7488 = FACE_BOUND ( 'NONE', #5535, .T. ) ;
#7489 = VECTOR ( 'NONE', #2249, 1000.000000000000000 ) ;
#7490 = CIRCLE ( 'NONE', #9950, 10.00000000000000000 ) ;
#7491 = EDGE_CURVE ( 'NONE', #6222, #7347, #2281, .T. ) ;
#7492 = EDGE_CURVE ( 'NONE', #10879, #4816, #11278, .T. ) ;
#7493 = EDGE_CURVE ( 'NONE', #4173, #7161, #3864, .T. ) ;
#7494 = ORIENTED_EDGE ( 'NONE', *, *, #2680, .T. ) ;
#7495 = EDGE_CURVE ( 'NONE', #1540, #5305, #1244, .T. ) ;
#7496 = CARTESIAN_POINT ( 'NONE',  ( 2.000000000000000000, -0.9668978507697956193, -0.1244188288311465357 ) ) ;
#7497 = ADVANCED_FACE ( 'NONE', ( #8552, #11214 ), #2204, .T. ) ;
#7498 = CARTESIAN_POINT ( 'NONE',  ( 1.836821824868180020, 1.248911501717478334, -0.1242400699092101324 ) ) ;
#7499 = AXIS2_PLACEMENT_3D ( 'NONE', #8042, #10696, #4365 ) ;
#7500 = DIRECTION ( 'NONE',  ( 0.000000000000000000, 1.000000000000000000, 0.000000000000000000 ) ) ;
#7501 = DIRECTION ( 'NONE',  ( -1.000000000000000000, 0.000000000000000000, 0.000000000000000000 ) ) ;
#7502 = CARTESIAN_POINT ( 'NONE',  ( 3.699999999999999289, -2.971690854684141847, -0.4999999999999991673 ) ) ;
#7503 = ORIENTED_EDGE ( 'NONE', *, *, #2062, .F. ) ;
#7504 = CARTESIAN_POINT ( 'NONE',  ( -0.3271719972790577136, -2.120508236058134877, -1.530424537474095903 ) ) ;
#7505 = AXIS2_PLACEMENT_3D ( 'NONE', #10070, #1949, #2625 ) ;
#7506 = ORIENTED_EDGE ( 'NONE', *, *, #1309, .T. ) ;
#7507 = LINE ( 'NONE', #3958, #696 ) ;
#7508 = DIRECTION ( 'NONE',  ( 0.8660254037844385966, 0.5000000000000000000, 0.000000000000000000 ) ) ;
#7509 = ORIENTED_EDGE ( 'NONE', *, *, #8667, .T. ) ;
#7510 = DIRECTION ( 'NONE',  ( 0.000000000000000000, 0.000000000000000000, 1.000000000000000000 ) ) ;
#7511 = DIRECTION ( 'NONE',  ( 1.000000000000000000, -0.000000000000000000, -0.000000000000000000 ) ) ;
#7512 = EDGE_CURVE ( 'NONE', #9042, #6413, #3035, .T. ) ;
#7513 = CARTESIAN_POINT ( 'NONE',  ( 0.000000000000000000, 0.000000000000000000, 0.000000000000000000 ) ) ;
#7514 = DIRECTION ( 'NONE',  ( 0.000000000000000000, 0.000000000000000000, -1.000000000000000000 ) ) ;
#7515 = LINE ( 'NONE', #1335, #6728 ) ;
#7516 = AXIS2_PLACEMENT_3D ( 'NONE', #9659, #7810, #6877 ) ;
#7517 =( GEOMETRIC_REPRESENTATION_CONTEXT ( 3 ) GLOBAL_UNCERTAINTY_ASSIGNED_CONTEXT ( ( #4745 ) ) GLOBAL_UNIT_ASSIGNED_CONTEXT ( ( #5235, #2506, #3915 ) ) REPRESENTATION_CONTEXT ( 'NONE', 'WORKASPACE' ) );
#7518 = VECTOR ( 'NONE', #10339, 1000.000000000000114 ) ;
#7519 = CARTESIAN_POINT ( 'NONE',  ( -4.000000000000001776, 0.9000000000000003553, -1.845299461620639736 ) ) ;
#7520 = ORIENTED_EDGE ( 'NONE', *, *, #2268, .T. ) ;
#7521 = CARTESIAN_POINT ( 'NONE',  ( 11.50000000000000000, 7.500000000000000000, -6.116139535669825378 ) ) ;
#7522 = VERTEX_POINT ( 'NONE', #4044 ) ;
#7523 = CARTESIAN_POINT ( 'NONE',  ( -8.000000000000000000, 17.00000000000000000, -8.732195743157015855 ) ) ;
#7524 = EDGE_LOOP ( 'NONE', ( #5803, #11272, #1386, #7995, #8701, #11128 ) ) ;
#7525 = AXIS2_PLACEMENT_3D ( 'NONE', #11302, #4897, #8515 ) ;
#7526 = DIRECTION ( 'NONE',  ( 0.000000000000000000, -1.000000000000000000, 0.000000000000000000 ) ) ;
#7527 = ORIENTED_EDGE ( 'NONE', *, *, #2862, .F. ) ;
#7528 = CARTESIAN_POINT ( 'NONE',  ( 0.000000000000000000, -0.9999999999999993339, -3.069518839163146939 ) ) ;
#7529 = LINE ( 'NONE', #7646, #7489 ) ;
#7530 = DIRECTION ( 'NONE',  ( 1.060575238724911106E-16, 0.8660254037844419273, 0.4999999999999942268 ) ) ;
#7531 = PLANE ( 'NONE',  #11514 ) ;
#7532 = DIRECTION ( 'NONE',  ( 1.000000000000000000, 0.000000000000000000, 0.000000000000000000 ) ) ;
#7533 = VECTOR ( 'NONE', #6243, 1000.000000000000000 ) ;
#7534 = ORIENTED_EDGE ( 'NONE', *, *, #9685, .F. ) ;
#7535 = CARTESIAN_POINT ( 'NONE',  ( 0.000000000000000000, 0.000000000000000000, 0.000000000000000000 ) ) ;
#7536 = ORIENTED_EDGE ( 'NONE', *, *, #6072, .T. ) ;
#7537 = CARTESIAN_POINT ( 'NONE',  ( 0.000000000000000000, 0.000000000000000000, 0.000000000000000000 ) ) ;
#7538 = VERTEX_POINT ( 'NONE', #6657 ) ;
#7539 = VERTEX_POINT ( 'NONE', #3930 ) ;
#7540 = SURFACE_STYLE_FILL_AREA ( #3637 ) ;
#7541 = CARTESIAN_POINT ( 'NONE',  ( 0.000000000000000000, 2.309401076758504701, -0.1786327949540832127 ) ) ;
#7542 = VECTOR ( 'NONE', #5685, 1000.000000000000000 ) ;
#7543 = CARTESIAN_POINT ( 'NONE',  ( 2.000000000000000000, -1.154700538379255015, -0.1786327949540832127 ) ) ;
#7544 = AXIS2_PLACEMENT_3D ( 'NONE', #5008, #7742, #9694 ) ;
#7545 = DIRECTION ( 'NONE',  ( 0.8660254037844383745, 0.5000000000000005551, 0.000000000000000000 ) ) ;
#7546 = CARTESIAN_POINT ( 'NONE',  ( 0.6040848250762104188, 0.5320279705000409143, -0.6822640635612213789 ) ) ;
#7547 = VERTEX_POINT ( 'NONE', #10323 ) ;
#7548 = DIRECTION ( 'NONE',  ( 0.000000000000000000, 1.000000000000000000, 0.000000000000000000 ) ) ;
#7549 = VECTOR ( 'NONE', #5777, 1000.000000000000227 ) ;
#7550 = ORIENTED_EDGE ( 'NONE', *, *, #10822, .F. ) ;
#7551 = CONTEXT_DEPENDENT_SHAPE_REPRESENTATION ( #893, #114 ) ;
#7552 = CARTESIAN_POINT ( 'NONE',  ( 2.000000000000000000, -0.7745510564695443634, -0.07894766929796886989 ) ) ;
#7553 = LINE ( 'NONE', #2095, #11223 ) ;
#7554 = ORIENTED_EDGE ( 'NONE', *, *, #9962, .F. ) ;
#7555 = LINE ( 'NONE', #9275, #6572 ) ;
#7556 = LINE ( 'NONE', #1199, #6499 ) ;
#7557 = ADVANCED_FACE ( 'NONE', ( #9439 ), #229, .F. ) ;
#7558 = EDGE_CURVE ( 'NONE', #7326, #3440, #5269, .T. ) ;
#7559 = ADVANCED_FACE ( 'NONE', ( #11334 ), #6835, .F. ) ;
#7560 = CARTESIAN_POINT ( 'NONE',  ( 0.000000000000000000, 4.738805170303855086E-16, -3.869518839163146762 ) ) ;
#7561 = ORIENTED_EDGE ( 'NONE', *, *, #7493, .T. ) ;
#7562 = EDGE_CURVE ( 'NONE', #4009, #1342, #9181, .T. ) ;
#7563 =( REPRESENTATION_RELATIONSHIP ('NONE','NONE', #9860, #7872 ) REPRESENTATION_RELATIONSHIP_WITH_TRANSFORMATION ( #6075 )SHAPE_REPRESENTATION_RELATIONSHIP( ) );
#7564 = DIRECTION ( 'NONE',  ( 0.000000000000000000, 0.000000000000000000, -1.000000000000000000 ) ) ;
#7565 = VERTEX_POINT ( 'NONE', #11630 ) ;
#7566 = DIRECTION ( 'NONE',  ( -0.000000000000000000, -1.000000000000000000, -0.000000000000000000 ) ) ;
#7567 = ORIENTED_EDGE ( 'NONE', *, *, #9518, .T. ) ;
#7568 = CARTESIAN_POINT ( 'NONE',  ( 2.000000000000000000, -0.1951254011572754188, -1.600000000000000089 ) ) ;
#7569 = CARTESIAN_POINT ( 'NONE',  ( 4.099999999999999645, -2.971690854684141847, -0.9000000000000006883 ) ) ;
#7570 = CARTESIAN_POINT ( 'NONE',  ( 1.500000000000000000, 9.199999999999999289, -21.00000000000000000 ) ) ;
#7571 = DIRECTION ( 'NONE',  ( 0.000000000000000000, 0.000000000000000000, -1.000000000000000000 ) ) ;
#7572 = CARTESIAN_POINT ( 'NONE',  ( -11.31370849898476116, 7.500000000000000000, -6.116139535669825378 ) ) ;
#7573 = MECHANICAL_DESIGN_GEOMETRIC_PRESENTATION_REPRESENTATION (  '', ( #1892 ), #7765 ) ;
#7574 = ORIENTED_EDGE ( 'NONE', *, *, #267, .F. ) ;
#7575 = DIRECTION ( 'NONE',  ( 1.000000000000000000, -0.000000000000000000, -0.000000000000000000 ) ) ;
#7576 = EDGE_CURVE ( 'NONE', #3993, #5681, #8052, .T. ) ;
#7577 = EDGE_LOOP ( 'NONE', ( #2022, #9256, #5636, #336, #6974, #10324 ) ) ;
#7578 = EDGE_CURVE ( 'NONE', #2705, #726, #1542, .T. ) ;
#7579 = DIRECTION ( 'NONE',  ( 0.000000000000000000, -0.8660254037844420383, 0.4999999999999939493 ) ) ;
#7580 = ORIENTED_EDGE ( 'NONE', *, *, #11342, .F. ) ;
#7581 = CARTESIAN_POINT ( 'NONE',  ( -1.672282218993688341, -1.343908487461473733, -1.520662200187637758 ) ) ;
#7582 = ORIENTED_EDGE ( 'NONE', *, *, #7426, .F. ) ;
#7583 = AXIS2_PLACEMENT_3D ( 'NONE', #5190, #9648, #7864 ) ;
#7584 = FILL_AREA_STYLE ('',( #8592 ) ) ;
#7585 = DIRECTION ( 'NONE',  ( 0.000000000000000000, -1.000000000000000000, -0.000000000000000000 ) ) ;
#7586 = UNCERTAINTY_MEASURE_WITH_UNIT (LENGTH_MEASURE( 1.000000000000000082E-05 ), #10128, 'distance_accuracy_value', 'NONE');
#7587 = DIRECTION ( 'NONE',  ( 0.000000000000000000, -1.000000000000000000, -2.168404344971008868E-16 ) ) ;
#7588 = DIRECTION ( 'NONE',  ( 0.000000000000000000, -1.000000000000000000, 0.000000000000000000 ) ) ;
#7589 = DIRECTION ( 'NONE',  ( 1.000000000000000000, 0.000000000000000000, 0.000000000000000000 ) ) ;
#7590 = PRODUCT ( 'MicrasAssembly', 'MicrasAssembly', '', ( #4644 ) ) ;
#7591 = CARTESIAN_POINT ( 'NONE',  ( 0.000000000000000000, 0.000000000000000000, 0.000000000000000000 ) ) ;
#7592 = CARTESIAN_POINT ( 'NONE',  ( 2.000000000000000000, -0.3889866277140359152, -0.01677217554083863804 ) ) ;
#7593 = VERTEX_POINT ( 'NONE', #1430 ) ;
#7594 = FACE_OUTER_BOUND ( 'NONE', #9709, .T. ) ;
#7595 = PRODUCT_DEFINITION_FORMATION_WITH_SPECIFIED_SOURCE ( 'ANY', '', #10332, .NOT_KNOWN. ) ;
#7596 = VERTEX_POINT ( 'NONE', #770 ) ;
#7597 = DIRECTION ( 'NONE',  ( 1.000000000000000000, 0.000000000000000000, 0.000000000000000000 ) ) ;
#7598 = VERTEX_POINT ( 'NONE', #9624 ) ;
#7599 = VERTEX_POINT ( 'NONE', #4398 ) ;
#7600 = VECTOR ( 'NONE', #3980, 1000.000000000000000 ) ;
#7601 =( LENGTH_UNIT ( ) NAMED_UNIT ( * ) SI_UNIT ( .MILLI., .METRE. ) );
#7602 = CARTESIAN_POINT ( 'NONE',  ( -4.987329993433320396E-15, -2.309401076758504701, -0.1786327949540832127 ) ) ;
#7603 = DIRECTION ( 'NONE',  ( -1.000000000000000000, -0.000000000000000000, -0.000000000000000000 ) ) ;
#7604 = DIRECTION ( 'NONE',  ( 1.000000000000000000, 0.000000000000000000, 0.000000000000000000 ) ) ;
#7605 = DIRECTION ( 'NONE',  ( -0.000000000000000000, -0.000000000000000000, -1.000000000000000000 ) ) ;
#7606 = ORIENTED_EDGE ( 'NONE', *, *, #5036, .T. ) ;
#7607 = CYLINDRICAL_SURFACE ( 'NONE', #9255, 0.3062499999999996891 ) ;
#7608 = CIRCLE ( 'NONE', #2298, 0.5000000000000000000 ) ;
#7609 = EDGE_CURVE ( 'NONE', #10202, #5568, #4215, .T. ) ;
#7610 = DIRECTION ( 'NONE',  ( 0.000000000000000000, 0.000000000000000000, 1.000000000000000000 ) ) ;
#7611 = ORIENTED_EDGE ( 'NONE', *, *, #5196, .F. ) ;
#7612 = EDGE_CURVE ( 'NONE', #8434, #2169, #5589, .T. ) ;
#7613 = AXIS2_PLACEMENT_3D ( 'NONE', #10800, #2799, #6423 ) ;
#7614 = ITEM_DEFINED_TRANSFORMATION ( 'NONE', 'NONE', #8331,  #4873 ) ;
#7615 = CARTESIAN_POINT ( 'NONE',  ( 2.000000000000000000, -1.154700538379255015, -1.421367205045916737 ) ) ;
#7616 = DIRECTION ( 'NONE',  ( 0.000000000000000000, 0.000000000000000000, -1.000000000000000000 ) ) ;
#7617 = ORIENTED_EDGE ( 'NONE', *, *, #1320, .F. ) ;
#7618 = FACE_OUTER_BOUND ( 'NONE', #7104, .T. ) ;
#7619 = CARTESIAN_POINT ( 'NONE',  ( 3.499999999999999556, 0.8999999999999998002, -19.84529946162065528 ) ) ;
#7620 = DIRECTION ( 'NONE',  ( -0.000000000000000000, -1.000000000000000000, -0.000000000000000000 ) ) ;
#7621 = VERTEX_POINT ( 'NONE', #4341 ) ;
#7622 = DIRECTION ( 'NONE',  ( 1.000000000000000000, 0.000000000000000000, 0.000000000000000000 ) ) ;
#7623 = VERTEX_POINT ( 'NONE', #5103 ) ;
#7624 = EDGE_CURVE ( 'NONE', #7599, #7035, #9766, .T. ) ;
#7625 = DIRECTION ( 'NONE',  ( -1.000000000000000000, 0.000000000000000000, 0.000000000000000000 ) ) ;
#7626 = ORIENTED_EDGE ( 'NONE', *, *, #10592, .F. ) ;
#7627 = CARTESIAN_POINT ( 'NONE',  ( 0.8156023289305076585, 0.000000000000000000, -0.1291166393111736477 ) ) ;
#7628 = DIRECTION ( 'NONE',  ( -0.000000000000000000, 1.000000000000000000, 0.000000000000000000 ) ) ;
#7629 = CARTESIAN_POINT ( 'NONE',  ( 3.000000000000000000, 0.000000000000000000, 0.000000000000000000 ) ) ;
#7630 = CARTESIAN_POINT ( 'NONE',  ( -0.9526279441628806577, 0.5500000000000001554, -1.600000000000000089 ) ) ;
#7631 = VECTOR ( 'NONE', #663, 1000.000000000000000 ) ;
#7632 =( REPRESENTATION_RELATIONSHIP ('NONE','NONE', #9860, #7134 ) REPRESENTATION_RELATIONSHIP_WITH_TRANSFORMATION ( #7614 )SHAPE_REPRESENTATION_RELATIONSHIP( ) );
#7633 = EDGE_LOOP ( 'NONE', ( #8647, #6793 ) ) ;
#7634 = DIRECTION ( 'NONE',  ( 0.000000000000000000, 0.000000000000000000, -1.000000000000000000 ) ) ;
#7635 = AXIS2_PLACEMENT_3D ( 'NONE', #9997, #6615, #4595 ) ;
#7636 = CONICAL_SURFACE ( 'NONE', #5749, 1.000000000000000000, 1.047197551196604515 ) ;
#7637 = ORIENTED_EDGE ( 'NONE', *, *, #10113, .F. ) ;
#7638 = AXIS2_PLACEMENT_3D ( 'NONE', #5863, #2115, #451 ) ;
#7639 = DIRECTION ( 'NONE',  ( -0.000000000000000000, -1.000000000000000000, -0.000000000000000000 ) ) ;
#7640 = EDGE_LOOP ( 'NONE', ( #1462, #7117, #1600 ) ) ;
#7641 = EDGE_CURVE ( 'NONE', #3000, #10488, #7955, .T. ) ;
#7642 = DIRECTION ( 'NONE',  ( 0.000000000000000000, -1.000000000000000000, 0.000000000000000000 ) ) ;
#7643 = VERTEX_POINT ( 'NONE', #3271 ) ;
#7644 = CARTESIAN_POINT ( 'NONE',  ( 4.099999999999999645, 2.971690854684141847, 0.9000000000000006883 ) ) ;
#7645 = AXIS2_PLACEMENT_3D ( 'NONE', #18, #1818, #1030 ) ;
#7646 = CARTESIAN_POINT ( 'NONE',  ( -3.129822080702421140E-16, -2.309401076758506477, -1.600000000000000089 ) ) ;
#7647 = EDGE_CURVE ( 'NONE', #7547, #7522, #6673, .T. ) ;
#7648 = CARTESIAN_POINT ( 'NONE',  ( 0.000000000000000000, 4.738805170303855086E-16, -2.669518839163146584 ) ) ;
#7649 = PRESENTATION_LAYER_ASSIGNMENT (  '', '', ( #4236 ) ) ;
#7650 = EDGE_CURVE ( 'NONE', #8015, #3862, #6066, .T. ) ;
#7651 = DIRECTION ( 'NONE',  ( 0.000000000000000000, 1.000000000000000000, 0.000000000000000000 ) ) ;
#7652 = DIRECTION ( 'NONE',  ( 1.000000000000000000, -0.000000000000000000, 0.000000000000000000 ) ) ;
#7653 = CARTESIAN_POINT ( 'NONE',  ( 1.549999999999999378, 17.00000000000000000, -8.732195743157015855 ) ) ;
#7654 = VERTEX_POINT ( 'NONE', #11571 ) ;
#7655 = LINE ( 'NONE', #3323, #9070 ) ;
#7656 = CIRCLE ( 'NONE', #11052, 1.000000000000000000 ) ;
#7657 = VERTEX_POINT ( 'NONE', #7776 ) ;
#7658 = DIRECTION ( 'NONE',  ( 0.000000000000000000, 1.000000000000000000, 0.000000000000000000 ) ) ;
#7659 = CIRCLE ( 'NONE', #6511, 1.400000000000014122 ) ;
#7660 = ORIENTED_EDGE ( 'NONE', *, *, #6802, .F. ) ;
#7661 = AXIS2_PLACEMENT_3D ( 'NONE', #1538, #8772, #10431 ) ;
#7662 = ORIENTED_EDGE ( 'NONE', *, *, #9329, .F. ) ;
#7663 = DIRECTION ( 'NONE',  ( -0.8660254037844383745, -0.5000000000000004441, 0.000000000000000000 ) ) ;
#7664 = DIRECTION ( 'NONE',  ( -1.000000000000000000, 0.000000000000000000, -0.000000000000000000 ) ) ;
#7665 = ADVANCED_FACE ( 'NONE', ( #6119 ), #3699, .T. ) ;
#7666 = AXIS2_PLACEMENT_3D ( 'NONE', #6927, #3245, #9767 ) ;
#7667 = DIRECTION ( 'NONE',  ( 0.000000000000000000, 0.000000000000000000, 1.000000000000000000 ) ) ;
#7668 = DIRECTION ( 'NONE',  ( 1.000000000000000000, 0.000000000000000000, 0.000000000000000000 ) ) ;
#7669 = VECTOR ( 'NONE', #861, 1000.000000000000000 ) ;
#7670 = AXIS2_PLACEMENT_3D ( 'NONE', #7448, #89, #1097 ) ;
#7671 = EDGE_LOOP ( 'NONE', ( #11569, #3334, #2772, #6597, #2462 ) ) ;
#7672 = LINE ( 'NONE', #3275, #3963 ) ;
#7673 = CARTESIAN_POINT ( 'NONE',  ( 0.000000000000000000, 0.000000000000000000, 0.000000000000000000 ) ) ;
#7674 = ORIENTED_EDGE ( 'NONE', *, *, #2270, .F. ) ;
#7675 = CONTEXT_DEPENDENT_SHAPE_REPRESENTATION ( #7632, #960 ) ;
#7676 = DIRECTION ( 'NONE',  ( -0.000000000000000000, 1.224649721909276639E-16, -1.000000000000000000 ) ) ;
#7677 = VERTEX_POINT ( 'NONE', #6180 ) ;
#7678 = CARTESIAN_POINT ( 'NONE',  ( -2.000000000000001776, 0.3000000000000172529, -2.999999999999891642 ) ) ;
#7679 = CYLINDRICAL_SURFACE ( 'NONE', #1950, 2.999999999999999112 ) ;
#7680 = CONICAL_SURFACE ( 'NONE', #5213, 0.7799999999999996936, 0.9599310885968785900 ) ;
#7681 = CARTESIAN_POINT ( 'NONE',  ( 0.000000000000000000, 0.7740000000000005764, -2.799999999999999822 ) ) ;
#7682 = EDGE_LOOP ( 'NONE', ( #7807, #9704, #7858 ) ) ;
#7683 = CARTESIAN_POINT ( 'NONE',  ( 1.999999999999999556, 0.7788341705667920500, -1.520151717152269377 ) ) ;
#7684 = VERTEX_POINT ( 'NONE', #8778 ) ;
#7685 = AXIS2_PLACEMENT_3D ( 'NONE', #3721, #1935, #1824 ) ;
#7686 = CYLINDRICAL_SURFACE ( 'NONE', #8271, 1.099999999999996758 ) ;
#7687 = VECTOR ( 'NONE', #10001, 1000.000000000000114 ) ;
#7688 = EDGE_LOOP ( 'NONE', ( #6003, #9560, #8465 ) ) ;
#7689 = PRODUCT_DEFINITION_SHAPE ( 'NONE', 'NONE',  #11728 ) ;
#7690 = DIRECTION ( 'NONE',  ( 1.000000000000000000, 0.000000000000000000, 0.000000000000000000 ) ) ;
#7691 = CARTESIAN_POINT ( 'NONE',  ( 0.08213768893543926808, 0.8593772883067019031, -0.6474136047551836137 ) ) ;
#7692 = DIRECTION ( 'NONE',  ( 0.000000000000000000, 0.000000000000000000, -1.000000000000000000 ) ) ;
#7693 = PRODUCT_DEFINITION_CONTEXT ( 'detailed design', #1503, 'design' ) ;
#7694 = FACE_OUTER_BOUND ( 'NONE', #953, .T. ) ;
#7695 = FACE_OUTER_BOUND ( 'NONE', #534, .T. ) ;
#7696 = ORIENTED_EDGE ( 'NONE', *, *, #2319, .F. ) ;
#7697 = AXIS2_PLACEMENT_3D ( 'NONE', #3303, #7865, #6034 ) ;
#7698 = CARTESIAN_POINT ( 'NONE',  ( 0.6607522599941045849, -1.927915581583256932, -0.01710519872702329428 ) ) ;
#7699 = EDGE_LOOP ( 'NONE', ( #7959, #6669, #9645, #5264 ) ) ;
#7700 = CARTESIAN_POINT ( 'NONE',  ( -1.339247740005897080, -1.536186033554502339, -0.01710519872702283631 ) ) ;
#7701 = ORIENTED_EDGE ( 'NONE', *, *, #6900, .T. ) ;
#7702 = DIRECTION ( 'NONE',  ( 0.000000000000000000, 0.000000000000000000, -1.000000000000000000 ) ) ;
#7703 = EDGE_LOOP ( 'NONE', ( #920, #2603, #4471 ) ) ;
#7704 =( NAMED_UNIT ( * ) PLANE_ANGLE_UNIT ( ) SI_UNIT ( $, .RADIAN. ) );
#7705 = CYLINDRICAL_SURFACE ( 'NONE', #8437, 3.999999999999996447 ) ;
#7706 = AXIS2_PLACEMENT_3D ( 'NONE', #1980, #2867, #10038 ) ;
#7707 = CIRCLE ( 'NONE', #9790, 1.000000000000000000 ) ;
#7708 = SURFACE_STYLE_USAGE ( .BOTH. , #8595 ) ;
#7709 = FACE_OUTER_BOUND ( 'NONE', #3274, .T. ) ;
#7710 = FACE_OUTER_BOUND ( 'NONE', #1679, .T. ) ;
#7711 = EDGE_CURVE ( 'NONE', #4924, #2885, #8010, .T. ) ;
#7712 = ADVANCED_FACE ( 'NONE', ( #7898 ), #11512, .T. ) ;
#7713 = EDGE_LOOP ( 'NONE', ( #7481, #8505, #927, #275 ) ) ;
#7714 = CARTESIAN_POINT ( 'NONE',  ( 3.000000000000000000, 0.000000000000000000, 2.000000000000000000 ) ) ;
#7715 = EDGE_CURVE ( 'NONE', #824, #9600, #4642, .T. ) ;
#7716 = VERTEX_POINT ( 'NONE', #2493 ) ;
#7717 = CIRCLE ( 'NONE', #10732, 1.000000000000000000 ) ;
#7718 = DIRECTION ( 'NONE',  ( -0.8660254037844394848, 0.000000000000000000, -0.4999999999999985012 ) ) ;
#7719 = CIRCLE ( 'NONE', #11113, 0.9999999999999997780 ) ;
#7720 = EDGE_CURVE ( 'NONE', #10263, #1565, #2553, .T. ) ;
#7721 = EDGE_LOOP ( 'NONE', ( #356, #60 ) ) ;
#7722 = ADVANCED_FACE ( 'NONE', ( #5287 ), #11279, .T. ) ;
#7723 = ORIENTED_EDGE ( 'NONE', *, *, #3437, .T. ) ;
#7724 = CARTESIAN_POINT ( 'NONE',  ( 3.500000000000000000, 0.000000000000000000, -24.00000000000000000 ) ) ;
#7725 = VECTOR ( 'NONE', #2672, 1000.000000000000000 ) ;
#7726 = DIRECTION ( 'NONE',  ( -1.000000000000000000, 0.000000000000000000, 0.000000000000000000 ) ) ;
#7727 = CYLINDRICAL_SURFACE ( 'NONE', #9159, 1.899999999999999689 ) ;
#7728 = ORIENTED_EDGE ( 'NONE', *, *, #1905, .T. ) ;
#7729 = CARTESIAN_POINT ( 'NONE',  ( 7.500000000000003553, 0.8999999999999989120, -1.845299461620643289 ) ) ;
#7730 = PRESENTATION_STYLE_ASSIGNMENT (( #4115 ) ) ;
#7731 = EDGE_CURVE ( 'NONE', #2217, #1540, #11654, .T. ) ;
#7732 = EDGE_CURVE ( 'NONE', #8822, #94, #11335, .T. ) ;
#7733 = AXIS2_PLACEMENT_3D ( 'NONE', #1158, #10360, #515 ) ;
#7735 = VECTOR ( 'NONE', #1972, 1000.000000000000000 ) ;
#7734 = DIRECTION ( 'NONE',  ( 0.000000000000000000, 1.000000000000000000, 0.000000000000000000 ) ) ;
#7736 = VERTEX_POINT ( 'NONE', #2669 ) ;
#7737 = ITEM_DEFINED_TRANSFORMATION ( 'NONE', 'NONE', #940,  #4873 ) ;
#7738 = CARTESIAN_POINT ( 'NONE',  ( -1.000000000000000000, 0.000000000000000000, -2.500000000000000000 ) ) ;
#7739 = VERTEX_POINT ( 'NONE', #10015 ) ;
#7740 = DIRECTION ( 'NONE',  ( 0.7071067811865474617, -0.000000000000000000, -0.7071067811865474617 ) ) ;
#7741 = DIRECTION ( 'NONE',  ( -1.000000000000000000, 0.000000000000000000, 0.000000000000000000 ) ) ;
#7742 = DIRECTION ( 'NONE',  ( -0.000000000000000000, 0.000000000000000000, -1.000000000000000000 ) ) ;
#7743 = VECTOR ( 'NONE', #9325, 1000.000000000000000 ) ;
#7744 = VERTEX_POINT ( 'NONE', #37 ) ;
#7745 = ORIENTED_EDGE ( 'NONE', *, *, #9891, .F. ) ;
#7746 = DIRECTION ( 'NONE',  ( 1.000000000000000000, 0.000000000000000000, 0.000000000000000000 ) ) ;
#7747 = ORIENTED_EDGE ( 'NONE', *, *, #6845, .F. ) ;
#7748 =( NAMED_UNIT ( * ) PLANE_ANGLE_UNIT ( ) SI_UNIT ( $, .RADIAN. ) );
#7749 = FACE_OUTER_BOUND ( 'NONE', #7805, .T. ) ;
#7750 = CARTESIAN_POINT ( 'NONE',  ( 5.500000000000001776, 0.8999999999999986899, -4.099999999999890399 ) ) ;
#7751 = LINE ( 'NONE', #14, #5779 ) ;
#7752 = B_SPLINE_CURVE_WITH_KNOTS ( 'NONE', 3,
 ( #9432, #4035, #11382, #11443, #6829, #3265 ),
 .UNSPECIFIED., .F., .F.,
 ( 4, 2, 4 ),
 ( 3.086168651045376597E-07, 0.0001317793995238434246, 0.0002632501821825823088 ),
 .UNSPECIFIED. ) ;
#7753 = CARTESIAN_POINT ( 'NONE',  ( 1.000000000000000444, -1.732050807568876971, 0.000000000000000000 ) ) ;
#7754 = VERTEX_POINT ( 'NONE', #2612 ) ;
#7755 = CARTESIAN_POINT ( 'NONE',  ( 3.499999999999996003, 0.8999999999999989120, -1.845299461620641734 ) ) ;
#7756 = ORIENTED_EDGE ( 'NONE', *, *, #3437, .F. ) ;
#7757 = DIRECTION ( 'NONE',  ( 0.000000000000000000, 0.000000000000000000, 1.000000000000000000 ) ) ;
#7758 = EDGE_LOOP ( 'NONE', ( #4757, #4040, #4023, #2460, #10084 ) ) ;
#7759 = CARTESIAN_POINT ( 'NONE',  ( 1.000000000000000000, 1.224646799147353207E-16, -1.000000000000000000 ) ) ;
#7760 = ORIENTED_EDGE ( 'NONE', *, *, #4278, .T. ) ;
#7761 =( NAMED_UNIT ( * ) SI_UNIT ( $, .STERADIAN. ) SOLID_ANGLE_UNIT ( ) );
#7762 = CARTESIAN_POINT ( 'NONE',  ( 1.500000000000000000, 0.000000000000000000, 0.000000000000000000 ) ) ;
#7763 = ADVANCED_FACE ( 'NONE', ( #8301 ), #1050, .F. ) ;
#7764 = FILL_AREA_STYLE ('',( #10541 ) ) ;
#7765 =( GEOMETRIC_REPRESENTATION_CONTEXT ( 3 ) GLOBAL_UNCERTAINTY_ASSIGNED_CONTEXT ( ( #2962 ) ) GLOBAL_UNIT_ASSIGNED_CONTEXT ( ( #9422, #402, #7761 ) ) REPRESENTATION_CONTEXT ( 'NONE', 'WORKASPACE' ) );
#7766 = DIRECTION ( 'NONE',  ( -1.000000000000000000, -0.000000000000000000, -0.000000000000000000 ) ) ;
#7767 = DIRECTION ( 'NONE',  ( 1.000000000000000000, 0.000000000000000000, 0.000000000000000000 ) ) ;
#7768 = DIRECTION ( 'NONE',  ( 0.000000000000000000, 0.000000000000000000, -1.000000000000000000 ) ) ;
#7769 = ORIENTED_EDGE ( 'NONE', *, *, #9381, .T. ) ;
#7770 = CYLINDRICAL_SURFACE ( 'NONE', #8508, 2.999999999999999112 ) ;
#7771 = EDGE_LOOP ( 'NONE', ( #11360, #4970 ) ) ;
#7772 = LINE ( 'NONE', #6004, #11043 ) ;
#7773 = ORIENTED_EDGE ( 'NONE', *, *, #5266, .T. ) ;
#7774 = ORIENTED_EDGE ( 'NONE', *, *, #11387, .T. ) ;
#7775 = EDGE_CURVE ( 'NONE', #6514, #10690, #11207, .T. ) ;
#7776 = CARTESIAN_POINT ( 'NONE',  ( 11.50000000000000000, 7.500000000000000888, -2.116139535669824934 ) ) ;
#7777 = ADVANCED_FACE ( 'NONE', ( #1724 ), #10787, .T. ) ;
#7778 = LINE ( 'NONE', #479, #10163 ) ;
#7779 = EDGE_CURVE ( 'NONE', #4898, #7623, #8948, .T. ) ;
#7780 = CARTESIAN_POINT ( 'NONE',  ( -3.129822080702421140E-16, -2.309401076758506477, -1.600000000000000089 ) ) ;
#7781 = EDGE_LOOP ( 'NONE', ( #2082, #4927, #212, #1439 ) ) ;
#7782 = LINE ( 'NONE', #7729, #1869 ) ;
#7783 = CARTESIAN_POINT ( 'NONE',  ( 4.000000000000000000, 9.199999999999999289, -22.50000000000000000 ) ) ;
#7784 = EDGE_CURVE ( 'NONE', #4939, #2796, #2838, .T. ) ;
#7785 = CARTESIAN_POINT ( 'NONE',  ( -3.001000000000000334, 0.000000000000000000, 0.000000000000000000 ) ) ;
#7786 = ORIENTED_EDGE ( 'NONE', *, *, #7558, .F. ) ;
#7787 = DIRECTION ( 'NONE',  ( 0.8191520442889902442, 0.000000000000000000, 0.5735764363510482688 ) ) ;
#7788 = VERTEX_POINT ( 'NONE', #7351 ) ;
#7789 = DIRECTION ( 'NONE',  ( 0.000000000000000000, 0.000000000000000000, 1.000000000000000000 ) ) ;
#7791 = EDGE_CURVE ( 'NONE', #5504, #11087, #11071, .T. ) ;
#7790 = CARTESIAN_POINT ( 'NONE',  ( 2.000000000000000000, 9.199999999999999289, -18.50000000000000355 ) ) ;
#7792 = EDGE_CURVE ( 'NONE', #7142, #8174, #2373, .T. ) ;
#7793 = LINE ( 'NONE', #11471, #8109 ) ;
#7794 = ORIENTED_EDGE ( 'NONE', *, *, #3606, .F. ) ;
#7795 = AXIS2_PLACEMENT_3D ( 'NONE', #5874, #7767, #4973 ) ;
#7796 = ORIENTED_EDGE ( 'NONE', *, *, #6268, .F. ) ;
#7797 =( NAMED_UNIT ( * ) PLANE_ANGLE_UNIT ( ) SI_UNIT ( $, .RADIAN. ) );
#7798 = VERTEX_POINT ( 'NONE', #2784 ) ;
#7799 = CARTESIAN_POINT ( 'NONE',  ( 8.840852290477398512, -9.550261755315428758, 1052.100000000006958 ) ) ;
#7800 = DIRECTION ( 'NONE',  ( -1.000000000000000000, -0.000000000000000000, -0.000000000000000000 ) ) ;
#7801 = CARTESIAN_POINT ( 'NONE',  ( 1.000000000000000444, -1.732050807568876971, -1.600000000000000089 ) ) ;
#7802 = DIRECTION ( 'NONE',  ( -0.000000000000000000, 0.000000000000000000, 1.000000000000000000 ) ) ;
#7803 =( NAMED_UNIT ( * ) PLANE_ANGLE_UNIT ( ) SI_UNIT ( $, .RADIAN. ) );
#7804 = ADVANCED_FACE ( 'NONE', ( #5406 ), #5408, .F. ) ;
#7805 = EDGE_LOOP ( 'NONE', ( #10170, #8047, #3996, #6399, #10953, #8715 ) ) ;
#7806 = CARTESIAN_POINT ( 'NONE',  ( 4.250000000000000000, 0.000000000000000000, 0.000000000000000000 ) ) ;
#7807 = ORIENTED_EDGE ( 'NONE', *, *, #4162, .T. ) ;
#7808 = DIRECTION ( 'NONE',  ( -1.000000000000000000, -0.000000000000000000, -0.000000000000000000 ) ) ;
#7809 = ORIENTED_EDGE ( 'NONE', *, *, #3134, .F. ) ;
#7810 = DIRECTION ( 'NONE',  ( 1.000000000000000000, -0.000000000000000000, -0.000000000000000000 ) ) ;
#7811 = VERTEX_POINT ( 'NONE', #11690 ) ;
#7812 =( NAMED_UNIT ( * ) SI_UNIT ( $, .STERADIAN. ) SOLID_ANGLE_UNIT ( ) );
#7813 = CARTESIAN_POINT ( 'NONE',  ( -1.000000000000000000, 9.629649721936179265E-32, -1.730481160836854215 ) ) ;
#7814 = AXIS2_PLACEMENT_3D ( 'NONE', #3641, #11661, #5602 ) ;
#7815 = CARTESIAN_POINT ( 'NONE',  ( 5.500000000000001776, 2.500000000000000000, -18.69059892324140293 ) ) ;
#7816 = DIRECTION ( 'NONE',  ( -0.000000000000000000, 1.000000000000000000, -0.000000000000000000 ) ) ;
#7817 = ADVANCED_FACE ( 'NONE', ( #164, #10902, #3567 ), #6294, .F. ) ;
#7818 = DIRECTION ( 'NONE',  ( -0.000000000000000000, -1.000000000000000000, -0.000000000000000000 ) ) ;
#7819 = CIRCLE ( 'NONE', #2703, 4.000000000000000000 ) ;
#7820 = ORIENTED_EDGE ( 'NONE', *, *, #6844, .F. ) ;
#7821 = CARTESIAN_POINT ( 'NONE',  ( -2.000000000000000000, 0.3931374000439445404, -0.01723613881363289871 ) ) ;
#7822 = EDGE_LOOP ( 'NONE', ( #353, #9883, #4723 ) ) ;
#7823 = DIRECTION ( 'NONE',  ( -1.000000000000000000, 0.000000000000000000, 0.000000000000000000 ) ) ;
#7824 = EDGE_CURVE ( 'NONE', #5031, #8745, #10761, .T. ) ;
#7825 = CIRCLE ( 'NONE', #1173, 2.000000000000000000 ) ;
#7826 = B_SPLINE_CURVE_WITH_KNOTS ( 'NONE', 3,
 ( #5852, #1387, #435, #7683, #6805, #2284 ),
 .UNSPECIFIED., .F., .F.,
 ( 4, 2, 4 ),
 ( 0.003228283429323685304, 0.003812703409393314574, 0.004397123389462943843 ),
 .UNSPECIFIED. ) ;
#7827 = ORIENTED_EDGE ( 'NONE', *, *, #5630, .T. ) ;
#7828 = EDGE_LOOP ( 'NONE', ( #10663, #7203, #4470, #5402, #10615, #7384 ) ) ;
#7829 = ADVANCED_BREP_SHAPE_REPRESENTATION ( '', ( #9209, #4873 ), #3600 ) ;
#7830 = VECTOR ( 'NONE', #6540, 1000.000000000000227 ) ;
#7831 =( NAMED_UNIT ( * ) SI_UNIT ( $, .STERADIAN. ) SOLID_ANGLE_UNIT ( ) );
#7832 = VECTOR ( 'NONE', #8980, 1000.000000000000000 ) ;
#7833 = CONICAL_SURFACE ( 'NONE', #439, 2.200000000000002398, 0.7853981633974482790 ) ;
#7834 = CARTESIAN_POINT ( 'NONE',  ( 8.500000000000000000, 0.000000000000000000, -18.00000000000000355 ) ) ;
#7835 = AXIS2_PLACEMENT_3D ( 'NONE', #3866, #3989, #2977 ) ;
#7836 = CARTESIAN_POINT ( 'NONE',  ( -2.000000000000000000, 0.2999999999999825584, -20.99999999999990763 ) ) ;
#7837 = CARTESIAN_POINT ( 'NONE',  ( -2.000000000000001776, 0.000000000000000000, -2.999999999999891642 ) ) ;
#7838 = ORIENTED_EDGE ( 'NONE', *, *, #5013, .T. ) ;
#7839 = DIRECTION ( 'NONE',  ( -0.000000000000000000, -1.000000000000000000, -0.000000000000000000 ) ) ;
#7840 = AXIS2_PLACEMENT_3D ( 'NONE', #10620, #2451, #6248 ) ;
#7841 = DIRECTION ( 'NONE',  ( -1.000000000000000000, -8.881784197001252323E-16, 0.000000000000000000 ) ) ;
#7842 = AXIS2_PLACEMENT_3D ( 'NONE', #7648, #8475, #7588 ) ;
#7843 = EDGE_CURVE ( 'NONE', #1941, #9524, #8428, .T. ) ;
#7844 = AXIS2_PLACEMENT_3D ( 'NONE', #4840, #262, #9287 ) ;
#7845 = FACE_BOUND ( 'NONE', #4182, .T. ) ;
#7846 = ORIENTED_EDGE ( 'NONE', *, *, #8891, .T. ) ;
#7847 = ITEM_DEFINED_TRANSFORMATION ( 'NONE', 'NONE', #6258,  #4873 ) ;
#7848 = VECTOR ( 'NONE', #7808, 1000.000000000000000 ) ;
#7849 = FACE_OUTER_BOUND ( 'NONE', #481, .T. ) ;
#7850 = CARTESIAN_POINT ( 'NONE',  ( 5.500000000000001776, 0.000000000000000000, -2.999999999999891642 ) ) ;
#7851 = AXIS2_PLACEMENT_3D ( 'NONE', #10651, #2432, #10597 ) ;
#7852 = ORIENTED_EDGE ( 'NONE', *, *, #8412, .T. ) ;
#7853 = CYLINDRICAL_SURFACE ( 'NONE', #4303, 0.1749999999999998501 ) ;
#7854 = FACE_OUTER_BOUND ( 'NONE', #9727, .T. ) ;
#7855 = DIRECTION ( 'NONE',  ( 0.000000000000000000, 0.000000000000000000, -1.000000000000000000 ) ) ;
#7856 = EDGE_CURVE ( 'NONE', #4869, #9877, #1220, .T. ) ;
#7857 = EDGE_CURVE ( 'NONE', #9817, #11400, #2248, .T. ) ;
#7858 = ORIENTED_EDGE ( 'NONE', *, *, #5156, .F. ) ;
#7859 = ORIENTED_EDGE ( 'NONE', *, *, #9044, .T. ) ;
#7860 = EDGE_CURVE ( 'NONE', #8888, #10928, #5787, .T. ) ;
#7861 = PLANE ( 'NONE',  #9029 ) ;
#7862 = ADVANCED_FACE ( 'NONE', ( #6640 ), #10243, .T. ) ;
#7863 = ORIENTED_EDGE ( 'NONE', *, *, #4348, .T. ) ;
#7864 = DIRECTION ( 'NONE',  ( 0.9999363202837162623, -6.910182219422616578E-19, -0.01128518397995855599 ) ) ;
#7865 = DIRECTION ( 'NONE',  ( -1.000000000000000000, 0.000000000000000000, 0.000000000000000000 ) ) ;
#7866 = LINE ( 'NONE', #617, #809 ) ;
#7867 = AXIS2_PLACEMENT_3D ( 'NONE', #1783, #10842, #934 ) ;
#7868 = DIRECTION ( 'NONE',  ( 1.000000000000000000, 0.000000000000000000, 0.000000000000000000 ) ) ;
#7869 = LINE ( 'NONE', #743, #6895 ) ;
#7870 = DIRECTION ( 'NONE',  ( 0.000000000000000000, 1.000000000000000000, 0.000000000000000000 ) ) ;
#7871 = ORIENTED_EDGE ( 'NONE', *, *, #8938, .T. ) ;
#7872 = SHAPE_REPRESENTATION ( 'Eixo', ( #4873 ), #1272 ) ;
#7873 = CARTESIAN_POINT ( 'NONE',  ( -2.000000000000000000, -0.7745510564695443634, -1.521052330702031608 ) ) ;
#7874 = ORIENTED_EDGE ( 'NONE', *, *, #10231, .F. ) ;
#7875 = AXIS2_PLACEMENT_3D ( 'NONE', #1592, #758, #4384 ) ;
#7876 = CARTESIAN_POINT ( 'NONE',  ( 5.500000000000001776, 0.2999999999999825584, -2.999999999999891642 ) ) ;
#7877 = AXIS2_PLACEMENT_3D ( 'NONE', #2959, #8535, #5810 ) ;
#7878 = B_SPLINE_CURVE_WITH_KNOTS ( 'NONE', 3,
 ( #8876, #4372, #688, #8757, #7935, #7988 ),
 .UNSPECIFIED., .F., .F.,
 ( 4, 2, 4 ),
 ( 0.001168606431211099582, 0.001750609284260043214, 0.002332612137308987497 ),
 .UNSPECIFIED. ) ;
#7879 = EDGE_LOOP ( 'NONE', ( #5375, #3390, #8317, #6458, #287 ) ) ;
#7880 = DIRECTION ( 'NONE',  ( -1.000000000000000000, -0.000000000000000000, -0.000000000000000000 ) ) ;
#7881 = ADVANCED_FACE ( 'NONE', ( #9249 ), #4737, .F. ) ;
#7882 = EDGE_LOOP ( 'NONE', ( #4167, #4730, #10785, #6652 ) ) ;
#7883 = CARTESIAN_POINT ( 'NONE',  ( -16.00000000000000000, 4.898587196589412829E-16, 4.000000000000000000 ) ) ;
#7884 = CARTESIAN_POINT ( 'NONE',  ( 3.699999999999999289, 4.001000000000000334, -0.4999999999999991673 ) ) ;
#7885 = SURFACE_SIDE_STYLE ('',( #6942 ) ) ;
#7886 = DIRECTION ( 'NONE',  ( -0.000000000000000000, 1.224649721909276639E-16, -1.000000000000000000 ) ) ;
#7887 = AXIS2_PLACEMENT_3D ( 'NONE', #3471, #4586, #6373 ) ;
#7888 = CARTESIAN_POINT ( 'NONE',  ( -2.000000000000000000, 0.000000000000000000, 0.000000000000000000 ) ) ;
#7889 = ORIENTED_EDGE ( 'NONE', *, *, #4015, .F. ) ;
#7890 = DIRECTION ( 'NONE',  ( -1.000000000000000000, 0.000000000000000000, 0.000000000000000000 ) ) ;
#7891 = EDGE_LOOP ( 'NONE', ( #6591, #7369, #9163, #199 ) ) ;
#7892 = LINE ( 'NONE', #2439, #11247 ) ;
#7893 = B_SPLINE_CURVE_WITH_KNOTS ( 'NONE', 3,
 ( #10775, #10711, #8553, #5327, #2537, #6227 ),
 .UNSPECIFIED., .F., .F.,
 ( 4, 2, 4 ),
 ( 0.003228283429323684436, 0.003812703409393313706, 0.004397123389462942976 ),
 .UNSPECIFIED. ) ;
#7894 = ORIENTED_EDGE ( 'NONE', *, *, #8003, .F. ) ;
#7895 = EDGE_CURVE ( 'NONE', #775, #568, #5026, .T. ) ;
#7896 = ORIENTED_EDGE ( 'NONE', *, *, #1765, .F. ) ;
#7897 =( LENGTH_UNIT ( ) NAMED_UNIT ( * ) SI_UNIT ( .MILLI., .METRE. ) );
#7898 = FACE_OUTER_BOUND ( 'NONE', #2122, .T. ) ;
#7899 = DIRECTION ( 'NONE',  ( 0.000000000000000000, 0.000000000000000000, -1.000000000000000000 ) ) ;
#7900 = FACE_OUTER_BOUND ( 'NONE', #3485, .T. ) ;
#7901 = CARTESIAN_POINT ( 'NONE',  ( 3.499999999999999556, 7.500000000000000000, -6.116139535669825378 ) ) ;
#7902 = AXIS2_PLACEMENT_3D ( 'NONE', #9466, #1208, #4835 ) ;
#7903 = PRESENTATION_LAYER_ASSIGNMENT (  '', '', ( #5793 ) ) ;
#7904 = CIRCLE ( 'NONE', #113, 3.000000000000000000 ) ;
#7905 = VERTEX_POINT ( 'NONE', #4855 ) ;
#7906 = DIRECTION ( 'NONE',  ( 0.000000000000000000, 0.000000000000000000, 1.000000000000000000 ) ) ;
#7907 = CARTESIAN_POINT ( 'NONE',  ( 2.000000000000000000, 0.9679918988505321620, -0.1247346533081146042 ) ) ;
#7908 = CARTESIAN_POINT ( 'NONE',  ( 1.000000000000001998, 1.732050807568876083, -1.600000000000000089 ) ) ;
#7909 = CIRCLE ( 'NONE', #8471, 1.099999999999998535 ) ;
#7910 = ORIENTED_EDGE ( 'NONE', *, *, #2921, .T. ) ;
#7911 = CONTEXT_DEPENDENT_SHAPE_REPRESENTATION ( #8017, #3434 ) ;
#7912 = CARTESIAN_POINT ( 'NONE',  ( -2.000000000000000000, -0.7745510564695445854, -0.07894766929796916133 ) ) ;
#7913 = DIRECTION ( 'NONE',  ( -0.8660254037844380415, 0.000000000000000000, 0.5000000000000009992 ) ) ;
#7914 = EDGE_CURVE ( 'NONE', #3668, #4799, #11075, .T. ) ;
#7915 = ORIENTED_EDGE ( 'NONE', *, *, #5249, .T. ) ;
#7916 = CARTESIAN_POINT ( 'NONE',  ( 0.000000000000000000, 0.000000000000000000, -0.1291166393111736477 ) ) ;
#7917 = DIRECTION ( 'NONE',  ( -1.000000000000000000, -0.000000000000000000, -0.000000000000000000 ) ) ;
#7918 = UNCERTAINTY_MEASURE_WITH_UNIT (LENGTH_MEASURE( 1.000000000000000082E-05 ), #9405, 'distance_accuracy_value', 'NONE');
#7919 = CARTESIAN_POINT ( 'NONE',  ( 3.000000000000000000, 2.449293598294706414E-16, -2.000000000000000000 ) ) ;
#7920 = MECHANICAL_DESIGN_GEOMETRIC_PRESENTATION_REPRESENTATION (  '', ( #4323 ), #9429 ) ;
#7921 = VERTEX_POINT ( 'NONE', #343 ) ;
#7922 = CIRCLE ( 'NONE', #4686, 1.000000000000000000 ) ;
#7923 = AXIS2_PLACEMENT_3D ( 'NONE', #554, #4947, #2338 ) ;
#7924 = ORIENTED_EDGE ( 'NONE', *, *, #11116, .F. ) ;
#7925 = ORIENTED_EDGE ( 'NONE', *, *, #6534, .T. ) ;
#7926 = DIRECTION ( 'NONE',  ( 0.000000000000000000, 0.000000000000000000, 1.000000000000000000 ) ) ;
#7927 = EDGE_CURVE ( 'NONE', #707, #8679, #215, .T. ) ;
#7928 = CARTESIAN_POINT ( 'NONE',  ( -0.5000000000000000000, 9.199999999999999289, -18.50000000000000355 ) ) ;
#7929 = DIRECTION ( 'NONE',  ( 1.000000000000000000, 0.000000000000000000, 0.000000000000000000 ) ) ;
#7930 = ADVANCED_FACE ( 'NONE', ( #4028 ), #3977, .T. ) ;
#7931 = DIRECTION ( 'NONE',  ( 8.659560562354932858E-17, -0.7071067811865474617, 0.7071067811865474617 ) ) ;
#7932 = AXIS2_PLACEMENT_3D ( 'NONE', #6015, #1495, #1613 ) ;
#7933 = EDGE_CURVE ( 'NONE', #4997, #10053, #3705, .T. ) ;
#7934 = ORIENTED_EDGE ( 'NONE', *, *, #6064, .F. ) ;
#7935 = CARTESIAN_POINT ( 'NONE',  ( -0.1631781751318187590, 2.215190113420277385, -0.1242400699092117422 ) ) ;
#7936 = VERTEX_POINT ( 'NONE', #11198 ) ;
#7937 = DIRECTION ( 'NONE',  ( 0.000000000000000000, -0.000000000000000000, 1.000000000000000000 ) ) ;
#7938 = VERTEX_POINT ( 'NONE', #2014 ) ;
#7939 = DIRECTION ( 'NONE',  ( 0.000000000000000000, 1.000000000000000000, 0.000000000000000000 ) ) ;
#7940 = CIRCLE ( 'NONE', #11156, 0.7740000000000000213 ) ;
#7941 = EDGE_LOOP ( 'NONE', ( #10746, #9100, #5565, #9026 ) ) ;
#7942 = CARTESIAN_POINT ( 'NONE',  ( 0.5560518688116538044, -0.5176555429708572520, -0.7092725651034377243 ) ) ;
#7943 = CARTESIAN_POINT ( 'NONE',  ( 1.000000000000000444, -1.732050807568876971, -1.600000000000000089 ) ) ;
#7944 = CYLINDRICAL_SURFACE ( 'NONE', #7851, 2.499999999999998668 ) ;
#7945 = CARTESIAN_POINT ( 'NONE',  ( 0.000000000000000000, 4.738805170303855086E-16, -2.669518839163146584 ) ) ;
#7946 = EDGE_CURVE ( 'NONE', #2324, #4948, #2573, .T. ) ;
#7947 = EDGE_CURVE ( 'NONE', #8982, #9115, #6523, .T. ) ;
#7948 = VERTEX_POINT ( 'NONE', #9304 ) ;
#7949 = CYLINDRICAL_SURFACE ( 'NONE', #3971, 1.949999999999999734 ) ;
#7950 = ORIENTED_EDGE ( 'NONE', *, *, #1765, .T. ) ;
#7951 = FACE_OUTER_BOUND ( 'NONE', #8955, .T. ) ;
#7952 = ORIENTED_EDGE ( 'NONE', *, *, #3722, .T. ) ;
#7953 = EDGE_LOOP ( 'NONE', ( #11130, #116, #4062, #5219, #7889, #4512 ) ) ;
#7954 =( GEOMETRIC_REPRESENTATION_CONTEXT ( 3 ) GLOBAL_UNCERTAINTY_ASSIGNED_CONTEXT ( ( #7586 ) ) GLOBAL_UNIT_ASSIGNED_CONTEXT ( ( #10128, #276, #3256 ) ) REPRESENTATION_CONTEXT ( 'NONE', 'WORKASPACE' ) );
#7955 = LINE ( 'NONE', #7834, #2746 ) ;
#7956 = CARTESIAN_POINT ( 'NONE',  ( 1.169735307079673214, 1.634054082335443692, 1.229256564702802973E-15 ) ) ;
#7957 = CARTESIAN_POINT ( 'NONE',  ( 3.499999999999999556, 0.8999999999999995781, -19.84529946162065528 ) ) ;
#7958 = DIRECTION ( 'NONE',  ( 1.000000000000000000, 0.000000000000000000, 0.000000000000000000 ) ) ;
#7959 = ORIENTED_EDGE ( 'NONE', *, *, #8498, .F. ) ;
#7960 = FACE_OUTER_BOUND ( 'NONE', #488, .T. ) ;
#7961 =( GEOMETRIC_REPRESENTATION_CONTEXT ( 3 ) GLOBAL_UNCERTAINTY_ASSIGNED_CONTEXT ( ( #9364 ) ) GLOBAL_UNIT_ASSIGNED_CONTEXT ( ( #1091, #5386, #8989 ) ) REPRESENTATION_CONTEXT ( 'NONE', 'WORKASPACE' ) );
#7962 = DIRECTION ( 'NONE',  ( -1.000000000000000000, 0.000000000000000000, 0.000000000000000000 ) ) ;
#7963 = CARTESIAN_POINT ( 'NONE',  ( 2.099999999999999645, -2.971690854684141847, -0.4999999999999991673 ) ) ;
#7964 = VERTEX_POINT ( 'NONE', #6701 ) ;
#7965 = DIRECTION ( 'NONE',  ( 0.000000000000000000, 0.000000000000000000, -1.000000000000000000 ) ) ;
#7966 = FACE_OUTER_BOUND ( 'NONE', #3028, .T. ) ;
#7967 = VERTEX_POINT ( 'NONE', #7528 ) ;
#7968 = FACE_OUTER_BOUND ( 'NONE', #10108, .T. ) ;
#7969 = FACE_OUTER_BOUND ( 'NONE', #11488, .T. ) ;
#7970 = EDGE_CURVE ( 'NONE', #11393, #5903, #10363, .T. ) ;
#7971 = DIRECTION ( 'NONE',  ( -0.000000000000000000, 1.000000000000000000, -0.000000000000000000 ) ) ;
#7972 = CIRCLE ( 'NONE', #7030, 0.9999999999999997780 ) ;
#7973 = ORIENTED_EDGE ( 'NONE', *, *, #72, .F. ) ;
#7974 = EDGE_CURVE ( 'NONE', #10362, #3604, #9200, .T. ) ;
#7975 = ORIENTED_EDGE ( 'NONE', *, *, #6480, .T. ) ;
#7976 = DIRECTION ( 'NONE',  ( 1.000000000000000000, 0.000000000000000000, 0.000000000000000000 ) ) ;
#7977 = VERTEX_POINT ( 'NONE', #1347 ) ;
#7978 = AXIS2_PLACEMENT_3D ( 'NONE', #5752, #9099, #8981 ) ;
#7979 = PRODUCT_DEFINITION_SHAPE ( 'NONE', 'NONE',  #11752 ) ;
#7980 = ADVANCED_BREP_SHAPE_REPRESENTATION ( '', ( #1360, #4873 ), #3032 ) ;
#7981 = DIRECTION ( 'NONE',  ( 0.000000000000000000, 0.000000000000000000, 1.000000000000000000 ) ) ;
#7982 = CARTESIAN_POINT ( 'NONE',  ( 1.672828002720946117, -1.343593379079623285, -0.06957546252590439406 ) ) ;
#7983 = CARTESIAN_POINT ( 'NONE',  ( 0.000000000000000000, 0.000000000000000000, -1.600000000000000089 ) ) ;
#7984 = CARTESIAN_POINT ( 'NONE',  ( -2.000000000000000000, -1.154700538379254349, -1.421367205045916737 ) ) ;
#7985 = DIRECTION ( 'NONE',  ( -1.000000000000000000, -0.000000000000000000, -0.000000000000000000 ) ) ;
#7986 = CARTESIAN_POINT ( 'NONE',  ( -0.1702769162167621364, 0.7403828156981309139, -0.7092725651034388346 ) ) ;
#7987 = VERTEX_POINT ( 'NONE', #3845 ) ;
#7988 = CARTESIAN_POINT ( 'NONE',  ( 0.000000000000000000, 2.309401076758504701, -0.1786327949540832127 ) ) ;
#7989 = CIRCLE ( 'NONE', #8364, 2.000000000000000000 ) ;
#7990 = EDGE_CURVE ( 'NONE', #7621, #9201, #7466, .T. ) ;
#7991 = ORIENTED_EDGE ( 'NONE', *, *, #5156, .T. ) ;
#7992 = DIRECTION ( 'NONE',  ( 0.000000000000000000, 0.000000000000000000, -1.000000000000000000 ) ) ;
#7993 = VERTEX_POINT ( 'NONE', #1161 ) ;
#7994 = DIRECTION ( 'NONE',  ( 0.8660254037844391517, 0.000000000000000000, -0.4999999999999992784 ) ) ;
#7995 = ORIENTED_EDGE ( 'NONE', *, *, #3938, .T. ) ;
#7996 = CARTESIAN_POINT ( 'NONE',  ( -1.000000000000000000, 9.629649721936179265E-32, -3.330481160836854304 ) ) ;
#7997 = DIRECTION ( 'NONE',  ( -1.000000000000000000, -0.000000000000000000, -0.000000000000000000 ) ) ;
#7998 = DIRECTION ( 'NONE',  ( 0.000000000000000000, 0.000000000000000000, -1.000000000000000000 ) ) ;
#7999 = DIRECTION ( 'NONE',  ( -1.000000000000000000, 0.000000000000000000, 0.000000000000000000 ) ) ;
#8000 = FACE_BOUND ( 'NONE', #2975, .T. ) ;
#8001 = VERTEX_POINT ( 'NONE', #11014 ) ;
#8002 = DIRECTION ( 'NONE',  ( 1.000000000000000000, -0.000000000000000000, -0.000000000000000000 ) ) ;
#8003 = EDGE_CURVE ( 'NONE', #1555, #10221, #5963, .T. ) ;
#8004 = ORIENTED_EDGE ( 'NONE', *, *, #6352, .T. ) ;
#8005 = CARTESIAN_POINT ( 'NONE',  ( 0.000000000000000000, 0.000000000000000000, 0.000000000000000000 ) ) ;
#8006 = ORIENTED_EDGE ( 'NONE', *, *, #9386, .T. ) ;
#8007 = ORIENTED_EDGE ( 'NONE', *, *, #3058, .T. ) ;
#8008 = EDGE_CURVE ( 'NONE', #1284, #7598, #11320, .T. ) ;
#8009 = ADVANCED_FACE ( 'NONE', ( #4203 ), #7705, .T. ) ;
#8010 = LINE ( 'NONE', #4277, #3509 ) ;
#8011 = CARTESIAN_POINT ( 'NONE',  ( 1.836821824868180020, 1.248911501717478334, -0.1242400699092101324 ) ) ;
#8012 = VECTOR ( 'NONE', #7455, 1000.000000000000000 ) ;
#8013 = DIRECTION ( 'NONE',  ( 0.000000000000000000, 0.000000000000000000, 1.000000000000000000 ) ) ;
#8014 = LINE ( 'NONE', #1547, #5126 ) ;
#8015 = VERTEX_POINT ( 'NONE', #7813 ) ;
#8016 = DIRECTION ( 'NONE',  ( 0.000000000000000000, 0.000000000000000000, -1.000000000000000000 ) ) ;
#8017 =( REPRESENTATION_RELATIONSHIP ('NONE','NONE', #9860, #10305 ) REPRESENTATION_RELATIONSHIP_WITH_TRANSFORMATION ( #8735 )SHAPE_REPRESENTATION_RELATIONSHIP( ) );
#8018 =( NAMED_UNIT ( * ) PLANE_ANGLE_UNIT ( ) SI_UNIT ( $, .RADIAN. ) );
#8019 = AXIS2_PLACEMENT_3D ( 'NONE', #10278, #2102, #4068 ) ;
#8020 = AXIS2_PLACEMENT_3D ( 'NONE', #3883, #5007, #2159 ) ;
#8021 = AXIS2_PLACEMENT_3D ( 'NONE', #10583, #4490, #2469 ) ;
#8022 = EDGE_CURVE ( 'NONE', #8488, #8893, #4546, .T. ) ;
#8023 = CARTESIAN_POINT ( 'NONE',  ( -0.6607522599941050290, 1.927915581583253601, -0.01710519872702210772 ) ) ;
#8024 = VERTEX_POINT ( 'NONE', #460 ) ;
#8025 = SURFACE_STYLE_FILL_AREA ( #165 ) ;
#8026 = ORIENTED_EDGE ( 'NONE', *, *, #5347, .T. ) ;
#8027 = DIRECTION ( 'NONE',  ( 0.000000000000000000, 0.000000000000000000, -1.000000000000000000 ) ) ;
#8028 = CONICAL_SURFACE ( 'NONE', #6902, 2.000000000000000000, 1.047197551196595855 ) ;
#8029 = DIRECTION ( 'NONE',  ( 0.000000000000000000, -1.224649721909276639E-16, 1.000000000000000000 ) ) ;
#8030 = VECTOR ( 'NONE', #1369, 1000.000000000000000 ) ;
#8031 = VECTOR ( 'NONE', #7766, 1000.000000000000000 ) ;
#8032 = ORIENTED_EDGE ( 'NONE', *, *, #10018, .T. ) ;
#8033 = DIRECTION ( 'NONE',  ( -0.8660254037844393737, 0.000000000000000000, -0.4999999999999985567 ) ) ;
#8034 = EDGE_LOOP ( 'NONE', ( #6344, #2440, #8911, #9738 ) ) ;
#8035 = CONICAL_SURFACE ( 'NONE', #2916, 2.200000000000002398, 0.7853981633974482790 ) ;
#8036 = ORIENTED_EDGE ( 'NONE', *, *, #6274, .F. ) ;
#8037 = AXIS2_PLACEMENT_3D ( 'NONE', #1118, #2907, #354 ) ;
#8038 = EDGE_CURVE ( 'NONE', #6674, #1585, #669, .T. ) ;
#8039 = CIRCLE ( 'NONE', #2355, 1.000000000000000000 ) ;
#8040 = EDGE_LOOP ( 'NONE', ( #4709, #10253, #10967, #7509, #9402 ) ) ;
#8041 = APPLICATION_PROTOCOL_DEFINITION ( 'draft international standard', 'automotive_design', 1998, #3392 ) ;
#8042 = CARTESIAN_POINT ( 'NONE',  ( 0.000000000000000000, 0.000000000000000000, -1.600000000000000089 ) ) ;
#8043 = PLANE ( 'NONE',  #11031 ) ;
#8044 = CARTESIAN_POINT ( 'NONE',  ( -1.000000000000000888, 1.732050807568876749, -1.600000000000000089 ) ) ;
#8045 = CIRCLE ( 'NONE', #9568, 5.500000000000000000 ) ;
#8046 = CARTESIAN_POINT ( 'NONE',  ( -1.000000000000000888, 1.732050807568876749, -1.600000000000000089 ) ) ;
#8047 = ORIENTED_EDGE ( 'NONE', *, *, #10678, .F. ) ;
#8048 = CARTESIAN_POINT ( 'NONE',  ( 2.000000000000000000, 0.7788341705667923831, -0.07984828284773053120 ) ) ;
#8049 = PLANE ( 'NONE',  #837 ) ;
#8050 = ORIENTED_EDGE ( 'NONE', *, *, #10654, .T. ) ;
#8051 = PLANE ( 'NONE',  #9796 ) ;
#8052 = CIRCLE ( 'NONE', #2182, 2.500000000000002220 ) ;
#8053 = ORIENTED_EDGE ( 'NONE', *, *, #1474, .F. ) ;
#8054 = DIRECTION ( 'NONE',  ( 1.000000000000000000, 0.000000000000000000, 0.000000000000000000 ) ) ;
#8055 = CYLINDRICAL_SURFACE ( 'NONE', #9735, 4.000000000000000888 ) ;
#8056 = CARTESIAN_POINT ( 'NONE',  ( 0.000000000000000000, 9.199999999999999289, -18.50000000000000355 ) ) ;
#8057 = SURFACE_STYLE_FILL_AREA ( #9663 ) ;
#8058 = LINE ( 'NONE', #2481, #4961 ) ;
#8059 = EDGE_CURVE ( 'NONE', #8024, #8792, #5989, .T. ) ;
#8060 = EDGE_LOOP ( 'NONE', ( #4726, #11680 ) ) ;
#8061 = LINE ( 'NONE', #9000, #10771 ) ;
#8062 = ORIENTED_EDGE ( 'NONE', *, *, #4150, .T. ) ;
#8063 = CARTESIAN_POINT ( 'NONE',  ( 1.500000000000000000, 0.000000000000000000, 1.000000000000000000 ) ) ;
#8064 = ORIENTED_EDGE ( 'NONE', *, *, #2483, .F. ) ;
#8065 = EDGE_LOOP ( 'NONE', ( #9838, #2011, #5161, #2679, #6987, #5385 ) ) ;
#8066 =( NAMED_UNIT ( * ) PLANE_ANGLE_UNIT ( ) SI_UNIT ( $, .RADIAN. ) );
#8067 = CARTESIAN_POINT ( 'NONE',  ( -0.4682615195960991850, -0.8110527431698566492, 0.000000000000000000 ) ) ;
#8068 = AXIS2_PLACEMENT_3D ( 'NONE', #11417, #9649, #5977 ) ;
#8069 = CARTESIAN_POINT ( 'NONE',  ( 3.499999999999996003, 2.500000000000000000, -1.845299461620641512 ) ) ;
#8070 = EDGE_CURVE ( 'NONE', #9630, #1939, #5596, .T. ) ;
#8071 = EDGE_CURVE ( 'NONE', #8617, #11314, #4279, .T. ) ;
#8072 = DIRECTION ( 'NONE',  ( 0.000000000000000000, 0.000000000000000000, 1.000000000000000000 ) ) ;
#8073 = LINE ( 'NONE', #887, #3423 ) ;
#8074 = ORIENTED_EDGE ( 'NONE', *, *, #904, .T. ) ;
#8075 = DIRECTION ( 'NONE',  ( 1.690103923579301420E-15, 0.000000000000000000, -1.000000000000000000 ) ) ;
#8076 = EDGE_CURVE ( 'NONE', #5930, #2259, #11469, .T. ) ;
#8077 = ADVANCED_FACE ( 'NONE', ( #3257 ), #1229, .T. ) ;
#8078 = DIRECTION ( 'NONE',  ( -0.000000000000000000, -1.000000000000000000, -0.000000000000000000 ) ) ;
#8079 = AXIS2_PLACEMENT_3D ( 'NONE', #1018, #6609, #9392 ) ;
#8080 = DIRECTION ( 'NONE',  ( -0.000000000000000000, -0.000000000000000000, -1.000000000000000000 ) ) ;
#8081 = ORIENTED_EDGE ( 'NONE', *, *, #72, .T. ) ;
#8082 = MECHANICAL_DESIGN_GEOMETRIC_PRESENTATION_REPRESENTATION (  '', ( #11686 ), #7517 ) ;
#8083 = AXIS2_PLACEMENT_3D ( 'NONE', #4367, #1921, #5541 ) ;
#8084 = ORIENTED_EDGE ( 'NONE', *, *, #8162, .F. ) ;
#8085 = DIRECTION ( 'NONE',  ( 0.000000000000000000, 0.000000000000000000, 1.000000000000000000 ) ) ;
#8086 = CARTESIAN_POINT ( 'NONE',  ( -0.6592570625839797582, -1.928778834210483462, -1.600000000000000089 ) ) ;
#8087 = VERTEX_POINT ( 'NONE', #4327 ) ;
#8088 = CARTESIAN_POINT ( 'NONE',  ( -1.999999999999999556, -0.3889866277140360817, -0.01677217554083886356 ) ) ;
#8089 = ADVANCED_FACE ( 'NONE', ( #7051 ), #8999, .T. ) ;
#8090 = EDGE_CURVE ( 'NONE', #4713, #7321, #3893, .T. ) ;
#8091 = ORIENTED_EDGE ( 'NONE', *, *, #9411, .T. ) ;
#8092 = CIRCLE ( 'NONE', #11111, 1.099999999999998535 ) ;
#8093 = AXIS2_PLACEMENT_3D ( 'NONE', #1247, #2798, #296 ) ;
#8094 = ORIENTED_EDGE ( 'NONE', *, *, #5, .T. ) ;
#8095 = APPLICATION_PROTOCOL_DEFINITION ( 'draft international standard', 'automotive_design', 1998, #2560 ) ;
#8096 = FACE_OUTER_BOUND ( 'NONE', #2925, .T. ) ;
#8097 = DIRECTION ( 'NONE',  ( 0.000000000000000000, -0.000000000000000000, 1.000000000000000000 ) ) ;
#8098 = CARTESIAN_POINT ( 'NONE',  ( 0.7263287850284178004, 0.2227272727272736064, -0.7092725651034372802 ) ) ;
#8099 = DIRECTION ( 'NONE',  ( 1.000000000000000000, 0.000000000000000000, 0.000000000000000000 ) ) ;
#8100 = AXIS2_PLACEMENT_3D ( 'NONE', #1610, #4518, #7016 ) ;
#8101 = CARTESIAN_POINT ( 'NONE',  ( 2.099999999999999645, -2.821690854684141936, 0.4999999999999991673 ) ) ;
#8102 = EDGE_LOOP ( 'NONE', ( #11058, #9746, #11211 ) ) ;
#8103 = LINE ( 'NONE', #7783, #8030 ) ;
#8104 = DIRECTION ( 'NONE',  ( -0.000000000000000000, -0.000000000000000000, 1.000000000000000000 ) ) ;
#8105 = ORIENTED_EDGE ( 'NONE', *, *, #11098, .T. ) ;
#8106 = CARTESIAN_POINT ( 'NONE',  ( 0.9000000000000000222, 0.000000000000000000, 0.000000000000000000 ) ) ;
#8107 = ORIENTED_EDGE ( 'NONE', *, *, #10320, .F. ) ;
#8108 = CARTESIAN_POINT ( 'NONE',  ( 4.250000000000000000, 1.224646799147353256E-15, -10.00000000000000000 ) ) ;
#8109 = VECTOR ( 'NONE', #3347, 1000.000000000000000 ) ;
#8110 = DIRECTION ( 'NONE',  ( -1.000000000000000000, -0.000000000000000000, -0.000000000000000000 ) ) ;
#8111 = CARTESIAN_POINT ( 'NONE',  ( 0.000000000000000000, 0.000000000000000000, -1.600000000000000089 ) ) ;
#8112 = DIRECTION ( 'NONE',  ( -1.000000000000000000, 0.000000000000000000, 0.000000000000000000 ) ) ;
#8113 = DIRECTION ( 'NONE',  ( -1.000000000000000000, -0.000000000000000000, -0.000000000000000000 ) ) ;
#8114 = ORIENTED_EDGE ( 'NONE', *, *, #1703, .T. ) ;
#8115 = FACE_OUTER_BOUND ( 'NONE', #2063, .T. ) ;
#8116 = VERTEX_POINT ( 'NONE', #576 ) ;
#8117 = CIRCLE ( 'NONE', #6803, 1.000000000000000000 ) ;
#8118 = CARTESIAN_POINT ( 'NONE',  ( -4.987329993433320396E-15, -2.309401076758504701, -0.1786327949540832127 ) ) ;
#8119 = EDGE_LOOP ( 'NONE', ( #3212, #2105, #2309, #4304 ) ) ;
#8120 = CYLINDRICAL_SURFACE ( 'NONE', #6983, 3.500000000000000000 ) ;
#8121 = ORIENTED_EDGE ( 'NONE', *, *, #8952, .F. ) ;
#8122 = ADVANCED_FACE ( 'NONE', ( #11434 ), #2940, .F. ) ;
#8123 = CARTESIAN_POINT ( 'NONE',  ( 2.000000000000000000, 0.3931374000439457617, -0.01723613881363322137 ) ) ;
#8124 = ADVANCED_BREP_SHAPE_REPRESENTATION ( '', ( #1240, #4873 ), #7954 ) ;
#8125 = DIRECTION ( 'NONE',  ( -0.000000000000000000, 0.000000000000000000, 1.000000000000000000 ) ) ;
#8126 = VECTOR ( 'NONE', #6948, 1000.000000000000227 ) ;
#8127 = DIRECTION ( 'NONE',  ( 0.000000000000000000, 0.000000000000000000, 1.000000000000000000 ) ) ;
#8128 = DIRECTION ( 'NONE',  ( -0.8660254037844385966, 0.000000000000000000, -0.5000000000000001110 ) ) ;
#8129 = VERTEX_POINT ( 'NONE', #9661 ) ;
#8130 = CARTESIAN_POINT ( 'NONE',  ( 0.000000000000000000, 2.309401076758504701, -1.421367205045916737 ) ) ;
#8131 = FILL_AREA_STYLE_COLOUR ( '', #11239 ) ;
#8132 = PRODUCT_DEFINITION_CONTEXT ( 'detailed design', #9525, 'design' ) ;
#8133 = EDGE_CURVE ( 'NONE', #11589, #5212, #1530, .T. ) ;
#8134 = EDGE_CURVE ( 'NONE', #3077, #517, #632, .T. ) ;
#8135 = CARTESIAN_POINT ( 'NONE',  ( -0.3525258066250347988, -0.5241567285109588470, -0.7871156235680550894 ) ) ;
#8136 = EDGE_LOOP ( 'NONE', ( #1605, #11447 ) ) ;
#8137 = ADVANCED_FACE ( 'NONE', ( #2477 ), #8626, .T. ) ;
#8138 = LINE ( 'NONE', #5422, #2788 ) ;
#8139 = FACE_OUTER_BOUND ( 'NONE', #4749, .T. ) ;
#8140 = ORIENTED_EDGE ( 'NONE', *, *, #218, .F. ) ;
#8141 = DIRECTION ( 'NONE',  ( 0.000000000000000000, -0.8660254037844420383, 0.4999999999999939493 ) ) ;
#8142 = ADVANCED_FACE ( 'NONE', ( #6225 ), #1626, .T. ) ;
#8143 = ORIENTED_EDGE ( 'NONE', *, *, #1756, .T. ) ;
#8144 = SHAPE_DEFINITION_REPRESENTATION ( #6643, #9464 ) ;
#8145 = ADVANCED_FACE ( 'NONE', ( #6280 ), #4603, .T. ) ;
#8146 = B_SPLINE_CURVE_WITH_KNOTS ( 'NONE', 3,
 ( #6223, #9829, #1586, #2533 ),
 .UNSPECIFIED., .F., .F.,
 ( 4, 4 ),
 ( 2.380749485065259830E-07, 0.001168606431211103485 ),
 .UNSPECIFIED. ) ;
#8147 = CARTESIAN_POINT ( 'NONE',  ( 1.672282218993687231, 1.343908487461472401, -1.520662200187639090 ) ) ;
#8148 = EDGE_CURVE ( 'NONE', #1774, #7347, #1811, .T. ) ;
#8149 = CARTESIAN_POINT ( 'NONE',  ( 0.000000000000000000, 1.224646799147353256E-15, -10.00000000000000000 ) ) ;
#8150 = CARTESIAN_POINT ( 'NONE',  ( 1.549999999999999378, 17.00000000000000000, -12.73219574315701763 ) ) ;
#8151 = CARTESIAN_POINT ( 'NONE',  ( 1.340742937416024905, -1.535322780927274700, -2.470117744885353961E-16 ) ) ;
#8152 = CARTESIAN_POINT ( 'NONE',  ( 1.000000000000000000, 0.000000000000000000, 0.000000000000000000 ) ) ;
#8153 = B_SPLINE_CURVE_WITH_KNOTS ( 'NONE', 3,
 ( #2112, #3191, #5732, #1277, #3009, #6813 ),
 .UNSPECIFIED., .F., .F.,
 ( 4, 2, 4 ),
 ( 0.003228283429323685737, 0.003812703409393315007, 0.004397123389462943843 ),
 .UNSPECIFIED. ) ;
#8154 = EDGE_LOOP ( 'NONE', ( #10916, #582, #11293, #9 ) ) ;
#8155 = FACE_OUTER_BOUND ( 'NONE', #8102, .T. ) ;
#8156 = AXIS2_PLACEMENT_3D ( 'NONE', #11186, #6685, #2113 ) ;
#8157 = EDGE_LOOP ( 'NONE', ( #4074, #4156, #2037, #6493 ) ) ;
#8158 = FACE_OUTER_BOUND ( 'NONE', #1801, .T. ) ;
#8159 = ORIENTED_EDGE ( 'NONE', *, *, #9199, .F. ) ;
#8160 = APPLICATION_PROTOCOL_DEFINITION ( 'draft international standard', 'automotive_design', 1998, #3459 ) ;
#8161 = DIRECTION ( 'NONE',  ( -1.000000000000000000, 0.000000000000000000, 0.000000000000000000 ) ) ;
#8162 = EDGE_CURVE ( 'NONE', #3878, #4816, #1761, .T. ) ;
#8163 = CARTESIAN_POINT ( 'NONE',  ( 0.9000000000000000222, 2.388061258337338643E-16, -1.949999999999999734 ) ) ;
#8164 = CARTESIAN_POINT ( 'NONE',  ( 1.000000000000001998, 1.732050807568876083, -1.600000000000000089 ) ) ;
#8165 = CARTESIAN_POINT ( 'NONE',  ( 0.000000000000000000, 0.000000000000000000, 0.000000000000000000 ) ) ;
#8166 = DIRECTION ( 'NONE',  ( 0.000000000000000000, 0.000000000000000000, -1.000000000000000000 ) ) ;
#8167 = VECTOR ( 'NONE', #9072, 1000.000000000000000 ) ;
#8168 = ORIENTED_EDGE ( 'NONE', *, *, #5094, .T. ) ;
#8169 = CARTESIAN_POINT ( 'NONE',  ( -2.000000000000000000, -1.154700538379254349, -0.1786327949540832127 ) ) ;
#8170 = VERTEX_POINT ( 'NONE', #756 ) ;
#8171 = FACE_BOUND ( 'NONE', #10624, .T. ) ;
#8172 = ORIENTED_EDGE ( 'NONE', *, *, #6191, .T. ) ;
#8173 = DIRECTION ( 'NONE',  ( 0.000000000000000000, 1.000000000000000000, 0.000000000000000000 ) ) ;
#8174 = VERTEX_POINT ( 'NONE', #3657 ) ;
#8175 = CIRCLE ( 'NONE', #3069, 10.00000000000000000 ) ;
#8176 = CARTESIAN_POINT ( 'NONE',  ( 2.000000000000000000, 0.000000000000000000, 0.000000000000000000 ) ) ;
#8177 = EDGE_CURVE ( 'NONE', #7484, #8513, #10710, .T. ) ;
#8178 = CARTESIAN_POINT ( 'NONE',  ( -2.000000000000000000, -0.8000000000000194733, -19.89999999999990976 ) ) ;
#8179 = DIRECTION ( 'NONE',  ( -0.000000000000000000, -0.000000000000000000, 1.000000000000000000 ) ) ;
#8180 = CARTESIAN_POINT ( 'NONE',  ( 4.099999999999999645, 2.971690854684141847, 0.9000000000000006883 ) ) ;
#8181 = VERTEX_POINT ( 'NONE', #4382 ) ;
#8182 = EDGE_CURVE ( 'NONE', #655, #6862, #8884, .T. ) ;
#8183 = CARTESIAN_POINT ( 'NONE',  ( -1.000000000000000888, 1.732050807568876749, -1.600000000000000089 ) ) ;
#8184 = CARTESIAN_POINT ( 'NONE',  ( 1.224646799147353207E-16, 1.000000000000000444, -1.869518839163146540 ) ) ;
#8185 = CARTESIAN_POINT ( 'NONE',  ( 2.000000000000000000, -0.9668978507697956193, -0.1244188288311465357 ) ) ;
#8186 = ORIENTED_EDGE ( 'NONE', *, *, #8177, .T. ) ;
#8187 = CIRCLE ( 'NONE', #9535, 0.8156023289305088797 ) ;
#8188 = DIRECTION ( 'NONE',  ( 0.000000000000000000, -1.000000000000000000, -0.000000000000000000 ) ) ;
#8189 = DIRECTION ( 'NONE',  ( -1.000000000000000000, 0.000000000000000000, 0.000000000000000000 ) ) ;
#8190 = CARTESIAN_POINT ( 'NONE',  ( -2.000000000000000000, 1.154700538379251240, -1.600000000000000089 ) ) ;
#8191 = B_SPLINE_CURVE_WITH_KNOTS ( 'NONE', 3,
 ( #280, #1895, #9189, #4681, #8304, #1289 ),
 .UNSPECIFIED., .F., .F.,
 ( 4, 2, 4 ),
 ( 0.003228283429323684436, 0.003812703409393313706, 0.004397123389462942976 ),
 .UNSPECIFIED. ) ;
#8192 = VERTEX_POINT ( 'NONE', #1879 ) ;
#8193 = EDGE_CURVE ( 'NONE', #94, #7215, #282, .T. ) ;
#8194 = CARTESIAN_POINT ( 'NONE',  ( 0.2440899983175803534, 0.5983070347802370570, -0.7780255248577977456 ) ) ;
#8195 = AXIS2_PLACEMENT_3D ( 'NONE', #6553, #9934, #2811 ) ;
#8196 = CIRCLE ( 'NONE', #1384, 1.000000000000000000 ) ;
#8197 = ORIENTED_EDGE ( 'NONE', *, *, #8216, .F. ) ;
#8198 = AXIS2_PLACEMENT_3D ( 'NONE', #6221, #10705, #11548 ) ;
#8199 = SHAPE_DEFINITION_REPRESENTATION ( #10426, #5449 ) ;
#8200 = AXIS2_PLACEMENT_3D ( 'NONE', #3402, #5240, #666 ) ;
#8201 = CIRCLE ( 'NONE', #4422, 1.999999999999999556 ) ;
#8202 = DIRECTION ( 'NONE',  ( 0.000000000000000000, 0.000000000000000000, 1.000000000000000000 ) ) ;
#8203 = CARTESIAN_POINT ( 'NONE',  ( -0.6607522599941049180, 1.927915581583253601, -1.582894801272977992 ) ) ;
#8204 = DIRECTION ( 'NONE',  ( 0.000000000000000000, 1.000000000000000000, 0.000000000000000000 ) ) ;
#8205 = CARTESIAN_POINT ( 'NONE',  ( 0.9000000000000000222, 0.000000000000000000, 0.000000000000000000 ) ) ;
#8206 = ADVANCED_FACE ( 'NONE', ( #807 ), #11674, .T. ) ;
#8207 = EDGE_CURVE ( 'NONE', #6045, #1641, #866, .T. ) ;
#8208 = EDGE_CURVE ( 'NONE', #10604, #783, #7490, .T. ) ;
#8209 = DIRECTION ( 'NONE',  ( -0.000000000000000000, 0.000000000000000000, -1.000000000000000000 ) ) ;
#8210 = ORIENTED_EDGE ( 'NONE', *, *, #4583, .F. ) ;
#8211 = CYLINDRICAL_SURFACE ( 'NONE', #4052, 1.500000000000001332 ) ;
#8212 = VECTOR ( 'NONE', #1372, 1000.000000000000000 ) ;
#8213 = EDGE_CURVE ( 'NONE', #6099, #9079, #8215, .T. ) ;
#8214 = AXIS2_PLACEMENT_3D ( 'NONE', #11508, #6775, #8716 ) ;
#8215 = B_SPLINE_CURVE_WITH_KNOTS ( 'NONE', 3,
 ( #1933, #25, #10829, #7113, #4438, #7169, #4498, #1822, #10886, #10773 ),
 .UNSPECIFIED., .F., .F.,
 ( 4, 2, 2, 2, 4 ),
 ( 3.080804719756673455E-07, 0.0001229100959910596382, 0.0002455121115101435974, 0.0003681141270292274752, 0.0004907161425483112446 ),
 .UNSPECIFIED. ) ;
#8216 = EDGE_CURVE ( 'NONE', #1184, #783, #2822, .T. ) ;
#8217 = CARTESIAN_POINT ( 'NONE',  ( 3.500000000000000000, 9.199999999999999289, -18.50000000000000355 ) ) ;
#8218 = VECTOR ( 'NONE', #2074, 1000.000000000000000 ) ;
#8219 = ORIENTED_EDGE ( 'NONE', *, *, #9926, .T. ) ;
#8220 = DIRECTION ( 'NONE',  ( -0.000000000000000000, 1.224649721909276639E-16, -1.000000000000000000 ) ) ;
#8221 = ORIENTED_EDGE ( 'NONE', *, *, #8264, .T. ) ;
#8222 = AXIS2_PLACEMENT_3D ( 'NONE', #10229, #2110, #6682 ) ;
#8223 = FILL_AREA_STYLE ('',( #6447 ) ) ;
#8224 = DIRECTION ( 'NONE',  ( -1.000000000000000000, -0.000000000000000000, -0.000000000000000000 ) ) ;
#8225 = DIRECTION ( 'NONE',  ( 1.000000000000000000, 0.000000000000000000, 0.000000000000000000 ) ) ;
#8226 = DIRECTION ( 'NONE',  ( -0.000000000000000000, 0.000000000000000000, -1.000000000000000000 ) ) ;
#8227 = CARTESIAN_POINT ( 'NONE',  ( -2.000000000000000000, 0.000000000000000000, -6.000000000000000000 ) ) ;
#8228 = VECTOR ( 'NONE', #9242, 1000.000000000000000 ) ;
#8229 = CARTESIAN_POINT ( 'NONE',  ( 0.000000000000000000, 2.971690854684141847, -0.8999999999999992450 ) ) ;
#8230 = ORIENTED_EDGE ( 'NONE', *, *, #7452, .F. ) ;
#8231 = PLANE ( 'NONE',  #9143 ) ;
#8232 = VERTEX_POINT ( 'NONE', #7996 ) ;
#8233 = EDGE_CURVE ( 'NONE', #5714, #7987, #6110, .T. ) ;
#8234 = CARTESIAN_POINT ( 'NONE',  ( 0.9000000000000000222, 0.000000000000000000, 1.949999999999999734 ) ) ;
#8235 = CIRCLE ( 'NONE', #2973, 3.000000000000000000 ) ;
#8236 = ORIENTED_EDGE ( 'NONE', *, *, #4728, .F. ) ;
#8237 = CARTESIAN_POINT ( 'NONE',  ( -2.000000000000000000, -0.7745510564695445854, -0.07894766929796916133 ) ) ;
#8238 = ORIENTED_EDGE ( 'NONE', *, *, #5316, .T. ) ;
#8239 = SURFACE_STYLE_FILL_AREA ( #2012 ) ;
#8240 = CARTESIAN_POINT ( 'NONE',  ( 1.000000000000000444, -1.732050807568876971, -1.600000000000000089 ) ) ;
#8241 = DIRECTION ( 'NONE',  ( 1.000000000000000000, -0.000000000000000000, -0.000000000000000000 ) ) ;
#8242 = DIRECTION ( 'NONE',  ( -0.7071067811865475727, 0.000000000000000000, 0.7071067811865475727 ) ) ;
#8243 = CIRCLE ( 'NONE', #3886, 0.7740000000000000213 ) ;
#8244 = CARTESIAN_POINT ( 'NONE',  ( -2.000000000000000000, 1.154700538379251240, -0.1786327949540822413 ) ) ;
#8245 = CARTESIAN_POINT ( 'NONE',  ( 9.478766225400515022E-17, -0.7739999999999994662, -2.799999999999999822 ) ) ;
#8246 = ORIENTED_EDGE ( 'NONE', *, *, #10017, .T. ) ;
#8247 = CARTESIAN_POINT ( 'NONE',  ( -2.000000000000000000, 1.154700538379254349, -1.421367205045916737 ) ) ;
#8248 = PRODUCT_DEFINITION ( 'UNKNOWN', '', #9483, #3628 ) ;
#8249 = DIRECTION ( 'NONE',  ( 2.253471898105733912E-15, 0.000000000000000000, -1.000000000000000000 ) ) ;
#8250 = CONICAL_SURFACE ( 'NONE', #3144, 0.7740000000000000213, 1.047197551196601628 ) ;
#8251 = AXIS2_PLACEMENT_3D ( 'NONE', #9943, #9833, #5444 ) ;
#8252 = ORIENTED_EDGE ( 'NONE', *, *, #4101, .T. ) ;
#8253 = FACE_OUTER_BOUND ( 'NONE', #9775, .T. ) ;
#8254 = DIRECTION ( 'NONE',  ( 0.000000000000000000, 0.000000000000000000, -1.000000000000000000 ) ) ;
#8255 = DIRECTION ( 'NONE',  ( -0.8660254037844392627, 0.000000000000000000, 0.4999999999999988898 ) ) ;
#8256 = DIRECTION ( 'NONE',  ( -1.000000000000000000, -0.000000000000000000, -0.000000000000000000 ) ) ;
#8257 = CARTESIAN_POINT ( 'NONE',  ( 0.7517120395882630479, 0.4618033344789010952, -0.6365693120973366925 ) ) ;
#8258 = AXIS2_PLACEMENT_3D ( 'NONE', #5485, #2581, #8202 ) ;
#8259 = ORIENTED_EDGE ( 'NONE', *, *, #11487, .F. ) ;
#8260 = DIRECTION ( 'NONE',  ( 0.000000000000000000, 1.000000000000000000, 0.000000000000000000 ) ) ;
#8261 = CIRCLE ( 'NONE', #298, 1.099999999999996758 ) ;
#8262 = VECTOR ( 'NONE', #9332, 1000.000000000000000 ) ;
#8263 = EDGE_LOOP ( 'NONE', ( #4883, #9640 ) ) ;
#8264 = EDGE_CURVE ( 'NONE', #7522, #4584, #5995, .T. ) ;
#8265 = SHAPE_DEFINITION_REPRESENTATION ( #9191, #5404 ) ;
#8266 = CARTESIAN_POINT ( 'NONE',  ( 4.099999999999999645, -2.821690854684141936, 0.8999999999999992450 ) ) ;
#8267 = CARTESIAN_POINT ( 'NONE',  ( 4.336808689942017736E-16, 0.8999999999999998002, -22.15470053837916353 ) ) ;
#8268 = CARTESIAN_POINT ( 'NONE',  ( -2.000000000000000000, 0.000000000000000000, -3.000000000000000000 ) ) ;
#8269 = LINE ( 'NONE', #7258, #9720 ) ;
#8270 = DIRECTION ( 'NONE',  ( 1.000000000000000000, 0.000000000000000000, 0.000000000000000000 ) ) ;
#8271 = AXIS2_PLACEMENT_3D ( 'NONE', #7441, #7566, #9282 ) ;
#8272 = EDGE_LOOP ( 'NONE', ( #9062, #5563, #4968, #9636, #3339, #7561, #843, #6940, #11151, #6980 ) ) ;
#8273 = AXIS2_PLACEMENT_3D ( 'NONE', #11032, #2915, #121 ) ;
#8274 = FILL_AREA_STYLE ('',( #9043 ) ) ;
#8275 = CARTESIAN_POINT ( 'NONE',  ( 0.7263287850284178004, 0.2227272727272736064, 0.000000000000000000 ) ) ;
#8276 = ORIENTED_EDGE ( 'NONE', *, *, #8207, .F. ) ;
#8277 = EDGE_CURVE ( 'NONE', #7484, #7119, #5109, .T. ) ;
#8278 = DIRECTION ( 'NONE',  ( 1.000000000000000000, 0.000000000000000000, 0.000000000000000000 ) ) ;
#8279 = EDGE_CURVE ( 'NONE', #7215, #8617, #3904, .T. ) ;
#8280 = PLANE ( 'NONE',  #56 ) ;
#8281 = EDGE_LOOP ( 'NONE', ( #2134, #1281 ) ) ;
#8282 =( NAMED_UNIT ( * ) SI_UNIT ( $, .STERADIAN. ) SOLID_ANGLE_UNIT ( ) );
#8283 = PRESENTATION_LAYER_ASSIGNMENT (  '', '', ( #1070 ) ) ;
#8284 = DIRECTION ( 'NONE',  ( -0.000000000000000000, -0.000000000000000000, 1.000000000000000000 ) ) ;
#8285 = CARTESIAN_POINT ( 'NONE',  ( 3.599999999999999201, -2.821690854684141936, 0.8999999999999992450 ) ) ;
#8286 = AXIS2_PLACEMENT_3D ( 'NONE', #3740, #5695, #4741 ) ;
#8287 = DIRECTION ( 'NONE',  ( -1.000000000000000000, 0.000000000000000000, 0.000000000000000000 ) ) ;
#8288 = ADVANCED_FACE ( 'NONE', ( #3063, #3127 ), #4839, .F. ) ;
#8289 = DIRECTION ( 'NONE',  ( -0.000000000000000000, -0.000000000000000000, -1.000000000000000000 ) ) ;
#8290 = DIRECTION ( 'NONE',  ( 0.4999999999999986122, 0.000000000000000000, -0.8660254037844394848 ) ) ;
#8291 = ORIENTED_EDGE ( 'NONE', *, *, #9543, .T. ) ;
#8292 = FACE_OUTER_BOUND ( 'NONE', #11177, .T. ) ;
#8293 = VERTEX_POINT ( 'NONE', #10172 ) ;
#8294 = CARTESIAN_POINT ( 'NONE',  ( -2.000000000000000000, 0.1952413320394005836, 7.623296525288699970E-18 ) ) ;
#8295 = CIRCLE ( 'NONE', #2402, 1.000000000000000000 ) ;
#8296 = ORIENTED_EDGE ( 'NONE', *, *, #1073, .T. ) ;
#8297 = ADVANCED_FACE ( 'NONE', ( #4661 ), #9406, .T. ) ;
#8298 = DIRECTION ( 'NONE',  ( 0.000000000000000000, -0.000000000000000000, -1.000000000000000000 ) ) ;
#8299 = CIRCLE ( 'NONE', #3572, 1.949999999999999734 ) ;
#8300 = ORIENTED_EDGE ( 'NONE', *, *, #11507, .T. ) ;
#8301 = FACE_OUTER_BOUND ( 'NONE', #11356, .T. ) ;
#8302 = DIRECTION ( 'NONE',  ( 1.000000000000000000, 0.000000000000000000, 0.000000000000000000 ) ) ;
#8303 = EDGE_CURVE ( 'NONE', #8015, #1238, #862, .T. ) ;
#8304 = CARTESIAN_POINT ( 'NONE',  ( -2.000000000000000000, 0.9679918988505324950, -1.475265346691885471 ) ) ;
#8305 = EDGE_CURVE ( 'NONE', #1619, #5490, #6255, .T. ) ;
#8306 = FACE_OUTER_BOUND ( 'NONE', #7096, .T. ) ;
#8307 = LINE ( 'NONE', #8245, #4941 ) ;
#8308 = AXIS2_PLACEMENT_3D ( 'NONE', #5412, #2498, #8016 ) ;
#8309 = VERTEX_POINT ( 'NONE', #11242 ) ;
#8310 = CARTESIAN_POINT ( 'NONE',  ( 3.499999999999999556, 17.00000000000000000, -5.232195743157016743 ) ) ;
#8311 = UNCERTAINTY_MEASURE_WITH_UNIT (LENGTH_MEASURE( 1.000000000000000082E-05 ), #105, 'distance_accuracy_value', 'NONE');
#8312 = VERTEX_POINT ( 'NONE', #1146 ) ;
#8313 = LINE ( 'NONE', #226, #10106 ) ;
#8314 = EDGE_LOOP ( 'NONE', ( #10265, #10802, #1117, #312 ) ) ;
#8316 = VECTOR ( 'NONE', #8002, 1000.000000000000000 ) ;
#8315 = DIRECTION ( 'NONE',  ( -0.000000000000000000, 1.224649721909276639E-16, -1.000000000000000000 ) ) ;
#8317 = ORIENTED_EDGE ( 'NONE', *, *, #5347, .F. ) ;
#8318 = CYLINDRICAL_SURFACE ( 'NONE', #8093, 2.000000000000000000 ) ;
#8319 = DIRECTION ( 'NONE',  ( -0.000000000000000000, 1.224649721909276639E-16, -1.000000000000000000 ) ) ;
#8320 = ORIENTED_EDGE ( 'NONE', *, *, #9876, .T. ) ;
#8321 = FACE_OUTER_BOUND ( 'NONE', #1916, .T. ) ;
#8322 = ORIENTED_EDGE ( 'NONE', *, *, #10006, .T. ) ;
#8323 = MECHANICAL_DESIGN_GEOMETRIC_PRESENTATION_REPRESENTATION (  '', ( #3779 ), #5678 ) ;
#8324 = CARTESIAN_POINT ( 'NONE',  ( 0.7063323362395715899, 0.4078011644652539958, -0.1291166393111736477 ) ) ;
#8325 = CARTESIAN_POINT ( 'NONE',  ( -0.6062177826491067512, 0.3500000000000009770, 0.000000000000000000 ) ) ;
#8326 = EDGE_CURVE ( 'NONE', #2313, #11704, #11292, .T. ) ;
#8327 = LINE ( 'NONE', #2097, #8463 ) ;
#8328 = DIRECTION ( 'NONE',  ( -1.000000000000000000, -0.000000000000000000, -0.000000000000000000 ) ) ;
#8329 = VERTEX_POINT ( 'NONE', #7627 ) ;
#8330 = PRESENTATION_STYLE_ASSIGNMENT (( #11221 ) ) ;
#8331 = AXIS2_PLACEMENT_3D ( 'NONE', #1634, #9699, #8750 ) ;
#8332 = CARTESIAN_POINT ( 'NONE',  ( 0.1702769162167659112, 0.7403828156981310249, 0.000000000000000000 ) ) ;
#8333 = ORIENTED_EDGE ( 'NONE', *, *, #1974, .T. ) ;
#8334 = LINE ( 'NONE', #9403, #5821 ) ;
#8335 = DIRECTION ( 'NONE',  ( -1.000000000000000000, 0.000000000000000000, 0.000000000000000000 ) ) ;
#8336 = ORIENTED_EDGE ( 'NONE', *, *, #3156, .T. ) ;
#8337 = PRODUCT_DEFINITION_SHAPE ( 'NONE', 'NONE',  #8248 ) ;
#8338 = APPLICATION_PROTOCOL_DEFINITION ( 'draft international standard', 'automotive_design', 1998, #4670 ) ;
#8339 = DIRECTION ( 'NONE',  ( -0.000000000000000000, 1.224649721909276639E-16, -1.000000000000000000 ) ) ;
#8340 = CARTESIAN_POINT ( 'NONE',  ( -0.5000000000000000000, 9.199999999999999289, -18.50000000000000355 ) ) ;
#8341 = DIRECTION ( 'NONE',  ( -1.000000000000000000, -0.000000000000000000, -0.000000000000000000 ) ) ;
#8342 = FILL_AREA_STYLE ('',( #4721 ) ) ;
#8343 = CARTESIAN_POINT ( 'NONE',  ( 0.000000000000000000, 0.000000000000000000, -3.299999999999985167 ) ) ;
#8344 = ADVANCED_FACE ( 'NONE', ( #326 ), #4900, .F. ) ;
#8345 = ORIENTED_EDGE ( 'NONE', *, *, #3798, .T. ) ;
#8346 = FACE_OUTER_BOUND ( 'NONE', #5136, .T. ) ;
#8347 = CIRCLE ( 'NONE', #7396, 2.500000000000002220 ) ;
#8348 = EDGE_LOOP ( 'NONE', ( #6887, #3015, #7910, #4213 ) ) ;
#8349 = DIRECTION ( 'NONE',  ( -0.000000000000000000, -0.000000000000000000, 1.000000000000000000 ) ) ;
#8350 = ORIENTED_EDGE ( 'NONE', *, *, #10432, .F. ) ;
#8351 = CARTESIAN_POINT ( 'NONE',  ( -2.000000000000001332, -1.084202172485504434E-16, -1.599999999999877520 ) ) ;
#8352 = VERTEX_POINT ( 'NONE', #8519 ) ;
#8353 = DIRECTION ( 'NONE',  ( -1.000000000000000000, 0.000000000000000000, 0.000000000000000000 ) ) ;
#8354 = AXIS2_PLACEMENT_3D ( 'NONE', #7653, #10427, #4862 ) ;
#8355 = CARTESIAN_POINT ( 'NONE',  ( 9.478766225400515022E-17, -0.7739999999999994662, -3.200000000000000178 ) ) ;
#8356 = LINE ( 'NONE', #2075, #1275 ) ;
#8357 = CARTESIAN_POINT ( 'NONE',  ( -17.30000000000000071, 0.000000000000000000, 0.000000000000000000 ) ) ;
#8358 = EDGE_CURVE ( 'NONE', #109, #10755, #5230, .T. ) ;
#8359 = EDGE_CURVE ( 'NONE', #6808, #6173, #10140, .T. ) ;
#8360 = ORIENTED_EDGE ( 'NONE', *, *, #5034, .F. ) ;
#8361 = CARTESIAN_POINT ( 'NONE',  ( -1.340742937416024017, 1.535322780927272257, -1.600000000000000977 ) ) ;
#8362 = ORIENTED_EDGE ( 'NONE', *, *, #10880, .F. ) ;
#8363 = CARTESIAN_POINT ( 'NONE',  ( 2.000000000000000000, 1.154700538379254349, -1.421367205045916737 ) ) ;
#8364 = AXIS2_PLACEMENT_3D ( 'NONE', #6826, #10424, #11440 ) ;
#8365 = EDGE_CURVE ( 'NONE', #11087, #11205, #386, .T. ) ;
#8366 = EDGE_CURVE ( 'NONE', #1995, #11400, #11062, .T. ) ;
#8367 = VERTEX_POINT ( 'NONE', #5619 ) ;
#8368 = DIRECTION ( 'NONE',  ( 0.000000000000000000, 0.000000000000000000, 1.000000000000000000 ) ) ;
#8369 = DIRECTION ( 'NONE',  ( -0.000000000000000000, -0.000000000000000000, -1.000000000000000000 ) ) ;
#8370 = DIRECTION ( 'NONE',  ( -0.7071067811865487940, 8.659560562354948882E-17, 0.7071067811865463515 ) ) ;
#8371 = CARTESIAN_POINT ( 'NONE',  ( 0.6612879158822075887, 0.5250309824966663541, -0.6593607120991674675 ) ) ;
#8372 = ORIENTED_EDGE ( 'NONE', *, *, #1976, .F. ) ;
#8373 = LINE ( 'NONE', #3876, #7743 ) ;
#8374 = EDGE_CURVE ( 'NONE', #5400, #6405, #9589, .T. ) ;
#8375 = ORIENTED_EDGE ( 'NONE', *, *, #11100, .T. ) ;
#8376 = CARTESIAN_POINT ( 'NONE',  ( 4.099999999999999645, -2.971690854684141847, 0.3999999999999987454 ) ) ;
#8377 = DIRECTION ( 'NONE',  ( 1.000000000000000000, 0.000000000000000000, 0.000000000000000000 ) ) ;
#8378 = CARTESIAN_POINT ( 'NONE',  ( 0.000000000000000000, 1.000000000000000222, -4.000000000000000000 ) ) ;
#8379 = FACE_OUTER_BOUND ( 'NONE', #5245, .T. ) ;
#8380 = CIRCLE ( 'NONE', #9903, 1.099999999999996758 ) ;
#8381 = CARTESIAN_POINT ( 'NONE',  ( 1.000000000000000444, 1.224646799147353947E-16, 0.000000000000000000 ) ) ;
#8382 = EDGE_LOOP ( 'NONE', ( #4263, #2180, #1223, #11175 ) ) ;
#8383 = VECTOR ( 'NONE', #6796, 1000.000000000000000 ) ;
#8384 =( REPRESENTATION_RELATIONSHIP ('NONE','NONE', #9860, #2187 ) REPRESENTATION_RELATIONSHIP_WITH_TRANSFORMATION ( #6607 )SHAPE_REPRESENTATION_RELATIONSHIP( ) );
#8385 = PRODUCT_DEFINITION ( 'UNKNOWN', '', #6649, #5415 ) ;
#8386 = CARTESIAN_POINT ( 'NONE',  ( 5.499999999999998224, 0.8999999999999995781, -19.89999999999990976 ) ) ;
#8387 = CIRCLE ( 'NONE', #10086, 2.500000000000002220 ) ;
#8388 = VERTEX_POINT ( 'NONE', #3830 ) ;
#8389 = CIRCLE ( 'NONE', #10471, 1.999999999999999556 ) ;
#8390 = AXIS2_PLACEMENT_3D ( 'NONE', #2676, #7962, #10852 ) ;
#8391 = CARTESIAN_POINT ( 'NONE',  ( 1.000000000000000000, 0.000000000000000000, 0.000000000000000000 ) ) ;
#8392 = FACE_OUTER_BOUND ( 'NONE', #8418, .T. ) ;
#8393 = EDGE_LOOP ( 'NONE', ( #10401, #7459, #2567, #11074, #9968, #1612 ) ) ;
#8394 = SURFACE_STYLE_USAGE ( .BOTH. , #2170 ) ;
#8395 = DIRECTION ( 'NONE',  ( -0.000000000000000000, 1.224649721909276639E-16, -1.000000000000000000 ) ) ;
#8396 = DIRECTION ( 'NONE',  ( 1.000000000000000000, 0.000000000000000000, 0.000000000000000000 ) ) ;
#8397 = DIRECTION ( 'NONE',  ( -1.000000000000000000, -0.000000000000000000, -0.000000000000000000 ) ) ;
#8398 = DIRECTION ( 'NONE',  ( -0.000000000000000000, 1.224649721909276639E-16, -1.000000000000000000 ) ) ;
#8399 = DIRECTION ( 'NONE',  ( -0.000000000000000000, -1.000000000000000000, -0.000000000000000000 ) ) ;
#8400 = AXIS2_PLACEMENT_3D ( 'NONE', #5586, #8485, #11150 ) ;
#8401 = AXIS2_PLACEMENT_3D ( 'NONE', #4206, #7816, #11437 ) ;
#8402 = ORIENTED_EDGE ( 'NONE', *, *, #1482, .F. ) ;
#8403 = FACE_OUTER_BOUND ( 'NONE', #6556, .T. ) ;
#8404 = ORIENTED_EDGE ( 'NONE', *, *, #4150, .F. ) ;
#8405 = CARTESIAN_POINT ( 'NONE',  ( -2.000000000000000000, 1.154700538379251240, -0.1786327949540822413 ) ) ;
#8406 = VECTOR ( 'NONE', #5019, 1000.000000000000000 ) ;
#8407 = ORIENTED_EDGE ( 'NONE', *, *, #11323, .T. ) ;
#8408 = CARTESIAN_POINT ( 'NONE',  ( 0.000000000000000000, 4.738805170303855086E-16, -1.869518839163146762 ) ) ;
#8409 = ORIENTED_EDGE ( 'NONE', *, *, #3268, .F. ) ;
#8410 = VECTOR ( 'NONE', #7639, 1000.000000000000000 ) ;
#8411 = CARTESIAN_POINT ( 'NONE',  ( 1.000000000000000444, -1.732050807568876971, 0.000000000000000000 ) ) ;
#8412 = EDGE_CURVE ( 'NONE', #3862, #2892, #2578, .T. ) ;
#8413 = UNCERTAINTY_MEASURE_WITH_UNIT (LENGTH_MEASURE( 1.000000000000000082E-05 ), #8648, 'distance_accuracy_value', 'NONE');
#8414 = FACE_OUTER_BOUND ( 'NONE', #3560, .T. ) ;
#8415 = FACE_OUTER_BOUND ( 'NONE', #1171, .T. ) ;
#8416 = DIRECTION ( 'NONE',  ( 0.000000000000000000, 0.000000000000000000, 1.000000000000000000 ) ) ;
#8417 = DIRECTION ( 'NONE',  ( 0.000000000000000000, 0.000000000000000000, -1.000000000000000000 ) ) ;
#8418 = EDGE_LOOP ( 'NONE', ( #10077, #7197 ) ) ;
#8419 = AXIS2_PLACEMENT_3D ( 'NONE', #10579, #10526, #2294 ) ;
#8420 = LINE ( 'NONE', #1056, #11534 ) ;
#8421 = ORIENTED_EDGE ( 'NONE', *, *, #3873, .T. ) ;
#8422 = DIRECTION ( 'NONE',  ( -0.000000000000000000, -0.000000000000000000, 1.000000000000000000 ) ) ;
#8423 = ORIENTED_EDGE ( 'NONE', *, *, #4446, .T. ) ;
#8424 = ORIENTED_EDGE ( 'NONE', *, *, #8510, .T. ) ;
#8425 = ADVANCED_FACE ( 'NONE', ( #5729 ), #10518, .F. ) ;
#8426 = CARTESIAN_POINT ( 'NONE',  ( 3.581183789785735176E-16, 2.309401076758504701, -1.600000000000000089 ) ) ;
#8427 = EDGE_CURVE ( 'NONE', #11658, #2534, #5128, .T. ) ;
#8428 = CIRCLE ( 'NONE', #3322, 1.999999999999999556 ) ;
#8429 = ORIENTED_EDGE ( 'NONE', *, *, #2771, .F. ) ;
#8430 = CARTESIAN_POINT ( 'NONE',  ( -2.000000000000000000, 0.000000000000000000, 0.000000000000000000 ) ) ;
#8431 = ADVANCED_FACE ( 'NONE', ( #1516 ), #493, .T. ) ;
#8432 = DIRECTION ( 'NONE',  ( 0.000000000000000000, 0.000000000000000000, -1.000000000000000000 ) ) ;
#8433 = EDGE_CURVE ( 'NONE', #3968, #3440, #9638, .T. ) ;
#8434 = VERTEX_POINT ( 'NONE', #1456 ) ;
#8435 = CARTESIAN_POINT ( 'NONE',  ( 2.000000000000000000, 9.199999999999999289, -21.00000000000000355 ) ) ;
#8436 = AXIS2_PLACEMENT_3D ( 'NONE', #11015, #8241, #7404 ) ;
#8437 = AXIS2_PLACEMENT_3D ( 'NONE', #6168, #9712, #3201 ) ;
#8438 = B_SPLINE_CURVE_WITH_KNOTS ( 'NONE', 3,
 ( #11215, #3097, #3749, #2913 ),
 .UNSPECIFIED., .F., .F.,
 ( 4, 4 ),
 ( 2.380749485086116428E-07, 0.001168606431211100015 ),
 .UNSPECIFIED. ) ;
#8439 = ORIENTED_EDGE ( 'NONE', *, *, #8448, .F. ) ;
#8440 = CONTEXT_DEPENDENT_SHAPE_REPRESENTATION ( #1336, #7689 ) ;
#8441 = DIRECTION ( 'NONE',  ( -0.000000000000000000, 1.224649721909276639E-16, -1.000000000000000000 ) ) ;
#8442 = DIRECTION ( 'NONE',  ( 0.000000000000000000, 1.000000000000000000, 2.168404344971008868E-16 ) ) ;
#8443 = AXIS2_PLACEMENT_3D ( 'NONE', #6212, #3703, #2522 ) ;
#8444 = VERTEX_POINT ( 'NONE', #7038 ) ;
#8445 = DIRECTION ( 'NONE',  ( 0.5000000000000009992, 0.8660254037844380415, -0.000000000000000000 ) ) ;
#8447 = ADVANCED_FACE ( 'NONE', ( #8751 ), #5018, .F. ) ;
#8446 = DIRECTION ( 'NONE',  ( 1.000000000000000000, -0.000000000000000000, -0.000000000000000000 ) ) ;
#8448 = EDGE_CURVE ( 'NONE', #3077, #5153, #9394, .T. ) ;
#8449 = DIRECTION ( 'NONE',  ( 0.000000000000000000, -0.7071067811865482389, -0.7071067811865469066 ) ) ;
#8450 = ORIENTED_EDGE ( 'NONE', *, *, #3952, .T. ) ;
#8451 = CARTESIAN_POINT ( 'NONE',  ( 0.6400838274320599375, 0.08743474090243265329, -0.7781214260140798533 ) ) ;
#8452 = AXIS2_PLACEMENT_3D ( 'NONE', #2094, #8441, #6667 ) ;
#8453 = ORIENTED_EDGE ( 'NONE', *, *, #903, .F. ) ;
#8454 = DIRECTION ( 'NONE',  ( 0.000000000000000000, 0.000000000000000000, 1.000000000000000000 ) ) ;
#8455 = ORIENTED_EDGE ( 'NONE', *, *, #2358, .F. ) ;
#8456 =( NAMED_UNIT ( * ) SI_UNIT ( $, .STERADIAN. ) SOLID_ANGLE_UNIT ( ) );
#8457 = DIRECTION ( 'NONE',  ( 0.000000000000000000, 1.000000000000000000, 2.168404344971008868E-16 ) ) ;
#8458 = DIRECTION ( 'NONE',  ( 1.000000000000000000, 0.000000000000000000, 0.000000000000000000 ) ) ;
#8459 = CARTESIAN_POINT ( 'NONE',  ( 2.099999999999999645, -4.001000000000000334, -0.4999999999999991673 ) ) ;
#8460 = CARTESIAN_POINT ( 'NONE',  ( 0.7063323362395722560, 0.4078011644652548284, -0.1291166393111727595 ) ) ;
#8461 = VECTOR ( 'NONE', #7327, 1000.000000000000000 ) ;
#8462 = AXIS2_PLACEMENT_3D ( 'NONE', #3203, #1349, #4972 ) ;
#8463 = VECTOR ( 'NONE', #1198, 1000.000000000000000 ) ;
#8464 = PLANE ( 'NONE',  #8156 ) ;
#8465 = ORIENTED_EDGE ( 'NONE', *, *, #8305, .T. ) ;
#8466 = CARTESIAN_POINT ( 'NONE',  ( 3.500000000000000000, 0.000000000000000000, -24.00000000000000000 ) ) ;
#8467 = ORIENTED_EDGE ( 'NONE', *, *, #10966, .F. ) ;
#8468 = CARTESIAN_POINT ( 'NONE',  ( -0.9526279441628808797, 0.5500000000000002665, -0.3000000000000172529 ) ) ;
#8469 = VERTEX_POINT ( 'NONE', #2232 ) ;
#8470 = CARTESIAN_POINT ( 'NONE',  ( -1.169735307079674547, -1.634054082335445690, -1.600000000000000089 ) ) ;
#8471 = AXIS2_PLACEMENT_3D ( 'NONE', #9204, #2144, #7545 ) ;
#8472 = ORIENTED_EDGE ( 'NONE', *, *, #2922, .T. ) ;
#8473 = DIRECTION ( 'NONE',  ( -1.000000000000000000, -0.000000000000000000, -0.000000000000000000 ) ) ;
#8474 = LINE ( 'NONE', #6703, #10512 ) ;
#8475 = DIRECTION ( 'NONE',  ( 0.000000000000000000, -1.224649721909276639E-16, 1.000000000000000000 ) ) ;
#8476 = FACE_OUTER_BOUND ( 'NONE', #8851, .T. ) ;
#8477 = FACE_OUTER_BOUND ( 'NONE', #3410, .T. ) ;
#8478 = DIRECTION ( 'NONE',  ( -1.000000000000000000, 0.000000000000000000, 0.000000000000000000 ) ) ;
#8479 =( GEOMETRIC_REPRESENTATION_CONTEXT ( 3 ) GLOBAL_UNCERTAINTY_ASSIGNED_CONTEXT ( ( #943 ) ) GLOBAL_UNIT_ASSIGNED_CONTEXT ( ( #5285, #7464, #1840 ) ) REPRESENTATION_CONTEXT ( 'NONE', 'WORKASPACE' ) );
#8480 = CONICAL_SURFACE ( 'NONE', #713, 0.7799999999999996936, 0.9599310885968785900 ) ;
#8481 = ORIENTED_EDGE ( 'NONE', *, *, #10333, .F. ) ;
#8482 = CARTESIAN_POINT ( 'NONE',  ( 8.500000000000000000, 0.000000000000000000, -6.000000000000000000 ) ) ;
#8483 = VERTEX_POINT ( 'NONE', #10523 ) ;
#8484 = CIRCLE ( 'NONE', #6226, 1.099999999999996758 ) ;
#8485 = DIRECTION ( 'NONE',  ( -0.000000000000000000, 1.224649721909276639E-16, -1.000000000000000000 ) ) ;
#8486 = EDGE_CURVE ( 'NONE', #7993, #1772, #2291, .T. ) ;
#8487 = VERTEX_POINT ( 'NONE', #4075 ) ;
#8488 = VERTEX_POINT ( 'NONE', #6867 ) ;
#8489 = DIRECTION ( 'NONE',  ( -1.000000000000000000, -0.000000000000000000, -0.000000000000000000 ) ) ;
#8490 = AXIS2_PLACEMENT_3D ( 'NONE', #4088, #7642, #7702 ) ;
#8491 = FACE_OUTER_BOUND ( 'NONE', #6347, .T. ) ;
#8492 = VECTOR ( 'NONE', #6484, 1000.000000000000000 ) ;
#8493 = CARTESIAN_POINT ( 'NONE',  ( -2.000000000000000000, 0.9000000000000003553, -5.309401076758394566 ) ) ;
#8494 = PLANE ( 'NONE',  #9550 ) ;
#8495 = ORIENTED_EDGE ( 'NONE', *, *, #240, .F. ) ;
#8496 = CARTESIAN_POINT ( 'NONE',  ( 3.500000000000000000, 0.000000000000000000, 0.000000000000000000 ) ) ;
#8497 = ADVANCED_FACE ( 'NONE', ( #11306, #7749 ), #10576, .T. ) ;
#8498 = EDGE_CURVE ( 'NONE', #6023, #10478, #5918, .T. ) ;
#8499 = VECTOR ( 'NONE', #6771, 1000.000000000000000 ) ;
#8500 = ADVANCED_FACE ( 'NONE', ( #616 ), #9207, .T. ) ;
#8501 = EDGE_LOOP ( 'NONE', ( #10734, #9864 ) ) ;
#8502 = APPLICATION_PROTOCOL_DEFINITION ( 'draft international standard', 'automotive_design', 1998, #6425 ) ;
#8503 = CARTESIAN_POINT ( 'NONE',  ( 2.000000000000000000, 0.000000000000000000, 0.000000000000000000 ) ) ;
#8504 = CARTESIAN_POINT ( 'NONE',  ( -2.000000000000000000, 1.154700538379251240, -1.600000000000000089 ) ) ;
#8505 = ORIENTED_EDGE ( 'NONE', *, *, #8498, .T. ) ;
#8506 = DIRECTION ( 'NONE',  ( 0.000000000000000000, -1.000000000000000000, -0.000000000000000000 ) ) ;
#8507 = DIRECTION ( 'NONE',  ( -0.000000000000000000, -0.000000000000000000, -1.000000000000000000 ) ) ;
#8508 = AXIS2_PLACEMENT_3D ( 'NONE', #5878, #2198, #6711 ) ;
#8509 = CARTESIAN_POINT ( 'NONE',  ( -2.000000000000000000, 1.154700538379251240, -1.600000000000000089 ) ) ;
#8510 = EDGE_CURVE ( 'NONE', #9877, #4869, #6367, .T. ) ;
#8511 = EDGE_LOOP ( 'NONE', ( #7582, #3781, #8026, #986, #10021 ) ) ;
#8512 = CARTESIAN_POINT ( 'NONE',  ( 3.699999999999999289, 2.971690854684141847, 0.4999999999999991673 ) ) ;
#8513 = VERTEX_POINT ( 'NONE', #4246 ) ;
#8514 = EDGE_CURVE ( 'NONE', #52, #5031, #11475, .T. ) ;
#8515 = DIRECTION ( 'NONE',  ( 0.000000000000000000, 0.000000000000000000, -1.000000000000000000 ) ) ;
#8516 = EDGE_CURVE ( 'NONE', #6045, #9644, #10714, .T. ) ;
#8517 = ORIENTED_EDGE ( 'NONE', *, *, #2425, .T. ) ;
#8518 = CARTESIAN_POINT ( 'NONE',  ( -25.70914770952257555, -0.3502617553154648289, 1033.600000000006958 ) ) ;
#8519 = CARTESIAN_POINT ( 'NONE',  ( 5.499999999999998224, 0.8999999999999995781, -22.09999999999990550 ) ) ;
#8520 = PLANE ( 'NONE',  #643 ) ;
#8521 = B_SPLINE_CURVE_WITH_KNOTS ( 'NONE', 3,
 ( #10978, #1067, #58, #4698, #3810, #7422 ),
 .UNSPECIFIED., .F., .F.,
 ( 4, 2, 4 ),
 ( 0.002060137505873420056, 0.002644210467598552029, 0.003228283429323684436 ),
 .UNSPECIFIED. ) ;
#8522 = DIRECTION ( 'NONE',  ( -0.000000000000000000, -0.000000000000000000, 1.000000000000000000 ) ) ;
#8523 = PLANE ( 'NONE',  #8609 ) ;
#8524 = MECHANICAL_DESIGN_GEOMETRIC_PRESENTATION_REPRESENTATION (  '', ( #4917 ), #11164 ) ;
#8525 = EDGE_LOOP ( 'NONE', ( #3107, #9898, #9680, #1409, #11115 ) ) ;
#8526 = CARTESIAN_POINT ( 'NONE',  ( -2.000000000000000000, 2.500000000000000000, -18.00000000000000355 ) ) ;
#8527 = ORIENTED_EDGE ( 'NONE', *, *, #671, .F. ) ;
#8528 = DIRECTION ( 'NONE',  ( 0.000000000000000000, 0.000000000000000000, 1.000000000000000000 ) ) ;
#8529 = ORIENTED_EDGE ( 'NONE', *, *, #11342, .T. ) ;
#8530 = CARTESIAN_POINT ( 'NONE',  ( 8.500000000000000000, 0.000000000000000000, -21.00000000000000000 ) ) ;
#8531 = EDGE_CURVE ( 'NONE', #2401, #1928, #11669, .T. ) ;
#8532 = ORIENTED_EDGE ( 'NONE', *, *, #6631, .F. ) ;
#8533 = AXIS2_PLACEMENT_3D ( 'NONE', #5253, #7981, #11594 ) ;
#8534 = FILL_AREA_STYLE_COLOUR ( '', #1702 ) ;
#8535 = DIRECTION ( 'NONE',  ( -0.000000000000000000, -0.000000000000000000, -1.000000000000000000 ) ) ;
#8536 = SURFACE_STYLE_FILL_AREA ( #6642 ) ;
#8537 = CARTESIAN_POINT ( 'NONE',  ( 0.3271719972790543829, 2.120508236058134433, -1.530424537474096347 ) ) ;
#8538 = CIRCLE ( 'NONE', #581, 1.999999999999999556 ) ;
#8539 = PRODUCT_DEFINITION_SHAPE ( 'NONE', 'NONE',  #2089 ) ;
#8540 = CYLINDRICAL_SURFACE ( 'NONE', #2795, 1.099999999999996758 ) ;
#8541 = LINE ( 'NONE', #9614, #11388 ) ;
#8542 = EDGE_LOOP ( 'NONE', ( #7827, #2485, #8758, #11406, #5554, #6953 ) ) ;
#8543 = DIRECTION ( 'NONE',  ( 1.000000000000000000, -0.000000000000000000, -0.000000000000000000 ) ) ;
#8544 = CARTESIAN_POINT ( 'NONE',  ( 1.672828002720946117, -1.343593379079623285, -0.06957546252590439406 ) ) ;
#8545 = EDGE_LOOP ( 'NONE', ( #3177, #4674, #8916, #10819, #6207 ) ) ;
#8546 = CARTESIAN_POINT ( 'NONE',  ( 5.499999999999998224, -0.7999999999999864997, -20.99999999999990763 ) ) ;
#8547 = ORIENTED_EDGE ( 'NONE', *, *, #9884, .F. ) ;
#8548 = PRODUCT_DEFINITION ( 'UNKNOWN', '', #2665, #9911 ) ;
#8549 = ORIENTED_EDGE ( 'NONE', *, *, #5111, .F. ) ;
#8550 = AXIS2_PLACEMENT_3D ( 'NONE', #1611, #5160, #5226 ) ;
#8551 = ADVANCED_BREP_SHAPE_REPRESENTATION ( '', ( #9067, #4873 ), #8479 ) ;
#8552 = FACE_BOUND ( 'NONE', #8263, .T. ) ;
#8553 = CARTESIAN_POINT ( 'NONE',  ( -2.000000000000000000, 0.3931374000439456506, -1.582763861186367027 ) ) ;
#8554 = DIRECTION ( 'NONE',  ( 0.000000000000000000, -0.8660254037844420383, 0.4999999999999939493 ) ) ;
#8555 = FACE_OUTER_BOUND ( 'NONE', #5741, .T. ) ;
#8556 = ORIENTED_EDGE ( 'NONE', *, *, #9366, .T. ) ;
#8557 = CARTESIAN_POINT ( 'NONE',  ( 1.224646799147353454E-16, -0.9999999999999997780, -1.730481160836854215 ) ) ;
#8558 = CIRCLE ( 'NONE', #5715, 4.000000000000000888 ) ;
#8559 = DIRECTION ( 'NONE',  ( -0.000000000000000000, 0.000000000000000000, -1.000000000000000000 ) ) ;
#8560 = ORIENTED_EDGE ( 'NONE', *, *, #3814, .T. ) ;
#8561 = AXIS2_PLACEMENT_3D ( 'NONE', #8828, #11614, #8887 ) ;
#8562 = DIRECTION ( 'NONE',  ( 0.5000000000000003331, -0.8660254037844385966, 0.000000000000000000 ) ) ;
#8563 = DIRECTION ( 'NONE',  ( 1.000000000000000000, 0.000000000000000000, 0.000000000000000000 ) ) ;
#8564 = ORIENTED_EDGE ( 'NONE', *, *, #5612, .F. ) ;
#8565 = FACE_BOUND ( 'NONE', #3426, .T. ) ;
#8566 = LINE ( 'NONE', #5786, #7252 ) ;
#8567 = CARTESIAN_POINT ( 'NONE',  ( 0.9526279441628808797, -0.5500000000000002665, -0.3000000000000181410 ) ) ;
#8568 = ORIENTED_EDGE ( 'NONE', *, *, #4224, .T. ) ;
#8569 = CARTESIAN_POINT ( 'NONE',  ( 1.500000000000000000, 0.000000000000000000, 1.000000000000000000 ) ) ;
#8570 = ORIENTED_EDGE ( 'NONE', *, *, #2125, .T. ) ;
#8571 = FACE_OUTER_BOUND ( 'NONE', #5987, .T. ) ;
#8572 = ORIENTED_EDGE ( 'NONE', *, *, #2630, .F. ) ;
#8573 = ADVANCED_FACE ( 'NONE', ( #8096 ), #1865, .T. ) ;
#8574 = DIRECTION ( 'NONE',  ( 0.000000000000000000, 0.000000000000000000, 1.000000000000000000 ) ) ;
#8575 = DIRECTION ( 'NONE',  ( 0.000000000000000000, 0.000000000000000000, -1.000000000000000000 ) ) ;
#8576 = EDGE_CURVE ( 'NONE', #1941, #391, #2202, .T. ) ;
#8577 = ADVANCED_FACE ( 'NONE', ( #1746, #8977 ), #738, .T. ) ;
#8578 = DIRECTION ( 'NONE',  ( -1.000000000000000000, 0.000000000000000000, 0.000000000000000000 ) ) ;
#8579 = LINE ( 'NONE', #4138, #4069 ) ;
#8580 = VECTOR ( 'NONE', #7913, 1000.000000000000000 ) ;
#8581 = EDGE_CURVE ( 'NONE', #3354, #11658, #1858, .T. ) ;
#8582 = EDGE_CURVE ( 'NONE', #2592, #3293, #9008, .T. ) ;
#8583 = ORIENTED_EDGE ( 'NONE', *, *, #3761, .F. ) ;
#8584 = CARTESIAN_POINT ( 'NONE',  ( 0.8302646929203288950, -1.830047532802312249, -2.134523027080836115E-16 ) ) ;
#8585 = VERTEX_POINT ( 'NONE', #2750 ) ;
#8586 = AXIS2_PLACEMENT_3D ( 'NONE', #11250, #2297, #3133 ) ;
#8587 = DIRECTION ( 'NONE',  ( -1.000000000000000000, 0.000000000000000000, 0.000000000000000000 ) ) ;
#8588 = ORIENTED_EDGE ( 'NONE', *, *, #224, .F. ) ;
#8589 = DIRECTION ( 'NONE',  ( 1.000000000000000000, 0.000000000000000000, 0.000000000000000000 ) ) ;
#8590 = ORIENTED_EDGE ( 'NONE', *, *, #8264, .F. ) ;
#8591 = AXIS2_PLACEMENT_3D ( 'NONE', #1246, #5650, #8254 ) ;
#8592 = FILL_AREA_STYLE_COLOUR ( '', #8895 ) ;
#8593 = DIRECTION ( 'NONE',  ( 0.8660254037844385966, 0.000000000000000000, 0.4999999999999998890 ) ) ;
#8594 =( NAMED_UNIT ( * ) PLANE_ANGLE_UNIT ( ) SI_UNIT ( $, .RADIAN. ) );
#8595 = SURFACE_SIDE_STYLE ('',( #5089 ) ) ;
#8596 = VECTOR ( 'NONE', #9632, 1000.000000000000000 ) ;
#8597 = LINE ( 'NONE', #407, #7233 ) ;
#8598 = CARTESIAN_POINT ( 'NONE',  ( 4.250000000000000000, 0.000000000000000000, 0.000000000000000000 ) ) ;
#8599 = CARTESIAN_POINT ( 'NONE',  ( 2.000000000000000000, -0.1951254011572750025, 8.046812998915848599E-18 ) ) ;
#8600 = EDGE_CURVE ( 'NONE', #52, #3070, #4254, .T. ) ;
#8601 = ORIENTED_EDGE ( 'NONE', *, *, #3119, .T. ) ;
#8602 = CARTESIAN_POINT ( 'NONE',  ( 4.250000000000000000, 0.000000000000000000, 0.000000000000000000 ) ) ;
#8603 = VECTOR ( 'NONE', #9944, 1000.000000000000000 ) ;
#8604 = ORIENTED_EDGE ( 'NONE', *, *, #2805, .T. ) ;
#8605 = CARTESIAN_POINT ( 'NONE',  ( 0.000000000000000000, 2.309401076758504701, -0.1786327949540832127 ) ) ;
#8606 = CIRCLE ( 'NONE', #4440, 0.8156023289304831225 ) ;
#8607 = ORIENTED_EDGE ( 'NONE', *, *, #2274, .F. ) ;
#8608 = AXIS2_PLACEMENT_3D ( 'NONE', #1719, #3439, #6345 ) ;
#8609 = AXIS2_PLACEMENT_3D ( 'NONE', #11309, #390, #10353 ) ;
#8610 = EDGE_LOOP ( 'NONE', ( #289, #169, #10391 ) ) ;
#8611 = CARTESIAN_POINT ( 'NONE',  ( -0.1702769162167621364, 0.7403828156981309139, -0.7092725651034388346 ) ) ;
#8612 = CARTESIAN_POINT ( 'NONE',  ( 0.9000000000000000222, 0.000000000000000000, 1.949999999999999734 ) ) ;
#8613 = AXIS2_PLACEMENT_3D ( 'NONE', #4502, #6450, #1882 ) ;
#8614 = FACE_OUTER_BOUND ( 'NONE', #2343, .T. ) ;
#8615 = DIRECTION ( 'NONE',  ( 0.8660254037844385966, 0.5000000000000000000, 0.000000000000000000 ) ) ;
#8616 = CONICAL_SURFACE ( 'NONE', #7465, 2.000000000000000000, 1.047197551196596299 ) ;
#8617 = VERTEX_POINT ( 'NONE', #9093 ) ;
#8618 = DIRECTION ( 'NONE',  ( -0.000000000000000000, 1.000000000000000000, 0.000000000000000000 ) ) ;
#8619 = FILL_AREA_STYLE ('',( #6962 ) ) ;
#8620 = DIRECTION ( 'NONE',  ( -0.000000000000000000, 1.000000000000000000, -0.000000000000000000 ) ) ;
#8621 = ORIENTED_EDGE ( 'NONE', *, *, #11251, .F. ) ;
#8622 = SURFACE_STYLE_USAGE ( .BOTH. , #2273 ) ;
#8623 = ORIENTED_EDGE ( 'NONE', *, *, #1225, .F. ) ;
#8624 = CARTESIAN_POINT ( 'NONE',  ( 3.000000000000000000, 0.000000000000000000, 0.000000000000000000 ) ) ;
#8625 = LINE ( 'NONE', #11295, #614 ) ;
#8626 = CONICAL_SURFACE ( 'NONE', #6747, 2.000000000000000000, 1.047197551196596299 ) ;
#8627 = LINE ( 'NONE', #11409, #6039 ) ;
#8628 = ORIENTED_EDGE ( 'NONE', *, *, #533, .T. ) ;
#8629 = ADVANCED_FACE ( 'NONE', ( #3640 ), #5369, .F. ) ;
#8630 = ORIENTED_EDGE ( 'NONE', *, *, #737, .F. ) ;
#8631 = CIRCLE ( 'NONE', #6179, 1.000000000000000000 ) ;
#8632 = FACE_OUTER_BOUND ( 'NONE', #437, .T. ) ;
#8633 = ORIENTED_EDGE ( 'NONE', *, *, #10149, .F. ) ;
#8634 = PRODUCT_DEFINITION_SHAPE ( 'NONE', 'NONE',  #9781 ) ;
#8635 = DIRECTION ( 'NONE',  ( 1.000000000000000000, 0.000000000000000000, 0.000000000000000000 ) ) ;
#8636 = DIRECTION ( 'NONE',  ( -1.000000000000000000, 0.000000000000000000, 0.000000000000000000 ) ) ;
#8637 = CARTESIAN_POINT ( 'NONE',  ( 0.000000000000000000, 17.00000000000000000, -8.732195743157015855 ) ) ;
#8638 = CARTESIAN_POINT ( 'NONE',  ( 0.000000000000000000, 0.000000000000000000, -1.600000000000000089 ) ) ;
#8639 = VERTEX_POINT ( 'NONE', #9764 ) ;
#8640 = CARTESIAN_POINT ( 'NONE',  ( -0.5000000000000000000, 9.199999999999999289, -14.50000000000000178 ) ) ;
#8641 = ADVANCED_FACE ( 'NONE', ( #3537, #5254 ), #4539, .T. ) ;
#8642 = VERTEX_POINT ( 'NONE', #6262 ) ;
#8643 = CARTESIAN_POINT ( 'NONE',  ( 3.499999999999999556, 17.00000000000000000, -12.23219574315701230 ) ) ;
#8644 = ADVANCED_FACE ( 'NONE', ( #11660 ), #853, .F. ) ;
#8645 = VERTEX_POINT ( 'NONE', #908 ) ;
#8646 = DIRECTION ( 'NONE',  ( 2.253471898105733912E-15, 0.000000000000000000, -1.000000000000000000 ) ) ;
#8647 = ORIENTED_EDGE ( 'NONE', *, *, #9386, .F. ) ;
#8648 =( LENGTH_UNIT ( ) NAMED_UNIT ( * ) SI_UNIT ( .MILLI., .METRE. ) );
#8649 = EDGE_CURVE ( 'NONE', #5703, #5400, #3337, .T. ) ;
#8650 = CARTESIAN_POINT ( 'NONE',  ( 0.5187328775923160107, -0.5064889494504236644, -0.7302567000638586769 ) ) ;
#8651 = VECTOR ( 'NONE', #4123, 1000.000000000000000 ) ;
#8652 = DIRECTION ( 'NONE',  ( 0.000000000000000000, -1.224649721909276639E-16, 1.000000000000000000 ) ) ;
#8653 = DIRECTION ( 'NONE',  ( 0.000000000000000000, -0.000000000000000000, 1.000000000000000000 ) ) ;
#8654 = CARTESIAN_POINT ( 'NONE',  ( 0.6592570625839772047, 1.928778834210482351, -1.600000000000001421 ) ) ;
#8655 = CARTESIAN_POINT ( 'NONE',  ( 4.250000000000000000, 0.000000000000000000, -1.000000000000000000 ) ) ;
#8656 = ORIENTED_EDGE ( 'NONE', *, *, #4531, .T. ) ;
#8657 = CARTESIAN_POINT ( 'NONE',  ( -1.339247740005897080, -1.536186033554502339, -0.01710519872702283631 ) ) ;
#8658 = EDGE_CURVE ( 'NONE', #8617, #5700, #139, .T. ) ;
#8659 = ORIENTED_EDGE ( 'NONE', *, *, #8433, .T. ) ;
#8660 = VECTOR ( 'NONE', #10517, 1000.000000000000114 ) ;
#8661 = DIRECTION ( 'NONE',  ( 1.000000000000000000, 0.000000000000000000, 0.000000000000000000 ) ) ;
#8662 = VECTOR ( 'NONE', #9569, 1000.000000000000000 ) ;
#8663 = EDGE_LOOP ( 'NONE', ( #7637, #6251, #10585, #7527 ) ) ;
#8664 = EDGE_LOOP ( 'NONE', ( #5870, #4699, #11104, #9020 ) ) ;
#8665 = DIRECTION ( 'NONE',  ( 0.000000000000000000, 0.000000000000000000, 1.000000000000000000 ) ) ;
#8666 = ADVANCED_FACE ( 'NONE', ( #8921 ), #10903, .T. ) ;
#8667 = EDGE_CURVE ( 'NONE', #6978, #599, #7254, .T. ) ;
#8668 = DIRECTION ( 'NONE',  ( -1.000000000000000000, -0.000000000000000000, -0.000000000000000000 ) ) ;
#8669 = CIRCLE ( 'NONE', #3563, 1.000000000000000000 ) ;
#8670 = FACE_OUTER_BOUND ( 'NONE', #2626, .T. ) ;
#8671 = DIRECTION ( 'NONE',  ( -0.000000000000000000, 1.000000000000000000, 0.000000000000000000 ) ) ;
#8672 = ORIENTED_EDGE ( 'NONE', *, *, #6336, .T. ) ;
#8673 = DIRECTION ( 'NONE',  ( -1.000000000000000000, -0.000000000000000000, -0.000000000000000000 ) ) ;
#8674 = DIRECTION ( 'NONE',  ( -0.000000000000000000, 1.224649721909276639E-16, -1.000000000000000000 ) ) ;
#8675 = VECTOR ( 'NONE', #9418, 1000.000000000000114 ) ;
#8676 = EDGE_CURVE ( 'NONE', #6249, #9416, #1194, .T. ) ;
#8678 = AXIS2_PLACEMENT_3D ( 'NONE', #5970, #6975, #9585 ) ;
#8677 = DIRECTION ( 'NONE',  ( 0.000000000000000000, 0.000000000000000000, 1.000000000000000000 ) ) ;
#8679 = VERTEX_POINT ( 'NONE', #7372 ) ;
#8680 = CYLINDRICAL_SURFACE ( 'NONE', #2961, 4.000000000000000000 ) ;
#8681 = CARTESIAN_POINT ( 'NONE',  ( 0.000000000000000000, 4.898598887637106556E-16, -3.600000000000000089 ) ) ;
#8682 = ORIENTED_EDGE ( 'NONE', *, *, #10952, .T. ) ;
#8683 = DIRECTION ( 'NONE',  ( -0.000000000000000000, 1.224649721909276639E-16, -1.000000000000000000 ) ) ;
#8684 = DIRECTION ( 'NONE',  ( -0.000000000000000000, 1.224649721909276639E-16, -1.000000000000000000 ) ) ;
#8685 = FACE_OUTER_BOUND ( 'NONE', #4283, .T. ) ;
#8686 = CIRCLE ( 'NONE', #11721, 1.550000000000000044 ) ;
#8687 = ORIENTED_EDGE ( 'NONE', *, *, #1873, .T. ) ;
#8688 = ORIENTED_EDGE ( 'NONE', *, *, #6866, .F. ) ;
#8689 = APPLICATION_CONTEXT ( 'automotive_design' ) ;
#8690 = DIRECTION ( 'NONE',  ( 0.000000000000000000, 0.000000000000000000, -1.000000000000000000 ) ) ;
#8691 = EDGE_CURVE ( 'NONE', #10298, #3786, #9782, .T. ) ;
#8692 = VERTEX_POINT ( 'NONE', #5601 ) ;
#8693 = DIRECTION ( 'NONE',  ( 0.000000000000000000, 0.000000000000000000, 1.000000000000000000 ) ) ;
#8694 = CARTESIAN_POINT ( 'NONE',  ( 0.000000000000000000, 0.000000000000000000, 0.000000000000000000 ) ) ;
#8695 = CIRCLE ( 'NONE', #3207, 0.7740000000000000213 ) ;
#8696 = CARTESIAN_POINT ( 'NONE',  ( -4.987329993433320396E-15, -2.309401076758504701, -1.421367205045916737 ) ) ;
#8697 = DIRECTION ( 'NONE',  ( 1.000000000000000000, -0.000000000000000000, -0.000000000000000000 ) ) ;
#8698 = DIRECTION ( 'NONE',  ( -0.4999999999999988898, 0.000000000000000000, 0.8660254037844392627 ) ) ;
#8699 = ORIENTED_EDGE ( 'NONE', *, *, #3233, .F. ) ;
#8700 = CARTESIAN_POINT ( 'NONE',  ( -1.339247740005897747, -1.536186033554502339, -1.582894801272977325 ) ) ;
#8701 = ORIENTED_EDGE ( 'NONE', *, *, #4819, .F. ) ;
#8702 = DIRECTION ( 'NONE',  ( 1.000000000000000000, -0.000000000000000000, -0.000000000000000000 ) ) ;
#8703 = EDGE_LOOP ( 'NONE', ( #5711, #10283, #9577, #2366 ) ) ;
#8704 = DIRECTION ( 'NONE',  ( -0.000000000000000000, 1.224649721909276639E-16, -1.000000000000000000 ) ) ;
#8705 = ORIENTED_EDGE ( 'NONE', *, *, #11152, .T. ) ;
#8706 = SURFACE_SIDE_STYLE ('',( #8823 ) ) ;
#8707 = DIRECTION ( 'NONE',  ( -1.000000000000000000, 8.881784197001252323E-16, 0.000000000000000000 ) ) ;
#8708 = CARTESIAN_POINT ( 'NONE',  ( 0.6062177826491109700, 0.3500000000000013656, 0.000000000000000000 ) ) ;
#8709 = CARTESIAN_POINT ( 'NONE',  ( 1.224646799147353207E-16, 1.000000000000000444, -3.869518839163146762 ) ) ;
#8710 = ADVANCED_FACE ( 'NONE', ( #4762 ), #3759, .F. ) ;
#8711 = DIRECTION ( 'NONE',  ( 0.000000000000000000, 0.000000000000000000, -1.000000000000000000 ) ) ;
#8712 = LINE ( 'NONE', #11145, #1140 ) ;
#8713 = ORIENTED_EDGE ( 'NONE', *, *, #2443, .F. ) ;
#8714 = DIRECTION ( 'NONE',  ( 0.000000000000000000, 1.000000000000000000, 0.000000000000000000 ) ) ;
#8715 = ORIENTED_EDGE ( 'NONE', *, *, #7562, .F. ) ;
#8716 = DIRECTION ( 'NONE',  ( 0.000000000000000000, 0.000000000000000000, 1.000000000000000000 ) ) ;
#8717 = VERTEX_POINT ( 'NONE', #8324 ) ;
#8718 = EDGE_LOOP ( 'NONE', ( #8409, #6864, #1559, #9073, #4036, #8549 ) ) ;
#8719 = FILL_AREA_STYLE ('',( #535 ) ) ;
#8720 = DIRECTION ( 'NONE',  ( -0.000000000000000000, -0.000000000000000000, -1.000000000000000000 ) ) ;
#8721 = EDGE_CURVE ( 'NONE', #8801, #947, #1642, .T. ) ;
#8722 = EDGE_CURVE ( 'NONE', #6405, #8639, #3818, .T. ) ;
#8723 = ADVANCED_FACE ( 'NONE', ( #5717 ), #1060, .T. ) ;
#8724 = PLANE ( 'NONE',  #2031 ) ;
#8725 = CYLINDRICAL_SURFACE ( 'NONE', #3675, 1.000000000000000444 ) ;
#8726 = ORIENTED_EDGE ( 'NONE', *, *, #5708, .F. ) ;
#8727 = DIRECTION ( 'NONE',  ( 1.000000000000000000, -0.000000000000000000, -0.000000000000000000 ) ) ;
#8728 = ADVANCED_FACE ( 'NONE', ( #4647 ), #10213, .T. ) ;
#8729 = EDGE_CURVE ( 'NONE', #7035, #4591, #3534, .T. ) ;
#8730 = AXIS2_PLACEMENT_3D ( 'NONE', #7237, #5410, #1672 ) ;
#8731 = PRODUCT_DEFINITION_SHAPE ( 'NONE', 'NONE',  #11750 ) ;
#8732 = B_SPLINE_CURVE_WITH_KNOTS ( 'NONE', 3,
 ( #8831, #8943, #3613, #3497 ),
 .UNSPECIFIED., .F., .F.,
 ( 4, 4 ),
 ( 2.380749485120258738E-07, 0.001168606431211104352 ),
 .UNSPECIFIED. ) ;
#8733 = CARTESIAN_POINT ( 'NONE',  ( 0.000000000000000000, 4.898598887637106556E-16, -2.400000000000000355 ) ) ;
#8734 = ORIENTED_EDGE ( 'NONE', *, *, #11030, .F. ) ;
#8735 = ITEM_DEFINED_TRANSFORMATION ( 'NONE', 'NONE', #7199,  #4873 ) ;
#8736 = DIRECTION ( 'NONE',  ( 1.000000000000000000, 0.000000000000000000, 0.000000000000000000 ) ) ;
#8737 = DIRECTION ( 'NONE',  ( -1.000000000000000000, 0.000000000000000000, 0.000000000000000000 ) ) ;
#8738 = AXIS2_PLACEMENT_3D ( 'NONE', #43, #937, #7355 ) ;
#8739 = ORIENTED_EDGE ( 'NONE', *, *, #7280, .F. ) ;
#8740 = PLANE ( 'NONE',  #500 ) ;
#8741 = CARTESIAN_POINT ( 'NONE',  ( 3.500000000000000000, 9.199999999999999289, -16.00000000000000000 ) ) ;
#8742 = CARTESIAN_POINT ( 'NONE',  ( -2.000000000000000000, 0.000000000000000000, -1.600000000000000089 ) ) ;
#8743 = B_SPLINE_CURVE_WITH_KNOTS ( 'NONE', 3,
 ( #4425, #3706, #9154, #8044 ),
 .UNSPECIFIED., .F., .F.,
 ( 4, 4 ),
 ( 2.380749485086116428E-07, 0.001168606431211100015 ),
 .UNSPECIFIED. ) ;
#8744 = EDGE_CURVE ( 'NONE', #3956, #8982, #10985, .T. ) ;
#8745 = VERTEX_POINT ( 'NONE', #10096 ) ;
#8746 = AXIS2_PLACEMENT_3D ( 'NONE', #5357, #5530, #7192 ) ;
#8747 = ORIENTED_EDGE ( 'NONE', *, *, #5395, .F. ) ;
#8748 = CARTESIAN_POINT ( 'NONE',  ( 0.3277177810063108265, -2.120193127676285982, -1.520662200187636870 ) ) ;
#8749 = EDGE_LOOP ( 'NONE', ( #10167, #252, #256, #4569, #2162, #1287, #8659, #7786, #11234, #1514 ) ) ;
#8750 = DIRECTION ( 'NONE',  ( 0.9999363202837162623, -6.910182219422616578E-19, -0.01128518397995855599 ) ) ;
#8751 = FACE_OUTER_BOUND ( 'NONE', #11441, .T. ) ;
#8752 = DIRECTION ( 'NONE',  ( 0.000000000000000000, 1.000000000000000000, 0.000000000000000000 ) ) ;
#8753 = CARTESIAN_POINT ( 'NONE',  ( 0.000000000000000000, 0.000000000000000000, -0.1291166393111913002 ) ) ;
#8754 = PRESENTATION_STYLE_ASSIGNMENT (( #5131 ) ) ;
#8755 = PRODUCT_RELATED_PRODUCT_CATEGORY ( 'part', '', ( #1330 ) ) ;
#8756 = ORIENTED_EDGE ( 'NONE', *, *, #3278, .T. ) ;
#8757 = CARTESIAN_POINT ( 'NONE',  ( -0.3277177810063121588, 2.120193127676282430, -0.07933779981236163681 ) ) ;
#8758 = ORIENTED_EDGE ( 'NONE', *, *, #1851, .T. ) ;
#8759 = LINE ( 'NONE', #9827, #237 ) ;
#8760 = ORIENTED_EDGE ( 'NONE', *, *, #8038, .F. ) ;
#8761 = CARTESIAN_POINT ( 'NONE',  ( -1.999999999999999556, 0.9000000000000005773, -0.6905989232413867196 ) ) ;
#8762 = EDGE_LOOP ( 'NONE', ( #7179, #7189, #9597, #8429, #2372, #2747 ) ) ;
#8763 = DIRECTION ( 'NONE',  ( 0.8191520442889902442, 0.000000000000000000, 0.5735764363510482688 ) ) ;
#8764 = CIRCLE ( 'NONE', #3282, 1.000000000000000000 ) ;
#8765 = DIRECTION ( 'NONE',  ( 0.000000000000000000, -1.000000000000000000, 0.000000000000000000 ) ) ;
#8766 = CARTESIAN_POINT ( 'NONE',  ( -0.7063323362395498295, 0.4078011644652422829, -0.1291166393111907729 ) ) ;
#8767 = DIRECTION ( 'NONE',  ( 0.000000000000000000, 0.000000000000000000, 1.000000000000000000 ) ) ;
#8768 = CIRCLE ( 'NONE', #9529, 1.399999999999980815 ) ;
#8769 = ORIENTED_EDGE ( 'NONE', *, *, #1096, .F. ) ;
#8770 = DIRECTION ( 'NONE',  ( 0.000000000000000000, 0.000000000000000000, 1.000000000000000000 ) ) ;
#8771 = ORIENTED_EDGE ( 'NONE', *, *, #10759, .T. ) ;
#8772 = DIRECTION ( 'NONE',  ( 1.000000000000000000, 0.000000000000000000, 0.000000000000000000 ) ) ;
#8773 = ORIENTED_EDGE ( 'NONE', *, *, #4477, .T. ) ;
#8774 = ORIENTED_EDGE ( 'NONE', *, *, #3016, .T. ) ;
#8775 = EDGE_CURVE ( 'NONE', #6532, #1465, #2928, .T. ) ;
#8776 = VECTOR ( 'NONE', #9583, 1000.000000000000114 ) ;
#8777 = AXIS2_PLACEMENT_3D ( 'NONE', #5055, #10389, #7841 ) ;
#8778 = CARTESIAN_POINT ( 'NONE',  ( 0.000000000000000000, 2.500000000000000000, -24.00000000000000000 ) ) ;
#8779 = CARTESIAN_POINT ( 'NONE',  ( 0.000000000000000000, 0.000000000000000000, 0.000000000000000000 ) ) ;
#8780 = AXIS2_PLACEMENT_3D ( 'NONE', #7000, #2478, #9779 ) ;
#8781 = DIRECTION ( 'NONE',  ( 1.000000000000000000, 0.000000000000000000, 0.000000000000000000 ) ) ;
#8782 = DIRECTION ( 'NONE',  ( 0.000000000000000000, 0.000000000000000000, 1.000000000000000000 ) ) ;
#8783 = ORIENTED_EDGE ( 'NONE', *, *, #5849, .F. ) ;
#8784 = CARTESIAN_POINT ( 'NONE',  ( -8.000000000000000000, 17.00000000000000000, -8.732195743157015855 ) ) ;
#8785 = CONICAL_SURFACE ( 'NONE', #6323, 0.7740000000000000213, 1.047197551196601628 ) ;
#8786 = CIRCLE ( 'NONE', #8400, 1.000000000000000000 ) ;
#8787 = CARTESIAN_POINT ( 'NONE',  ( 7.500000000000003553, 0.8999999999999989120, -1.845299461620643067 ) ) ;
#8788 = ADVANCED_FACE ( 'NONE', ( #5538 ), #2588, .T. ) ;
#8789 = EDGE_CURVE ( 'NONE', #3573, #4412, #245, .T. ) ;
#8790 = AXIS2_PLACEMENT_3D ( 'NONE', #7983, #1574, #7929 ) ;
#8791 = CARTESIAN_POINT ( 'NONE',  ( -0.1631781751318187590, 2.215190113420277385, -0.1242400699092117422 ) ) ;
#8792 = VERTEX_POINT ( 'NONE', #3880 ) ;
#8793 = EDGE_CURVE ( 'NONE', #1452, #4306, #11600, .T. ) ;
#8794 = AXIS2_PLACEMENT_3D ( 'NONE', #5926, #4910, #8587 ) ;
#8795 = CARTESIAN_POINT ( 'NONE',  ( 0.000000000000000000, 2.309401076758504701, -1.421367205045916737 ) ) ;
#8796 = LINE ( 'NONE', #2507, #3678 ) ;
#8797 = STYLED_ITEM ( 'NONE', ( #2948 ), #1505 ) ;
#8798 = ORIENTED_EDGE ( 'NONE', *, *, #7413, .F. ) ;
#8799 = LINE ( 'NONE', #10510, #8651 ) ;
#8800 = DIRECTION ( 'NONE',  ( 1.000000000000000000, 0.000000000000000000, 0.000000000000000000 ) ) ;
#8801 = VERTEX_POINT ( 'NONE', #7315 ) ;
#8802 = CARTESIAN_POINT ( 'NONE',  ( 1.550000000000000266, 17.00000000000000000, -5.232195743157016743 ) ) ;
#8803 = EDGE_LOOP ( 'NONE', ( #4760, #2330 ) ) ;
#8804 = ORIENTED_EDGE ( 'NONE', *, *, #527, .T. ) ;
#8805 = LINE ( 'NONE', #3464, #5443 ) ;
#8806 = EDGE_LOOP ( 'NONE', ( #7339, #5117, #6396, #6833, #8084, #11329, #8467, #2048, #5789, #339, #2034 ) ) ;
#8807 =( LENGTH_UNIT ( ) NAMED_UNIT ( * ) SI_UNIT ( .MILLI., .METRE. ) );
#8808 = EDGE_CURVE ( 'NONE', #5939, #726, #8261, .T. ) ;
#8809 = CARTESIAN_POINT ( 'NONE',  ( 2.000000000000000000, 0.000000000000000000, 0.000000000000000000 ) ) ;
#8810 = ADVANCED_FACE ( 'NONE', ( #131 ), #11044, .T. ) ;
#8811 = DIRECTION ( 'NONE',  ( 0.000000000000000000, 0.000000000000000000, -1.000000000000000000 ) ) ;
#8812 = AXIS2_PLACEMENT_3D ( 'NONE', #6896, #2381, #3385 ) ;
#8813 = DIRECTION ( 'NONE',  ( -1.000000000000000000, 0.000000000000000000, 0.000000000000000000 ) ) ;
#8814 = VERTEX_POINT ( 'NONE', #11105 ) ;
#8815 = CARTESIAN_POINT ( 'NONE',  ( 1.224646799147353454E-16, 1.000000000000000666, -2.669518839163146584 ) ) ;
#8816 = ORIENTED_EDGE ( 'NONE', *, *, #1881, .F. ) ;
#8817 = DIRECTION ( 'NONE',  ( 1.000000000000000000, 0.000000000000000000, 0.000000000000000000 ) ) ;
#8818 = AXIS2_PLACEMENT_3D ( 'NONE', #6333, #8906, #8054 ) ;
#8819 = VERTEX_POINT ( 'NONE', #1440 ) ;
#8820 = CARTESIAN_POINT ( 'NONE',  ( 3.499999999999999556, 17.00000000000000000, -8.732195743157015855 ) ) ;
#8821 = UNCERTAINTY_MEASURE_WITH_UNIT (LENGTH_MEASURE( 1.000000000000000082E-05 ), #5947, 'distance_accuracy_value', 'NONE');
#8822 = VERTEX_POINT ( 'NONE', #7615 ) ;
#8823 = SURFACE_STYLE_FILL_AREA ( #5206 ) ;
#8824 = DIRECTION ( 'NONE',  ( 0.000000000000000000, 0.000000000000000000, -1.000000000000000000 ) ) ;
#8825 = DIRECTION ( 'NONE',  ( 0.000000000000000000, 1.000000000000000000, 0.000000000000000000 ) ) ;
#8826 = DIRECTION ( 'NONE',  ( -0.000000000000000000, 1.000000000000000000, 0.000000000000000000 ) ) ;
#8827 = AXIS2_PLACEMENT_3D ( 'NONE', #10758, #9870, #4482 ) ;
#8828 = CARTESIAN_POINT ( 'NONE',  ( 8.500000000000000000, 2.500000000000000000, 0.000000000000000000 ) ) ;
#8829 = PRODUCT_DEFINITION_SHAPE ( 'NONE', 'NONE',  #11745 ) ;
#8830 = ORIENTED_EDGE ( 'NONE', *, *, #3217, .T. ) ;
#8831 = CARTESIAN_POINT ( 'NONE',  ( -4.987329993433320396E-15, -2.309401076758504701, -0.1786327949540832127 ) ) ;
#8832 = ORIENTED_EDGE ( 'NONE', *, *, #3957, .F. ) ;
#8833 = CARTESIAN_POINT ( 'NONE',  ( 3.500000000000000000, 0.000000000000000000, 0.000000000000000000 ) ) ;
#8834 = VERTEX_POINT ( 'NONE', #3340 ) ;
#8835 = STYLED_ITEM ( 'NONE', ( #11462 ), #8912 ) ;
#8836 = VECTOR ( 'NONE', #7430, 1000.000000000000000 ) ;
#8837 = ORIENTED_EDGE ( 'NONE', *, *, #3986, .T. ) ;
#8838 = DIRECTION ( 'NONE',  ( -0.8660254037844379305, -0.000000000000000000, 0.5000000000000012212 ) ) ;
#8839 = EDGE_CURVE ( 'NONE', #8814, #10558, #5116, .T. ) ;
#8840 = CARTESIAN_POINT ( 'NONE',  ( 1.339247740005896636, 1.536186033554500785, -0.01710519872702162547 ) ) ;
#8841 = CARTESIAN_POINT ( 'NONE',  ( 2.099999999999999645, 2.821690854684141936, 0.4999999999999991673 ) ) ;
#8842 = DIRECTION ( 'NONE',  ( 1.000000000000000000, 0.000000000000000000, 0.000000000000000000 ) ) ;
#8843 = VECTOR ( 'NONE', #9136, 1000.000000000000000 ) ;
#8844 = ORIENTED_EDGE ( 'NONE', *, *, #7732, .F. ) ;
#8845 = EDGE_CURVE ( 'NONE', #2441, #8087, #11678, .T. ) ;
#8846 = PLANE ( 'NONE',  #721 ) ;
#8847 =( REPRESENTATION_RELATIONSHIP ('NONE','NONE', #9860, #5901 ) REPRESENTATION_RELATIONSHIP_WITH_TRANSFORMATION ( #4120 )SHAPE_REPRESENTATION_RELATIONSHIP( ) );
#8848 = DIRECTION ( 'NONE',  ( 0.000000000000000000, 1.000000000000000000, 0.000000000000000000 ) ) ;
#8849 = LINE ( 'NONE', #11460, #9563 ) ;
#8850 = CIRCLE ( 'NONE', #11702, 1.000000000000000000 ) ;
#8851 = EDGE_LOOP ( 'NONE', ( #2579, #1665, #3836, #5954, #7662 ) ) ;
#8852 = CONTEXT_DEPENDENT_SHAPE_REPRESENTATION ( #2936, #6946 ) ;
#8853 = FACE_OUTER_BOUND ( 'NONE', #7713, .T. ) ;
#8854 = ORIENTED_EDGE ( 'NONE', *, *, #7138, .T. ) ;
#8855 = CARTESIAN_POINT ( 'NONE',  ( 0.1702769162167666883, -0.7403828156981310249, -0.7092725651034381684 ) ) ;
#8856 = CARTESIAN_POINT ( 'NONE',  ( 3.500000000000000000, 0.000000000000000000, -6.000000000000000000 ) ) ;
#8857 = EDGE_CURVE ( 'NONE', #9896, #7684, #490, .T. ) ;
#8858 = EDGE_LOOP ( 'NONE', ( #1760, #6723, #958, #917 ) ) ;
#8859 = ADVANCED_FACE ( 'NONE', ( #6795, #5843 ), #11349, .T. ) ;
#8860 = CARTESIAN_POINT ( 'NONE',  ( -2.000000000000000000, -1.154700538379254349, -0.1786327949540832127 ) ) ;
#8861 =( GEOMETRIC_REPRESENTATION_CONTEXT ( 3 ) GLOBAL_UNCERTAINTY_ASSIGNED_CONTEXT ( ( #1162 ) ) GLOBAL_UNIT_ASSIGNED_CONTEXT ( ( #10901, #2895, #6461 ) ) REPRESENTATION_CONTEXT ( 'NONE', 'WORKASPACE' ) );
#8862 = ORIENTED_EDGE ( 'NONE', *, *, #11397, .T. ) ;
#8863 = VECTOR ( 'NONE', #7994, 999.9999999999998863 ) ;
#8864 = CONICAL_SURFACE ( 'NONE', #1278, 2.000000000000000000, 1.047197551196595855 ) ;
#8865 = ORIENTED_EDGE ( 'NONE', *, *, #2361, .F. ) ;
#8866 = EDGE_LOOP ( 'NONE', ( #982, #3655, #10127, #3533, #6069, #2698 ) ) ;
#8867 = DIRECTION ( 'NONE',  ( 0.000000000000000000, -0.1554205436277206476, 0.9878483965763490415 ) ) ;
#8868 = B_SPLINE_CURVE_WITH_KNOTS ( 'NONE', 3,
 ( #7354, #7291, #1053, #5751, #11017, #5518 ),
 .UNSPECIFIED., .F., .F.,
 ( 4, 2, 4 ),
 ( 0.001168606431211100015, 0.001750609284260043648, 0.002332612137308987497 ),
 .UNSPECIFIED. ) ;
#8869 = DIRECTION ( 'NONE',  ( -0.000000000000000000, 1.224649721909276639E-16, -1.000000000000000000 ) ) ;
#8870 = DIRECTION ( 'NONE',  ( -0.000000000000000000, 1.224649721909276639E-16, -1.000000000000000000 ) ) ;
#8871 = DIRECTION ( 'NONE',  ( 1.000000000000000000, -0.000000000000000000, -0.000000000000000000 ) ) ;
#8872 = CARTESIAN_POINT ( 'NONE',  ( 1.550000000000000266, 17.00000000000000000, -12.23219574315701230 ) ) ;
#8873 = ADVANCED_FACE ( 'NONE', ( #7849 ), #3283, .T. ) ;
#8874 = AXIS2_PLACEMENT_3D ( 'NONE', #5054, #5107, #10504 ) ;
#8875 = VERTEX_POINT ( 'NONE', #8795 ) ;
#8876 = CARTESIAN_POINT ( 'NONE',  ( -1.000000000000000888, 1.732050807568876749, 0.000000000000000000 ) ) ;
#8877 = EDGE_CURVE ( 'NONE', #874, #689, #6763, .T. ) ;
#8878 = ORIENTED_EDGE ( 'NONE', *, *, #6429, .T. ) ;
#8879 = ADVANCED_FACE ( 'NONE', ( #6735 ), #6852, .T. ) ;
#8880 = CARTESIAN_POINT ( 'NONE',  ( -5.000000000000000000, 2.500000000000000000, -6.000000000000000000 ) ) ;
#8881 = ORIENTED_EDGE ( 'NONE', *, *, #9487, .T. ) ;
#8882 = DIRECTION ( 'NONE',  ( 0.8660254037844390407, 0.000000000000000000, -0.4999999999999992228 ) ) ;
#8883 = VERTEX_POINT ( 'NONE', #600 ) ;
#8884 = LINE ( 'NONE', #1709, #4468 ) ;
#8885 = FACE_OUTER_BOUND ( 'NONE', #11518, .T. ) ;
#8886 = FACE_OUTER_BOUND ( 'NONE', #3856, .T. ) ;
#8887 = DIRECTION ( 'NONE',  ( 0.000000000000000000, -0.000000000000000000, -1.000000000000000000 ) ) ;
#8888 = VERTEX_POINT ( 'NONE', #10335 ) ;
#8889 = FACE_OUTER_BOUND ( 'NONE', #3746, .T. ) ;
#8890 = EDGE_LOOP ( 'NONE', ( #6062, #4448, #1708, #5283 ) ) ;
#8891 = EDGE_CURVE ( 'NONE', #2892, #1627, #5623, .T. ) ;
#8892 = CARTESIAN_POINT ( 'NONE',  ( 1.340742937416024905, -1.535322780927274700, -1.599999999999999867 ) ) ;
#8893 = VERTEX_POINT ( 'NONE', #11290 ) ;
#8894 = ORIENTED_EDGE ( 'NONE', *, *, #3234, .F. ) ;
#8895 = COLOUR_RGB ( '',1.000000000000000000, 0.9490196078431372140, 0.9098039215686274384 ) ;
#8896 = CARTESIAN_POINT ( 'NONE',  ( 2.000000000000000000, 9.199999999999999289, -18.50000000000000355 ) ) ;
#8897 = CARTESIAN_POINT ( 'NONE',  ( 0.000000000000000000, 0.000000000000000000, 0.000000000000000000 ) ) ;
#8898 = CARTESIAN_POINT ( 'NONE',  ( 0.000000000000000000, 0.000000000000000000, 10.00000000000000000 ) ) ;
#8899 = CARTESIAN_POINT ( 'NONE',  ( 1.000000000000000000, 0.000000000000000000, 0.000000000000000000 ) ) ;
#8900 = EDGE_LOOP ( 'NONE', ( #2864, #729, #6456, #8259 ) ) ;
#8901 = LINE ( 'NONE', #835, #4701 ) ;
#8902 = AXIS2_PLACEMENT_3D ( 'NONE', #2052, #385, #10284 ) ;
#8903 = CARTESIAN_POINT ( 'NONE',  ( 0.000000000000000000, 0.000000000000000000, -1.600000000000000089 ) ) ;
#8904 = CARTESIAN_POINT ( 'NONE',  ( -1.000000000000000888, 1.732050807568876749, 0.000000000000000000 ) ) ;
#8905 = EDGE_LOOP ( 'NONE', ( #4354, #3805 ) ) ;
#8906 = DIRECTION ( 'NONE',  ( -0.000000000000000000, -0.000000000000000000, 1.000000000000000000 ) ) ;
#8907 = CARTESIAN_POINT ( 'NONE',  ( 2.000000000000000000, 1.154700538379250130, -1.600000000000000089 ) ) ;
#8908 = ORIENTED_EDGE ( 'NONE', *, *, #6868, .F. ) ;
#8909 = CARTESIAN_POINT ( 'NONE',  ( 0.000000000000000000, 0.000000000000000000, 0.000000000000000000 ) ) ;
#8910 = CARTESIAN_POINT ( 'NONE',  ( 0.000000000000000000, 0.000000000000000000, 0.000000000000000000 ) ) ;
#8911 = ORIENTED_EDGE ( 'NONE', *, *, #8721, .T. ) ;
#8912 = MANIFOLD_SOLID_BREP ( 'BuracoPorca2', #5744 ) ;
#8913 = CARTESIAN_POINT ( 'NONE',  ( 1.169735307079673214, 1.634054082335443692, -1.600000000000000977 ) ) ;
#8914 = AXIS2_PLACEMENT_3D ( 'NONE', #7572, #333, #3068 ) ;
#8915 = VERTEX_POINT ( 'NONE', #2327 ) ;
#8916 = ORIENTED_EDGE ( 'NONE', *, *, #3153, .T. ) ;
#8917 = SURFACE_STYLE_USAGE ( .BOTH. , #8973 ) ;
#8918 = ORIENTED_EDGE ( 'NONE', *, *, #5332, .T. ) ;
#8919 = CONICAL_SURFACE ( 'NONE', #8738, 1.099999999999998757, 1.029744258676652091 ) ;
#8920 = DIRECTION ( 'NONE',  ( 0.000000000000000000, 0.000000000000000000, 1.000000000000000000 ) ) ;
#8921 = FACE_OUTER_BOUND ( 'NONE', #6291, .T. ) ;
#8922 = CARTESIAN_POINT ( 'NONE',  ( 1.224646799147353454E-16, 1.000000000000000666, -3.469518839163146406 ) ) ;
#8923 = CARTESIAN_POINT ( 'NONE',  ( -0.3277177810063121588, 2.120193127676282430, -1.520662200187637758 ) ) ;
#8924 = DIRECTION ( 'NONE',  ( 0.000000000000000000, 0.000000000000000000, -1.000000000000000000 ) ) ;
#8925 = CARTESIAN_POINT ( 'NONE',  ( 3.000000000000000000, 0.000000000000000000, 0.000000000000000000 ) ) ;
#8926 = ORIENTED_EDGE ( 'NONE', *, *, #10460, .T. ) ;
#8927 = DIRECTION ( 'NONE',  ( -0.000000000000000000, 1.224649721909276639E-16, -1.000000000000000000 ) ) ;
#8928 = DIRECTION ( 'NONE',  ( -0.000000000000000000, 1.000000000000000000, -0.000000000000000000 ) ) ;
#8929 = ORIENTED_EDGE ( 'NONE', *, *, #478, .T. ) ;
#8930 = EDGE_CURVE ( 'NONE', #2705, #6516, #2015, .T. ) ;
#8931 = DIRECTION ( 'NONE',  ( -1.000000000000000000, -0.000000000000000000, -0.000000000000000000 ) ) ;
#8932 = ADVANCED_FACE ( 'NONE', ( #3228 ), #8680, .T. ) ;
#8933 = ORIENTED_EDGE ( 'NONE', *, *, #9534, .F. ) ;
#8934 = ADVANCED_FACE ( 'NONE', ( #8853 ), #11526, .F. ) ;
#8935 = DIRECTION ( 'NONE',  ( -1.000000000000000000, -0.000000000000000000, -0.000000000000000000 ) ) ;
#8936 = PLANE ( 'NONE',  #6906 ) ;
#8937 = CARTESIAN_POINT ( 'NONE',  ( 7.500000000000003553, 2.500000000000000000, -22.15470053837915998 ) ) ;
#8938 = EDGE_CURVE ( 'NONE', #3784, #1913, #3913, .T. ) ;
#8939 = DIRECTION ( 'NONE',  ( -1.000000000000000000, -0.000000000000000000, -0.000000000000000000 ) ) ;
#8940 = EDGE_CURVE ( 'NONE', #6757, #4099, #870, .T. ) ;
#8941 = CARTESIAN_POINT ( 'NONE',  ( 0.000000000000000000, 2.309401076758504701, -0.1786327949540832127 ) ) ;
#8942 = ORIENTED_EDGE ( 'NONE', *, *, #6746, .F. ) ;
#8943 = CARTESIAN_POINT ( 'NONE',  ( -0.3271719972790578246, -2.120508236058134877, -0.06957546252590419977 ) ) ;
#8944 = VERTEX_POINT ( 'NONE', #10622 ) ;
#8945 = CYLINDRICAL_SURFACE ( 'NONE', #5379, 1.000000000000000000 ) ;
#8946 = ORIENTED_EDGE ( 'NONE', *, *, #9487, .F. ) ;
#8947 = ORIENTED_EDGE ( 'NONE', *, *, #5418, .F. ) ;
#8948 = LINE ( 'NONE', #9186, #1424 ) ;
#8949 = ADVANCED_FACE ( 'NONE', ( #7966 ), #4856, .T. ) ;
#8950 = FACE_OUTER_BOUND ( 'NONE', #5483, .T. ) ;
#8951 = CIRCLE ( 'NONE', #2888, 11.00000000000000000 ) ;
#8952 = EDGE_CURVE ( 'NONE', #4865, #3421, #10316, .T. ) ;
#8953 = LINE ( 'NONE', #3446, #1854 ) ;
#8954 = LINE ( 'NONE', #7017, #5506 ) ;
#8955 = EDGE_LOOP ( 'NONE', ( #9355, #7723 ) ) ;
#8956 = CARTESIAN_POINT ( 'NONE',  ( 7.500000000000000000, 0.8999999999999986899, -1.845299461620641068 ) ) ;
#8957 = AXIS2_PLACEMENT_3D ( 'NONE', #1981, #8978, #9871 ) ;
#8958 = CIRCLE ( 'NONE', #3846, 1.099999999999996758 ) ;
#8959 = VECTOR ( 'NONE', #9015, 1000.000000000000000 ) ;
#8960 = CARTESIAN_POINT ( 'NONE',  ( 3.699999999999999289, 4.001000000000000334, 0.4999999999999991673 ) ) ;
#8961 = ORIENTED_EDGE ( 'NONE', *, *, #2268, .F. ) ;
#8962 = CIRCLE ( 'NONE', #9145, 1.099999999999998757 ) ;
#8963 = VERTEX_POINT ( 'NONE', #10745 ) ;
#8964 = DIRECTION ( 'NONE',  ( -0.000000000000000000, 1.224649721909276639E-16, -1.000000000000000000 ) ) ;
#8965 = AXIS2_PLACEMENT_3D ( 'NONE', #10445, #1143, #7508 ) ;
#8966 = DIRECTION ( 'NONE',  ( 1.000000000000000000, -0.000000000000000000, -0.000000000000000000 ) ) ;
#8967 = CIRCLE ( 'NONE', #8608, 0.1749999999999998224 ) ;
#8968 = CIRCLE ( 'NONE', #3861, 1.000000000000000000 ) ;
#8969 = CARTESIAN_POINT ( 'NONE',  ( 0.1792658718212356839, 0.7024802669117058418, -0.7302567319458299622 ) ) ;
#8970 = ORIENTED_EDGE ( 'NONE', *, *, #10592, .T. ) ;
#8971 = CIRCLE ( 'NONE', #11639, 0.8156023289305088797 ) ;
#8972 = CIRCLE ( 'NONE', #9174, 0.8156023289305088797 ) ;
#8973 = SURFACE_SIDE_STYLE ('',( #4536 ) ) ;
#8974 = AXIS2_PLACEMENT_3D ( 'NONE', #1593, #8939, #2600 ) ;
#8975 = ORIENTED_EDGE ( 'NONE', *, *, #3645, .T. ) ;
#8976 = PRODUCT_CONTEXT ( 'NONE', #6883, 'mechanical' ) ;
#8977 = FACE_OUTER_BOUND ( 'NONE', #586, .T. ) ;
#8978 = DIRECTION ( 'NONE',  ( -1.000000000000000000, -0.000000000000000000, -0.000000000000000000 ) ) ;
#8979 = CARTESIAN_POINT ( 'NONE',  ( -0.1631781751318187312, 2.215190113420277385, -1.475759930090788874 ) ) ;
#8980 = DIRECTION ( 'NONE',  ( 0.7423286577013631371, 0.4285836503510556117, -0.5150380749100561539 ) ) ;
#8981 = DIRECTION ( 'NONE',  ( 0.000000000000000000, 0.000000000000000000, -1.000000000000000000 ) ) ;
#8982 = VERTEX_POINT ( 'NONE', #104 ) ;
#8983 = CARTESIAN_POINT ( 'NONE',  ( 0.000000000000000000, 4.738805170303855086E-16, -2.269518839163146673 ) ) ;
#8984 = EDGE_CURVE ( 'NONE', #599, #5420, #2396, .T. ) ;
#8985 = CARTESIAN_POINT ( 'NONE',  ( 2.099999999999999645, 2.971690854684141847, -0.4999999999999991673 ) ) ;
#8986 = ORIENTED_EDGE ( 'NONE', *, *, #821, .T. ) ;
#8987 = DIRECTION ( 'NONE',  ( 0.000000000000000000, 0.000000000000000000, -1.000000000000000000 ) ) ;
#8988 = ORIENTED_EDGE ( 'NONE', *, *, #1621, .F. ) ;
#8989 =( NAMED_UNIT ( * ) SI_UNIT ( $, .STERADIAN. ) SOLID_ANGLE_UNIT ( ) );
#8990 = DIRECTION ( 'NONE',  ( 0.000000000000000000, 0.000000000000000000, 1.000000000000000000 ) ) ;
#8991 = CARTESIAN_POINT ( 'NONE',  ( 0.000000000000000000, 0.7740000000000005764, -3.200000000000000178 ) ) ;
#8992 = CARTESIAN_POINT ( 'NONE',  ( -1.000000000000000888, 1.732050807568876749, -1.600000000000000089 ) ) ;
#8993 = DIRECTION ( 'NONE',  ( -0.000000000000000000, -0.000000000000000000, 1.000000000000000000 ) ) ;
#8994 = CARTESIAN_POINT ( 'NONE',  ( 3.400000000000000355, 0.000000000000000000, 0.000000000000000000 ) ) ;
#8995 = ADVANCED_FACE ( 'NONE', ( #1737 ), #11485, .T. ) ;
#8996 = CIRCLE ( 'NONE', #3891, 0.1749999999999998224 ) ;
#8997 = EDGE_CURVE ( 'NONE', #10908, #9797, #724, .T. ) ;
#8998 = ORIENTED_EDGE ( 'NONE', *, *, #162, .F. ) ;
#8999 = CONICAL_SURFACE ( 'NONE', #5417, 2.000000000000000000, 1.047197551196596299 ) ;
#9000 = CARTESIAN_POINT ( 'NONE',  ( 14.05000000000000071, 0.000000000000000000, 1.000000000000000000 ) ) ;
#9001 = ORIENTED_EDGE ( 'NONE', *, *, #992, .F. ) ;
#9002 = PLANE ( 'NONE',  #244 ) ;
#9003 = ADVANCED_FACE ( 'NONE', ( #5354 ), #2209, .F. ) ;
#9004 = ORIENTED_EDGE ( 'NONE', *, *, #1616, .T. ) ;
#9005 = DIRECTION ( 'NONE',  ( -0.8660254037844383745, -0.5000000000000004441, 0.000000000000000000 ) ) ;
#9006 = ORIENTED_EDGE ( 'NONE', *, *, #8940, .T. ) ;
#9007 = DIRECTION ( 'NONE',  ( 1.000000000000000000, 0.000000000000000000, 0.000000000000000000 ) ) ;
#9008 = CIRCLE ( 'NONE', #7499, 1.999999999999999556 ) ;
#9009 = DIRECTION ( 'NONE',  ( -1.000000000000000000, -0.000000000000000000, -0.000000000000000000 ) ) ;
#9010 = CARTESIAN_POINT ( 'NONE',  ( 0.000000000000000000, 0.000000000000000000, 4.000000000000000000 ) ) ;
#9011 = CARTESIAN_POINT ( 'NONE',  ( 1.000000000000000000, 1.224646799147355426E-16, -1.730481160836854215 ) ) ;
#9012 = EDGE_CURVE ( 'NONE', #2169, #10536, #1680, .T. ) ;
#9013 = VERTEX_POINT ( 'NONE', #9123 ) ;
#9014 = DIRECTION ( 'NONE',  ( 0.000000000000000000, 0.000000000000000000, 1.000000000000000000 ) ) ;
#9015 = DIRECTION ( 'NONE',  ( 0.000000000000000000, 0.000000000000000000, 1.000000000000000000 ) ) ;
#9016 = VECTOR ( 'NONE', #7428, 1000.000000000000000 ) ;
#9017 = ADVANCED_FACE ( 'NONE', ( #4353 ), #3398, .T. ) ;
#9018 = EDGE_CURVE ( 'NONE', #6947, #5862, #9387, .T. ) ;
#9019 = CARTESIAN_POINT ( 'NONE',  ( -0.2768074057575362623, -0.5680519185244693459, -0.7869771035352078892 ) ) ;
#9020 = ORIENTED_EDGE ( 'NONE', *, *, #11259, .T. ) ;
#9021 = B_SPLINE_CURVE_WITH_KNOTS ( 'NONE', 3,
 ( #6002, #411, #8657, #583, #6888, #3087 ),
 .UNSPECIFIED., .F., .F.,
 ( 4, 2, 4 ),
 ( 0.001168606431211104352, 0.001750609284260045383, 0.002332612137308986630 ),
 .UNSPECIFIED. ) ;
#9022 = AXIS2_PLACEMENT_3D ( 'NONE', #2364, #5991, #4378 ) ;
#9023 = CIRCLE ( 'NONE', #880, 1.099999999999998535 ) ;
#9024 = CARTESIAN_POINT ( 'NONE',  ( 0.000000000000000000, 0.7740000000000005764, -2.799999999999999822 ) ) ;
#9025 = CARTESIAN_POINT ( 'NONE',  ( 2.000000000000000000, 0.000000000000000000, 3.000000000000000444 ) ) ;
#9026 = ORIENTED_EDGE ( 'NONE', *, *, #4019, .T. ) ;
#9027 = MANIFOLD_SOLID_BREP ( 'EndChamfer', #9917 ) ;
#9028 = CARTESIAN_POINT ( 'NONE',  ( 1.339247740005896636, 1.536186033554500785, -1.582894801272978658 ) ) ;
#9029 = AXIS2_PLACEMENT_3D ( 'NONE', #11476, #10573, #8690 ) ;
#9030 = EDGE_CURVE ( 'NONE', #5202, #1847, #7529, .T. ) ;
#9031 =( NAMED_UNIT ( * ) SI_UNIT ( $, .STERADIAN. ) SOLID_ANGLE_UNIT ( ) );
#9032 = B_SPLINE_CURVE_WITH_KNOTS ( 'NONE', 3,
 ( #2275, #369, #9331, #1131, #7498, #187 ),
 .UNSPECIFIED., .F., .F.,
 ( 4, 2, 4 ),
 ( 0.001168606431211103485, 0.001750609284260044515, 0.002332612137308985329 ),
 .UNSPECIFIED. ) ;
#9033 = EDGE_LOOP ( 'NONE', ( #10449, #11549, #6920, #6236 ) ) ;
#9034 = APPLICATION_PROTOCOL_DEFINITION ( 'draft international standard', 'automotive_design', 1998, #734 ) ;
#9035 = CARTESIAN_POINT ( 'NONE',  ( 1.340742937416024905, -1.535322780927274700, -2.470117744885353961E-16 ) ) ;
#9036 = LINE ( 'NONE', #4587, #5546 ) ;
#9037 = CARTESIAN_POINT ( 'NONE',  ( 1.000000000000001998, 1.732050807568876083, 0.000000000000000000 ) ) ;
#9038 = CARTESIAN_POINT ( 'NONE',  ( -5.000000000000000000, 0.000000000000000000, -21.00000000000000000 ) ) ;
#9039 = PRESENTATION_LAYER_ASSIGNMENT (  '', '', ( #6589 ) ) ;
#9040 = AXIS2_PLACEMENT_3D ( 'NONE', #419, #4046, #10438 ) ;
#9041 = FACE_OUTER_BOUND ( 'NONE', #7671, .T. ) ;
#9042 = VERTEX_POINT ( 'NONE', #2566 ) ;
#9043 = FILL_AREA_STYLE_COLOUR ( '', #4223 ) ;
#9044 = EDGE_CURVE ( 'NONE', #1641, #3498, #10539, .T. ) ;
#9045 = LINE ( 'NONE', #1988, #3663 ) ;
#9046 = ORIENTED_EDGE ( 'NONE', *, *, #7843, .T. ) ;
#9047 = DIRECTION ( 'NONE',  ( -1.000000000000000000, 0.000000000000000000, 0.000000000000000000 ) ) ;
#9048 = AXIS2_PLACEMENT_3D ( 'NONE', #8820, #5139, #1648 ) ;
#9049 = ORIENTED_EDGE ( 'NONE', *, *, #9957, .T. ) ;
#9050 = SURFACE_STYLE_USAGE ( .BOTH. , #1878 ) ;
#9051 = CARTESIAN_POINT ( 'NONE',  ( 3.903127820947815962E-15, 2.500000000000000000, -19.84529946162065883 ) ) ;
#9052 = VECTOR ( 'NONE', #2994, 1000.000000000000114 ) ;
#9053 = FACE_BOUND ( 'NONE', #5735, .T. ) ;
#9054 = DIRECTION ( 'NONE',  ( -0.8660254037844383745, 0.000000000000000000, -0.5000000000000004441 ) ) ;
#9055 = DIRECTION ( 'NONE',  ( 0.000000000000000000, 0.000000000000000000, 1.000000000000000000 ) ) ;
#9056 = PLANE ( 'NONE',  #4750 ) ;
#9057 = ORIENTED_EDGE ( 'NONE', *, *, #1073, .F. ) ;
#9058 = CARTESIAN_POINT ( 'NONE',  ( 0.9000000000000000222, 6.123233995736766036E-17, -0.5000000000000000000 ) ) ;
#9059 = EDGE_LOOP ( 'NONE', ( #7871, #4613 ) ) ;
#9060 = CONICAL_SURFACE ( 'NONE', #7932, 2.000000000000000000, 1.047197551196596299 ) ;
#9061 = CYLINDRICAL_SURFACE ( 'NONE', #6324, 1.000000000000000444 ) ;
#9062 = ORIENTED_EDGE ( 'NONE', *, *, #11554, .F. ) ;
#9063 = DIRECTION ( 'NONE',  ( -0.8660254037844383745, -0.5000000000000004441, 0.000000000000000000 ) ) ;
#9064 = ORIENTED_EDGE ( 'NONE', *, *, #9238, .F. ) ;
#9065 = SURFACE_STYLE_USAGE ( .BOTH. , #7288 ) ;
#9066 = DIRECTION ( 'NONE',  ( -1.000000000000000000, 0.000000000000000000, 0.000000000000000000 ) ) ;
#9067 = MANIFOLD_SOLID_BREP ( 'Ressalto-extrus\X2\00e3\X0\o1', #4605 ) ;
#9068 = ADVANCED_FACE ( 'NONE', ( #11262 ), #2380, .T. ) ;
#9069 =( NAMED_UNIT ( * ) SI_UNIT ( $, .STERADIAN. ) SOLID_ANGLE_UNIT ( ) );
#9070 = VECTOR ( 'NONE', #11269, 1000.000000000000000 ) ;
#9071 = DIRECTION ( 'NONE',  ( 0.000000000000000000, -0.000000000000000000, 1.000000000000000000 ) ) ;
#9072 = DIRECTION ( 'NONE',  ( 0.000000000000000000, 1.000000000000000000, 0.000000000000000000 ) ) ;
#9073 = ORIENTED_EDGE ( 'NONE', *, *, #5606, .T. ) ;
#9074 = CARTESIAN_POINT ( 'NONE',  ( -0.5000000000000000000, 9.199999999999999289, -18.50000000000000355 ) ) ;
#9075 = PRESENTATION_STYLE_ASSIGNMENT (( #1794 ) ) ;
#9076 = ADVANCED_FACE ( 'NONE', ( #8414 ), #305, .T. ) ;
#9077 = DIRECTION ( 'NONE',  ( 0.000000000000000000, 1.000000000000000000, 0.000000000000000000 ) ) ;
#9078 = ADVANCED_FACE ( 'NONE', ( #9306 ), #4302, .T. ) ;
#9079 = VERTEX_POINT ( 'NONE', #345 ) ;
#9080 = ADVANCED_FACE ( 'NONE', ( #3024 ), #1163, .T. ) ;
#9081 = CARTESIAN_POINT ( 'NONE',  ( -0.1618649730664517838, -0.7758523517199528152, -0.6896353986941867742 ) ) ;
#9082 = STYLED_ITEM ( 'NONE', ( #3487 ), #7980 ) ;
#9084 = ADVANCED_FACE ( 'NONE', ( #461 ), #4858, .T. ) ;
#9083 = LINE ( 'NONE', #5592, #596 ) ;
#9085 = LINE ( 'NONE', #10083, #11038 ) ;
#9086 = EDGE_CURVE ( 'NONE', #8893, #819, #8474, .T. ) ;
#9087 = ORIENTED_EDGE ( 'NONE', *, *, #1022, .T. ) ;
#9088 = CARTESIAN_POINT ( 'NONE',  ( -2.000000000000002665, 0.8999999999999998002, -23.30940107675841233 ) ) ;
#9089 = AXIS2_PLACEMENT_3D ( 'NONE', #1145, #4899, #442 ) ;
#9090 = CARTESIAN_POINT ( 'NONE',  ( 0.000000000000000000, 0.000000000000000000, 0.000000000000000000 ) ) ;
#9091 = ORIENTED_EDGE ( 'NONE', *, *, #992, .T. ) ;
#9092 = PRODUCT_CONTEXT ( 'NONE', #4670, 'mechanical' ) ;
#9093 = CARTESIAN_POINT ( 'NONE',  ( 1.000000000000001998, 1.732050807568876083, -1.600000000000000089 ) ) ;
#9094 = PLANE ( 'NONE',  #1374 ) ;
#9095 = VECTOR ( 'NONE', #8399, 1000.000000000000000 ) ;
#9096 = CARTESIAN_POINT ( 'NONE',  ( -2.000000000000000000, -0.8000000000000211386, -20.99999999999990763 ) ) ;
#9097 = DIRECTION ( 'NONE',  ( -1.000000000000000000, -0.000000000000000000, -0.000000000000000000 ) ) ;
#9098 = EDGE_CURVE ( 'NONE', #9960, #1565, #9948, .T. ) ;
#9099 = DIRECTION ( 'NONE',  ( 1.000000000000000000, 0.000000000000000000, 0.000000000000000000 ) ) ;
#9100 = ORIENTED_EDGE ( 'NONE', *, *, #4164, .F. ) ;
#9101 = DIRECTION ( 'NONE',  ( 0.000000000000000000, 0.000000000000000000, -1.000000000000000000 ) ) ;
#9102 = DIRECTION ( 'NONE',  ( -0.000000000000000000, 1.000000000000000000, -0.000000000000000000 ) ) ;
#9103 = VECTOR ( 'NONE', #9848, 1000.000000000000000 ) ;
#9104 = ADVANCED_BREP_SHAPE_REPRESENTATION ( '', ( #9187, #4873 ), #9417 ) ;
#9105 = ORIENTED_EDGE ( 'NONE', *, *, #904, .F. ) ;
#9106 = CARTESIAN_POINT ( 'NONE',  ( 4.250000000000000000, 1.347111479062088405E-15, -11.00000000000000000 ) ) ;
#9107 = VERTEX_POINT ( 'NONE', #4738 ) ;
#9108 = CARTESIAN_POINT ( 'NONE',  ( -4.987329993433320396E-15, -2.309401076758504701, -1.421367205045916737 ) ) ;
#9109 = CARTESIAN_POINT ( 'NONE',  ( 3.000000000000000000, 0.000000000000000000, 0.000000000000000000 ) ) ;
#9110 = LINE ( 'NONE', #9408, #2548 ) ;
#9111 = CYLINDRICAL_SURFACE ( 'NONE', #9363, 1.000000000000000000 ) ;
#9112 = EDGE_CURVE ( 'NONE', #7326, #11658, #4665, .T. ) ;
#9113 = LINE ( 'NONE', #9176, #2096 ) ;
#9114 = PRODUCT_DEFINITION_SHAPE ( 'NONE', 'NONE',  #11751 ) ;
#9115 = VERTEX_POINT ( 'NONE', #11376 ) ;
#9116 = CARTESIAN_POINT ( 'NONE',  ( 5.500000000000000888, 2.500000000000000000, -6.000000000000000000 ) ) ;
#9117 = EDGE_LOOP ( 'NONE', ( #10550, #8726 ) ) ;
#9118 = DIRECTION ( 'NONE',  ( -1.000000000000000000, 0.000000000000000000, 0.000000000000000000 ) ) ;
#9119 = EDGE_LOOP ( 'NONE', ( #9127, #6759, #10211, #2890, #11137, #8527 ) ) ;
#9120 = DIRECTION ( 'NONE',  ( -0.000000000000000000, 1.224649721909276639E-16, -1.000000000000000000 ) ) ;
#9121 = EDGE_LOOP ( 'NONE', ( #8455, #1622 ) ) ;
#9122 = DIRECTION ( 'NONE',  ( 0.000000000000000000, 0.000000000000000000, 1.000000000000000000 ) ) ;
#9123 = CARTESIAN_POINT ( 'NONE',  ( 3.599999999999992095, -2.971690854684141847, -0.9000000000000006883 ) ) ;
#9124 = DIRECTION ( 'NONE',  ( 0.000000000000000000, 1.000000000000000000, 0.000000000000000000 ) ) ;
#9125 = DIRECTION ( 'NONE',  ( -1.000000000000000000, -0.000000000000000000, -0.000000000000000000 ) ) ;
#9126 = DIRECTION ( 'NONE',  ( 1.060575238724909257E-16, -0.8660254037844404840, -0.4999999999999967248 ) ) ;
#9127 = ORIENTED_EDGE ( 'NONE', *, *, #646, .F. ) ;
#9128 = CARTESIAN_POINT ( 'NONE',  ( 2.000000000000000000, -1.154700538379255015, -1.421367205045916737 ) ) ;
#9129 = DIRECTION ( 'NONE',  ( 0.000000000000000000, 1.000000000000000000, 0.000000000000000000 ) ) ;
#9130 = EDGE_CURVE ( 'NONE', #1155, #9505, #1449, .T. ) ;
#9131 = UNCERTAINTY_MEASURE_WITH_UNIT (LENGTH_MEASURE( 1.000000000000000082E-05 ), #405, 'distance_accuracy_value', 'NONE');
#9132 = VERTEX_POINT ( 'NONE', #10650 ) ;
#9133 = PLANE ( 'NONE',  #11054 ) ;
#9134 = ORIENTED_EDGE ( 'NONE', *, *, #8412, .F. ) ;
#9135 = VECTOR ( 'NONE', #4888, 1000.000000000000000 ) ;
#9136 = DIRECTION ( 'NONE',  ( 1.060575238724909257E-16, -0.8660254037844404840, -0.4999999999999967248 ) ) ;
#9137 = PLANE ( 'NONE',  #7613 ) ;
#9138 = CARTESIAN_POINT ( 'NONE',  ( -0.1702769162167616090, -0.7403828156981311359, -0.7092725651034388346 ) ) ;
#9139 = ORIENTED_EDGE ( 'NONE', *, *, #2893, .T. ) ;
#9140 = LINE ( 'NONE', #2035, #1081 ) ;
#9141 = CONICAL_SURFACE ( 'NONE', #624, 2.000000000000000000, 1.047197551196595855 ) ;
#9142 = ADVANCED_FACE ( 'NONE', ( #5274 ), #11102, .T. ) ;
#9143 = AXIS2_PLACEMENT_3D ( 'NONE', #3727, #7337, #11068 ) ;
#9144 = EDGE_CURVE ( 'NONE', #3167, #9571, #4834, .T. ) ;
#9145 = AXIS2_PLACEMENT_3D ( 'NONE', #5770, #9203, #1180 ) ;
#9146 = ADVANCED_FACE ( 'NONE', ( #8886 ), #5088, .F. ) ;
#9147 = ORIENTED_EDGE ( 'NONE', *, *, #7650, .T. ) ;
#9148 = AXIS2_PLACEMENT_3D ( 'NONE', #7383, #1089, #11060 ) ;
#9149 = APPLICATION_PROTOCOL_DEFINITION ( 'draft international standard', 'automotive_design', 1998, #6883 ) ;
#9150 = AXIS2_PLACEMENT_3D ( 'NONE', #2791, #5350, #1614 ) ;
#9151 = DIRECTION ( 'NONE',  ( 0.000000000000000000, -0.000000000000000000, -1.000000000000000000 ) ) ;
#9152 = CARTESIAN_POINT ( 'NONE',  ( 0.000000000000000000, 0.000000000000000000, -3.299999999999984279 ) ) ;
#9153 = MECHANICAL_DESIGN_GEOMETRIC_PRESENTATION_REPRESENTATION (  '', ( #1196 ), #3482 ) ;
#9154 = CARTESIAN_POINT ( 'NONE',  ( -1.340742937416024017, 1.535322780927272257, -1.600000000000000977 ) ) ;
#9155 = CARTESIAN_POINT ( 'NONE',  ( 0.000000000000000000, 0.000000000000000000, 0.000000000000000000 ) ) ;
#9156 = AXIS2_PLACEMENT_3D ( 'NONE', #3775, #1999, #9231 ) ;
#9157 = VERTEX_POINT ( 'NONE', #3431 ) ;
#9158 = DIRECTION ( 'NONE',  ( 0.000000000000000000, -1.000000000000000000, 0.000000000000000000 ) ) ;
#9159 = AXIS2_PLACEMENT_3D ( 'NONE', #1493, #9570, #4217 ) ;
#9160 = CIRCLE ( 'NONE', #7094, 2.500000000000000000 ) ;
#9161 = DIRECTION ( 'NONE',  ( -0.8660254037844383745, 0.000000000000000000, -0.5000000000000004441 ) ) ;
#9162 = AXIS2_PLACEMENT_3D ( 'NONE', #3848, #995, #7290 ) ;
#9163 = ORIENTED_EDGE ( 'NONE', *, *, #7711, .T. ) ;
#9164 = EDGE_CURVE ( 'NONE', #2441, #10298, #4148, .T. ) ;
#9165 = DIRECTION ( 'NONE',  ( 0.000000000000000000, 0.000000000000000000, -1.000000000000000000 ) ) ;
#9166 = EDGE_CURVE ( 'NONE', #7964, #1042, #6379, .T. ) ;
#9167 = FACE_OUTER_BOUND ( 'NONE', #2201, .T. ) ;
#9168 = ORIENTED_EDGE ( 'NONE', *, *, #2945, .F. ) ;
#9169 =( NAMED_UNIT ( * ) PLANE_ANGLE_UNIT ( ) SI_UNIT ( $, .RADIAN. ) );
#9170 = DIRECTION ( 'NONE',  ( 0.7423286577013628040, -0.4285836503510561113, -0.5150380749100561539 ) ) ;
#9171 = DIRECTION ( 'NONE',  ( 0.000000000000000000, 0.000000000000000000, -1.000000000000000000 ) ) ;
#9172 = CARTESIAN_POINT ( 'NONE',  ( -1.000000000000000000, 0.000000000000000000, 0.000000000000000000 ) ) ;
#9173 =( LENGTH_UNIT ( ) NAMED_UNIT ( * ) SI_UNIT ( .MILLI., .METRE. ) );
#9174 = AXIS2_PLACEMENT_3D ( 'NONE', #4492, #8104, #7108 ) ;
#9175 = MECHANICAL_DESIGN_GEOMETRIC_PRESENTATION_REPRESENTATION (  '', ( #11057 ), #1406 ) ;
#9176 = CARTESIAN_POINT ( 'NONE',  ( 2.099999999999999645, -2.821690854684141936, 0.4999999999999991673 ) ) ;
#9177 = VERTEX_POINT ( 'NONE', #2479 ) ;
#9178 = CARTESIAN_POINT ( 'NONE',  ( 2.500000000000000000, 9.199999999999999289, -18.50000000000000355 ) ) ;
#9179 = ORIENTED_EDGE ( 'NONE', *, *, #7857, .T. ) ;
#9180 = DIRECTION ( 'NONE',  ( -0.000000000000000000, -1.000000000000000000, -0.000000000000000000 ) ) ;
#9181 = CIRCLE ( 'NONE', #1617, 1.999999999999999556 ) ;
#9182 = ORIENTED_EDGE ( 'NONE', *, *, #892, .F. ) ;
#9183 = B_SPLINE_CURVE_WITH_KNOTS ( 'NONE', 3,
 ( #4522, #7239, #10849, #2735, #286, #1000 ),
 .UNSPECIFIED., .F., .F.,
 ( 4, 2, 4 ),
 ( 0.001168606431211103485, 0.001750609284260044515, 0.002332612137308985329 ),
 .UNSPECIFIED. ) ;
#9184 = DIRECTION ( 'NONE',  ( 1.000000000000000000, -0.000000000000000000, -0.000000000000000000 ) ) ;
#9185 = ORIENTED_EDGE ( 'NONE', *, *, #6914, .T. ) ;
#9186 = CARTESIAN_POINT ( 'NONE',  ( 2.099999999999999645, -2.821690854684141936, -0.4999999999999991673 ) ) ;
#9187 = MANIFOLD_SOLID_BREP ( 'Corte-extrus\X2\00e3\X0\o1', #9346 ) ;
#9188 = CARTESIAN_POINT ( 'NONE',  ( 0.000000000000000000, 0.000000000000000000, 0.000000000000000000 ) ) ;
#9189 = CARTESIAN_POINT ( 'NONE',  ( -2.000000000000000000, 0.3931374000439456506, -1.582763861186367027 ) ) ;
#9190 = AXIS2_PLACEMENT_3D ( 'NONE', #2028, #4753, #8368 ) ;
#9191 = PRODUCT_DEFINITION_SHAPE ( 'NONE', 'NONE',  #1577 ) ;
#9192 = LINE ( 'NONE', #2017, #516 ) ;
#9193 = DIRECTION ( 'NONE',  ( 0.000000000000000000, -0.000000000000000000, -1.000000000000000000 ) ) ;
#9194 = ORIENTED_EDGE ( 'NONE', *, *, #4387, .F. ) ;
#9195 = CARTESIAN_POINT ( 'NONE',  ( 0.000000000000000000, 0.000000000000000000, -1.600000000000000089 ) ) ;
#9196 = ORIENTED_EDGE ( 'NONE', *, *, #1028, .F. ) ;
#9197 = PLANE ( 'NONE',  #3492 ) ;
#9198 = AXIS2_PLACEMENT_3D ( 'NONE', #2656, #7389, #10056 ) ;
#9199 = EDGE_CURVE ( 'NONE', #5334, #4767, #8996, .T. ) ;
#9200 = CIRCLE ( 'NONE', #10513, 2.499999999999998668 ) ;
#9201 = VERTEX_POINT ( 'NONE', #7815 ) ;
#9202 = DIRECTION ( 'NONE',  ( 0.000000000000000000, 0.000000000000000000, -1.000000000000000000 ) ) ;
#9203 = DIRECTION ( 'NONE',  ( -0.000000000000000000, 0.000000000000000000, -1.000000000000000000 ) ) ;
#9204 = CARTESIAN_POINT ( 'NONE',  ( 0.000000000000000000, 0.000000000000000000, -0.2999999999999834466 ) ) ;
#9205 = CARTESIAN_POINT ( 'NONE',  ( -8.000000000000000000, 17.00000000000000000, -8.732195743157015855 ) ) ;
#9206 = DIRECTION ( 'NONE',  ( 0.000000000000000000, 1.000000000000000000, 0.000000000000000000 ) ) ;
#9207 = CONICAL_SURFACE ( 'NONE', #8068, 2.000000000000000000, 1.047197551196595855 ) ;
#9208 = VERTEX_POINT ( 'NONE', #5145 ) ;
#9209 = MANIFOLD_SOLID_BREP ( 'EndChamfer', #10662 ) ;
#9210 = CARTESIAN_POINT ( 'NONE',  ( -0.4682615195960991850, -0.8110527431698566492, -500000.0000000000582 ) ) ;
#9211 = AXIS2_PLACEMENT_3D ( 'NONE', #9637, #6077, #9688 ) ;
#9212 = VECTOR ( 'NONE', #7740, 1000.000000000000114 ) ;
#9213 = ORIENTED_EDGE ( 'NONE', *, *, #7, .T. ) ;
#9214 = SHAPE_DEFINITION_REPRESENTATION ( #3146, #2660 ) ;
#9215 = ADVANCED_FACE ( 'NONE', ( #4554 ), #11436, .F. ) ;
#9216 = DIRECTION ( 'NONE',  ( 0.000000000000000000, 0.000000000000000000, -1.000000000000000000 ) ) ;
#9217 = CYLINDRICAL_SURFACE ( 'NONE', #2135, 1.099999999999998535 ) ;
#9218 = DIRECTION ( 'NONE',  ( -0.8191520442889902442, 1.003171929053522651E-16, 0.5735764363510482688 ) ) ;
#9219 = DIRECTION ( 'NONE',  ( -1.000000000000000000, 0.000000000000000000, 0.000000000000000000 ) ) ;
#9220 = DIRECTION ( 'NONE',  ( -0.7071067811865451302, -0.000000000000000000, -0.7071067811865500152 ) ) ;
#9221 = EDGE_LOOP ( 'NONE', ( #1815, #9480, #10519, #3090, #416, #1058 ) ) ;
#9222 = VECTOR ( 'NONE', #8554, 1000.000000000000114 ) ;
#9223 = FACE_BOUND ( 'NONE', #7009, .T. ) ;
#9224 = DIRECTION ( 'NONE',  ( 0.000000000000000000, 0.000000000000000000, -1.000000000000000000 ) ) ;
#9225 = ORIENTED_EDGE ( 'NONE', *, *, #2621, .T. ) ;
#9226 = DIRECTION ( 'NONE',  ( -0.000000000000000000, 0.000000000000000000, 1.000000000000000000 ) ) ;
#9227 = CARTESIAN_POINT ( 'NONE',  ( -2.000000000000003997, 2.500000000000000000, -5.309401076758396343 ) ) ;
#9228 = VERTEX_POINT ( 'NONE', #8992 ) ;
#9229 = EDGE_CURVE ( 'NONE', #5990, #10896, #5558, .T. ) ;
#9230 = CARTESIAN_POINT ( 'NONE',  ( 0.000000000000000000, 0.000000000000000000, -1.600000000000000089 ) ) ;
#9231 = DIRECTION ( 'NONE',  ( 0.000000000000000000, 0.000000000000000000, -1.000000000000000000 ) ) ;
#9232 = VECTOR ( 'NONE', #11692, 1000.000000000000114 ) ;
#9233 = ADVANCED_FACE ( 'NONE', ( #3554 ), #2571, .T. ) ;
#9234 = CARTESIAN_POINT ( 'NONE',  ( 0.000000000000000000, 0.000000000000000000, 0.000000000000000000 ) ) ;
#9235 = CARTESIAN_POINT ( 'NONE',  ( 1.836821824868180020, 1.248911501717478334, -1.475759930090789540 ) ) ;
#9236 = FACE_OUTER_BOUND ( 'NONE', #3381, .T. ) ;
#9237 = EDGE_CURVE ( 'NONE', #9762, #473, #3686, .T. ) ;
#9238 = EDGE_CURVE ( 'NONE', #9177, #9693, #8631, .T. ) ;
#9239 = ORIENTED_EDGE ( 'NONE', *, *, #7309, .F. ) ;
#9240 = CARTESIAN_POINT ( 'NONE',  ( 3.903127820947815962E-15, 2.500000000000000000, -19.84529946162065883 ) ) ;
#9241 = ORIENTED_EDGE ( 'NONE', *, *, #762, .F. ) ;
#9242 = DIRECTION ( 'NONE',  ( -1.000000000000000000, -0.000000000000000000, -0.000000000000000000 ) ) ;
#9243 = VERTEX_POINT ( 'NONE', #5328 ) ;
#9244 = DIRECTION ( 'NONE',  ( 8.659560562354926695E-17, -0.7071067811865482389, 0.7071067811865469066 ) ) ;
#9245 = CONICAL_SURFACE ( 'NONE', #5651, 2.000000000000000000, 1.047197551196596299 ) ;
#9246 = ORIENTED_EDGE ( 'NONE', *, *, #9381, .F. ) ;
#9247 = SHAPE_REPRESENTATION_RELATIONSHIP ( 'NONE' , 'NONE' ,  #2187, #11227 ) ;
#9248 = PRODUCT_DEFINITION_CONTEXT ( 'detailed design', #2560, 'design' ) ;
#9249 = FACE_OUTER_BOUND ( 'NONE', #4339, .T. ) ;
#9250 = DIRECTION ( 'NONE',  ( 0.000000000000000000, 0.000000000000000000, -1.000000000000000000 ) ) ;
#9251 = PLANE ( 'NONE',  #9162 ) ;
#9252 = DIRECTION ( 'NONE',  ( -0.000000000000000000, 1.000000000000000000, -0.000000000000000000 ) ) ;
#9253 = DIRECTION ( 'NONE',  ( -1.000000000000000000, -0.000000000000000000, -0.000000000000000000 ) ) ;
#9254 = EDGE_CURVE ( 'NONE', #1889, #7295, #483, .T. ) ;
#9255 = AXIS2_PLACEMENT_3D ( 'NONE', #9210, #182, #364 ) ;
#9256 = ORIENTED_EDGE ( 'NONE', *, *, #8582, .F. ) ;
#9257 = CARTESIAN_POINT ( 'NONE',  ( -2.000000000000000000, -0.1951254011572752800, -1.600000000000000089 ) ) ;
#9258 = UNCERTAINTY_MEASURE_WITH_UNIT (LENGTH_MEASURE( 1.000000000000000082E-05 ), #1314, 'distance_accuracy_value', 'NONE');
#9259 = ORIENTED_EDGE ( 'NONE', *, *, #9890, .F. ) ;
#9260 = CARTESIAN_POINT ( 'NONE',  ( 7.500000000000000000, 0.8999999999999986899, -4.154700538379145769 ) ) ;
#9261 = ORIENTED_EDGE ( 'NONE', *, *, #2908, .T. ) ;
#9262 = B_SPLINE_CURVE_WITH_KNOTS ( 'NONE', 3,
 ( #5124, #3238, #6151, #8748, #611, #6979 ),
 .UNSPECIFIED., .F., .F.,
 ( 4, 2, 4 ),
 ( 0.001168606431211099148, 0.001750609284260044515, 0.002332612137308990100 ),
 .UNSPECIFIED. ) ;
#9264 = VECTOR ( 'NONE', #10137, 1000.000000000000000 ) ;
#9263 = CARTESIAN_POINT ( 'NONE',  ( -0.5560518688116493635, 0.5176555429708574740, -0.7092725651034395007 ) ) ;
#9265 = CARTESIAN_POINT ( 'NONE',  ( 0.000000000000000000, 2.309401076758504701, -0.1786327949540832127 ) ) ;
#9266 = CARTESIAN_POINT ( 'NONE',  ( 0.000000000000000000, 9.199999999999999289, -16.00000000000000355 ) ) ;
#9267 = CARTESIAN_POINT ( 'NONE',  ( 3.500000000000000000, 0.000000000000000000, 0.000000000000000000 ) ) ;
#9268 = EDGE_CURVE ( 'NONE', #1774, #1555, #9772, .T. ) ;
#9269 = ORIENTED_EDGE ( 'NONE', *, *, #8359, .T. ) ;
#9270 = LINE ( 'NONE', #2091, #6047 ) ;
#9271 = VERTEX_POINT ( 'NONE', #10949 ) ;
#9272 = CONTEXT_DEPENDENT_SHAPE_REPRESENTATION ( #3935, #4480 ) ;
#9273 = DIRECTION ( 'NONE',  ( -0.000000000000000000, 1.224649721909276639E-16, -1.000000000000000000 ) ) ;
#9274 = CARTESIAN_POINT ( 'NONE',  ( -0.8156023289305076585, 1.111735790324612974E-16, -0.1291166393111736477 ) ) ;
#9275 = CARTESIAN_POINT ( 'NONE',  ( 3.000000000000000000, 0.000000000000000000, 2.000000000000000000 ) ) ;
#9276 = CARTESIAN_POINT ( 'NONE',  ( -17.94999999999999929, 0.000000000000000000, 1.550000000000000044 ) ) ;
#9277 = CARTESIAN_POINT ( 'NONE',  ( 0.000000000000000000, 9.199999999999999289, -21.00000000000000000 ) ) ;
#9278 = VERTEX_POINT ( 'NONE', #8937 ) ;
#9279 = AXIS2_PLACEMENT_3D ( 'NONE', #4308, #10462, #4188 ) ;
#9280 = CARTESIAN_POINT ( 'NONE',  ( 4.000000000000000000, 9.199999999999999289, -20.00000000000000355 ) ) ;
#9281 = ORIENTED_EDGE ( 'NONE', *, *, #2120, .F. ) ;
#9282 = DIRECTION ( 'NONE',  ( 0.000000000000000000, 0.000000000000000000, -1.000000000000000000 ) ) ;
#9283 = DIRECTION ( 'NONE',  ( -1.000000000000000000, 0.000000000000000000, 0.000000000000000000 ) ) ;
#9284 = ORIENTED_EDGE ( 'NONE', *, *, #10608, .T. ) ;
#9285 =( LENGTH_UNIT ( ) NAMED_UNIT ( * ) SI_UNIT ( .MILLI., .METRE. ) );
#9286 = CARTESIAN_POINT ( 'NONE',  ( -2.000000000000000000, 0.3931374000439456506, -1.582763861186367027 ) ) ;
#9287 = DIRECTION ( 'NONE',  ( 0.000000000000000000, 0.000000000000000000, 1.000000000000000000 ) ) ;
#9288 = LINE ( 'NONE', #1148, #5010 ) ;
#9289 = DIRECTION ( 'NONE',  ( 0.000000000000000000, 0.000000000000000000, 1.000000000000000000 ) ) ;
#9290 = FACE_OUTER_BOUND ( 'NONE', #9769, .T. ) ;
#9291 = ORIENTED_EDGE ( 'NONE', *, *, #5244, .F. ) ;
#9292 = LINE ( 'NONE', #2830, #6055 ) ;
#9293 = CONICAL_SURFACE ( 'NONE', #10425, 2.000000000000000000, 1.047197551196596299 ) ;
#9294 = EDGE_CURVE ( 'NONE', #3604, #10362, #92, .T. ) ;
#9295 = VERTEX_POINT ( 'NONE', #27 ) ;
#9296 = CARTESIAN_POINT ( 'NONE',  ( -0.7263287850284133595, -0.2227272727272733011, -0.7092725651034398338 ) ) ;
#9297 = EDGE_CURVE ( 'NONE', #9673, #932, #6282, .T. ) ;
#9298 = B_SPLINE_CURVE_WITH_KNOTS ( 'NONE', 3,
 ( #1280, #4140, #8700, #10356, #11369, #9354 ),
 .UNSPECIFIED., .F., .F.,
 ( 4, 2, 4 ),
 ( 0.001168606431211104352, 0.001750609284260045383, 0.002332612137308986630 ),
 .UNSPECIFIED. ) ;
#9299 = ORIENTED_EDGE ( 'NONE', *, *, #2189, .T. ) ;
#9300 = DIRECTION ( 'NONE',  ( 0.000000000000000000, 0.000000000000000000, -1.000000000000000000 ) ) ;
#9301 = EDGE_LOOP ( 'NONE', ( #2007, #83, #10546, #8252 ) ) ;
#9302 = EDGE_CURVE ( 'NONE', #1736, #2363, #7124, .T. ) ;
#9303 = ADVANCED_FACE ( 'NONE', ( #3608 ), #8250, .T. ) ;
#9304 = CARTESIAN_POINT ( 'NONE',  ( 3.000000000000000000, 0.000000000000000000, 0.5000000000000000000 ) ) ;
#9305 = VECTOR ( 'NONE', #3852, 1000.000000000000000 ) ;
#9306 = FACE_OUTER_BOUND ( 'NONE', #11536, .T. ) ;
#9307 = DIRECTION ( 'NONE',  ( 1.000000000000000000, 0.000000000000000000, 0.000000000000000000 ) ) ;
#9308 = CARTESIAN_POINT ( 'NONE',  ( 1.224646799147353207E-16, 1.000000000000000444, -3.469518839163146406 ) ) ;
#9309 = CARTESIAN_POINT ( 'NONE',  ( 0.000000000000000000, 2.449293598294706414E-16, -2.000000000000000000 ) ) ;
#9310 = ORIENTED_EDGE ( 'NONE', *, *, #523, .F. ) ;
#9311 = CARTESIAN_POINT ( 'NONE',  ( -2.000000000000000000, -0.7745510564695443634, -1.521052330702031608 ) ) ;
#9312 = VERTEX_POINT ( 'NONE', #10776 ) ;
#9313 = FACE_BOUND ( 'NONE', #3157, .T. ) ;
#9314 = VECTOR ( 'NONE', #347, 1000.000000000000114 ) ;
#9315 = ORIENTED_EDGE ( 'NONE', *, *, #7261, .F. ) ;
#9316 = ORIENTED_EDGE ( 'NONE', *, *, #1151, .T. ) ;
#9317 = ADVANCED_FACE ( 'NONE', ( #1764 ), #148, .F. ) ;
#9318 = ADVANCED_FACE ( 'NONE', ( #10003 ), #868, .T. ) ;
#9319 = CARTESIAN_POINT ( 'NONE',  ( -0.1957081692030781805, 0.6653345985147054442, -0.7495475072762702862 ) ) ;
#9320 = B_SPLINE_CURVE_WITH_KNOTS ( 'NONE', 3,
 ( #6369, #8969, #61, #8194, #7147, #1687, #10688, #3586, #7194, #2574 ),
 .UNSPECIFIED., .F., .F.,
 ( 4, 2, 2, 2, 4 ),
 ( 2.307468050646352600E-07, 0.0001314299896011972301, 0.0002626292323973297965, 0.0003938284751934623628, 0.0005250277179895950375 ),
 .UNSPECIFIED. ) ;
#9321 = CARTESIAN_POINT ( 'NONE',  ( -1.000000000000000888, 1.732050807568876749, 0.000000000000000000 ) ) ;
#9322 = DIRECTION ( 'NONE',  ( 1.000000000000000000, 0.000000000000000000, 0.000000000000000000 ) ) ;
#9323 = DIRECTION ( 'NONE',  ( 0.000000000000000000, 1.000000000000000000, 0.000000000000000000 ) ) ;
#9324 = VERTEX_POINT ( 'NONE', #5499 ) ;
#9325 = DIRECTION ( 'NONE',  ( -1.126735949052869914E-15, 0.000000000000000000, -1.000000000000000000 ) ) ;
#9326 = ORIENTED_EDGE ( 'NONE', *, *, #6543, .F. ) ;
#9327 = CIRCLE ( 'NONE', #10841, 2.499999999999998668 ) ;
#9328 = CONTEXT_DEPENDENT_SHAPE_REPRESENTATION ( #3997, #6843 ) ;
#9329 = EDGE_CURVE ( 'NONE', #2549, #2318, #9110, .T. ) ;
#9330 = CARTESIAN_POINT ( 'NONE',  ( 0.000000000000000000, 4.738805170303855086E-16, -3.869518839163146762 ) ) ;
#9331 = CARTESIAN_POINT ( 'NONE',  ( 1.339247740005896636, 1.536186033554500785, -0.01710519872702162547 ) ) ;
#9332 = DIRECTION ( 'NONE',  ( 0.8660254037844381525, 0.000000000000000000, -0.5000000000000008882 ) ) ;
#9333 = DIRECTION ( 'NONE',  ( 1.000000000000000000, 0.000000000000000000, 0.000000000000000000 ) ) ;
#9334 = CIRCLE ( 'NONE', #3279, 0.5000000000000000000 ) ;
#9335 = CARTESIAN_POINT ( 'NONE',  ( 0.3277177810063109376, -2.120193127676285538, -0.07933779981236312173 ) ) ;
#9336 = ORIENTED_EDGE ( 'NONE', *, *, #1474, .T. ) ;
#9337 = CLOSED_SHELL ( 'NONE', ( #8297, #7763, #8810, #1086, #11035, #8932, #7253, #6254, #11655, #9607, #3363, #4734, #11367, #2502, #3261, #1985, #2272, #10454, #3066, #1451, #1167, #3589, #3219, #3300, #8447, #5757, #1686, #3990, #6961, #464, #1787, #7881, #9665, #589, #7349, #2337, #7202, #2793, #5210, #10246, #10676 ) ) ;
#9338 = CARTESIAN_POINT ( 'NONE',  ( 0.000000000000000000, 7.500000000000000000, -6.116139535669825378 ) ) ;
#9339 = ORIENTED_EDGE ( 'NONE', *, *, #4598, .F. ) ;
#9340 = VECTOR ( 'NONE', #6490, 999.9999999999998863 ) ;
#9341 = MECHANICAL_DESIGN_GEOMETRIC_PRESENTATION_REPRESENTATION (  '', ( #4236 ), #10861 ) ;
#9342 = CARTESIAN_POINT ( 'NONE',  ( 0.000000000000000000, 4.738805170303855086E-16, -2.669518839163146584 ) ) ;
#9343 = ORIENTED_EDGE ( 'NONE', *, *, #1827, .T. ) ;
#9344 = CARTESIAN_POINT ( 'NONE',  ( 0.000000000000000000, 0.000000000000000000, -0.2999999999999834466 ) ) ;
#9345 = DIRECTION ( 'NONE',  ( 0.000000000000000000, 0.000000000000000000, -1.000000000000000000 ) ) ;
#9346 = CLOSED_SHELL ( 'NONE', ( #1696, #327, #802, #4532, #8641, #6562, #6621, #1635, #7216 ) ) ;
#9347 = CARTESIAN_POINT ( 'NONE',  ( 1.500000000000000000, 9.199999999999999289, -18.50000000000000355 ) ) ;
#9348 = CARTESIAN_POINT ( 'NONE',  ( -1.000000000000001776, -1.732050807568876527, 0.000000000000000000 ) ) ;
#9349 = FACE_OUTER_BOUND ( 'NONE', #1688, .T. ) ;
#9350 = ADVANCED_FACE ( 'NONE', ( #5621 ), #2000, .F. ) ;
#9351 = CIRCLE ( 'NONE', #3860, 2.500000000000002220 ) ;
#9352 = VECTOR ( 'NONE', #3260, 1000.000000000000227 ) ;
#9353 = ORIENTED_EDGE ( 'NONE', *, *, #6480, .F. ) ;
#9354 = CARTESIAN_POINT ( 'NONE',  ( -2.000000000000000000, -1.154700538379254349, -1.421367205045916737 ) ) ;
#9355 = ORIENTED_EDGE ( 'NONE', *, *, #956, .T. ) ;
#9356 = CYLINDRICAL_SURFACE ( 'NONE', #10495, 3.999999999999996447 ) ;
#9357 = ORIENTED_EDGE ( 'NONE', *, *, #3234, .T. ) ;
#9358 = CARTESIAN_POINT ( 'NONE',  ( 0.000000000000000000, -0.9999999999999995559, -2.269518839163146673 ) ) ;
#9359 = ORIENTED_EDGE ( 'NONE', *, *, #10158, .F. ) ;
#9360 = SHAPE_REPRESENTATION_RELATIONSHIP ( 'NONE' , 'NONE' ,  #10305, #8124 ) ;
#9361 = VECTOR ( 'NONE', #5988, 1000.000000000000000 ) ;
#9362 = CARTESIAN_POINT ( 'NONE',  ( -3.000000000000000000, 0.000000000000000000, 0.000000000000000000 ) ) ;
#9363 = AXIS2_PLACEMENT_3D ( 'NONE', #3610, #6451, #9055 ) ;
#9364 = UNCERTAINTY_MEASURE_WITH_UNIT (LENGTH_MEASURE( 1.000000000000000082E-05 ), #1091, 'distance_accuracy_value', 'NONE');
#9365 = EDGE_CURVE ( 'NONE', #7161, #1311, #6626, .T. ) ;
#9366 = EDGE_CURVE ( 'NONE', #5825, #525, #11064, .T. ) ;
#9367 = CARTESIAN_POINT ( 'NONE',  ( -2.000000000000000000, 0.9679918988505297195, -0.1247346533081140629 ) ) ;
#9368 = CARTESIAN_POINT ( 'NONE',  ( 2.099999999999999645, -4.001000000000000334, -0.4999999999999991673 ) ) ;
#9369 = ORIENTED_EDGE ( 'NONE', *, *, #5658, .T. ) ;
#9370 = VECTOR ( 'NONE', #4720, 1000.000000000000000 ) ;
#9371 = CARTESIAN_POINT ( 'NONE',  ( 1.000000000000000444, -1.732050807568876971, -1.600000000000000089 ) ) ;
#9372 = EDGE_CURVE ( 'NONE', #3927, #10488, #330, .T. ) ;
#9373 = ORIENTED_EDGE ( 'NONE', *, *, #2924, .F. ) ;
#9374 = CARTESIAN_POINT ( 'NONE',  ( 2.000000000000000000, 0.000000000000000000, -1.600000000000000089 ) ) ;
#9375 = ORIENTED_EDGE ( 'NONE', *, *, #11323, .F. ) ;
#9376 = VERTEX_POINT ( 'NONE', #6751 ) ;
#9377 =( NAMED_UNIT ( * ) PLANE_ANGLE_UNIT ( ) SI_UNIT ( $, .RADIAN. ) );
#9378 = CARTESIAN_POINT ( 'NONE',  ( 1.000000000000001998, 1.732050807568876083, 0.000000000000000000 ) ) ;
#9379 = AXIS2_PLACEMENT_3D ( 'NONE', #991, #4914, #3790 ) ;
#9380 = FACE_BOUND ( 'NONE', #6606, .T. ) ;
#9381 = EDGE_CURVE ( 'NONE', #9514, #159, #1334, .T. ) ;
#9382 = DIRECTION ( 'NONE',  ( -1.000000000000000000, -0.000000000000000000, -0.000000000000000000 ) ) ;
#9383 = DIRECTION ( 'NONE',  ( 1.000000000000000000, 0.000000000000000000, 0.000000000000000000 ) ) ;
#9384 = ORIENTED_EDGE ( 'NONE', *, *, #9399, .F. ) ;
#9385 = CARTESIAN_POINT ( 'NONE',  ( 5.499999999999998224, 0.000000000000000000, -19.59999999999989129 ) ) ;
#9386 = EDGE_CURVE ( 'NONE', #7677, #7071, #9759, .T. ) ;
#9387 = CIRCLE ( 'NONE', #8436, 3.499999999999999556 ) ;
#9388 = ADVANCED_FACE ( 'NONE', ( #4016 ), #2881, .T. ) ;
#9389 = VECTOR ( 'NONE', #8990, 1000.000000000000000 ) ;
#9390 = PRODUCT ( 'hex nut style 1 gradeab_iso_ISO - 4032 - M2 - D - N', 'hex nut style 1 gradeab_iso_ISO - 4032 - M2 - D - N', '', ( #1918 ) ) ;
#9391 = EDGE_LOOP ( 'NONE', ( #898, #9168 ) ) ;
#9392 = DIRECTION ( 'NONE',  ( 0.000000000000000000, -1.000000000000000000, -2.168404344971008868E-16 ) ) ;
#9393 = CARTESIAN_POINT ( 'NONE',  ( 4.099999999999999645, 0.000000000000000000, -0.3999999999999968026 ) ) ;
#9394 = CIRCLE ( 'NONE', #485, 4.000000000000000000 ) ;
#9395 = ORIENTED_EDGE ( 'NONE', *, *, #606, .T. ) ;
#9396 = CARTESIAN_POINT ( 'NONE',  ( 3.581183789785735176E-16, 2.309401076758504701, -1.600000000000000089 ) ) ;
#9397 = CARTESIAN_POINT ( 'NONE',  ( -1.672828002720946339, 1.343593379079620398, -0.06957546252590333935 ) ) ;
#9398 = LINE ( 'NONE', #6613, #11517 ) ;
#9399 = EDGE_CURVE ( 'NONE', #10983, #6876, #3832, .T. ) ;
#9400 = ORIENTED_EDGE ( 'NONE', *, *, #11116, .T. ) ;
#9401 = CARTESIAN_POINT ( 'NONE',  ( 0.6741663890421899508, 0.1633708306314064773, -0.7494526691008496222 ) ) ;
#9402 = ORIENTED_EDGE ( 'NONE', *, *, #8984, .T. ) ;
#9403 = CARTESIAN_POINT ( 'NONE',  ( 1.000000000000000444, 1.224646799147353947E-16, 0.000000000000000000 ) ) ;
#9404 = EDGE_LOOP ( 'NONE', ( #3619, #7417, #5855, #9751 ) ) ;
#9405 =( LENGTH_UNIT ( ) NAMED_UNIT ( * ) SI_UNIT ( .MILLI., .METRE. ) );
#9406 = CYLINDRICAL_SURFACE ( 'NONE', #10337, 0.5000000000000000000 ) ;
#9407 = CARTESIAN_POINT ( 'NONE',  ( 2.099999999999999645, 4.001000000000000334, -0.4999999999999991673 ) ) ;
#9408 = CARTESIAN_POINT ( 'NONE',  ( 0.000000000000000000, 0.7740000000000005764, -3.600000000000000089 ) ) ;
#9409 = DIRECTION ( 'NONE',  ( 0.8660254037844392627, 0.000000000000000000, -0.4999999999999987232 ) ) ;
#9410 = CIRCLE ( 'NONE', #1650, 1.000000000000000000 ) ;
#9411 = EDGE_CURVE ( 'NONE', #9693, #9177, #6918, .T. ) ;
#9412 = ORIENTED_EDGE ( 'NONE', *, *, #7309, .T. ) ;
#9413 = CARTESIAN_POINT ( 'NONE',  ( -2.000000000000000000, -1.154700538379252794, -1.600000000000000089 ) ) ;
#9414 = ORIENTED_EDGE ( 'NONE', *, *, #6266, .T. ) ;
#9415 = CARTESIAN_POINT ( 'NONE',  ( 0.000000000000000000, 2.309401076758504701, -0.1786327949540832127 ) ) ;
#9416 = VERTEX_POINT ( 'NONE', #3130 ) ;
#9417 =( GEOMETRIC_REPRESENTATION_CONTEXT ( 3 ) GLOBAL_UNCERTAINTY_ASSIGNED_CONTEXT ( ( #10590 ) ) GLOBAL_UNIT_ASSIGNED_CONTEXT ( ( #10498, #1242, #5885 ) ) REPRESENTATION_CONTEXT ( 'NONE', 'WORKASPACE' ) );
#9418 = DIRECTION ( 'NONE',  ( 0.000000000000000000, -0.8660254037844420383, 0.4999999999999939493 ) ) ;
#9419 = AXIS2_PLACEMENT_3D ( 'NONE', #10858, #8085, #2683 ) ;
#9420 = ORIENTED_EDGE ( 'NONE', *, *, #9830, .F. ) ;
#9421 = EDGE_CURVE ( 'NONE', #9478, #4173, #7447, .T. ) ;
#9422 =( LENGTH_UNIT ( ) NAMED_UNIT ( * ) SI_UNIT ( .MILLI., .METRE. ) );
#9423 = DIRECTION ( 'NONE',  ( -0.000000000000000000, -1.000000000000000000, 0.000000000000000000 ) ) ;
#9424 = DIRECTION ( 'NONE',  ( -0.000000000000000000, -1.000000000000000000, -0.000000000000000000 ) ) ;
#9425 = LINE ( 'NONE', #4918, #9922 ) ;
#9426 = FACE_OUTER_BOUND ( 'NONE', #2083, .T. ) ;
#9427 = FACE_OUTER_BOUND ( 'NONE', #10199, .T. ) ;
#9428 = CARTESIAN_POINT ( 'NONE',  ( -3.129822080702421140E-16, -2.309401076758506477, -1.600000000000000089 ) ) ;
#9429 =( GEOMETRIC_REPRESENTATION_CONTEXT ( 3 ) GLOBAL_UNCERTAINTY_ASSIGNED_CONTEXT ( ( #9973 ) ) GLOBAL_UNIT_ASSIGNED_CONTEXT ( ( #10552, #8066, #10786 ) ) REPRESENTATION_CONTEXT ( 'NONE', 'WORKASPACE' ) );
#9430 = CIRCLE ( 'NONE', #2226, 1.400000000000014122 ) ;
#9431 = ORIENTED_EDGE ( 'NONE', *, *, #8303, .T. ) ;
#9432 = CARTESIAN_POINT ( 'NONE',  ( -0.7263287850284133595, -0.2227272727272733011, -0.7092725651034398338 ) ) ;
#9433 = ORIENTED_EDGE ( 'NONE', *, *, #6354, .T. ) ;
#9434 = VECTOR ( 'NONE', #7029, 999.9999999999998863 ) ;
#9435 = DIRECTION ( 'NONE',  ( 0.000000000000000000, 0.000000000000000000, 1.000000000000000000 ) ) ;
#9436 = ORIENTED_EDGE ( 'NONE', *, *, #3885, .F. ) ;
#9437 = ORIENTED_EDGE ( 'NONE', *, *, #6900, .F. ) ;
#9438 = EDGE_CURVE ( 'NONE', #3088, #5284, #6568, .T. ) ;
#9439 = FACE_OUTER_BOUND ( 'NONE', #4113, .T. ) ;
#9440 = ORIENTED_EDGE ( 'NONE', *, *, #5929, .F. ) ;
#9441 = AXIS2_PLACEMENT_3D ( 'NONE', #2211, #1434, #11457 ) ;
#9442 = CARTESIAN_POINT ( 'NONE',  ( -2.000000000000000000, 1.154700538379251240, -0.1786327949540822413 ) ) ;
#9443 = FACE_OUTER_BOUND ( 'NONE', #2311, .T. ) ;
#9444 = ORIENTED_EDGE ( 'NONE', *, *, #7578, .F. ) ;
#9445 = DIRECTION ( 'NONE',  ( -0.000000000000000000, 1.224649721909276639E-16, -1.000000000000000000 ) ) ;
#9446 = CARTESIAN_POINT ( 'NONE',  ( 0.9000000000000000222, 0.000000000000000000, 0.000000000000000000 ) ) ;
#9447 = ADVANCED_FACE ( 'NONE', ( #447 ), #10352, .F. ) ;
#9448 = AXIS2_PLACEMENT_3D ( 'NONE', #3559, #7890, #10834 ) ;
#9449 = EDGE_CURVE ( 'NONE', #8717, #1003, #1797, .T. ) ;
#9450 = ORIENTED_EDGE ( 'NONE', *, *, #3926, .F. ) ;
#9451 = CONTEXT_DEPENDENT_SHAPE_REPRESENTATION ( #2328, #4740 ) ;
#9452 = EDGE_CURVE ( 'NONE', #7993, #9042, #1413, .T. ) ;
#9453 = DIRECTION ( 'NONE',  ( -0.000000000000000000, 1.224649721909276639E-16, -1.000000000000000000 ) ) ;
#9454 =( REPRESENTATION_RELATIONSHIP ('NONE','NONE', #9860, #957 ) REPRESENTATION_RELATIONSHIP_WITH_TRANSFORMATION ( #5234 )SHAPE_REPRESENTATION_RELATIONSHIP( ) );
#9455 = EDGE_CURVE ( 'NONE', #7232, #9547, #9288, .T. ) ;
#9456 = CARTESIAN_POINT ( 'NONE',  ( -2.000000000000000000, 0.7788341705667923831, -1.520151717152269599 ) ) ;
#9457 = ORIENTED_EDGE ( 'NONE', *, *, #11050, .T. ) ;
#9458 = LINE ( 'NONE', #1317, #5058 ) ;
#9459 = CARTESIAN_POINT ( 'NONE',  ( 1.950000000000000400, 7.500000000000000888, -2.116139535669824934 ) ) ;
#9460 = CONICAL_SURFACE ( 'NONE', #2819, 1.099999999999998757, 1.029744258676652313 ) ;
#9461 = FACE_OUTER_BOUND ( 'NONE', #8803, .T. ) ;
#9462 = ORIENTED_EDGE ( 'NONE', *, *, #7946, .F. ) ;
#9463 = CARTESIAN_POINT ( 'NONE',  ( 0.000000000000000000, 4.738805170303855086E-16, -1.469518839163146406 ) ) ;
#9464 = SHAPE_REPRESENTATION ( 'Rolamento', ( #4873 ), #8479 ) ;
#9465 = ORIENTED_EDGE ( 'NONE', *, *, #5893, .F. ) ;
#9466 = CARTESIAN_POINT ( 'NONE',  ( 3.499999999999999556, 17.00000000000000000, -8.732195743157015855 ) ) ;
#9467 = ORIENTED_EDGE ( 'NONE', *, *, #11561, .F. ) ;
#9468 = FILL_AREA_STYLE_COLOUR ( '', #179 ) ;
#9469 = DIRECTION ( 'NONE',  ( -1.000000000000000000, 0.000000000000000000, 0.000000000000000000 ) ) ;
#9470 = EDGE_CURVE ( 'NONE', #3352, #10014, #3008, .T. ) ;
#9471 = FACE_OUTER_BOUND ( 'NONE', #5150, .T. ) ;
#9472 = PRODUCT_DEFINITION_CONTEXT ( 'detailed design', #2406, 'design' ) ;
#9473 = CARTESIAN_POINT ( 'NONE',  ( 3.500000000000000000, 23.00000000000000000, -24.00000000000000000 ) ) ;
#9474 = CARTESIAN_POINT ( 'NONE',  ( 0.6302730391908609731, -1.998312315407484031E-13, -0.7870467931649066662 ) ) ;
#9475 = STYLED_ITEM ( 'NONE', ( #10171 ), #320 ) ;
#9476 = EDGE_LOOP ( 'NONE', ( #3985, #5837, #3281, #9444 ) ) ;
#9477 = LINE ( 'NONE', #9537, #6133 ) ;
#9478 = VERTEX_POINT ( 'NONE', #5731 ) ;
#9479 = FACE_BOUND ( 'NONE', #9804, .T. ) ;
#9480 = ORIENTED_EDGE ( 'NONE', *, *, #396, .T. ) ;
#9481 = CARTESIAN_POINT ( 'NONE',  ( 1.339247740005896636, 1.536186033554500785, -0.01710519872702162547 ) ) ;
#9482 = ORIENTED_EDGE ( 'NONE', *, *, #9519, .T. ) ;
#9483 = PRODUCT_DEFINITION_FORMATION_WITH_SPECIFIED_SOURCE ( 'ANY', '', #5997, .NOT_KNOWN. ) ;
#9484 = DIRECTION ( 'NONE',  ( 0.000000000000000000, 0.000000000000000000, 1.000000000000000000 ) ) ;
#9485 = PRODUCT_DEFINITION ( 'UNKNOWN', '', #183, #4735 ) ;
#9486 = CARTESIAN_POINT ( 'NONE',  ( 5.500000000000002665, 0.8999999999999995781, -23.30940107675840878 ) ) ;
#9487 = EDGE_CURVE ( 'NONE', #4678, #11703, #4842, .T. ) ;
#9488 = CARTESIAN_POINT ( 'NONE',  ( 1.000000000000000444, -1.732050807568876971, -1.600000000000000089 ) ) ;
#9489 = CARTESIAN_POINT ( 'NONE',  ( 0.6592570625839772047, 1.928778834210482351, 1.192706214622512997E-15 ) ) ;
#9490 = AXIS2_PLACEMENT_3D ( 'NONE', #8899, #7958, #6125 ) ;
#9491 = CARTESIAN_POINT ( 'NONE',  ( 2.099999999999999645, 2.821690854684141936, -0.4999999999999991673 ) ) ;
#9492 = DIRECTION ( 'NONE',  ( 0.000000000000000000, 0.000000000000000000, -1.000000000000000000 ) ) ;
#9493 = EDGE_LOOP ( 'NONE', ( #11222, #8908, #11653, #8114, #7852 ) ) ;
#9494 = CARTESIAN_POINT ( 'NONE',  ( -1.340742937416024905, 1.535322780927271813, 8.545038780570239278E-16 ) ) ;
#9495 = EDGE_LOOP ( 'NONE', ( #6959, #2532, #6949 ) ) ;
#9496 = CARTESIAN_POINT ( 'NONE',  ( 0.3277177810063108265, -2.120193127676285982, -1.520662200187636870 ) ) ;
#9497 = ORIENTED_EDGE ( 'NONE', *, *, #3510, .T. ) ;
#9498 = ORIENTED_EDGE ( 'NONE', *, *, #8193, .F. ) ;
#9499 = CIRCLE ( 'NONE', #7978, 3.000000000000000444 ) ;
#9500 = SURFACE_SIDE_STYLE ('',( #3093 ) ) ;
#9501 = CARTESIAN_POINT ( 'NONE',  ( -3.129822080702421140E-16, -2.309401076758506477, -1.600000000000000089 ) ) ;
#9502 = DIRECTION ( 'NONE',  ( -1.000000000000000000, 0.000000000000000000, 0.000000000000000000 ) ) ;
#9503 = DIRECTION ( 'NONE',  ( 1.000000000000000000, 0.000000000000000000, 0.000000000000000000 ) ) ;
#9504 = LINE ( 'NONE', #5105, #4057 ) ;
#9505 = VERTEX_POINT ( 'NONE', #7570 ) ;
#9506 = ADVANCED_FACE ( 'NONE', ( #5801 ), #1015, .T. ) ;
#9507 = DIRECTION ( 'NONE',  ( 0.000000000000000000, 0.000000000000000000, 1.000000000000000000 ) ) ;
#9508 = AXIS2_PLACEMENT_3D ( 'NONE', #7367, #1230, #1008 ) ;
#9509 = CARTESIAN_POINT ( 'NONE',  ( -2.000000000000000000, -0.8000000000000194733, -22.09999999999990550 ) ) ;
#9510 = FACE_BOUND ( 'NONE', #10009, .T. ) ;
#9511 = ORIENTED_EDGE ( 'NONE', *, *, #8516, .F. ) ;
#9512 = CARTESIAN_POINT ( 'NONE',  ( 0.000000000000000000, 0.000000000000000000, -1.199999999999999956 ) ) ;
#9513 = CARTESIAN_POINT ( 'NONE',  ( -2.000000000000000000, 0.1952413320394012219, -1.600000000000000089 ) ) ;
#9514 = VERTEX_POINT ( 'NONE', #9702 ) ;
#9515 = DIRECTION ( 'NONE',  ( 0.000000000000000000, 0.000000000000000000, -1.000000000000000000 ) ) ;
#9516 = PLANE ( 'NONE',  #3469 ) ;
#9517 = EDGE_CURVE ( 'NONE', #8312, #6516, #6156, .T. ) ;
#9518 = EDGE_CURVE ( 'NONE', #3074, #9547, #10410, .T. ) ;
#9519 = EDGE_CURVE ( 'NONE', #1125, #3718, #4820, .T. ) ;
#9520 = FACE_OUTER_BOUND ( 'NONE', #8663, .T. ) ;
#9521 = ORIENTED_EDGE ( 'NONE', *, *, #9302, .T. ) ;
#9522 = EDGE_CURVE ( 'NONE', #6748, #10972, #6094, .T. ) ;
#9523 = CARTESIAN_POINT ( 'NONE',  ( 0.000000000000000000, 17.00000000000000000, -3.232195743157015411 ) ) ;
#9524 = VERTEX_POINT ( 'NONE', #5194 ) ;
#9525 = APPLICATION_CONTEXT ( 'automotive_design' ) ;
#9526 = FACE_OUTER_BOUND ( 'NONE', #2605, .T. ) ;
#9527 = VERTEX_POINT ( 'NONE', #2524 ) ;
#9528 = DIRECTION ( 'NONE',  ( 0.000000000000000000, 0.5743818160767184544, -0.8185875208921834512 ) ) ;
#9529 = AXIS2_PLACEMENT_3D ( 'NONE', #2357, #3013, #9599 ) ;
#9530 = DIRECTION ( 'NONE',  ( 0.8660254037844383745, 0.5000000000000005551, 0.000000000000000000 ) ) ;
#9531 = LINE ( 'NONE', #6811, #1399 ) ;
#9532 = DIRECTION ( 'NONE',  ( 1.000000000000000000, 0.000000000000000000, 0.000000000000000000 ) ) ;
#9533 = DIRECTION ( 'NONE',  ( 0.000000000000000000, 1.000000000000000000, 0.000000000000000000 ) ) ;
#9534 = EDGE_CURVE ( 'NONE', #4099, #6757, #8045, .T. ) ;
#9535 = AXIS2_PLACEMENT_3D ( 'NONE', #6263, #2692, #3538 ) ;
#9536 = ORIENTED_EDGE ( 'NONE', *, *, #1088, .F. ) ;
#9537 = CARTESIAN_POINT ( 'NONE',  ( 14.81370849898476116, 17.00000000000000000, -12.73219574315701763 ) ) ;
#9538 = VECTOR ( 'NONE', #4894, 1000.000000000000000 ) ;
#9539 = EDGE_CURVE ( 'NONE', #6516, #5939, #683, .T. ) ;
#9540 = AXIS2_PLACEMENT_3D ( 'NONE', #684, #2414, #619 ) ;
#9541 = ORIENTED_EDGE ( 'NONE', *, *, #8930, .T. ) ;
#9542 = VECTOR ( 'NONE', #10617, 1000.000000000000000 ) ;
#9543 = EDGE_CURVE ( 'NONE', #5284, #10992, #618, .T. ) ;
#9544 = DIRECTION ( 'NONE',  ( -1.000000000000000000, 0.000000000000000000, 0.000000000000000000 ) ) ;
#9545 = ORIENTED_EDGE ( 'NONE', *, *, #6289, .T. ) ;
#9546 = CARTESIAN_POINT ( 'NONE',  ( -1.000000000000001776, -1.732050807568876527, 0.000000000000000000 ) ) ;
#9547 = VERTEX_POINT ( 'NONE', #3415 ) ;
#9548 = AXIS2_PLACEMENT_3D ( 'NONE', #3163, #2598, #8825 ) ;
#9549 = CARTESIAN_POINT ( 'NONE',  ( 0.3961041568211383646, -0.5105416457795518559, -0.7780255052810357563 ) ) ;
#9550 = AXIS2_PLACEMENT_3D ( 'NONE', #2820, #8335, #1438 ) ;
#9551 = DIRECTION ( 'NONE',  ( -0.000000000000000000, -0.000000000000000000, -1.000000000000000000 ) ) ;
#9552 = CARTESIAN_POINT ( 'NONE',  ( 0.000000000000000000, 0.000000000000000000, -0.1291166393111913002 ) ) ;
#9553 = VECTOR ( 'NONE', #4171, 1000.000000000000000 ) ;
#9554 = COLOUR_RGB ( '',1.000000000000000000, 0.9490196078431372140, 0.9098039215686274384 ) ;
#9555 = CYLINDRICAL_SURFACE ( 'NONE', #6861, 1.099999999999998757 ) ;
#9556 = PLANE ( 'NONE',  #5135 ) ;
#9557 = ORIENTED_EDGE ( 'NONE', *, *, #6327, .F. ) ;
#9558 = CARTESIAN_POINT ( 'NONE',  ( -2.000000000000000000, 0.7788341705667901627, -0.07984828284772985119 ) ) ;
#9559 = AXIS2_PLACEMENT_3D ( 'NONE', #8340, #4604, #7445 ) ;
#9560 = ORIENTED_EDGE ( 'NONE', *, *, #5333, .T. ) ;
#9561 = EDGE_CURVE ( 'NONE', #11219, #610, #5399, .T. ) ;
#9562 = CARTESIAN_POINT ( 'NONE',  ( -0.1702769162167621364, 0.7403828156981309139, 0.000000000000000000 ) ) ;
#9563 = VECTOR ( 'NONE', #5113, 1000.000000000000000 ) ;
#9564 = EDGE_LOOP ( 'NONE', ( #528, #8336, #44, #4640 ) ) ;
#9565 = AXIS2_PLACEMENT_3D ( 'NONE', #6053, #3555, #700 ) ;
#9566 = ORIENTED_EDGE ( 'NONE', *, *, #7362, .T. ) ;
#9567 = DIRECTION ( 'NONE',  ( 0.000000000000000000, -0.000000000000000000, 1.000000000000000000 ) ) ;
#9568 = AXIS2_PLACEMENT_3D ( 'NONE', #8637, #8813, #6870 ) ;
#9569 = DIRECTION ( 'NONE',  ( 0.000000000000000000, 1.000000000000000000, 0.000000000000000000 ) ) ;
#9570 = DIRECTION ( 'NONE',  ( -0.000000000000000000, -0.000000000000000000, -1.000000000000000000 ) ) ;
#9571 = VERTEX_POINT ( 'NONE', #6812 ) ;
#9572 = CARTESIAN_POINT ( 'NONE',  ( -2.000000000000001776, -1.084202172485504434E-16, -4.399999999999905320 ) ) ;
#9573 = ADVANCED_FACE ( 'NONE', ( #7040 ), #10638, .F. ) ;
#9574 = CARTESIAN_POINT ( 'NONE',  ( 0.9526279441628809908, 0.5499999999999998224, -3.299999999999984279 ) ) ;
#9575 = AXIS2_PLACEMENT_3D ( 'NONE', #10667, #8668, #10437 ) ;
#9576 = DIRECTION ( 'NONE',  ( -1.000000000000000000, 0.000000000000000000, 0.000000000000000000 ) ) ;
#9577 = ORIENTED_EDGE ( 'NONE', *, *, #9744, .T. ) ;
#9578 = ADVANCED_FACE ( 'NONE', ( #5981 ), #842, .T. ) ;
#9579 = DIRECTION ( 'NONE',  ( 1.000000000000000000, -0.000000000000000000, -0.000000000000000000 ) ) ;
#9580 = CARTESIAN_POINT ( 'NONE',  ( -0.9526279441628807687, 0.5500000000000003775, -3.300000000000018918 ) ) ;
#9581 = ORIENTED_EDGE ( 'NONE', *, *, #7393, .F. ) ;
#9582 = DIRECTION ( 'NONE',  ( -0.8660254037844380415, 0.000000000000000000, 0.5000000000000009992 ) ) ;
#9583 = DIRECTION ( 'NONE',  ( 8.659560562354932858E-17, -0.7071067811865474617, 0.7071067811865474617 ) ) ;
#9584 = VECTOR ( 'NONE', #5689, 1000.000000000000000 ) ;
#9585 = DIRECTION ( 'NONE',  ( 1.000000000000000000, 0.000000000000000000, 0.000000000000000000 ) ) ;
#9586 = ORIENTED_EDGE ( 'NONE', *, *, #3508, .T. ) ;
#9587 = ORIENTED_EDGE ( 'NONE', *, *, #11624, .F. ) ;
#9588 = EDGE_CURVE ( 'NONE', #7365, #1939, #742, .T. ) ;
#9589 = CIRCLE ( 'NONE', #4287, 1.000000000000000000 ) ;
#9590 = EDGE_LOOP ( 'NONE', ( #11449, #694, #1433, #1241, #722 ) ) ;
#9591 = PRODUCT_DEFINITION_SHAPE ( 'NONE', 'NONE',  #4048 ) ;
#9592 = DIRECTION ( 'NONE',  ( 0.000000000000000000, 0.000000000000000000, 1.000000000000000000 ) ) ;
#9593 = DIRECTION ( 'NONE',  ( -0.000000000000000000, 0.000000000000000000, -1.000000000000000000 ) ) ;
#9594 = CARTESIAN_POINT ( 'NONE',  ( -5.000000000000000000, 2.500000000000000000, -3.000000000000000000 ) ) ;
#9595 = FACE_OUTER_BOUND ( 'NONE', #4656, .T. ) ;
#9596 = CARTESIAN_POINT ( 'NONE',  ( 0.000000000000000000, 4.898598887637106556E-16, -1.599999999999999867 ) ) ;
#9597 = ORIENTED_EDGE ( 'NONE', *, *, #4514, .T. ) ;
#9598 = AXIS2_PLACEMENT_3D ( 'NONE', #7139, #2898, #4621 ) ;
#9599 = DIRECTION ( 'NONE',  ( 0.000000000000000000, 0.000000000000000000, 1.000000000000000000 ) ) ;
#9600 = VERTEX_POINT ( 'NONE', #1400 ) ;
#9601 = CARTESIAN_POINT ( 'NONE',  ( -0.9365230391922001463, 0.000000000000000000, 0.000000000000000000 ) ) ;
#9602 = EDGE_LOOP ( 'NONE', ( #9281, #5992, #8529, #3841 ) ) ;
#9603 = ADVANCED_FACE ( 'NONE', ( #7694 ), #11452, .T. ) ;
#9604 = CARTESIAN_POINT ( 'NONE',  ( 5.500000000000001776, -0.8000000000000211386, -5.199999999999893596 ) ) ;
#9605 = EDGE_CURVE ( 'NONE', #610, #9312, #6346, .T. ) ;
#9606 = ORIENTED_EDGE ( 'NONE', *, *, #6339, .F. ) ;
#9607 = ADVANCED_FACE ( 'NONE', ( #9595 ), #5075, .T. ) ;
#9608 = AXIS2_PLACEMENT_3D ( 'NONE', #3314, #8704, #692 ) ;
#9609 = CARTESIAN_POINT ( 'NONE',  ( 0.000000000000000000, 4.738805170303855086E-16, -1.469518839163146406 ) ) ;
#9610 = EDGE_CURVE ( 'NONE', #6231, #10311, #2739, .T. ) ;
#9611 = DIRECTION ( 'NONE',  ( 0.000000000000000000, 1.000000000000000000, -0.000000000000000000 ) ) ;
#9612 = EDGE_CURVE ( 'NONE', #1989, #7122, #10581, .T. ) ;
#9613 = DIRECTION ( 'NONE',  ( -0.000000000000000000, 1.224649721909276639E-16, -1.000000000000000000 ) ) ;
#9614 = CARTESIAN_POINT ( 'NONE',  ( 1.723518695392517009E-16, 0.000000000000000000, -1.165753041649121524 ) ) ;
#9615 = ORIENTED_EDGE ( 'NONE', *, *, #6596, .F. ) ;
#9616 = DIRECTION ( 'NONE',  ( 0.000000000000000000, 0.000000000000000000, 1.000000000000000000 ) ) ;
#9617 = ORIENTED_EDGE ( 'NONE', *, *, #1785, .F. ) ;
#9618 = B_SPLINE_CURVE_WITH_KNOTS ( 'NONE', 3,
 ( #1812, #11718, #5371, #8923, #8979, #2642 ),
 .UNSPECIFIED., .F., .F.,
 ( 4, 2, 4 ),
 ( 0.001168606431211100015, 0.001750609284260043648, 0.002332612137308987497 ),
 .UNSPECIFIED. ) ;
#9619 = AXIS2_PLACEMENT_3D ( 'NONE', #8106, #3548, #9165 ) ;
#9620 = CARTESIAN_POINT ( 'NONE',  ( 4.000000000000000000, 9.199999999999999289, -18.50000000000000355 ) ) ;
#9621 = CIRCLE ( 'NONE', #8273, 1.899999999999999689 ) ;
#9622 = EDGE_LOOP ( 'NONE', ( #8168, #4802, #4895 ) ) ;
#9623 = ORIENTED_EDGE ( 'NONE', *, *, #10390, .T. ) ;
#9624 = CARTESIAN_POINT ( 'NONE',  ( 0.000000000000000000, 3.061616997868383141E-16, 2.500000000000000000 ) ) ;
#9625 =( GEOMETRIC_REPRESENTATION_CONTEXT ( 3 ) GLOBAL_UNCERTAINTY_ASSIGNED_CONTEXT ( ( #8821 ) ) GLOBAL_UNIT_ASSIGNED_CONTEXT ( ( #5947, #11389, #11275 ) ) REPRESENTATION_CONTEXT ( 'NONE', 'WORKASPACE' ) );
#9626 = EDGE_CURVE ( 'NONE', #11249, #9177, #7751, .T. ) ;
#9627 = CIRCLE ( 'NONE', #5456, 2.500000000000002220 ) ;
#9628 = CARTESIAN_POINT ( 'NONE',  ( -2.000000000000000000, -1.154700538379252794, -1.600000000000000089 ) ) ;
#9629 = FACE_OUTER_BOUND ( 'NONE', #9404, .T. ) ;
#9630 = VERTEX_POINT ( 'NONE', #3595 ) ;
#9631 = CARTESIAN_POINT ( 'NONE',  ( 0.000000000000000000, 4.738805170303855086E-16, -2.269518839163146673 ) ) ;
#9632 = DIRECTION ( 'NONE',  ( 0.000000000000000000, 0.000000000000000000, -1.000000000000000000 ) ) ;
#9633 = VECTOR ( 'NONE', #4731, 1000.000000000000000 ) ;
#9635 = VECTOR ( 'NONE', #1628, 1000.000000000000114 ) ;
#9634 = FACE_BOUND ( 'NONE', #7058, .T. ) ;
#9636 = ORIENTED_EDGE ( 'NONE', *, *, #9399, .T. ) ;
#9638 = B_SPLINE_CURVE_WITH_KNOTS ( 'NONE', 3,
 ( #560, #6924, #504, #7691, #4134, #4189, #1395, #3356, #2411, #6981 ),
 .UNSPECIFIED., .F., .F.,
 ( 4, 2, 2, 2, 4 ),
 ( -0.0002458240484173943984, -0.0001229754419029315047, -1.268353884686652770E-07, 0.0001227217711259942284, 0.0002455703776404570679 ),
 .UNSPECIFIED. ) ;
#9637 = CARTESIAN_POINT ( 'NONE',  ( -2.000000000000000000, 2.500000000000000000, -3.000000000000000000 ) ) ;
#9639 = CARTESIAN_POINT ( 'NONE',  ( 1.672282218993687231, 1.343908487461472401, -1.520662200187639090 ) ) ;
#9640 = ORIENTED_EDGE ( 'NONE', *, *, #394, .F. ) ;
#9641 = CARTESIAN_POINT ( 'NONE',  ( 0.000000000000000000, 0.000000000000000000, -1.600000000000000089 ) ) ;
#9642 = DIRECTION ( 'NONE',  ( 1.000000000000000000, 0.000000000000000000, 0.000000000000000000 ) ) ;
#9643 = CARTESIAN_POINT ( 'NONE',  ( -2.000000000000000000, -0.7745510564695443634, -1.521052330702031608 ) ) ;
#9644 = VERTEX_POINT ( 'NONE', #5487 ) ;
#9645 = ORIENTED_EDGE ( 'NONE', *, *, #11636, .T. ) ;
#9646 = CARTESIAN_POINT ( 'NONE',  ( -0.7263287850424601233, 0.2227272727405295860, -0.7092725651436193601 ) ) ;
#9647 = ORIENTED_EDGE ( 'NONE', *, *, #3687, .T. ) ;
#9648 = DIRECTION ( 'NONE',  ( 0.000000000000000000, -1.000000000000000000, 6.123233995736766036E-17 ) ) ;
#9649 = DIRECTION ( 'NONE',  ( -0.000000000000000000, -0.000000000000000000, 1.000000000000000000 ) ) ;
#9650 = AXIS2_PLACEMENT_3D ( 'NONE', #4449, #9893, #30 ) ;
#9651 = CARTESIAN_POINT ( 'NONE',  ( -2.000000000000000000, 0.000000000000000000, -6.000000000000000000 ) ) ;
#9652 = DIRECTION ( 'NONE',  ( 1.000000000000000000, 0.000000000000000000, 0.000000000000000000 ) ) ;
#9653 = CARTESIAN_POINT ( 'NONE',  ( 2.000000000000000000, 0.000000000000000000, 0.000000000000000000 ) ) ;
#9654 = EDGE_LOOP ( 'NONE', ( #2004, #2719, #7190, #4122 ) ) ;
#9655 = DIRECTION ( 'NONE',  ( 0.000000000000000000, 1.000000000000000000, 0.000000000000000000 ) ) ;
#9656 = ORIENTED_EDGE ( 'NONE', *, *, #2633, .T. ) ;
#9657 = CARTESIAN_POINT ( 'NONE',  ( -0.8156023289304824564, 1.111735790324597443E-16, -0.1291166393111913002 ) ) ;
#9658 = EDGE_LOOP ( 'NONE', ( #6468, #5024, #9087, #9687 ) ) ;
#9659 = CARTESIAN_POINT ( 'NONE',  ( 1.949999999999999956, 7.500000000000000000, -6.116139535669825378 ) ) ;
#9660 = ORIENTED_EDGE ( 'NONE', *, *, #3577, .T. ) ;
#9661 = CARTESIAN_POINT ( 'NONE',  ( 3.500000000000000000, 9.199999999999999289, -21.00000000000000355 ) ) ;
#9662 = MECHANICAL_DESIGN_GEOMETRIC_PRESENTATION_REPRESENTATION (  '', ( #9082 ), #10596 ) ;
#9663 = FILL_AREA_STYLE ('',( #10542 ) ) ;
#9664 = DIRECTION ( 'NONE',  ( -0.000000000000000000, -1.000000000000000000, -0.000000000000000000 ) ) ;
#9665 = ADVANCED_FACE ( 'NONE', ( #11662 ), #9933, .F. ) ;
#9666 = ADVANCED_FACE ( 'NONE', ( #9990 ), #10312, .T. ) ;
#9667 = EDGE_LOOP ( 'NONE', ( #2183, #11297 ) ) ;
#9668 = CARTESIAN_POINT ( 'NONE',  ( 0.5560518688116534713, 0.5176555429708578071, 0.000000000000000000 ) ) ;
#9669 = VERTEX_POINT ( 'NONE', #5432 ) ;
#9670 = CARTESIAN_POINT ( 'NONE',  ( -1.000000000000000888, 1.732050807568876749, 0.000000000000000000 ) ) ;
#9671 = PRESENTATION_LAYER_ASSIGNMENT (  '', '', ( #1900 ) ) ;
#9672 = EDGE_CURVE ( 'NONE', #4689, #5100, #3692, .T. ) ;
#9673 = VERTEX_POINT ( 'NONE', #3642 ) ;
#9674 = EDGE_CURVE ( 'NONE', #11212, #8915, #5312, .T. ) ;
#9675 = VERTEX_POINT ( 'NONE', #4484 ) ;
#9676 = DIRECTION ( 'NONE',  ( -1.000000000000000000, 0.000000000000000000, 0.000000000000000000 ) ) ;
#9677 = PLANE ( 'NONE',  #3172 ) ;
#9678 = EDGE_LOOP ( 'NONE', ( #9369, #8062 ) ) ;
#9679 = DIRECTION ( 'NONE',  ( -1.000000000000000000, -0.000000000000000000, -0.000000000000000000 ) ) ;
#9680 = ORIENTED_EDGE ( 'NONE', *, *, #4935, .T. ) ;
#9681 = FACE_OUTER_BOUND ( 'NONE', #8525, .T. ) ;
#9682 = DIRECTION ( 'NONE',  ( 0.000000000000000000, 1.000000000000000000, 2.168404344971008868E-16 ) ) ;
#9683 = VECTOR ( 'NONE', #6297, 1000.000000000000227 ) ;
#9684 = EDGE_CURVE ( 'NONE', #8483, #5268, #3940, .T. ) ;
#9685 = EDGE_CURVE ( 'NONE', #9228, #8875, #9618, .T. ) ;
#9686 = CYLINDRICAL_SURFACE ( 'NONE', #5961, 0.1749999999999999056 ) ;
#9687 = ORIENTED_EDGE ( 'NONE', *, *, #8427, .F. ) ;
#9688 = DIRECTION ( 'NONE',  ( 0.000000000000000000, 0.000000000000000000, 1.000000000000000000 ) ) ;
#9689 = FACE_OUTER_BOUND ( 'NONE', #10945, .T. ) ;
#9690 = VERTEX_POINT ( 'NONE', #8150 ) ;
#9691 = LINE ( 'NONE', #3286, #5624 ) ;
#9692 = LINE ( 'NONE', #2333, #11210 ) ;
#9693 = VERTEX_POINT ( 'NONE', #7207 ) ;
#9694 = DIRECTION ( 'NONE',  ( -1.000000000000000000, 0.000000000000000000, 0.000000000000000000 ) ) ;
#9695 = ORIENTED_EDGE ( 'NONE', *, *, #1973, .F. ) ;
#9696 = VECTOR ( 'NONE', #4096, 1000.000000000000000 ) ;
#9697 = EDGE_LOOP ( 'NONE', ( #9557, #5125, #7863, #4226 ) ) ;
#9698 = ORIENTED_EDGE ( 'NONE', *, *, #5719, .F. ) ;
#9699 = DIRECTION ( 'NONE',  ( 0.000000000000000000, -1.000000000000000000, 6.123233995736766036E-17 ) ) ;
#9700 = CARTESIAN_POINT ( 'NONE',  ( 2.000000000000000000, -0.7745510564695443634, -0.07894766929796886989 ) ) ;
#9701 = FACE_OUTER_BOUND ( 'NONE', #1828, .T. ) ;
#9702 = CARTESIAN_POINT ( 'NONE',  ( 0.000000000000000000, -2.971690854684141847, 0.8999999999999992450 ) ) ;
#9703 = SURFACE_STYLE_FILL_AREA ( #2584 ) ;
#9704 = ORIENTED_EDGE ( 'NONE', *, *, #9612, .F. ) ;
#9705 = CARTESIAN_POINT ( 'NONE',  ( 2.000000000000000000, 0.000000000000000000, 0.000000000000000000 ) ) ;
#9706 = ORIENTED_EDGE ( 'NONE', *, *, #4245, .T. ) ;
#9707 = EDGE_CURVE ( 'NONE', #1407, #2592, #8743, .T. ) ;
#9708 = CARTESIAN_POINT ( 'NONE',  ( 0.000000000000000000, 3.061616997868383141E-16, -2.500000000000000000 ) ) ;
#9709 = EDGE_LOOP ( 'NONE', ( #8197, #6634, #291, #181 ) ) ;
#9710 = DIRECTION ( 'NONE',  ( -0.000000000000000000, -0.000000000000000000, -1.000000000000000000 ) ) ;
#9711 = EDGE_LOOP ( 'NONE', ( #10997, #1426, #6933, #2392, #6710 ) ) ;
#9712 = DIRECTION ( 'NONE',  ( -1.000000000000000000, -0.000000000000000000, -0.000000000000000000 ) ) ;
#9713 = CARTESIAN_POINT ( 'NONE',  ( 0.000000000000000000, 2.309401076758504701, 0.000000000000000000 ) ) ;
#9714 = EDGE_CURVE ( 'NONE', #689, #707, #8235, .T. ) ;
#9715 = CIRCLE ( 'NONE', #1763, 1.999999999999999556 ) ;
#9716 = DIRECTION ( 'NONE',  ( 0.000000000000000000, 0.000000000000000000, -1.000000000000000000 ) ) ;
#9717 = SURFACE_STYLE_USAGE ( .BOTH. , #1713 ) ;
#9718 = FACE_OUTER_BOUND ( 'NONE', #9654, .T. ) ;
#9719 = AXIS2_PLACEMENT_3D ( 'NONE', #9880, #4321, #801 ) ;
#9720 = VECTOR ( 'NONE', #1749, 1000.000000000000000 ) ;
#9721 = CIRCLE ( 'NONE', #804, 5.500000000000000000 ) ;
#9722 = ORIENTED_EDGE ( 'NONE', *, *, #9018, .F. ) ;
#9723 = FACE_BOUND ( 'NONE', #5262, .T. ) ;
#9724 = EDGE_LOOP ( 'NONE', ( #6364, #1864 ) ) ;
#9725 = PLANE ( 'NONE',  #5186 ) ;
#9726 = ORIENTED_EDGE ( 'NONE', *, *, #1606, .F. ) ;
#9727 = EDGE_LOOP ( 'NONE', ( #4659, #5182, #8830, #10122 ) ) ;
#9728 = AXIS2_PLACEMENT_3D ( 'NONE', #690, #7213, #5319 ) ;
#9729 = SURFACE_STYLE_USAGE ( .BOTH. , #10606 ) ;
#9730 = VECTOR ( 'NONE', #6081, 1000.000000000000000 ) ;
#9731 = ADVANCED_FACE ( 'NONE', ( #6434 ), #1255, .F. ) ;
#9732 = CARTESIAN_POINT ( 'NONE',  ( 5.500000000000001776, -0.8000000000000194733, -1.899999999999893108 ) ) ;
#9733 = DIRECTION ( 'NONE',  ( 0.000000000000000000, 0.000000000000000000, 1.000000000000000000 ) ) ;
#9734 = B_SPLINE_CURVE_WITH_KNOTS ( 'NONE', 3,
 ( #772, #7956, #8840, #4399, #8011, #651 ),
 .UNSPECIFIED., .F., .F.,
 ( 4, 2, 4 ),
 ( 0.001168606431211103485, 0.001750609284260044515, 0.002332612137308985329 ),
 .UNSPECIFIED. ) ;
#9735 = AXIS2_PLACEMENT_3D ( 'NONE', #10381, #11280, #2655 ) ;
#9736 = DIRECTION ( 'NONE',  ( -1.000000000000000000, -8.881784197001252323E-16, 0.000000000000000000 ) ) ;
#9737 = DIRECTION ( 'NONE',  ( 0.000000000000000000, 0.000000000000000000, -1.000000000000000000 ) ) ;
#9738 = ORIENTED_EDGE ( 'NONE', *, *, #1029, .F. ) ;
#9739 = CARTESIAN_POINT ( 'NONE',  ( 0.000000000000000000, 0.000000000000000000, 0.000000000000000000 ) ) ;
#9740 = AXIS2_PLACEMENT_3D ( 'NONE', #5050, #3273, #6898 ) ;
#9741 = CIRCLE ( 'NONE', #637, 1.000000000000000000 ) ;
#9742 = CARTESIAN_POINT ( 'NONE',  ( 2.000000000000000000, 1.154700538379254349, -0.1786327949540832127 ) ) ;
#9743 = CIRCLE ( 'NONE', #5766, 0.7740000000000000213 ) ;
#9744 = EDGE_CURVE ( 'NONE', #6564, #5763, #9978, .T. ) ;
#9745 = LINE ( 'NONE', #7963, #4999 ) ;
#9746 = ORIENTED_EDGE ( 'NONE', *, *, #5694, .F. ) ;
#9747 = CIRCLE ( 'NONE', #9719, 1.000000000000000000 ) ;
#9748 = DIRECTION ( 'NONE',  ( -1.000000000000000000, -0.000000000000000000, -0.000000000000000000 ) ) ;
#9749 = SURFACE_STYLE_FILL_AREA ( #6854 ) ;
#9750 = AXIS2_PLACEMENT_3D ( 'NONE', #8165, #3660, #5501 ) ;
#9751 = ORIENTED_EDGE ( 'NONE', *, *, #5451, .T. ) ;
#9752 = CARTESIAN_POINT ( 'NONE',  ( 5.499999999999998224, -0.7999999999999847233, -19.89999999999990976 ) ) ;
#9754 = EDGE_CURVE ( 'NONE', #10347, #5568, #4541, .T. ) ;
#9753 = CYLINDRICAL_SURFACE ( 'NONE', #5340, 0.3062499999999996891 ) ;
#9755 = ADVANCED_FACE ( 'NONE', ( #73 ), #687, .T. ) ;
#9756 = ORIENTED_EDGE ( 'NONE', *, *, #6352, .F. ) ;
#9757 = CARTESIAN_POINT ( 'NONE',  ( -1.672828002720946339, 1.343593379079620398, -0.06957546252590333935 ) ) ;
#9758 = ORIENTED_EDGE ( 'NONE', *, *, #7304, .F. ) ;
#9759 = CIRCLE ( 'NONE', #3500, 0.9999999999999997780 ) ;
#9760 = ORIENTED_EDGE ( 'NONE', *, *, #903, .T. ) ;
#9761 = FACE_OUTER_BOUND ( 'NONE', #1690, .T. ) ;
#9762 = VERTEX_POINT ( 'NONE', #10041 ) ;
#9763 = DIRECTION ( 'NONE',  ( 0.000000000000000000, 0.000000000000000000, 1.000000000000000000 ) ) ;
#9764 = CARTESIAN_POINT ( 'NONE',  ( -1.000000000000000000, 9.629649721936179265E-32, -3.069518839163146939 ) ) ;
#9765 = CARTESIAN_POINT ( 'NONE',  ( 0.000000000000000000, 0.000000000000000000, 0.000000000000000000 ) ) ;
#9766 = CIRCLE ( 'NONE', #2933, 1.000000000000000000 ) ;
#9767 = DIRECTION ( 'NONE',  ( 0.000000000000000000, 1.000000000000000000, 0.000000000000000000 ) ) ;
#9768 = EDGE_CURVE ( 'NONE', #11464, #9791, #4868, .T. ) ;
#9769 = EDGE_LOOP ( 'NONE', ( #9420, #10377, #9412, #2114 ) ) ;
#9770 = DIRECTION ( 'NONE',  ( 0.000000000000000000, 1.000000000000000000, 0.000000000000000000 ) ) ;
#9771 = ORIENTED_EDGE ( 'NONE', *, *, #8789, .T. ) ;
#9772 = CIRCLE ( 'NONE', #5600, 1.999999999999999556 ) ;
#9773 = FACE_OUTER_BOUND ( 'NONE', #10104, .T. ) ;
#9774 = AXIS2_PLACEMENT_3D ( 'NONE', #7762, #5207, #11375 ) ;
#9775 = EDGE_LOOP ( 'NONE', ( #1036, #4194, #2157, #8832 ) ) ;
#9776 = CARTESIAN_POINT ( 'NONE',  ( 0.000000000000000000, 4.738805170303855086E-16, -2.669518839163146584 ) ) ;
#9777 = ORIENTED_EDGE ( 'NONE', *, *, #1327, .F. ) ;
#9778 = CARTESIAN_POINT ( 'NONE',  ( 0.1702769162167666883, -0.7403828156981310249, -0.7092725651034381684 ) ) ;
#9779 = DIRECTION ( 'NONE',  ( -1.000000000000000000, 0.000000000000000000, 0.000000000000000000 ) ) ;
#9780 = DIRECTION ( 'NONE',  ( 0.000000000000000000, 0.000000000000000000, 1.000000000000000000 ) ) ;
#9781 = PRODUCT_DEFINITION ( 'UNKNOWN', '', #1322, #9248 ) ;
#9782 = CIRCLE ( 'NONE', #8452, 1.000000000000000000 ) ;
#9783 = PLANE ( 'NONE',  #4575 ) ;
#9784 = EDGE_LOOP ( 'NONE', ( #9326, #4334, #9545, #4877 ) ) ;
#9785 = DIRECTION ( 'NONE',  ( 0.000000000000000000, 1.000000000000000000, -0.000000000000000000 ) ) ;
#9786 = VERTEX_POINT ( 'NONE', #7984 ) ;
#9787 = CARTESIAN_POINT ( 'NONE',  ( 0.000000000000000000, 0.000000000000000000, 0.000000000000000000 ) ) ;
#9788 = EDGE_LOOP ( 'NONE', ( #10349, #1191, #9958 ) ) ;
#9789 = VECTOR ( 'NONE', #9579, 1000.000000000000000 ) ;
#9790 = AXIS2_PLACEMENT_3D ( 'NONE', #10450, #6857, #4232 ) ;
#9791 = VERTEX_POINT ( 'NONE', #11597 ) ;
#9792 = DIRECTION ( 'NONE',  ( -0.000000000000000000, -1.000000000000000000, -0.000000000000000000 ) ) ;
#9793 = CARTESIAN_POINT ( 'NONE',  ( 3.000000000000000000, 0.000000000000000000, 0.000000000000000000 ) ) ;
#9794 = CARTESIAN_POINT ( 'NONE',  ( 0.000000000000000000, 0.000000000000000000, -1.600000000000000089 ) ) ;
#9795 = PLANE ( 'NONE',  #393 ) ;
#9796 = AXIS2_PLACEMENT_3D ( 'NONE', #142, #2761, #3771 ) ;
#9797 = VERTEX_POINT ( 'NONE', #3473 ) ;
#9798 = DIRECTION ( 'NONE',  ( -1.000000000000000000, -0.000000000000000000, -0.000000000000000000 ) ) ;
#9799 = ADVANCED_FACE ( 'NONE', ( #2583 ), #10540, .T. ) ;
#9800 = DIRECTION ( 'NONE',  ( -1.000000000000000000, 0.000000000000000000, 0.000000000000000000 ) ) ;
#9801 = VECTOR ( 'NONE', #886, 1000.000000000000000 ) ;
#9802 = ORIENTED_EDGE ( 'NONE', *, *, #3649, .F. ) ;
#9803 = DIRECTION ( 'NONE',  ( 0.000000000000000000, 0.000000000000000000, -1.000000000000000000 ) ) ;
#9804 = EDGE_LOOP ( 'NONE', ( #10433, #7796 ) ) ;
#9805 = CARTESIAN_POINT ( 'NONE',  ( 0.000000000000000000, 4.898598887637106556E-16, -3.200000000000000178 ) ) ;
#9806 = CARTESIAN_POINT ( 'NONE',  ( 5.500000000000001776, -0.8000000000000211386, -0.7999999999998893552 ) ) ;
#9807 = CARTESIAN_POINT ( 'NONE',  ( 0.8156023289304824564, 0.000000000000000000, -0.1291166393111913002 ) ) ;
#9808 = EDGE_CURVE ( 'NONE', #685, #10138, #5785, .T. ) ;
#9809 = EDGE_CURVE ( 'NONE', #726, #5939, #7312, .T. ) ;
#9810 = ORIENTED_EDGE ( 'NONE', *, *, #3170, .F. ) ;
#9811 = AXIS2_PLACEMENT_3D ( 'NONE', #5569, #9184, #4677 ) ;
#9812 = VECTOR ( 'NONE', #11162, 1000.000000000000114 ) ;
#9813 = ORIENTED_EDGE ( 'NONE', *, *, #10212, .T. ) ;
#9814 = EDGE_CURVE ( 'NONE', #4643, #9571, #7555, .T. ) ;
#9815 =( NAMED_UNIT ( * ) PLANE_ANGLE_UNIT ( ) SI_UNIT ( $, .RADIAN. ) );
#9816 = EDGE_CURVE ( 'NONE', #2108, #1674, #9023, .T. ) ;
#9817 = VERTEX_POINT ( 'NONE', #6489 ) ;
#9818 = DIRECTION ( 'NONE',  ( 1.000000000000000000, 0.000000000000000000, 0.000000000000000000 ) ) ;
#9819 = DIRECTION ( 'NONE',  ( 0.000000000000000000, 1.000000000000000000, 0.000000000000000000 ) ) ;
#9820 = CARTESIAN_POINT ( 'NONE',  ( 0.000000000000000000, 4.898598887637106556E-16, -3.200000000000000178 ) ) ;
#9821 = CARTESIAN_POINT ( 'NONE',  ( 0.7595334864143800102, 0.2540635224984618135, -0.6846777638157155454 ) ) ;
#9822 = CYLINDRICAL_SURFACE ( 'NONE', #2715, 1.000000000000000000 ) ;
#9823 = AXIS2_PLACEMENT_3D ( 'NONE', #5293, #10675, #9014 ) ;
#9824 = DIRECTION ( 'NONE',  ( -1.000000000000000000, 0.000000000000000000, 0.000000000000000000 ) ) ;
#9825 = ORIENTED_EDGE ( 'NONE', *, *, #9030, .F. ) ;
#9826 = FACE_OUTER_BOUND ( 'NONE', #10417, .T. ) ;
#9827 = CARTESIAN_POINT ( 'NONE',  ( -16.00000000000000000, 0.000000000000000000, -4.000000000000000000 ) ) ;
#9828 = ORIENTED_EDGE ( 'NONE', *, *, #6146, .F. ) ;
#9829 = CARTESIAN_POINT ( 'NONE',  ( 0.3271719972790543829, 2.120508236058134433, -1.530424537474096347 ) ) ;
#9830 = EDGE_CURVE ( 'NONE', #8181, #10202, #3051, .T. ) ;
#9831 = CIRCLE ( 'NONE', #3587, 2.499999999999998668 ) ;
#9832 = ORIENTED_EDGE ( 'NONE', *, *, #6746, .T. ) ;
#9833 = DIRECTION ( 'NONE',  ( 0.000000000000000000, -0.000000000000000000, 1.000000000000000000 ) ) ;
#9834 = FACE_BOUND ( 'NONE', #2375, .T. ) ;
#9835 = CARTESIAN_POINT ( 'NONE',  ( 0.3271719972790543829, 2.120508236058134433, -1.530424537474096347 ) ) ;
#9836 = CARTESIAN_POINT ( 'NONE',  ( -1.169735307079674547, -1.634054082335445690, -1.600000000000000089 ) ) ;
#9837 = CARTESIAN_POINT ( 'NONE',  ( 1.672828002720946117, -1.343593379079623285, -0.06957546252590439406 ) ) ;
#9838 = ORIENTED_EDGE ( 'NONE', *, *, #9030, .T. ) ;
#9839 = DIRECTION ( 'NONE',  ( -1.000000000000000000, 0.000000000000000000, 0.000000000000000000 ) ) ;
#9840 = ORIENTED_EDGE ( 'NONE', *, *, #544, .F. ) ;
#9841 = LINE ( 'NONE', #7062, #11438 ) ;
#9842 = ORIENTED_EDGE ( 'NONE', *, *, #9534, .T. ) ;
#9843 = ORIENTED_EDGE ( 'NONE', *, *, #5778, .F. ) ;
#9844 =( NAMED_UNIT ( * ) PLANE_ANGLE_UNIT ( ) SI_UNIT ( $, .RADIAN. ) );
#9845 = CARTESIAN_POINT ( 'NONE',  ( -1.169735307079674547, -1.634054082335445690, -1.276902167985857268E-16 ) ) ;
#9846 = CARTESIAN_POINT ( 'NONE',  ( 0.000000000000000000, 0.000000000000000000, -1.600000000000000089 ) ) ;
#9847 = CARTESIAN_POINT ( 'NONE',  ( 3.000000000000000000, 4.898587196589412829E-16, -4.000000000000000000 ) ) ;
#9848 = DIRECTION ( 'NONE',  ( 0.000000000000000000, 0.000000000000000000, 1.000000000000000000 ) ) ;
#9849 = ORIENTED_EDGE ( 'NONE', *, *, #6274, .T. ) ;
#9850 = LINE ( 'NONE', #4465, #2245 ) ;
#9851 = AXIS2_PLACEMENT_3D ( 'NONE', #4420, #5072, #2346 ) ;
#9852 = LINE ( 'NONE', #5413, #11040 ) ;
#9853 = CARTESIAN_POINT ( 'NONE',  ( -0.8302646929203290060, 1.830047532802309806, 9.328656192427350549E-16 ) ) ;
#9854 = ORIENTED_EDGE ( 'NONE', *, *, #4581, .T. ) ;
#9855 = CARTESIAN_POINT ( 'NONE',  ( -2.000000000000000000, -1.154700538379254349, -0.1786327949540832127 ) ) ;
#9856 = ADVANCED_FACE ( 'NONE', ( #1982 ), #1078, .T. ) ;
#9857 = ORIENTED_EDGE ( 'NONE', *, *, #4466, .F. ) ;
#9858 = CARTESIAN_POINT ( 'NONE',  ( 0.000000000000000000, 0.000000000000000000, -1.600000000000000089 ) ) ;
#9859 = CARTESIAN_POINT ( 'NONE',  ( -5.000000000000000000, 2.500000000000000000, -21.00000000000000000 ) ) ;
#9860 = SHAPE_REPRESENTATION ( 'MicrasAssembly', ( #4926, #4174, #5687, #9089, #8902, #3609, #11173, #10412, #3038, #10219, #565, #5500, #2283, #3789, #8331, #4555, #9851, #6076, #11567, #4733, #377, #8533, #2657, #9279, #7199, #6258, #940, #7583, #3417 ), #4932 ) ;
#9861 = CARTESIAN_POINT ( 'NONE',  ( 2.000000000000000000, -0.3889866277140361928, -1.583227824459161326 ) ) ;
#9862 = AXIS2_PLACEMENT_3D ( 'NONE', #3568, #8125, #4562 ) ;
#9863 = ORIENTED_EDGE ( 'NONE', *, *, #10314, .F. ) ;
#9864 = ORIENTED_EDGE ( 'NONE', *, *, #6866, .T. ) ;
#9865 = PRESENTATION_STYLE_ASSIGNMENT (( #2636 ) ) ;
#9866 = VERTEX_POINT ( 'NONE', #1134 ) ;
#9867 = CONICAL_SURFACE ( 'NONE', #11199, 2.000000000000000000, 1.047197551196596299 ) ;
#9868 = PRODUCT_DEFINITION_SHAPE ( 'NONE', 'NONE',  #11743 ) ;
#9869 = ADVANCED_FACE ( 'NONE', ( #4764 ), #1450, .T. ) ;
#9870 = DIRECTION ( 'NONE',  ( -0.000000000000000000, -0.000000000000000000, 1.000000000000000000 ) ) ;
#9871 = DIRECTION ( 'NONE',  ( 0.000000000000000000, 0.000000000000000000, 1.000000000000000000 ) ) ;
#9872 = ADVANCED_FACE ( 'NONE', ( #7618 ), #6958, .F. ) ;
#9873 = DIRECTION ( 'NONE',  ( -0.7071067811865451302, 0.000000000000000000, 0.7071067811865500152 ) ) ;
#9874 = FACE_OUTER_BOUND ( 'NONE', #7891, .T. ) ;
#9875 = DIRECTION ( 'NONE',  ( -1.000000000000000000, 0.000000000000000000, 0.000000000000000000 ) ) ;
#9876 = EDGE_CURVE ( 'NONE', #11172, #6222, #2158, .T. ) ;
#9877 = VERTEX_POINT ( 'NONE', #3114 ) ;
#9878 = CARTESIAN_POINT ( 'NONE',  ( -1.169735307079674547, -1.634054082335445690, -1.600000000000000089 ) ) ;
#9879 = CIRCLE ( 'NONE', #404, 10.00000000000000000 ) ;
#9880 = CARTESIAN_POINT ( 'NONE',  ( 0.000000000000000000, 5.058392604970359998E-16, -2.130481160836854126 ) ) ;
#9881 = ORIENTED_EDGE ( 'NONE', *, *, #4015, .T. ) ;
#9882 = FACE_OUTER_BOUND ( 'NONE', #6761, .T. ) ;
#9883 = ORIENTED_EDGE ( 'NONE', *, *, #3870, .F. ) ;
#9884 = EDGE_CURVE ( 'NONE', #11504, #1238, #5661, .T. ) ;
#9885 = CARTESIAN_POINT ( 'NONE',  ( 0.6607522599941045849, -1.927915581583256932, -1.582894801272977103 ) ) ;
#9886 = CARTESIAN_POINT ( 'NONE',  ( 3.499999999999999556, 7.500000000000000888, -11.61613953566982538 ) ) ;
#9887 = DIRECTION ( 'NONE',  ( 0.000000000000000000, 1.000000000000000000, 0.000000000000000000 ) ) ;
#9888 = LINE ( 'NONE', #4267, #5775 ) ;
#9889 = CARTESIAN_POINT ( 'NONE',  ( -0.7263287850284133595, 0.2227272727272731900, 0.000000000000000000 ) ) ;
#9890 = EDGE_CURVE ( 'NONE', #10404, #3888, #1020, .T. ) ;
#9891 = EDGE_CURVE ( 'NONE', #5755, #1943, #1261, .T. ) ;
#9892 = ORIENTED_EDGE ( 'NONE', *, *, #8729, .F. ) ;
#9893 = DIRECTION ( 'NONE',  ( -1.000000000000000000, 0.000000000000000000, 0.000000000000000000 ) ) ;
#9894 = EDGE_LOOP ( 'NONE', ( #7896, #10494, #5364, #1169 ) ) ;
#9895 = DIRECTION ( 'NONE',  ( 0.000000000000000000, 0.000000000000000000, 1.000000000000000000 ) ) ;
#9896 = VERTEX_POINT ( 'NONE', #189 ) ;
#9897 = CARTESIAN_POINT ( 'NONE',  ( 3.581183789785735176E-16, 2.309401076758504701, -1.600000000000000089 ) ) ;
#9898 = ORIENTED_EDGE ( 'NONE', *, *, #10689, .T. ) ;
#9899 = APPLICATION_CONTEXT ( 'automotive_design' ) ;
#9900 = CARTESIAN_POINT ( 'NONE',  ( 3.500000000000000000, 0.000000000000000000, 0.000000000000000000 ) ) ;
#9901 = B_SPLINE_CURVE_WITH_KNOTS ( 'NONE', 3,
 ( #6230, #9837, #5330, #812 ),
 .UNSPECIFIED., .F., .F.,
 ( 4, 4 ),
 ( 2.380749485076419225E-07, 0.001168606431211098931 ),
 .UNSPECIFIED. ) ;
#9902 = CARTESIAN_POINT ( 'NONE',  ( -0.4682615195960990739, 0.8110527431698566492, 0.000000000000000000 ) ) ;
#9903 = AXIS2_PLACEMENT_3D ( 'NONE', #4592, #7378, #6381 ) ;
#9904 = DIRECTION ( 'NONE',  ( 0.000000000000000000, 0.000000000000000000, -1.000000000000000000 ) ) ;
#9905 = CARTESIAN_POINT ( 'NONE',  ( 5.500000000000000888, 0.000000000000000000, -18.00000000000000355 ) ) ;
#9906 = EDGE_CURVE ( 'NONE', #8679, #5820, #7904, .T. ) ;
#9907 = EDGE_LOOP ( 'NONE', ( #80, #8472, #9881, #7494 ) ) ;
#9908 = LINE ( 'NONE', #9969, #1491 ) ;
#9909 = VECTOR ( 'NONE', #4648, 1000.000000000000000 ) ;
#9910 = LINE ( 'NONE', #7187, #49 ) ;
#9911 = PRODUCT_DEFINITION_CONTEXT ( 'detailed design', #11343, 'design' ) ;
#9912 = CIRCLE ( 'NONE', #4983, 3.499999999999999556 ) ;
#9913 = CIRCLE ( 'NONE', #625, 1.899999999999999689 ) ;
#9914 = AXIS2_PLACEMENT_3D ( 'NONE', #2500, #11640, #11698 ) ;
#9915 = CARTESIAN_POINT ( 'NONE',  ( -0.2440899983175760235, -0.5983070347802371680, -0.7780255248577985228 ) ) ;
#9916 = VERTEX_POINT ( 'NONE', #10100 ) ;
#9917 = CLOSED_SHELL ( 'NONE', ( #7063, #5062, #4085, #10970, #9017, #10584, #1489, #6382, #8145, #206, #5611, #2138, #3507, #7015, #10159, #6398, #9603, #6050, #8137, #4170, #9869, #2026, #2652, #10477, #3082, #2428 ) ) ;
#9918 = CARTESIAN_POINT ( 'NONE',  ( 0.08150233243786091097, -0.8597450606570532505, -0.6472342529030336022 ) ) ;
#9919 = AXIS2_PLACEMENT_3D ( 'NONE', #6785, #4110, #4166 ) ;
#9920 = CARTESIAN_POINT ( 'NONE',  ( -4.987329993433320396E-15, -2.309401076758504701, -1.421367205045916737 ) ) ;
#9921 = EDGE_CURVE ( 'NONE', #7593, #5348, #5603, .T. ) ;
#9922 = VECTOR ( 'NONE', #11263, 1000.000000000000114 ) ;
#9923 = CARTESIAN_POINT ( 'NONE',  ( -2.000000000000000000, 0.000000000000000000, 0.000000000000000000 ) ) ;
#9924 = EDGE_LOOP ( 'NONE', ( #4272, #5123, #2919, #2740 ) ) ;
#9925 = AXIS2_PLACEMENT_3D ( 'NONE', #11243, #2293, #8458 ) ;
#9926 = EDGE_CURVE ( 'NONE', #11400, #7174, #8327, .T. ) ;
#9927 = AXIS2_PLACEMENT_3D ( 'NONE', #2181, #4967, #11315 ) ;
#9928 =( NAMED_UNIT ( * ) PLANE_ANGLE_UNIT ( ) SI_UNIT ( $, .RADIAN. ) );
#9929 = AXIS2_PLACEMENT_3D ( 'NONE', #10232, #4843, #7571 ) ;
#9930 = ORIENTED_EDGE ( 'NONE', *, *, #5358, .F. ) ;
#9931 = CARTESIAN_POINT ( 'NONE',  ( 1.169735307079673214, 1.634054082335443692, -1.600000000000000977 ) ) ;
#9932 = CYLINDRICAL_SURFACE ( 'NONE', #11422, 1.099999999999998535 ) ;
#9933 = PLANE ( 'NONE',  #652 ) ;
#9934 = DIRECTION ( 'NONE',  ( 0.000000000000000000, -0.000000000000000000, 1.000000000000000000 ) ) ;
#9935 = AXIS2_PLACEMENT_3D ( 'NONE', #11480, #4250, #7868 ) ;
#9936 = DIRECTION ( 'NONE',  ( -0.000000000000000000, 0.000000000000000000, -1.000000000000000000 ) ) ;
#9937 = ORIENTED_EDGE ( 'NONE', *, *, #11524, .F. ) ;
#9938 = CARTESIAN_POINT ( 'NONE',  ( -4.987329993433320396E-15, -2.309401076758504701, -1.421367205045916737 ) ) ;
#9939 = CARTESIAN_POINT ( 'NONE',  ( 2.000000000000000000, 1.154700538379254349, -1.421367205045916737 ) ) ;
#9940 = ORIENTED_EDGE ( 'NONE', *, *, #9610, .F. ) ;
#9941 = PLANE ( 'NONE',  #1835 ) ;
#9942 = ORIENTED_EDGE ( 'NONE', *, *, #1176, .F. ) ;
#9943 = CARTESIAN_POINT ( 'NONE',  ( 0.000000000000000000, 0.000000000000000000, -1.600000000000000089 ) ) ;
#9944 = DIRECTION ( 'NONE',  ( -0.000000000000000000, -0.000000000000000000, -1.000000000000000000 ) ) ;
#9945 = DIRECTION ( 'NONE',  ( 0.8660254037844384856, 0.5000000000000002220, 0.000000000000000000 ) ) ;
#9946 = DIRECTION ( 'NONE',  ( 0.8660254037844393737, 0.000000000000000000, -0.4999999999999986677 ) ) ;
#9947 = ADVANCED_BREP_SHAPE_REPRESENTATION ( '', ( #5414, #4873 ), #1272 ) ;
#9948 = CIRCLE ( 'NONE', #3544, 1.099999999999998535 ) ;
#9949 = EDGE_LOOP ( 'NONE', ( #11506, #6175, #10276, #3521 ) ) ;
#9950 = AXIS2_PLACEMENT_3D ( 'NONE', #922, #3719, #3551 ) ;
#9951 = DIRECTION ( 'NONE',  ( 0.000000000000000000, 0.000000000000000000, 1.000000000000000000 ) ) ;
#9952 = COLOUR_RGB ( '',1.000000000000000000, 0.9490196078431372140, 0.9098039215686274384 ) ;
#9953 = EDGE_CURVE ( 'NONE', #556, #2967, #3820, .T. ) ;
#9954 = ORIENTED_EDGE ( 'NONE', *, *, #5828, .T. ) ;
#9955 = CARTESIAN_POINT ( 'NONE',  ( 5.500000000000000888, 2.500000000000000000, -3.000000000000000000 ) ) ;
#9956 = ADVANCED_FACE ( 'NONE', ( #11047 ), #2931, .T. ) ;
#9957 = EDGE_CURVE ( 'NONE', #8329, #8717, #6380, .T. ) ;
#9958 = ORIENTED_EDGE ( 'NONE', *, *, #6, .F. ) ;
#9959 = DIRECTION ( 'NONE',  ( -0.000000000000000000, 1.224649721909276639E-16, -1.000000000000000000 ) ) ;
#9960 = VERTEX_POINT ( 'NONE', #1444 ) ;
#9961 = ADVANCED_FACE ( 'NONE', ( #11352 ), #7853, .F. ) ;
#9962 = EDGE_CURVE ( 'NONE', #2722, #5974, #3178, .T. ) ;
#9963 = DIRECTION ( 'NONE',  ( 1.000000000000000000, 0.000000000000000000, 0.000000000000000000 ) ) ;
#9964 = AXIS2_PLACEMENT_3D ( 'NONE', #2691, #8869, #9819 ) ;
#9965 = FILL_AREA_STYLE_COLOUR ( '', #9554 ) ;
#9966 = CARTESIAN_POINT ( 'NONE',  ( -5.000000000000000000, 0.000000000000000000, -18.00000000000000355 ) ) ;
#9967 = CYLINDRICAL_SURFACE ( 'NONE', #3813, 2.500000000000000000 ) ;
#9968 = ORIENTED_EDGE ( 'NONE', *, *, #8148, .T. ) ;
#9969 = CARTESIAN_POINT ( 'NONE',  ( 0.000000000000000000, -2.821690854684141936, 0.8999999999999992450 ) ) ;
#9970 = LINE ( 'NONE', #10794, #8959 ) ;
#9971 = COLOUR_RGB ( '',0.4980392156862745168, 0.4980392156862745168, 0.4980392156862745168 ) ;
#9972 = PRODUCT_DEFINITION_SHAPE ( 'NONE', 'NONE',  #11741 ) ;
#9973 = UNCERTAINTY_MEASURE_WITH_UNIT (LENGTH_MEASURE( 1.000000000000000082E-05 ), #10552, 'distance_accuracy_value', 'NONE');
#9974 = EDGE_CURVE ( 'NONE', #5903, #3878, #603, .T. ) ;
#9975 = CARTESIAN_POINT ( 'NONE',  ( 0.000000000000000000, 0.000000000000000000, 0.000000000000000000 ) ) ;
#9976 = ORIENTED_EDGE ( 'NONE', *, *, #4245, .F. ) ;
#9977 = COLOUR_RGB ( '',0.6509803921568627638, 0.6196078431372549211, 0.5882352941176470784 ) ;
#9978 = CIRCLE ( 'NONE', #10346, 0.1749999999999998501 ) ;
#9979 = DIRECTION ( 'NONE',  ( 1.000000000000000000, 0.000000000000000000, 1.665334536937734318E-16 ) ) ;
#9980 = FACE_OUTER_BOUND ( 'NONE', #3326, .T. ) ;
#9981 = ORIENTED_EDGE ( 'NONE', *, *, #1697, .F. ) ;
#9982 = CARTESIAN_POINT ( 'NONE',  ( -2.000000000000000000, -1.154700538379254349, -1.421367205045916737 ) ) ;
#9983 = CONICAL_SURFACE ( 'NONE', #6582, 2.000000000000000000, 1.047197551196595855 ) ;
#9984 =( REPRESENTATION_RELATIONSHIP ('NONE','NONE', #9860, #5449 ) REPRESENTATION_RELATIONSHIP_WITH_TRANSFORMATION ( #4290 )SHAPE_REPRESENTATION_RELATIONSHIP( ) );
#9985 = PRODUCT_RELATED_PRODUCT_CATEGORY ( 'part', '', ( #3042 ) ) ;
#9986 = ORIENTED_EDGE ( 'NONE', *, *, #2270, .T. ) ;
#9987 = APPLICATION_PROTOCOL_DEFINITION ( 'draft international standard', 'automotive_design', 1998, #11502 ) ;
#9988 = DIRECTION ( 'NONE',  ( 1.000000000000000000, 0.000000000000000000, 0.000000000000000000 ) ) ;
#9989 = CARTESIAN_POINT ( 'NONE',  ( -2.000000000000000000, -0.9668978507697953972, -1.475581171168853123 ) ) ;
#9990 = FACE_OUTER_BOUND ( 'NONE', #6874, .T. ) ;
#9991 = PRESENTATION_LAYER_ASSIGNMENT (  '', '', ( #1852 ) ) ;
#9992 = VECTOR ( 'NONE', #5640, 1000.000000000000227 ) ;
#9993 = DIRECTION ( 'NONE',  ( 0.000000000000000000, 1.000000000000000000, 0.000000000000000000 ) ) ;
#9994 = VECTOR ( 'NONE', #1385, 1000.000000000000000 ) ;
#9995 = ORIENTED_EDGE ( 'NONE', *, *, #8213, .T. ) ;
#9996 = FACE_OUTER_BOUND ( 'NONE', #7242, .T. ) ;
#9997 = CARTESIAN_POINT ( 'NONE',  ( -3.000000000000000000, 0.000000000000000000, 0.000000000000000000 ) ) ;
#9998 = VERTEX_POINT ( 'NONE', #1380 ) ;
#9999 = DIRECTION ( 'NONE',  ( -1.000000000000000000, 0.000000000000000000, 0.000000000000000000 ) ) ;
#10000 = ORIENTED_EDGE ( 'NONE', *, *, #8448, .T. ) ;
#10001 = DIRECTION ( 'NONE',  ( 0.8660254037844382635, -0.000000000000000000, -0.5000000000000006661 ) ) ;
#10002 = DIRECTION ( 'NONE',  ( -1.000000000000000000, 0.000000000000000000, 0.000000000000000000 ) ) ;
#10003 = FACE_OUTER_BOUND ( 'NONE', #7048, .T. ) ;
#10004 = SURFACE_STYLE_USAGE ( .BOTH. , #3833 ) ;
#10005 = DIRECTION ( 'NONE',  ( -0.000000000000000000, 1.224649721909276639E-16, -1.000000000000000000 ) ) ;
#10006 = EDGE_CURVE ( 'NONE', #7948, #4177, #1643, .T. ) ;
#10007 = ORIENTED_EDGE ( 'NONE', *, *, #5179, .T. ) ;
#10008 = CARTESIAN_POINT ( 'NONE',  ( 3.400000000000000355, 0.000000000000000000, 0.5000000000000000000 ) ) ;
#10009 = EDGE_LOOP ( 'NONE', ( #7361, #10643 ) ) ;
#10010 = AXIS2_PLACEMENT_3D ( 'NONE', #9195, #4570, #2968 ) ;
#10011 = CARTESIAN_POINT ( 'NONE',  ( 0.6302730391922551911, -0.04368000243696955331, -0.7870467931636622172 ) ) ;
#10012 = ORIENTED_EDGE ( 'NONE', *, *, #2884, .T. ) ;
#10013 = FACE_OUTER_BOUND ( 'NONE', #3693, .T. ) ;
#10014 = VERTEX_POINT ( 'NONE', #3400 ) ;
#10015 = CARTESIAN_POINT ( 'NONE',  ( -2.168404344971008868E-15, 0.9000000000000005773, -1.845299461620634407 ) ) ;
#10016 = DIRECTION ( 'NONE',  ( -0.8660254037844381525, 0.5000000000000007772, 0.000000000000000000 ) ) ;
#10017 = EDGE_CURVE ( 'NONE', #2318, #1005, #7707, .T. ) ;
#10018 = EDGE_CURVE ( 'NONE', #5284, #11528, #11687, .T. ) ;
#10019 = DIRECTION ( 'NONE',  ( -0.000000000000000000, 1.000000000000000000, 0.000000000000000000 ) ) ;
#10020 = CARTESIAN_POINT ( 'NONE',  ( -21.50000000000000000, 6.123233995736766036E-17, 0.5000000000000000000 ) ) ;
#10021 = ORIENTED_EDGE ( 'NONE', *, *, #9588, .F. ) ;
#10022 = CARTESIAN_POINT ( 'NONE',  ( 0.000000000000000000, 0.000000000000000000, -0.1291166393111913002 ) ) ;
#10023 = ADVANCED_FACE ( 'NONE', ( #5174 ), #11300, .T. ) ;
#10024 = CARTESIAN_POINT ( 'NONE',  ( 7.499999999999998224, 0.8999999999999998002, -19.84529946162064817 ) ) ;
#10025 =( GEOMETRIC_REPRESENTATION_CONTEXT ( 3 ) GLOBAL_UNCERTAINTY_ASSIGNED_CONTEXT ( ( #6641 ) ) GLOBAL_UNIT_ASSIGNED_CONTEXT ( ( #1529, #754, #7812 ) ) REPRESENTATION_CONTEXT ( 'NONE', 'WORKASPACE' ) );
#10026 = CARTESIAN_POINT ( 'NONE',  ( 2.000000000000000000, -0.3889866277140359152, -0.01677217554083863804 ) ) ;
#10027 = ORIENTED_EDGE ( 'NONE', *, *, #4467, .T. ) ;
#10028 = CARTESIAN_POINT ( 'NONE',  ( 1.672828002720946117, -1.343593379079623285, -1.530424537474095681 ) ) ;
#10029 = COLOUR_RGB ( '',0.4980392156862745168, 0.4980392156862745168, 0.4980392156862745168 ) ;
#10030 = DIRECTION ( 'NONE',  ( -0.000000000000000000, 1.000000000000000000, 0.000000000000000000 ) ) ;
#10031 = CARTESIAN_POINT ( 'NONE',  ( -1.000000000000000444, 0.000000000000000000, 0.000000000000000000 ) ) ;
#10032 = ORIENTED_EDGE ( 'NONE', *, *, #8279, .F. ) ;
#10033 = CARTESIAN_POINT ( 'NONE',  ( 3.499999999999999556, 17.00000000000000000, -12.23219574315701230 ) ) ;
#10034 = EDGE_CURVE ( 'NONE', #6288, #11348, #6798, .T. ) ;
#10035 = EDGE_CURVE ( 'NONE', #6032, #5827, #2589, .T. ) ;
#10036 = PRODUCT ( 'hex nut style 1 gradeab_iso_ISO - 4032 - M2 - D - N', 'hex nut style 1 gradeab_iso_ISO - 4032 - M2 - D - N', '', ( #1979 ) ) ;
#10037 = VERTEX_POINT ( 'NONE', #2455 ) ;
#10038 = DIRECTION ( 'NONE',  ( -0.8660254037844380415, 0.5000000000000009992, 0.000000000000000000 ) ) ;
#10039 = CARTESIAN_POINT ( 'NONE',  ( -0.1631781751318187312, 2.215190113420277385, -1.475759930090788874 ) ) ;
#10040 = VECTOR ( 'NONE', #10119, 1000.000000000000000 ) ;
#10041 = CARTESIAN_POINT ( 'NONE',  ( 0.000000000000000000, 2.309401076758504701, -1.421367205045916737 ) ) ;
#10042 = CARTESIAN_POINT ( 'NONE',  ( 11.50000000000000000, 7.500000000000000000, -10.11613953566982715 ) ) ;
#10043 = DIRECTION ( 'NONE',  ( -1.000000000000000000, -0.000000000000000000, -0.000000000000000000 ) ) ;
#10044 = AXIS2_PLACEMENT_3D ( 'NONE', #2718, #703, #4333 ) ;
#10045 = ORIENTED_EDGE ( 'NONE', *, *, #2706, .T. ) ;
#10046 = LINE ( 'NONE', #3767, #5750 ) ;
#10047 = APPLICATION_CONTEXT ( 'automotive_design' ) ;
#10048 = LINE ( 'NONE', #1927, #1381 ) ;
#10049 = AXIS2_PLACEMENT_3D ( 'NONE', #2018, #1166, #221 ) ;
#10050 = ORIENTED_EDGE ( 'NONE', *, *, #2992, .F. ) ;
#10051 = DIRECTION ( 'NONE',  ( 0.000000000000000000, 1.000000000000000000, 0.000000000000000000 ) ) ;
#10052 = DIRECTION ( 'NONE',  ( 1.000000000000000000, -0.000000000000000000, -0.000000000000000000 ) ) ;
#10053 = VERTEX_POINT ( 'NONE', #4943 ) ;
#10054 = DIRECTION ( 'NONE',  ( 0.000000000000000000, 0.000000000000000000, -1.000000000000000000 ) ) ;
#10055 = CARTESIAN_POINT ( 'NONE',  ( 0.000000000000000000, 0.000000000000000000, 0.000000000000000000 ) ) ;
#10056 = DIRECTION ( 'NONE',  ( 0.000000000000000000, 0.000000000000000000, -1.000000000000000000 ) ) ;
#10057 = FACE_OUTER_BOUND ( 'NONE', #11358, .T. ) ;
#10058 = LINE ( 'NONE', #8229, #11191 ) ;
#10059 = AXIS2_PLACEMENT_3D ( 'NONE', #4234, #5423, #6306 ) ;
#10060 = EDGE_CURVE ( 'NONE', #8692, #10604, #8799, .T. ) ;
#10061 = EDGE_LOOP ( 'NONE', ( #11383, #2717, #3411, #10032, #9498, #2117 ) ) ;
#10062 = DIRECTION ( 'NONE',  ( -0.000000000000000000, 1.224649721909276639E-16, -1.000000000000000000 ) ) ;
#10063 = ORIENTED_EDGE ( 'NONE', *, *, #7393, .T. ) ;
#10064 = DIRECTION ( 'NONE',  ( -1.000000000000000000, 0.000000000000000000, 0.000000000000000000 ) ) ;
#10065 = ORIENTED_EDGE ( 'NONE', *, *, #4736, .T. ) ;
#10066 = PLANE ( 'NONE',  #5649 ) ;
#10067 = ORIENTED_EDGE ( 'NONE', *, *, #5013, .F. ) ;
#10068 = CIRCLE ( 'NONE', #10631, 1.500000000000001332 ) ;
#10069 = CARTESIAN_POINT ( 'NONE',  ( -1.836821824868181352, -1.248911501717480332, -0.1242400699092116589 ) ) ;
#10070 = CARTESIAN_POINT ( 'NONE',  ( 0.000000000000000000, 17.00000000000000000, -8.732195743157015855 ) ) ;
#10071 = CARTESIAN_POINT ( 'NONE',  ( 14.05000000000000071, 0.000000000000000000, 0.000000000000000000 ) ) ;
#10072 = FACE_OUTER_BOUND ( 'NONE', #5478, .T. ) ;
#10073 = ORIENTED_EDGE ( 'NONE', *, *, #11482, .T. ) ;
#10074 = CARTESIAN_POINT ( 'NONE',  ( 0.5560518688116534713, 0.5176555429708578071, -500000.0000000000582 ) ) ;
#10075 = CARTESIAN_POINT ( 'NONE',  ( 2.000000000000000000, 0.3931374000439454286, -1.582763861186367027 ) ) ;
#10076 = EDGE_CURVE ( 'NONE', #421, #1465, #552, .T. ) ;
#10077 = ORIENTED_EDGE ( 'NONE', *, *, #478, .F. ) ;
#10078 = DIRECTION ( 'NONE',  ( 0.000000000000000000, 0.000000000000000000, -1.000000000000000000 ) ) ;
#10079 = PLANE ( 'NONE',  #241 ) ;
#10080 = CIRCLE ( 'NONE', #10649, 1.899999999999999689 ) ;
#10081 = CARTESIAN_POINT ( 'NONE',  ( 9.478766225400515022E-17, -0.7739999999999994662, -2.000000000000000000 ) ) ;
#10082 = DIRECTION ( 'NONE',  ( 0.000000000000000000, -0.000000000000000000, 1.000000000000000000 ) ) ;
#10083 = CARTESIAN_POINT ( 'NONE',  ( -2.000000000000000000, 0.9000000000000003553, -5.309401076758394566 ) ) ;
#10084 = ORIENTED_EDGE ( 'NONE', *, *, #363, .F. ) ;
#10085 = LINE ( 'NONE', #7424, #9812 ) ;
#10086 = AXIS2_PLACEMENT_3D ( 'NONE', #8217, #6557, #9224 ) ;
#10087 = CONICAL_SURFACE ( 'NONE', #5550, 2.000000000000000000, 1.047197551196596299 ) ;
#10088 = AXIS2_PLACEMENT_3D ( 'NONE', #1886, #7395, #11007 ) ;
#10089 = EDGE_CURVE ( 'NONE', #2829, #2318, #4112, .T. ) ;
#10090 = CIRCLE ( 'NONE', #7835, 1.000000000000000000 ) ;
#10091 = ORIENTED_EDGE ( 'NONE', *, *, #6267, .T. ) ;
#10092 = AXIS2_PLACEMENT_3D ( 'NONE', #3333, #6956, #1249 ) ;
#10093 =( NAMED_UNIT ( * ) SI_UNIT ( $, .STERADIAN. ) SOLID_ANGLE_UNIT ( ) );
#10094 = EDGE_CURVE ( 'NONE', #4173, #6876, #9691, .T. ) ;
#10095 = AXIS2_PLACEMENT_3D ( 'NONE', #1907, #11578, #3451 ) ;
#10096 = CARTESIAN_POINT ( 'NONE',  ( 2.000000000000000000, 1.154700538379254349, -0.1786327949540832127 ) ) ;
#10097 = ADVANCED_FACE ( 'NONE', ( #8565, #5118 ), #8740, .T. ) ;
#10098 = FACE_OUTER_BOUND ( 'NONE', #6647, .T. ) ;
#10099 = COLOUR_RGB ( '',1.000000000000000000, 0.9490196078431372140, 0.9098039215686274384 ) ;
#10100 = CARTESIAN_POINT ( 'NONE',  ( 4.000000000000000000, 9.199999999999999289, -21.00000000000000355 ) ) ;
#10101 = CARTESIAN_POINT ( 'NONE',  ( -0.5000000000000000000, 9.199999999999999289, -18.50000000000000355 ) ) ;
#10102 = CARTESIAN_POINT ( 'NONE',  ( 5.499999999999998224, 0.3000000000000172529, -20.99999999999990763 ) ) ;
#10103 = AXIS2_PLACEMENT_3D ( 'NONE', #6281, #11557, #3552 ) ;
#10104 = EDGE_LOOP ( 'NONE', ( #769, #5792, #10178, #2203, #3040, #8407, #6574, #3635, #2296, #4363, #235 ) ) ;
#10105 = AXIS2_PLACEMENT_3D ( 'NONE', #9975, #896, #10078 ) ;
#10106 = VECTOR ( 'NONE', #6470, 1000.000000000000000 ) ;
#10107 = CARTESIAN_POINT ( 'NONE',  ( -3.000000000000000000, 0.000000000000000000, 0.000000000000000000 ) ) ;
#10108 = EDGE_LOOP ( 'NONE', ( #2468, #11576, #10750 ) ) ;
#10109 = DIRECTION ( 'NONE',  ( -1.000000000000000000, 8.881784197001252323E-16, 0.000000000000000000 ) ) ;
#10110 = DIRECTION ( 'NONE',  ( 0.000000000000000000, 0.000000000000000000, 1.000000000000000000 ) ) ;
#10111 = ORIENTED_EDGE ( 'NONE', *, *, #10619, .T. ) ;
#10112 = DIRECTION ( 'NONE',  ( 0.7071067811865500152, -0.000000000000000000, -0.7071067811865451302 ) ) ;
#10113 = EDGE_CURVE ( 'NONE', #7326, #8645, #7026, .T. ) ;
#10114 = DIRECTION ( 'NONE',  ( 0.000000000000000000, 1.000000000000000000, 0.000000000000000000 ) ) ;
#10115 = AXIS2_PLACEMENT_3D ( 'NONE', #10175, #2235, #3065 ) ;
#10116 = DIRECTION ( 'NONE',  ( -0.000000000000000000, -1.000000000000000000, -0.000000000000000000 ) ) ;
#10117 = CARTESIAN_POINT ( 'NONE',  ( 1.000000000000001998, 1.732050807568876083, -1.600000000000000089 ) ) ;
#10118 = VECTOR ( 'NONE', #3136, 1000.000000000000000 ) ;
#10119 = DIRECTION ( 'NONE',  ( -0.000000000000000000, 1.000000000000000000, -0.000000000000000000 ) ) ;
#10120 = ORIENTED_EDGE ( 'NONE', *, *, #2483, .T. ) ;
#10121 = LINE ( 'NONE', #6515, #8012 ) ;
#10122 = ORIENTED_EDGE ( 'NONE', *, *, #6581, .T. ) ;
#10123 = FACE_OUTER_BOUND ( 'NONE', #6718, .T. ) ;
#10124 = AXIS2_PLACEMENT_3D ( 'NONE', #2315, #5950, #9066 ) ;
#10125 = ORIENTED_EDGE ( 'NONE', *, *, #10458, .F. ) ;
#10126 = CARTESIAN_POINT ( 'NONE',  ( 3.581183789785735176E-16, 2.309401076758504701, -1.600000000000000089 ) ) ;
#10127 = ORIENTED_EDGE ( 'NONE', *, *, #725, .T. ) ;
#10128 =( LENGTH_UNIT ( ) NAMED_UNIT ( * ) SI_UNIT ( .MILLI., .METRE. ) );
#10129 = DIRECTION ( 'NONE',  ( -0.000000000000000000, 1.000000000000000000, 0.000000000000000000 ) ) ;
#10130 = EDGE_CURVE ( 'NONE', #11205, #2108, #9458, .T. ) ;
#10131 = CARTESIAN_POINT ( 'NONE',  ( -2.000000000000000000, 0.000000000000000000, 0.000000000000000000 ) ) ;
#10132 = AXIS2_PLACEMENT_3D ( 'NONE', #4092, #6105, #10647 ) ;
#10133 = PRODUCT_DEFINITION_SHAPE ( 'NONE', 'NONE',  #11731 ) ;
#10134 = CYLINDRICAL_SURFACE ( 'NONE', #8286, 1.000000000000000000 ) ;
#10135 = DIRECTION ( 'NONE',  ( 0.000000000000000000, 0.000000000000000000, -1.000000000000000000 ) ) ;
#10136 = VERTEX_POINT ( 'NONE', #2277 ) ;
#10137 = DIRECTION ( 'NONE',  ( -0.000000000000000000, 0.000000000000000000, -1.000000000000000000 ) ) ;
#10138 = VERTEX_POINT ( 'NONE', #4472 ) ;
#10139 = CARTESIAN_POINT ( 'NONE',  ( 2.500000000000000000, 9.199999999999999289, -18.50000000000000355 ) ) ;
#10140 = CIRCLE ( 'NONE', #3159, 0.9999999999999997780 ) ;
#10141 = ORIENTED_EDGE ( 'NONE', *, *, #1851, .F. ) ;
#10142 = CARTESIAN_POINT ( 'NONE',  ( -0.5186766272845191317, -0.5064721182257586607, -0.7302883291087575168 ) ) ;
#10143 = CARTESIAN_POINT ( 'NONE',  ( 1.500000000000000000, 9.199999999999999289, -21.00000000000000000 ) ) ;
#10144 = B_SPLINE_CURVE_WITH_KNOTS ( 'NONE', 3,
 ( #3374, #4265, #633, #10594, #4383, #7171 ),
 .UNSPECIFIED., .F., .F.,
 ( 4, 2, 4 ),
 ( 0.001168606431211099582, 0.001750609284260043214, 0.002332612137308987497 ),
 .UNSPECIFIED. ) ;
#10145 = CARTESIAN_POINT ( 'NONE',  ( 3.599999999999999201, 2.971690854684141847, -0.8999999999999992450 ) ) ;
#10146 = CARTESIAN_POINT ( 'NONE',  ( 3.499999999999999556, 7.500000000000000000, -0.6161395356698261550 ) ) ;
#10147 = AXIS2_PLACEMENT_3D ( 'NONE', #9330, #9273, #185 ) ;
#10148 = ORIENTED_EDGE ( 'NONE', *, *, #671, .T. ) ;
#10149 = EDGE_CURVE ( 'NONE', #566, #10263, #5824, .T. ) ;
#10150 = FACE_OUTER_BOUND ( 'NONE', #5339, .T. ) ;
#10151 = CONICAL_SURFACE ( 'NONE', #11712, 1.000000000000000000, 1.047197551196604515 ) ;
#10152 = VECTOR ( 'NONE', #5846, 1000.000000000000000 ) ;
#10153 = ORIENTED_EDGE ( 'NONE', *, *, #6700, .F. ) ;
#10154 = DIRECTION ( 'NONE',  ( 0.000000000000000000, 0.000000000000000000, 1.000000000000000000 ) ) ;
#10155 = CARTESIAN_POINT ( 'NONE',  ( 3.500000000000000000, 2.500000000000000000, 0.000000000000000000 ) ) ;
#10156 = DIRECTION ( 'NONE',  ( -1.000000000000000000, 0.000000000000000000, 0.000000000000000000 ) ) ;
#10157 = CARTESIAN_POINT ( 'NONE',  ( 0.000000000000000000, -0.9999999999999997780, -1.469518839163146628 ) ) ;
#10158 = EDGE_CURVE ( 'NONE', #6498, #2565, #4529, .T. ) ;
#10159 = ADVANCED_FACE ( 'NONE', ( #7968 ), #9983, .T. ) ;
#10160 = CARTESIAN_POINT ( 'NONE',  ( 4.099999999999999645, 2.821690854684141936, -0.3999999999999987454 ) ) ;
#10161 = CONICAL_SURFACE ( 'NONE', #6377, 1.000000000000000000, 1.047197551196604515 ) ;
#10162 = ORIENTED_EDGE ( 'NONE', *, *, #6845, .T. ) ;
#10163 = VECTOR ( 'NONE', #2445, 1000.000000000000000 ) ;
#10164 = EDGE_CURVE ( 'NONE', #8444, #7599, #7322, .T. ) ;
#10165 = EDGE_CURVE ( 'NONE', #7547, #52, #8138, .T. ) ;
#10166 = DIRECTION ( 'NONE',  ( 0.000000000000000000, 0.000000000000000000, 1.000000000000000000 ) ) ;
#10167 = ORIENTED_EDGE ( 'NONE', *, *, #4463, .F. ) ;
#10168 = CYLINDRICAL_SURFACE ( 'NONE', #7902, 3.499999999999997780 ) ;
#10169 = CYLINDRICAL_SURFACE ( 'NONE', #7450, 1.099999999999998757 ) ;
#10170 = ORIENTED_EDGE ( 'NONE', *, *, #3045, .F. ) ;
#10171 = PRESENTATION_STYLE_ASSIGNMENT (( #8394 ) ) ;
#10172 = CARTESIAN_POINT ( 'NONE',  ( -2.000000000000000000, -1.154700538379254349, -1.421367205045916737 ) ) ;
#10173 = CARTESIAN_POINT ( 'NONE',  ( -3.000000000000000000, 0.000000000000000000, -10.50000000000000000 ) ) ;
#10174 = AXIS2_PLACEMENT_3D ( 'NONE', #10307, #10367, #4252 ) ;
#10175 = CARTESIAN_POINT ( 'NONE',  ( 0.000000000000000000, 0.000000000000000000, -0.1291166393111736477 ) ) ;
#10176 =( NAMED_UNIT ( * ) PLANE_ANGLE_UNIT ( ) SI_UNIT ( $, .RADIAN. ) );
#10177 = DIRECTION ( 'NONE',  ( 0.000000000000000000, 0.000000000000000000, 1.000000000000000000 ) ) ;
#10178 = ORIENTED_EDGE ( 'NONE', *, *, #7145, .F. ) ;
#10179 = CYLINDRICAL_SURFACE ( 'NONE', #11346, 2.500000000000002220 ) ;
#10180 = ADVANCED_FACE ( 'NONE', ( #2568 ), #3633, .F. ) ;
#10181 = ORIENTED_EDGE ( 'NONE', *, *, #3291, .T. ) ;
#10182 = ADVANCED_FACE ( 'NONE', ( #11649 ), #1461, .T. ) ;
#10183 = DIRECTION ( 'NONE',  ( 0.000000000000000000, 0.000000000000000000, -1.000000000000000000 ) ) ;
#10184 = VERTEX_POINT ( 'NONE', #7085 ) ;
#10185 = LINE ( 'NONE', #1343, #6036 ) ;
#10186 = AXIS2_PLACEMENT_3D ( 'NONE', #8509, #10217, #7376 ) ;
#10187 = EDGE_LOOP ( 'NONE', ( #2397, #1664, #11410 ) ) ;
#10188 = FILL_AREA_STYLE_COLOUR ( '', #10369 ) ;
#10189 = CARTESIAN_POINT ( 'NONE',  ( -1.999999999999999556, 0.000000000000000000, 0.000000000000000000 ) ) ;
#10190 = UNCERTAINTY_MEASURE_WITH_UNIT (LENGTH_MEASURE( 1.000000000000000082E-05 ), #5514, 'distance_accuracy_value', 'NONE');
#10191 = CARTESIAN_POINT ( 'NONE',  ( 0.000000000000000000, 9.199999999999999289, -18.50000000000000355 ) ) ;
#10192 = DIRECTION ( 'NONE',  ( 1.060575238724909257E-16, -0.8660254037844404840, -0.4999999999999967248 ) ) ;
#10193 = DIRECTION ( 'NONE',  ( 1.000000000000000000, 0.000000000000000000, 0.000000000000000000 ) ) ;
#10194 = CARTESIAN_POINT ( 'NONE',  ( 0.000000000000000000, 0.7740000000000005764, -2.400000000000000355 ) ) ;
#10195 = AXIS2_PLACEMENT_3D ( 'NONE', #5892, #1368, #541 ) ;
#10196 = EDGE_LOOP ( 'NONE', ( #2228, #5609, #5141, #7012, #3255 ) ) ;
#10197 = CARTESIAN_POINT ( 'NONE',  ( -1.000000000000000888, 1.732050807568876749, 0.000000000000000000 ) ) ;
#10198 = UNCERTAINTY_MEASURE_WITH_UNIT (LENGTH_MEASURE( 1.000000000000000082E-05 ), #915, 'distance_accuracy_value', 'NONE');
#10199 = EDGE_LOOP ( 'NONE', ( #9375, #4922, #4807, #11194, #2199, #3264 ) ) ;
#10200 = CARTESIAN_POINT ( 'NONE',  ( 2.000000000000000000, 1.154700538379254349, -1.421367205045916737 ) ) ;
#10201 = EDGE_LOOP ( 'NONE', ( #9336, #11381, #7991, #5683, #7534, #2408 ) ) ;
#10202 = VERTEX_POINT ( 'NONE', #4576 ) ;
#10204 = AXIS2_PLACEMENT_3D ( 'NONE', #8602, #4864, #9616 ) ;
#10203 = DIRECTION ( 'NONE',  ( 1.000000000000000000, 0.000000000000000000, 0.000000000000000000 ) ) ;
#10205 = CARTESIAN_POINT ( 'NONE',  ( -2.000000000000002665, 0.8999999999999995781, -23.30940107675841233 ) ) ;
#10206 = DIRECTION ( 'NONE',  ( -0.000000000000000000, 0.000000000000000000, -1.000000000000000000 ) ) ;
#10207 = CARTESIAN_POINT ( 'NONE',  ( 2.000000000000000000, 1.154700538379250130, -1.600000000000000089 ) ) ;
#10208 =( REPRESENTATION_RELATIONSHIP ('NONE','NONE', #9860, #7134 ) REPRESENTATION_RELATIONSHIP_WITH_TRANSFORMATION ( #4884 )SHAPE_REPRESENTATION_RELATIONSHIP( ) );
#10209 = ORIENTED_EDGE ( 'NONE', *, *, #1621, .T. ) ;
#10210 = PLANE ( 'NONE',  #5474 ) ;
#10211 = ORIENTED_EDGE ( 'NONE', *, *, #4224, .F. ) ;
#10212 = EDGE_CURVE ( 'NONE', #6816, #8893, #3519, .T. ) ;
#10213 = PLANE ( 'NONE',  #7706 ) ;
#10214 = DIRECTION ( 'NONE',  ( 1.000000000000000000, 0.000000000000000000, 0.000000000000000000 ) ) ;
#10215 = DIRECTION ( 'NONE',  ( 0.000000000000000000, 0.000000000000000000, 1.000000000000000000 ) ) ;
#10216 = DIRECTION ( 'NONE',  ( 0.000000000000000000, 0.000000000000000000, 1.000000000000000000 ) ) ;
#10217 = DIRECTION ( 'NONE',  ( -1.000000000000000000, 0.000000000000000000, 0.000000000000000000 ) ) ;
#10218 = EDGE_LOOP ( 'NONE', ( #4782, #7606 ) ) ;
#10219 = AXIS2_PLACEMENT_3D ( 'NONE', #5917, #9528, #1393 ) ;
#10220 = CARTESIAN_POINT ( 'NONE',  ( 4.099999999999999645, 2.821690854684141936, -0.3999999999999987454 ) ) ;
#10221 = VERTEX_POINT ( 'NONE', #1799 ) ;
#10222 = EDGE_CURVE ( 'NONE', #3718, #9669, #4355, .T. ) ;
#10223 = DIRECTION ( 'NONE',  ( -1.000000000000000000, 0.000000000000000000, 0.000000000000000000 ) ) ;
#10224 = FACE_OUTER_BOUND ( 'NONE', #1085, .T. ) ;
#10225 = ORIENTED_EDGE ( 'NONE', *, *, #4162, .F. ) ;
#10226 = ADVANCED_FACE ( 'NONE', ( #899 ), #784, .F. ) ;
#10227 = CARTESIAN_POINT ( 'NONE',  ( -19.65914770952259261, -0.3502617553154639962, 1033.600000000006958 ) ) ;
#10228 = CARTESIAN_POINT ( 'NONE',  ( 2.000000000000000000, 0.000000000000000000, -1.600000000000000089 ) ) ;
#10229 = CARTESIAN_POINT ( 'NONE',  ( -2.000000000000000000, 0.000000000000000000, -3.000000000000000000 ) ) ;
#10230 = CARTESIAN_POINT ( 'NONE',  ( 0.000000000000000000, 2.500000000000000000, -6.000000000000000000 ) ) ;
#10231 = EDGE_CURVE ( 'NONE', #3074, #1877, #6965, .T. ) ;
#10232 = CARTESIAN_POINT ( 'NONE',  ( 2.000000000000000000, 9.199999999999999289, -18.50000000000000355 ) ) ;
#10233 = CARTESIAN_POINT ( 'NONE',  ( 0.9526279441628799916, 0.5499999999999986011, -0.2999999999999842792 ) ) ;
#10234 = VERTEX_POINT ( 'NONE', #727 ) ;
#10235 = FACE_OUTER_BOUND ( 'NONE', #6020, .T. ) ;
#10236 = VECTOR ( 'NONE', #774, 1000.000000000000000 ) ;
#10237 = ORIENTED_EDGE ( 'NONE', *, *, #5028, .F. ) ;
#10238 = CARTESIAN_POINT ( 'NONE',  ( 3.000000000000000000, 0.000000000000000000, 1.000000000000000000 ) ) ;
#10239 = ORIENTED_EDGE ( 'NONE', *, *, #7970, .T. ) ;
#10240 = EDGE_CURVE ( 'NONE', #8181, #10347, #3694, .T. ) ;
#10241 = DIRECTION ( 'NONE',  ( 0.000000000000000000, -1.224649721909276639E-16, 1.000000000000000000 ) ) ;
#10242 = ORIENTED_EDGE ( 'NONE', *, *, #158, .T. ) ;
#10243 = CYLINDRICAL_SURFACE ( 'NONE', #7877, 1.000000000000000444 ) ;
#10244 = CONICAL_SURFACE ( 'NONE', #4909, 0.7740000000000000213, 1.047197551196601628 ) ;
#10245 = DIRECTION ( 'NONE',  ( -0.5000000000000004441, 0.000000000000000000, 0.8660254037844383745 ) ) ;
#10246 = ADVANCED_FACE ( 'NONE', ( #3457 ), #4410, .T. ) ;
#10247 = LINE ( 'NONE', #4149, #8031 ) ;
#10248 = ADVANCED_FACE ( 'NONE', ( #5299 ), #6139, .T. ) ;
#10249 = DIRECTION ( 'NONE',  ( -1.000000000000000000, 0.000000000000000000, 0.000000000000000000 ) ) ;
#10250 = DIRECTION ( 'NONE',  ( 0.000000000000000000, -1.000000000000000000, 0.000000000000000000 ) ) ;
#10251 = EDGE_LOOP ( 'NONE', ( #458, #6541, #2744, #8276 ) ) ;
#10252 = DIRECTION ( 'NONE',  ( 0.000000000000000000, 0.000000000000000000, 1.000000000000000000 ) ) ;
#10253 = ORIENTED_EDGE ( 'NONE', *, *, #7362, .F. ) ;
#10254 = CARTESIAN_POINT ( 'NONE',  ( 0.000000000000000000, 5.058392604970359998E-16, -2.930481160836854393 ) ) ;
#10255 = CIRCLE ( 'NONE', #7416, 1.000000000000000000 ) ;
#10256 = ORIENTED_EDGE ( 'NONE', *, *, #1403, .T. ) ;
#10257 = VERTEX_POINT ( 'NONE', #6422 ) ;
#10258 = DIRECTION ( 'NONE',  ( 0.000000000000000000, 0.000000000000000000, -1.000000000000000000 ) ) ;
#10259 = ORIENTED_EDGE ( 'NONE', *, *, #3358, .T. ) ;
#10260 = ADVANCED_FACE ( 'NONE', ( #4637 ), #8318, .T. ) ;
#10261 = DIRECTION ( 'NONE',  ( -0.4999999999999988898, 0.000000000000000000, -0.8660254037844392627 ) ) ;
#10262 = LINE ( 'NONE', #3696, #10655 ) ;
#10263 = VERTEX_POINT ( 'NONE', #2032 ) ;
#10264 = LINE ( 'NONE', #2147, #7549 ) ;
#10265 = ORIENTED_EDGE ( 'NONE', *, *, #7914, .F. ) ;
#10266 = VECTOR ( 'NONE', #5900, 1000.000000000000000 ) ;
#10267 = DIRECTION ( 'NONE',  ( -0.000000000000000000, 0.000000000000000000, -1.000000000000000000 ) ) ;
#10268 = CARTESIAN_POINT ( 'NONE',  ( 3.000000000000000000, 0.000000000000000000, 0.000000000000000000 ) ) ;
#10269 = ADVANCED_FACE ( 'NONE', ( #1066 ), #7366, .F. ) ;
#10270 = ORIENTED_EDGE ( 'NONE', *, *, #11025, .T. ) ;
#10271 = DIRECTION ( 'NONE',  ( 1.000000000000000000, 0.000000000000000000, 0.000000000000000000 ) ) ;
#10272 = DIRECTION ( 'NONE',  ( 0.000000000000000000, -1.224649721909276639E-16, 1.000000000000000000 ) ) ;
#10273 =( GEOMETRIC_REPRESENTATION_CONTEXT ( 3 ) GLOBAL_UNCERTAINTY_ASSIGNED_CONTEXT ( ( #2969 ) ) GLOBAL_UNIT_ASSIGNED_CONTEXT ( ( #4312, #7803, #4192 ) ) REPRESENTATION_CONTEXT ( 'NONE', 'WORKASPACE' ) );
#10274 = AXIS2_PLACEMENT_3D ( 'NONE', #4673, #4559, #3905 ) ;
#10275 = DIRECTION ( 'NONE',  ( -0.000000000000000000, -0.000000000000000000, 1.000000000000000000 ) ) ;
#10276 = ORIENTED_EDGE ( 'NONE', *, *, #1029, .T. ) ;
#10277 = EDGE_CURVE ( 'NONE', #3927, #6716, #178, .T. ) ;
#10278 = CARTESIAN_POINT ( 'NONE',  ( 0.000000000000000000, 0.000000000000000000, 0.000000000000000000 ) ) ;
#10279 = CIRCLE ( 'NONE', #11237, 3.000000000000000000 ) ;
#10280 = EDGE_LOOP ( 'NONE', ( #9431, #9760, #11604, #1798, #9134, #6872 ) ) ;
#10281 = AXIS2_PLACEMENT_3D ( 'NONE', #2456, #11530, #6858 ) ;
#10282 = CARTESIAN_POINT ( 'NONE',  ( -21.50000000000000000, 6.123233995736766036E-17, 0.5000000000000000000 ) ) ;
#10283 = ORIENTED_EDGE ( 'NONE', *, *, #4091, .T. ) ;
#10284 = DIRECTION ( 'NONE',  ( -1.000000000000000000, -1.179225383541803019E-16, -9.430481058807856402E-16 ) ) ;
#10285 = CARTESIAN_POINT ( 'NONE',  ( -2.000000000000000000, 1.154700538379254349, -1.421367205045916737 ) ) ;
#10286 = CARTESIAN_POINT ( 'NONE',  ( 1.549999999999999378, 17.00000000000000000, -4.732195743157014078 ) ) ;
#10287 = CARTESIAN_POINT ( 'NONE',  ( 3.500000000000000000, 0.000000000000000000, 0.000000000000000000 ) ) ;
#10288 = CARTESIAN_POINT ( 'NONE',  ( 0.000000000000000000, 0.000000000000000000, -1.600000000000000089 ) ) ;
#10289 = AXIS2_PLACEMENT_3D ( 'NONE', #10326, #3100, #8615 ) ;
#10290 = AXIS2_PLACEMENT_3D ( 'NONE', #4803, #8422, #7415 ) ;
#10291 = ORIENTED_EDGE ( 'NONE', *, *, #9926, .F. ) ;
#10292 = DIRECTION ( 'NONE',  ( 1.000000000000000000, 0.000000000000000000, 0.000000000000000000 ) ) ;
#10293 = EDGE_CURVE ( 'NONE', #7484, #1342, #5216, .T. ) ;
#10294 = ORIENTED_EDGE ( 'NONE', *, *, #4818, .T. ) ;
#10295 = CARTESIAN_POINT ( 'NONE',  ( 0.7263287850284176894, -0.2227272727272730235, -0.7092725651034373913 ) ) ;
#10296 = B_SPLINE_CURVE_WITH_KNOTS ( 'NONE', 3,
 ( #670, #6026, #9643, #1509, #607, #8742 ),
 .UNSPECIFIED., .F., .F.,
 ( 4, 2, 4 ),
 ( 0.002060137505873420056, 0.002644210467598552029, 0.003228283429323684436 ),
 .UNSPECIFIED. ) ;
#10297 = AXIS2_PLACEMENT_3D ( 'NONE', #11123, #3128, #505 ) ;
#10298 = VERTEX_POINT ( 'NONE', #360 ) ;
#10299 = CYLINDRICAL_SURFACE ( 'NONE', #10560, 5.500000000000000000 ) ;
#10300 = ORIENTED_EDGE ( 'NONE', *, *, #4014, .T. ) ;
#10301 = DIRECTION ( 'NONE',  ( 0.8660254037844382635, 0.000000000000000000, 0.5000000000000008882 ) ) ;
#10302 = AXIS2_PLACEMENT_3D ( 'NONE', #5275, #7999, #9780 ) ;
#10303 = DIRECTION ( 'NONE',  ( 0.000000000000000000, 0.000000000000000000, 1.000000000000000000 ) ) ;
#10304 = FACE_OUTER_BOUND ( 'NONE', #11547, .T. ) ;
#10305 = SHAPE_REPRESENTATION ( 'ImaEncoder', ( #4873 ), #7954 ) ;
#10306 = CYLINDRICAL_SURFACE ( 'NONE', #782, 1.099999999999996758 ) ;
#10307 = CARTESIAN_POINT ( 'NONE',  ( 3.500000000000000000, 0.000000000000000000, 0.000000000000000000 ) ) ;
#10308 = LINE ( 'NONE', #1421, #5516 ) ;
#10309 = EDGE_CURVE ( 'NONE', #10753, #5818, #6659, .T. ) ;
#10310 = EDGE_CURVE ( 'NONE', #11461, #3088, #3553, .T. ) ;
#10311 = VERTEX_POINT ( 'NONE', #1123 ) ;
#10312 = CONICAL_SURFACE ( 'NONE', #5204, 2.000000000000000000, 1.047197551196596299 ) ;
#10313 = DIRECTION ( 'NONE',  ( -1.000000000000000000, 0.000000000000000000, 4.440892098500625176E-16 ) ) ;
#10314 = EDGE_CURVE ( 'NONE', #10037, #3060, #9621, .T. ) ;
#10315 = ORIENTED_EDGE ( 'NONE', *, *, #9297, .T. ) ;
#10316 = B_SPLINE_CURVE_WITH_KNOTS ( 'NONE', 3,
 ( #9855, #10684, #7912, #5577, #662, #10131 ),
 .UNSPECIFIED., .F., .F.,
 ( 4, 2, 4 ),
 ( 0.002060137505873420056, 0.002644210467598552029, 0.003228283429323684436 ),
 .UNSPECIFIED. ) ;
#10317 = CARTESIAN_POINT ( 'NONE',  ( -2.000000000000000000, -0.8000000000000211386, -20.99999999999990763 ) ) ;
#10318 = EDGE_CURVE ( 'NONE', #783, #10604, #5446, .T. ) ;
#10319 = EDGE_LOOP ( 'NONE', ( #273, #11238, #7520, #3976 ) ) ;
#10320 = EDGE_CURVE ( 'NONE', #5215, #7936, #7909, .T. ) ;
#10321 = ORIENTED_EDGE ( 'NONE', *, *, #1498, .F. ) ;
#10322 = SURFACE_SIDE_STYLE ('',( #4160 ) ) ;
#10323 = CARTESIAN_POINT ( 'NONE',  ( 2.000000000000000000, -1.154700538379255015, -1.421367205045916737 ) ) ;
#10324 = ORIENTED_EDGE ( 'NONE', *, *, #6475, .F. ) ;
#10325 = LINE ( 'NONE', #2207, #8662 ) ;
#10326 = CARTESIAN_POINT ( 'NONE',  ( 0.000000000000000000, 0.000000000000000000, -3.299999999999985167 ) ) ;
#10327 = ORIENTED_EDGE ( 'NONE', *, *, #8177, .F. ) ;
#10328 = CARTESIAN_POINT ( 'NONE',  ( 1.000000000000000000, 9.199999999999999289, -18.50000000000000355 ) ) ;
#10329 = AXIS2_PLACEMENT_3D ( 'NONE', #8111, #4663, #6228 ) ;
#10330 = DIRECTION ( 'NONE',  ( -0.000000000000000000, -1.000000000000000000, 0.000000000000000000 ) ) ;
#10331 = AXIS2_PLACEMENT_3D ( 'NONE', #1416, #3372, #6880 ) ;
#10332 = PRODUCT ( 'MancalEsquerdo', 'MancalEsquerdo', '', ( #3817 ) ) ;
#10333 = EDGE_CURVE ( 'NONE', #932, #4962, #5772, .T. ) ;
#10334 = ORIENTED_EDGE ( 'NONE', *, *, #8303, .F. ) ;
#10335 = CARTESIAN_POINT ( 'NONE',  ( -1.999999999999999556, 1.084202172485504434E-16, -19.59999999999992681 ) ) ;
#10336 = DIRECTION ( 'NONE',  ( 0.000000000000000000, 0.000000000000000000, -1.000000000000000000 ) ) ;
#10337 = AXIS2_PLACEMENT_3D ( 'NONE', #1273, #7511, #3774 ) ;
#10338 = ORIENTED_EDGE ( 'NONE', *, *, #5418, .T. ) ;
#10339 = DIRECTION ( 'NONE',  ( 0.000000000000000000, 0.8660254037844407060, -0.4999999999999963918 ) ) ;
#10340 = FACE_OUTER_BOUND ( 'NONE', #780, .T. ) ;
#10341 = DIRECTION ( 'NONE',  ( 1.000000000000000000, 0.000000000000000000, 0.000000000000000000 ) ) ;
#10342 = EDGE_LOOP ( 'NONE', ( #9465, #5632, #9771, #5252, #5697, #5879 ) ) ;
#10343 = EDGE_CURVE ( 'NONE', #2609, #2846, #3751, .T. ) ;
#10344 = CARTESIAN_POINT ( 'NONE',  ( 1.500000000000000000, 9.199999999999999289, -16.00000000000000355 ) ) ;
#10345 = AXIS2_PLACEMENT_3D ( 'NONE', #1052, #5296, #3455 ) ;
#10346 = AXIS2_PLACEMENT_3D ( 'NONE', #796, #7100, #2694 ) ;
#10347 = VERTEX_POINT ( 'NONE', #1966 ) ;
#10348 = CARTESIAN_POINT ( 'NONE',  ( 2.000000000000000000, -1.154700538379255015, -1.421367205045916737 ) ) ;
#10349 = ORIENTED_EDGE ( 'NONE', *, *, #378, .T. ) ;
#10350 = DIRECTION ( 'NONE',  ( -1.000000000000000000, 0.000000000000000000, 0.000000000000000000 ) ) ;
#10351 = DIRECTION ( 'NONE',  ( -1.000000000000000000, 0.000000000000000000, 0.000000000000000000 ) ) ;
#10352 = CYLINDRICAL_SURFACE ( 'NONE', #2365, 2.499999999999998668 ) ;
#10353 = DIRECTION ( 'NONE',  ( 1.000000000000000000, 0.000000000000000000, -0.000000000000000000 ) ) ;
#10354 = AXIS2_PLACEMENT_3D ( 'NONE', #8909, #7143, #10747 ) ;
#10355 = EDGE_LOOP ( 'NONE', ( #4080, #7536, #10563, #2254 ) ) ;
#10356 = CARTESIAN_POINT ( 'NONE',  ( -1.672282218993688341, -1.343908487461473733, -1.520662200187637758 ) ) ;
#10357 = ORIENTED_EDGE ( 'NONE', *, *, #1464, .T. ) ;
#10358 = LINE ( 'NONE', #11193, #8410 ) ;
#10359 = VERTEX_POINT ( 'NONE', #10975 ) ;
#10360 = DIRECTION ( 'NONE',  ( 0.000000000000000000, 0.000000000000000000, -1.000000000000000000 ) ) ;
#10361 = VECTOR ( 'NONE', #5049, 1000.000000000000000 ) ;
#10362 = VERTEX_POINT ( 'NONE', #9266 ) ;
#10363 = LINE ( 'NONE', #5637, #10706 ) ;
#10364 = EDGE_CURVE ( 'NONE', #10359, #9675, #6478, .T. ) ;
#10365 = CARTESIAN_POINT ( 'NONE',  ( -1.000000000000000000, 3.061616997868383141E-16, 2.500000000000000000 ) ) ;
#10366 = CYLINDRICAL_SURFACE ( 'NONE', #5144, 1.099999999999998757 ) ;
#10367 = DIRECTION ( 'NONE',  ( 0.000000000000000000, 0.000000000000000000, 1.000000000000000000 ) ) ;
#10368 = CARTESIAN_POINT ( 'NONE',  ( 2.000000000000000000, 9.199999999999999289, -21.00000000000000355 ) ) ;
#10369 = COLOUR_RGB ( '',0.6509803921568627638, 0.6196078431372549211, 0.5882352941176470784 ) ;
#10370 = AXIS2_PLACEMENT_3D ( 'NONE', #9776, #10708, #7939 ) ;
#10371 = ORIENTED_EDGE ( 'NONE', *, *, #9044, .F. ) ;
#10372 = CARTESIAN_POINT ( 'NONE',  ( -1.672828002720946339, 1.343593379079620398, -0.06957546252590333935 ) ) ;
#10373 = ORIENTED_EDGE ( 'NONE', *, *, #2057, .F. ) ;
#10374 = AXIS2_PLACEMENT_3D ( 'NONE', #5425, #4580, #11710 ) ;
#10375 = LINE ( 'NONE', #5822, #2542 ) ;
#10376 = ORIENTED_EDGE ( 'NONE', *, *, #1655, .F. ) ;
#10377 = ORIENTED_EDGE ( 'NONE', *, *, #3873, .F. ) ;
#10378 = EDGE_CURVE ( 'NONE', #2441, #10037, #7485, .T. ) ;
#10379 = CARTESIAN_POINT ( 'NONE',  ( 0.6062177826491110810, -0.3500000000000007550, -500000.0000000000582 ) ) ;
#10380 = EDGE_CURVE ( 'NONE', #3921, #8367, #2216, .T. ) ;
#10381 = CARTESIAN_POINT ( 'NONE',  ( 14.81370849898476116, 17.00000000000000000, -8.732195743157015855 ) ) ;
#10382 = EDGE_CURVE ( 'NONE', #1744, #4911, #4500, .T. ) ;
#10383 = AXIS2_PLACEMENT_3D ( 'NONE', #3391, #9798, #7906 ) ;
#10384 = DIRECTION ( 'NONE',  ( 1.000000000000000000, 0.000000000000000000, 0.000000000000000000 ) ) ;
#10385 = EDGE_CURVE ( 'NONE', #10138, #5212, #5247, .T. ) ;
#10386 = DIRECTION ( 'NONE',  ( -1.000000000000000000, 0.000000000000000000, -0.000000000000000000 ) ) ;
#10387 = VERTEX_POINT ( 'NONE', #8430 ) ;
#10388 = DIRECTION ( 'NONE',  ( 1.000000000000000000, 0.000000000000000000, 0.000000000000000000 ) ) ;
#10389 = DIRECTION ( 'NONE',  ( 0.000000000000000000, -0.000000000000000000, 1.000000000000000000 ) ) ;
#10390 = EDGE_CURVE ( 'NONE', #568, #4869, #3933, .T. ) ;
#10391 = ORIENTED_EDGE ( 'NONE', *, *, #6239, .F. ) ;
#10392 = CONTEXT_DEPENDENT_SHAPE_REPRESENTATION ( #2711, #10133 ) ;
#10393 = CARTESIAN_POINT ( 'NONE',  ( 0.000000000000000000, 2.971690854684141847, 0.9000000000000006883 ) ) ;
#10394 = CARTESIAN_POINT ( 'NONE',  ( -0.9526279441628807687, 0.5500000000000003775, -0.3000000000000181410 ) ) ;
#10395 = ORIENTED_EDGE ( 'NONE', *, *, #2690, .T. ) ;
#10396 = CARTESIAN_POINT ( 'NONE',  ( -8.000000000000000000, 17.00000000000000000, -8.732195743157015855 ) ) ;
#10398 = ADVANCED_FACE ( 'NONE', ( #8670 ), #1492, .F. ) ;
#10397 = CARTESIAN_POINT ( 'NONE',  ( 0.000000000000000000, 0.000000000000000000, 0.5000000000000000000 ) ) ;
#10399 = EDGE_CURVE ( 'NONE', #5212, #10138, #7719, .T. ) ;
#10400 = FACE_BOUND ( 'NONE', #6014, .T. ) ;
#10401 = ORIENTED_EDGE ( 'NONE', *, *, #5398, .F. ) ;
#10402 = CARTESIAN_POINT ( 'NONE',  ( 0.7263287850284178004, 0.2227272727272736064, -0.7092725651034372802 ) ) ;
#10403 = COLOUR_RGB ( '',1.000000000000000000, 0.9490196078431372140, 0.9098039215686274384 ) ;
#10404 = VERTEX_POINT ( 'NONE', #10556 ) ;
#10405 = DIRECTION ( 'NONE',  ( 1.000000000000000000, -0.000000000000000000, -0.000000000000000000 ) ) ;
#10406 = ORIENTED_EDGE ( 'NONE', *, *, #68, .T. ) ;
#10407 = CARTESIAN_POINT ( 'NONE',  ( -4.209147709522587100, -2.050261755315460288, 1045.983860464337113 ) ) ;
#10408 = DIRECTION ( 'NONE',  ( 1.000000000000000000, 0.000000000000000000, -0.000000000000000000 ) ) ;
#10409 = PLANE ( 'NONE',  #1201 ) ;
#10410 = LINE ( 'NONE', #1575, #3316 ) ;
#10411 = CARTESIAN_POINT ( 'NONE',  ( 0.000000000000000000, 9.199999999999999289, -22.50000000000000355 ) ) ;
#10412 = AXIS2_PLACEMENT_3D ( 'NONE', #5798, #7510, #4010 ) ;
#10413 = EDGE_LOOP ( 'NONE', ( #8004, #11423, #10591, #501, #10455, #751 ) ) ;
#10414 = CARTESIAN_POINT ( 'NONE',  ( 0.1631781751318166773, -2.215190113420280049, -0.1242400699092133382 ) ) ;
#10415 = ORIENTED_EDGE ( 'NONE', *, *, #4645, .T. ) ;
#10416 = FACE_OUTER_BOUND ( 'NONE', #7050, .T. ) ;
#10417 = EDGE_LOOP ( 'NONE', ( #401, #7357, #3021, #4908, #9566 ) ) ;
#10418 = CARTESIAN_POINT ( 'NONE',  ( 0.000000000000000000, 23.00000000000000000, 0.000000000000000000 ) ) ;
#10419 = ORIENTED_EDGE ( 'NONE', *, *, #825, .T. ) ;
#10420 = DIRECTION ( 'NONE',  ( -1.000000000000000000, 0.000000000000000000, 0.000000000000000000 ) ) ;
#10421 = CARTESIAN_POINT ( 'NONE',  ( 0.2776701573299293901, -0.5673746495327970374, -0.7871156299462365169 ) ) ;
#10422 = CARTESIAN_POINT ( 'NONE',  ( 5.500000000000001776, 0.2999999999999825584, -2.999999999999891642 ) ) ;
#10423 = ADVANCED_FACE ( 'NONE', ( #4165 ), #8724, .T. ) ;
#10424 = DIRECTION ( 'NONE',  ( -0.000000000000000000, -0.000000000000000000, 1.000000000000000000 ) ) ;
#10425 = AXIS2_PLACEMENT_3D ( 'NONE', #11066, #205, #3834 ) ;
#10426 = PRODUCT_DEFINITION_SHAPE ( 'NONE', 'NONE',  #11218 ) ;
#10427 = DIRECTION ( 'NONE',  ( 1.000000000000000000, -0.000000000000000000, -0.000000000000000000 ) ) ;
#10428 = ORIENTED_EDGE ( 'NONE', *, *, #91, .F. ) ;
#10429 = CARTESIAN_POINT ( 'NONE',  ( 0.000000000000000000, -0.9999999999999993339, -3.869518839163146762 ) ) ;
#10430 = ORIENTED_EDGE ( 'NONE', *, *, #6190, .T. ) ;
#10431 = DIRECTION ( 'NONE',  ( 0.000000000000000000, 0.000000000000000000, -1.000000000000000000 ) ) ;
#10432 = EDGE_CURVE ( 'NONE', #2974, #5510, #6206, .T. ) ;
#10433 = ORIENTED_EDGE ( 'NONE', *, *, #2927, .F. ) ;
#10434 = ORIENTED_EDGE ( 'NONE', *, *, #9144, .T. ) ;
#10435 = AXIS2_PLACEMENT_3D ( 'NONE', #2903, #5467, #5696 ) ;
#10436 =( NAMED_UNIT ( * ) SI_UNIT ( $, .STERADIAN. ) SOLID_ANGLE_UNIT ( ) );
#10437 = DIRECTION ( 'NONE',  ( 0.000000000000000000, 0.000000000000000000, 1.000000000000000000 ) ) ;
#10438 = DIRECTION ( 'NONE',  ( 0.000000000000000000, -0.000000000000000000, -1.000000000000000000 ) ) ;
#10439 = PLANE ( 'NONE',  #4430 ) ;
#10440 = EDGE_LOOP ( 'NONE', ( #6426, #10270, #571, #10867, #3936, #7660 ) ) ;
#10441 = PLANE ( 'NONE',  #3579 ) ;
#10442 = CONICAL_SURFACE ( 'NONE', #4397, 2.200000000000000622, 0.7853981633974482790 ) ;
#10443 = EDGE_CURVE ( 'NONE', #7593, #11192, #10325, .T. ) ;
#10444 = LINE ( 'NONE', #9509, #9553 ) ;
#10445 = CARTESIAN_POINT ( 'NONE',  ( 0.000000000000000000, 0.000000000000000000, -0.2999999999999842792 ) ) ;
#10446 = ORIENTED_EDGE ( 'NONE', *, *, #11624, .T. ) ;
#10447 = CONTEXT_DEPENDENT_SHAPE_REPRESENTATION ( #7563, #8829 ) ;
#10448 =( NAMED_UNIT ( * ) SI_UNIT ( $, .STERADIAN. ) SOLID_ANGLE_UNIT ( ) );
#10449 = ORIENTED_EDGE ( 'NONE', *, *, #7218, .F. ) ;
#10450 = CARTESIAN_POINT ( 'NONE',  ( 0.000000000000000000, 5.058392604970359998E-16, -3.730481160836854215 ) ) ;
#10451 = DIRECTION ( 'NONE',  ( 0.000000000000000000, 1.000000000000000000, 2.168404344971008868E-16 ) ) ;
#10452 = DIRECTION ( 'NONE',  ( 1.000000000000000000, 0.000000000000000000, 0.000000000000000000 ) ) ;
#10453 = EDGE_CURVE ( 'NONE', #5755, #6371, #11311, .T. ) ;
#10454 = ADVANCED_FACE ( 'NONE', ( #8614 ), #9677, .F. ) ;
#10455 = ORIENTED_EDGE ( 'NONE', *, *, #5101, .F. ) ;
#10456 = EDGE_CURVE ( 'NONE', #1928, #2401, #889, .T. ) ;
#10457 = ORIENTED_EDGE ( 'NONE', *, *, #5378, .F. ) ;
#10458 = EDGE_CURVE ( 'NONE', #9243, #4678, #7778, .T. ) ;
#10459 = DIRECTION ( 'NONE',  ( 1.000000000000000000, 0.000000000000000000, 0.000000000000000000 ) ) ;
#10460 = EDGE_CURVE ( 'NONE', #2610, #7967, #4109, .T. ) ;
#10461 = ORIENTED_EDGE ( 'NONE', *, *, #5893, .T. ) ;
#10462 = DIRECTION ( 'NONE',  ( -6.982962677686266711E-15, 0.000000000000000000, -1.000000000000000000 ) ) ;
#10463 = CONICAL_SURFACE ( 'NONE', #10274, 1.000000000000000000, 1.047197551196604515 ) ;
#10464 = CARTESIAN_POINT ( 'NONE',  ( 0.000000000000000000, 2.309401076758504701, -1.600000000000000089 ) ) ;
#10465 = CARTESIAN_POINT ( 'NONE',  ( -2.000000000000000000, 2.500000000000000000, 0.000000000000000000 ) ) ;
#10466 = DIRECTION ( 'NONE',  ( -0.000000000000000000, -0.000000000000000000, 1.000000000000000000 ) ) ;
#10467 = FACE_BOUND ( 'NONE', #5966, .T. ) ;
#10468 = EDGE_LOOP ( 'NONE', ( #7874, #3919, #9462, #3154 ) ) ;
#10469 = DIRECTION ( 'NONE',  ( 0.000000000000000000, 0.000000000000000000, 1.000000000000000000 ) ) ;
#10470 = CIRCLE ( 'NONE', #8198, 1.999999999999999556 ) ;
#10471 = AXIS2_PLACEMENT_3D ( 'NONE', #5488, #3643, #5542 ) ;
#10472 = ORIENTED_EDGE ( 'NONE', *, *, #2489, .F. ) ;
#10473 = PRESENTATION_LAYER_ASSIGNMENT (  '', '', ( #6314 ) ) ;
#10474 = DIRECTION ( 'NONE',  ( -0.000000000000000000, 0.000000000000000000, 1.000000000000000000 ) ) ;
#10475 = ORIENTED_EDGE ( 'NONE', *, *, #11618, .T. ) ;
#10476 = LINE ( 'NONE', #9604, #6774 ) ;
#10477 = ADVANCED_FACE ( 'NONE', ( #11216 ), #8480, .F. ) ;
#10478 = VERTEX_POINT ( 'NONE', #3272 ) ;
#10479 = CIRCLE ( 'NONE', #822, 1.000000000000000000 ) ;
#10480 =( LENGTH_UNIT ( ) NAMED_UNIT ( * ) SI_UNIT ( .MILLI., .METRE. ) );
#10481 = DIRECTION ( 'NONE',  ( 0.000000000000000000, 1.000000000000000000, 0.000000000000000000 ) ) ;
#10482 = SURFACE_SIDE_STYLE ('',( #6881 ) ) ;
#10483 = DIRECTION ( 'NONE',  ( -0.000000000000000000, 1.224649721909276639E-16, -1.000000000000000000 ) ) ;
#10484 = CIRCLE ( 'NONE', #1404, 1.400000000000015898 ) ;
#10485 = CIRCLE ( 'NONE', #8401, 2.999999999999999112 ) ;
#10486 = LINE ( 'NONE', #5038, #9696 ) ;
#10487 = CARTESIAN_POINT ( 'NONE',  ( 2.099999999999999645, -4.001000000000000334, -0.4999999999999991673 ) ) ;
#10488 = VERTEX_POINT ( 'NONE', #5834 ) ;
#10489 = CARTESIAN_POINT ( 'NONE',  ( 0.4682615195961036259, -0.8110527431698564271, 0.000000000000000000 ) ) ;
#10490 = CIRCLE ( 'NONE', #7260, 1.500000000000001332 ) ;
#10491 = ORIENTED_EDGE ( 'NONE', *, *, #3780, .F. ) ;
#10492 = CARTESIAN_POINT ( 'NONE',  ( 0.7594391914123085341, -0.2539745335419718031, -0.6847476083480963371 ) ) ;
#10493 = CONICAL_SURFACE ( 'NONE', #1402, 0.7740000000000000213, 1.047197551196601628 ) ;
#10494 = ORIENTED_EDGE ( 'NONE', *, *, #10529, .F. ) ;
#10495 = AXIS2_PLACEMENT_3D ( 'NONE', #10956, #6635, #5740 ) ;
#10496 = EDGE_CURVE ( 'NONE', #8087, #9630, #4931, .T. ) ;
#10497 = VERTEX_POINT ( 'NONE', #10501 ) ;
#10498 =( LENGTH_UNIT ( ) NAMED_UNIT ( * ) SI_UNIT ( .MILLI., .METRE. ) );
#10499 = DIRECTION ( 'NONE',  ( 0.000000000000000000, 0.000000000000000000, -1.000000000000000000 ) ) ;
#10500 = AXIS2_PLACEMENT_3D ( 'NONE', #6037, #10466, #11308 ) ;
#10501 = CARTESIAN_POINT ( 'NONE',  ( -16.00000000000000000, 4.286263797015736595E-16, 3.500000000000000000 ) ) ;
#10502 = FACE_OUTER_BOUND ( 'NONE', #6878, .T. ) ;
#10503 = ORIENTED_EDGE ( 'NONE', *, *, #9974, .F. ) ;
#10504 = DIRECTION ( 'NONE',  ( 0.000000000000000000, 0.000000000000000000, 1.000000000000000000 ) ) ;
#10505 = AXIS2_PLACEMENT_3D ( 'NONE', #9900, #882, #5515 ) ;
#10506 = CARTESIAN_POINT ( 'NONE',  ( -21.50000000000000000, 0.000000000000000000, 0.000000000000000000 ) ) ;
#10507 = VERTEX_POINT ( 'NONE', #9442 ) ;
#10508 = CARTESIAN_POINT ( 'NONE',  ( -5.000000000000000000, 2.500000000000000000, -24.00000000000000000 ) ) ;
#10509 = ORIENTED_EDGE ( 'NONE', *, *, #6042, .T. ) ;
#10510 = CARTESIAN_POINT ( 'NONE',  ( 4.250000000000000000, 0.000000000000000000, 10.00000000000000000 ) ) ;
#10511 = FACE_OUTER_BOUND ( 'NONE', #1202, .T. ) ;
#10512 = VECTOR ( 'NONE', #6823, 1000.000000000000000 ) ;
#10513 = AXIS2_PLACEMENT_3D ( 'NONE', #1109, #8353, #9484 ) ;
#10514 = CARTESIAN_POINT ( 'NONE',  ( 0.000000000000000000, 0.000000000000000000, -4.000000000000000000 ) ) ;
#10515 = ORIENTED_EDGE ( 'NONE', *, *, #10759, .F. ) ;
#10516 = ORIENTED_EDGE ( 'NONE', *, *, #8789, .F. ) ;
#10517 = DIRECTION ( 'NONE',  ( -0.7071067811865500152, -0.000000000000000000, 0.7071067811865451302 ) ) ;
#10518 = CONICAL_SURFACE ( 'NONE', #6189, 1.099999999999998535, 1.029744258676652757 ) ;
#10519 = ORIENTED_EDGE ( 'NONE', *, *, #3233, .T. ) ;
#10520 = PRODUCT_DEFINITION_SHAPE ( 'NONE', 'NONE',  #11740 ) ;
#10521 = CARTESIAN_POINT ( 'NONE',  ( 15.89085229047739922, -0.3502617553154292462, 1033.600000000006958 ) ) ;
#10522 = ADVANCED_FACE ( 'NONE', ( #3218 ), #1305, .F. ) ;
#10523 = CARTESIAN_POINT ( 'NONE',  ( 0.7263287850284178004, 0.2227272727272736064, -0.7092725651034372802 ) ) ;
#10524 = DIRECTION ( 'NONE',  ( 0.000000000000000000, 0.000000000000000000, 1.000000000000000000 ) ) ;
#10525 = EDGE_CURVE ( 'NONE', #7736, #10908, #10742, .T. ) ;
#10526 = DIRECTION ( 'NONE',  ( -0.000000000000000000, 1.224649721909276639E-16, -1.000000000000000000 ) ) ;
#10527 = DIRECTION ( 'NONE',  ( 0.000000000000000000, 1.000000000000000000, 2.168404344971008868E-16 ) ) ;
#10528 = ADVANCED_FACE ( 'NONE', ( #6784, #2383 ), #5888, .F. ) ;
#10529 = EDGE_CURVE ( 'NONE', #10835, #270, #7922, .T. ) ;
#10530 = ORIENTED_EDGE ( 'NONE', *, *, #2774, .F. ) ;
#10531 = CARTESIAN_POINT ( 'NONE',  ( -2.000000000000000000, 0.000000000000000000, -1.600000000000000089 ) ) ;
#10532 = ORIENTED_EDGE ( 'NONE', *, *, #10378, .F. ) ;
#10533 = CARTESIAN_POINT ( 'NONE',  ( -1.000000000000001776, -1.732050807568876527, 0.000000000000000000 ) ) ;
#10534 = ORIENTED_EDGE ( 'NONE', *, *, #11097, .T. ) ;
#10535 = LINE ( 'NONE', #8761, #8863 ) ;
#10536 = VERTEX_POINT ( 'NONE', #9010 ) ;
#10537 = CONICAL_SURFACE ( 'NONE', #4116, 1.000000000000000000, 1.047197551196604515 ) ;
#10538 = DIRECTION ( 'NONE',  ( 0.000000000000000000, 0.000000000000000000, -1.000000000000000000 ) ) ;
#10539 = CIRCLE ( 'NONE', #3924, 4.000000000000000000 ) ;
#10540 = CONICAL_SURFACE ( 'NONE', #5237, 1.000000000000000000, 1.047197551196604515 ) ;
#10541 = FILL_AREA_STYLE_COLOUR ( '', #699 ) ;
#10542 = FILL_AREA_STYLE_COLOUR ( '', #2728 ) ;
#10543 = FACE_OUTER_BOUND ( 'NONE', #8034, .T. ) ;
#10544 = EDGE_CURVE ( 'NONE', #8487, #1311, #936, .T. ) ;
#10545 = ADVANCED_FACE ( 'NONE', ( #773 ), #128, .T. ) ;
#10546 = ORIENTED_EDGE ( 'NONE', *, *, #5534, .T. ) ;
#10547 = CARTESIAN_POINT ( 'NONE',  ( -2.000000000000000000, 1.154700538379251240, -0.1786327949540822413 ) ) ;
#10548 = ORIENTED_EDGE ( 'NONE', *, *, #9237, .F. ) ;
#10549 = CARTESIAN_POINT ( 'NONE',  ( 0.1631781751318165108, -2.215190113420280937, -1.475759930090786654 ) ) ;
#10550 = ORIENTED_EDGE ( 'NONE', *, *, #2224, .F. ) ;
#10551 = ORIENTED_EDGE ( 'NONE', *, *, #2759, .F. ) ;
#10552 =( LENGTH_UNIT ( ) NAMED_UNIT ( * ) SI_UNIT ( .MILLI., .METRE. ) );
#10553 = CARTESIAN_POINT ( 'NONE',  ( 0.000000000000000000, 0.000000000000000000, -1.600000000000000089 ) ) ;
#10554 =( GEOMETRIC_REPRESENTATION_CONTEXT ( 3 ) GLOBAL_UNCERTAINTY_ASSIGNED_CONTEXT ( ( #4631 ) ) GLOBAL_UNIT_ASSIGNED_CONTEXT ( ( #2577, #9928, #9031 ) ) REPRESENTATION_CONTEXT ( 'NONE', 'WORKASPACE' ) );
#10555 = CIRCLE ( 'NONE', #4128, 3.499999999999997780 ) ;
#10556 = CARTESIAN_POINT ( 'NONE',  ( 2.000000000000000000, 1.154700538379254349, -1.421367205045916737 ) ) ;
#10557 = FACE_OUTER_BOUND ( 'NONE', #1428, .T. ) ;
#10558 = VERTEX_POINT ( 'NONE', #5290 ) ;
#10559 = DIRECTION ( 'NONE',  ( -1.000000000000000000, 0.000000000000000000, 0.000000000000000000 ) ) ;
#10560 = AXIS2_PLACEMENT_3D ( 'NONE', #2184, #8931, #3369 ) ;
#10562 = AXIS2_PLACEMENT_3D ( 'NONE', #10990, #9220, #3822 ) ;
#10561 = DIRECTION ( 'NONE',  ( -1.000000000000000000, 0.000000000000000000, 0.000000000000000000 ) ) ;
#10563 = ORIENTED_EDGE ( 'NONE', *, *, #5908, .T. ) ;
#10564 = CONTEXT_DEPENDENT_SHAPE_REPRESENTATION ( #6208, #10520 ) ;
#10565 = FILL_AREA_STYLE ('',( #3175 ) ) ;
#10566 = VERTEX_POINT ( 'NONE', #2556 ) ;
#10567 = DIRECTION ( 'NONE',  ( -0.000000000000000000, 0.000000000000000000, -1.000000000000000000 ) ) ;
#10568 = CARTESIAN_POINT ( 'NONE',  ( -2.000000000000000000, 1.154700538379254349, -1.421367205045916737 ) ) ;
#10569 = LINE ( 'NONE', #8567, #9434 ) ;
#10570 = ORIENTED_EDGE ( 'NONE', *, *, #762, .T. ) ;
#10571 = ADVANCED_FACE ( 'NONE', ( #7900 ), #1789, .F. ) ;
#10572 = ORIENTED_EDGE ( 'NONE', *, *, #2924, .T. ) ;
#10573 = DIRECTION ( 'NONE',  ( 1.000000000000000000, 0.000000000000000000, 0.000000000000000000 ) ) ;
#10574 = ORIENTED_EDGE ( 'NONE', *, *, #5537, .T. ) ;
#10575 = CARTESIAN_POINT ( 'NONE',  ( -16.65914770952259261, -10.35026175531544190, 1031.100000000006958 ) ) ;
#10576 = PLANE ( 'NONE',  #1051 ) ;
#10577 = AXIS2_PLACEMENT_3D ( 'NONE', #5335, #10659, #2545 ) ;
#10578 = DIRECTION ( 'NONE',  ( -0.000000000000000000, 0.000000000000000000, -1.000000000000000000 ) ) ;
#10579 = CARTESIAN_POINT ( 'NONE',  ( 0.000000000000000000, 4.898598887637106556E-16, -3.200000000000000178 ) ) ;
#10580 = DIRECTION ( 'NONE',  ( 0.8660254037844392627, 0.000000000000000000, 0.4999999999999988898 ) ) ;
#10581 = B_SPLINE_CURVE_WITH_KNOTS ( 'NONE', 3,
 ( #563, #11420, #3305, #9037 ),
 .UNSPECIFIED., .F., .F.,
 ( 4, 4 ),
 ( 2.380749485065221449E-07, 0.001168606431211103485 ),
 .UNSPECIFIED. ) ;
#10582 = ORIENTED_EDGE ( 'NONE', *, *, #11254, .F. ) ;
#10583 = CARTESIAN_POINT ( 'NONE',  ( 2.500000000000000000, 9.199999999999999289, -18.50000000000000355 ) ) ;
#10584 = ADVANCED_FACE ( 'NONE', ( #5409 ), #3570, .F. ) ;
#10585 = ORIENTED_EDGE ( 'NONE', *, *, #5480, .T. ) ;
#10586 = DIRECTION ( 'NONE',  ( 1.000000000000000000, 0.000000000000000000, 0.000000000000000000 ) ) ;
#10587 = EDGE_CURVE ( 'NONE', #6304, #9243, #6356, .T. ) ;
#10588 = ORIENTED_EDGE ( 'NONE', *, *, #1422, .F. ) ;
#10589 = CARTESIAN_POINT ( 'NONE',  ( 0.000000000000000000, 7.500000000000000000, -9.616139535669825378 ) ) ;
#10590 = UNCERTAINTY_MEASURE_WITH_UNIT (LENGTH_MEASURE( 1.000000000000000082E-05 ), #10498, 'distance_accuracy_value', 'NONE');
#10591 = ORIENTED_EDGE ( 'NONE', *, *, #10670, .T. ) ;
#10592 = EDGE_CURVE ( 'NONE', #9132, #8309, #6783, .T. ) ;
#10593 = CARTESIAN_POINT ( 'NONE',  ( 0.3535437582668298218, -0.5237481732016157077, -0.7869770969977772923 ) ) ;
#10594 = CARTESIAN_POINT ( 'NONE',  ( -0.3277177810063121588, 2.120193127676282430, -0.07933779981236163681 ) ) ;
#10595 = CARTESIAN_POINT ( 'NONE',  ( -1.000000000000000444, 0.000000000000000000, 0.000000000000000000 ) ) ;
#10596 =( GEOMETRIC_REPRESENTATION_CONTEXT ( 3 ) GLOBAL_UNCERTAINTY_ASSIGNED_CONTEXT ( ( #2128 ) ) GLOBAL_UNIT_ASSIGNED_CONTEXT ( ( #11555, #10646, #5270 ) ) REPRESENTATION_CONTEXT ( 'NONE', 'WORKASPACE' ) );
#10597 = DIRECTION ( 'NONE',  ( 0.000000000000000000, 0.000000000000000000, 1.000000000000000000 ) ) ;
#10598 = DIRECTION ( 'NONE',  ( 0.000000000000000000, 0.000000000000000000, -1.000000000000000000 ) ) ;
#10599 = ORIENTED_EDGE ( 'NONE', *, *, #5813, .T. ) ;
#10600 = DIRECTION ( 'NONE',  ( -1.000000000000000000, -0.000000000000000000, -0.000000000000000000 ) ) ;
#10601 = EDGE_CURVE ( 'NONE', #1931, #7621, #832, .T. ) ;
#10602 = EDGE_LOOP ( 'NONE', ( #1468, #6729 ) ) ;
#10603 = DIRECTION ( 'NONE',  ( 1.000000000000000000, -0.000000000000000000, -0.000000000000000000 ) ) ;
#10604 = VERTEX_POINT ( 'NONE', #8898 ) ;
#10605 = EDGE_LOOP ( 'NONE', ( #4187, #1511, #4004, #1307 ) ) ;
#10606 = SURFACE_SIDE_STYLE ('',( #4340 ) ) ;
#10607 = EDGE_CURVE ( 'NONE', #2090, #8129, #9627, .T. ) ;
#10608 = EDGE_CURVE ( 'NONE', #5723, #5862, #3800, .T. ) ;
#10609 = CARTESIAN_POINT ( 'NONE',  ( 2.000000000000000000, -0.9668978507697956193, -1.475581171168852679 ) ) ;
#10610 = AXIS2_PLACEMENT_3D ( 'NONE', #6183, #2613, #10611 ) ;
#10611 = DIRECTION ( 'NONE',  ( -0.8660254037844380415, 0.5000000000000009992, 0.000000000000000000 ) ) ;
#10612 = DIRECTION ( 'NONE',  ( 0.000000000000000000, 1.000000000000000000, 0.000000000000000000 ) ) ;
#10613 = PRODUCT_DEFINITION_FORMATION_WITH_SPECIFIED_SOURCE ( 'ANY', '', #5597, .NOT_KNOWN. ) ;
#10614 = CARTESIAN_POINT ( 'NONE',  ( 0.000000000000000000, 0.000000000000000000, -2.500000000000000000 ) ) ;
#10615 = ORIENTED_EDGE ( 'NONE', *, *, #4082, .F. ) ;
#10616 = CARTESIAN_POINT ( 'NONE',  ( 8.500000000000000000, 0.000000000000000000, -21.00000000000000000 ) ) ;
#10617 = DIRECTION ( 'NONE',  ( 1.000000000000000000, -0.000000000000000000, -0.000000000000000000 ) ) ;
#10618 = AXIS2_PLACEMENT_3D ( 'NONE', #9368, #8478, #1233 ) ;
#10619 = EDGE_CURVE ( 'NONE', #8434, #5121, #10672, .T. ) ;
#10620 = CARTESIAN_POINT ( 'NONE',  ( 0.000000000000000000, 0.000000000000000000, 0.000000000000000000 ) ) ;
#10621 = ORIENTED_EDGE ( 'NONE', *, *, #9166, .F. ) ;
#10622 = CARTESIAN_POINT ( 'NONE',  ( 1.000000000000000000, 9.199999999999999289, -16.00000000000000355 ) ) ;
#10623 = CARTESIAN_POINT ( 'NONE',  ( 1.339247740005896636, 1.536186033554500785, -1.582894801272978658 ) ) ;
#10624 = EDGE_LOOP ( 'NONE', ( #9722, #10582 ) ) ;
#10625 = CARTESIAN_POINT ( 'NONE',  ( -0.5560518688116493635, 0.5176555429708574740, -500000.0000000000582 ) ) ;
#10626 = CARTESIAN_POINT ( 'NONE',  ( 0.9526279441628807687, -0.5500000000000000444, -1.600000000000000089 ) ) ;
#10627 = UNCERTAINTY_MEASURE_WITH_UNIT (LENGTH_MEASURE( 1.000000000000000082E-05 ), #8807, 'distance_accuracy_value', 'NONE');
#10628 = ORIENTED_EDGE ( 'NONE', *, *, #4712, .T. ) ;
#10629 = CARTESIAN_POINT ( 'NONE',  ( 0.000000000000000000, 4.898598887637106556E-16, -2.799999999999999822 ) ) ;
#10630 = ORIENTED_EDGE ( 'NONE', *, *, #8877, .F. ) ;
#10631 = AXIS2_PLACEMENT_3D ( 'NONE', #10832, #10653, #6341 ) ;
#10632 = ORIENTED_EDGE ( 'NONE', *, *, #4131, .F. ) ;
#10633 = FACE_BOUND ( 'NONE', #7771, .T. ) ;
#10634 = ORIENTED_EDGE ( 'NONE', *, *, #9086, .T. ) ;
#10635 = CARTESIAN_POINT ( 'NONE',  ( 15.89085229047739922, -0.3502617553154292462, 1033.600000000006958 ) ) ;
#10636 = CARTESIAN_POINT ( 'NONE',  ( -0.7263287850424601233, 0.2227272727405295860, -0.7092725651436193601 ) ) ;
#10637 = DIRECTION ( 'NONE',  ( -1.000000000000000000, 0.000000000000000000, -0.000000000000000000 ) ) ;
#10638 = CYLINDRICAL_SURFACE ( 'NONE', #4452, 0.1749999999999998224 ) ;
#10639 = ORIENTED_EDGE ( 'NONE', *, *, #948, .T. ) ;
#10640 = CARTESIAN_POINT ( 'NONE',  ( -2.000000000000000000, -1.154700538379254349, -1.421367205045916737 ) ) ;
#10641 = EDGE_LOOP ( 'NONE', ( #7084, #789, #10838, #8929 ) ) ;
#10642 = DIRECTION ( 'NONE',  ( 0.000000000000000000, 0.000000000000000000, -1.000000000000000000 ) ) ;
#10643 = ORIENTED_EDGE ( 'NONE', *, *, #4298, .F. ) ;
#10644 = DIRECTION ( 'NONE',  ( -0.8660254037844393737, -0.000000000000000000, -0.4999999999999985567 ) ) ;
#10645 = EDGE_LOOP ( 'NONE', ( #6437, #9440 ) ) ;
#10646 =( NAMED_UNIT ( * ) PLANE_ANGLE_UNIT ( ) SI_UNIT ( $, .RADIAN. ) );
#10647 = DIRECTION ( 'NONE',  ( 0.000000000000000000, 0.000000000000000000, 1.000000000000000000 ) ) ;
#10648 = CARTESIAN_POINT ( 'NONE',  ( 0.000000000000000000, 0.000000000000000000, 0.000000000000000000 ) ) ;
#10649 = AXIS2_PLACEMENT_3D ( 'NONE', #9765, #5255, #562 ) ;
#10650 = CARTESIAN_POINT ( 'NONE',  ( 4.250000000000000000, 1.347111479062088405E-15, -11.00000000000000000 ) ) ;
#10651 = CARTESIAN_POINT ( 'NONE',  ( 1.500000000000000000, 9.199999999999999289, -18.50000000000000355 ) ) ;
#10652 =( REPRESENTATION_RELATIONSHIP ('NONE','NONE', #9860, #2187 ) REPRESENTATION_RELATIONSHIP_WITH_TRANSFORMATION ( #11525 )SHAPE_REPRESENTATION_RELATIONSHIP( ) );
#10653 = DIRECTION ( 'NONE',  ( -1.000000000000000000, 0.000000000000000000, 0.000000000000000000 ) ) ;
#10654 = EDGE_CURVE ( 'NONE', #5305, #3086, #6590, .T. ) ;
#10655 = VECTOR ( 'NONE', #2145, 1000.000000000000114 ) ;
#10656 = CIRCLE ( 'NONE', #5165, 1.999999999999999556 ) ;
#10657 = AXIS2_PLACEMENT_3D ( 'NONE', #2886, #983, #4612 ) ;
#10658 = EDGE_LOOP ( 'NONE', ( #6103, #5068 ) ) ;
#10659 = DIRECTION ( 'NONE',  ( -0.000000000000000000, 0.000000000000000000, -1.000000000000000000 ) ) ;
#10660 = ORIENTED_EDGE ( 'NONE', *, *, #1105, .T. ) ;
#10661 = CARTESIAN_POINT ( 'NONE',  ( 7.500000000000003553, 0.8999999999999998002, -22.15470053837915643 ) ) ;
#10662 = CLOSED_SHELL ( 'NONE', ( #755, #4011, #1420, #7479, #2848, #1910, #7462, #7338, #3530, #3297, #8497, #10023, #10545, #1245, #597, #1023, #8500, #8788, #7722, #10905, #3942, #8089, #531, #10817, #8425, #5556 ) ) ;
#10663 = ORIENTED_EDGE ( 'NONE', *, *, #10670, .F. ) ;
#10664 = VERTEX_POINT ( 'NONE', #5466 ) ;
#10665 = VECTOR ( 'NONE', #82, 1000.000000000000114 ) ;
#10666 = AXIS2_PLACEMENT_3D ( 'NONE', #6790, #6841, #4937 ) ;
#10667 = CARTESIAN_POINT ( 'NONE',  ( 4.250000000000000000, 0.000000000000000000, 0.000000000000000000 ) ) ;
#10668 = CARTESIAN_POINT ( 'NONE',  ( -1.999999999999999556, 0.000000000000000000, -24.00000000000000000 ) ) ;
#10669 = EDGE_CURVE ( 'NONE', #7295, #2911, #2731, .T. ) ;
#10670 = EDGE_CURVE ( 'NONE', #6503, #4493, #8953, .T. ) ;
#10671 = CIRCLE ( 'NONE', #11444, 1.999999999999999556 ) ;
#10672 = LINE ( 'NONE', #9847, #7725 ) ;
#10673 = CYLINDRICAL_SURFACE ( 'NONE', #3, 3.000000000000000444 ) ;
#10674 = ORIENTED_EDGE ( 'NONE', *, *, #7562, .T. ) ;
#10675 = DIRECTION ( 'NONE',  ( -1.000000000000000000, 0.000000000000000000, 0.000000000000000000 ) ) ;
#10676 = ADVANCED_FACE ( 'NONE', ( #11574 ), #3511, .T. ) ;
#10677 = CIRCLE ( 'NONE', #11055, 5.500000000000000000 ) ;
#10678 = EDGE_CURVE ( 'NONE', #1354, #2345, #1471, .T. ) ;
#10679 = CYLINDRICAL_SURFACE ( 'NONE', #9150, 1.099999999999998535 ) ;
#10680 = AXIS2_PLACEMENT_3D ( 'NONE', #3067, #6684, #9409 ) ;
#10681 = CARTESIAN_POINT ( 'NONE',  ( 2.000000000000000000, 0.000000000000000000, -1.600000000000000089 ) ) ;
#10682 = AXIS2_PLACEMENT_3D ( 'NONE', #7629, #4776, #6683 ) ;
#10683 = ORIENTED_EDGE ( 'NONE', *, *, #8531, .F. ) ;
#10684 = CARTESIAN_POINT ( 'NONE',  ( -2.000000000000000000, -0.9668978507697956193, -0.1244188288311465912 ) ) ;
#10685 = ORIENTED_EDGE ( 'NONE', *, *, #10788, .T. ) ;
#10686 = DIRECTION ( 'NONE',  ( 0.000000000000000000, 1.000000000000000000, 0.000000000000000000 ) ) ;
#10687 = CARTESIAN_POINT ( 'NONE',  ( 0.7812177826368095213, -0.4049075681496471235, -0.6379044250164481733 ) ) ;
#10688 = CARTESIAN_POINT ( 'NONE',  ( 0.3955904915634517738, 0.5106562904773509493, -0.7781636247345525836 ) ) ;
#10689 = EDGE_CURVE ( 'NONE', #5504, #5420, #1727, .T. ) ;
#10690 = VERTEX_POINT ( 'NONE', #4344 ) ;
#10691 = VECTOR ( 'NONE', #3330, 1000.000000000000000 ) ;
#10692 = ORIENTED_EDGE ( 'NONE', *, *, #1616, .F. ) ;
#10693 = LINE ( 'NONE', #1453, #8660 ) ;
#10694 = EDGE_LOOP ( 'NONE', ( #6814, #11601 ) ) ;
#10695 = DIRECTION ( 'NONE',  ( 0.000000000000000000, 1.000000000000000000, 0.000000000000000000 ) ) ;
#10696 = DIRECTION ( 'NONE',  ( 0.000000000000000000, -0.000000000000000000, 1.000000000000000000 ) ) ;
#10697 = FACE_OUTER_BOUND ( 'NONE', #9301, .T. ) ;
#10698 = VECTOR ( 'NONE', #8593, 1000.000000000000227 ) ;
#10699 = DIRECTION ( 'NONE',  ( -1.000000000000000000, -0.000000000000000000, -0.000000000000000000 ) ) ;
#10700 = DIRECTION ( 'NONE',  ( 0.000000000000000000, -0.000000000000000000, 1.000000000000000000 ) ) ;
#10701 = DIRECTION ( 'NONE',  ( -0.8660254037844380415, 0.5000000000000008882, 0.000000000000000000 ) ) ;
#10702 = ORIENTED_EDGE ( 'NONE', *, *, #8516, .T. ) ;
#10703 = CARTESIAN_POINT ( 'NONE',  ( -1.000000000000001776, -1.732050807568876527, -1.600000000000000089 ) ) ;
#10704 = VECTOR ( 'NONE', #6335, 1000.000000000000000 ) ;
#10705 = DIRECTION ( 'NONE',  ( 0.000000000000000000, -0.000000000000000000, 1.000000000000000000 ) ) ;
#10706 = VECTOR ( 'NONE', #10301, 999.9999999999998863 ) ;
#10707 = ORIENTED_EDGE ( 'NONE', *, *, #93, .T. ) ;
#10708 = DIRECTION ( 'NONE',  ( -0.000000000000000000, 1.224649721909276639E-16, -1.000000000000000000 ) ) ;
#10709 = ORIENTED_EDGE ( 'NONE', *, *, #2425, .F. ) ;
#10710 = LINE ( 'NONE', #3488, #9389 ) ;
#10711 = CARTESIAN_POINT ( 'NONE',  ( -2.000000000000000000, 0.1952413320394012219, -1.600000000000000089 ) ) ;
#10712 =( NAMED_UNIT ( * ) PLANE_ANGLE_UNIT ( ) SI_UNIT ( $, .RADIAN. ) );
#10713 = CYLINDRICAL_SURFACE ( 'NONE', #8974, 3.499999999999997780 ) ;
#10714 = CIRCLE ( 'NONE', #5037, 4.000000000000000000 ) ;
#10715 = PLANE ( 'NONE',  #8561 ) ;
#10716 = PRODUCT_DEFINITION_SHAPE ( 'NONE', 'NONE',  #11748 ) ;
#10717 = EDGE_LOOP ( 'NONE', ( #7973, #7950, #8601, #6160 ) ) ;
#10718 = FACE_OUTER_BOUND ( 'NONE', #2702, .T. ) ;
#10719 = ORIENTED_EDGE ( 'NONE', *, *, #9366, .F. ) ;
#10720 = CARTESIAN_POINT ( 'NONE',  ( 1.000000000000000000, 9.199999999999999289, -17.00000000000000000 ) ) ;
#10721 = ORIENTED_EDGE ( 'NONE', *, *, #7195, .F. ) ;
#10722 = AXIS2_PLACEMENT_3D ( 'NONE', #3109, #1376, #5172 ) ;
#10723 = AXIS2_PLACEMENT_3D ( 'NONE', #5064, #8683, #6080 ) ;
#10724 = ORIENTED_EDGE ( 'NONE', *, *, #8600, .F. ) ;
#10725 = EDGE_CURVE ( 'NONE', #8585, #10972, #7183, .T. ) ;
#10726 = SURFACE_STYLE_FILL_AREA ( #3504 ) ;
#10727 = APPLICATION_CONTEXT ( 'automotive_design' ) ;
#10728 = CARTESIAN_POINT ( 'NONE',  ( 1.672828002720946117, -1.343593379079623285, -1.530424537474095681 ) ) ;
#10729 = CARTESIAN_POINT ( 'NONE',  ( -2.000000000000000000, -0.8000000000000194733, -20.99999999999990763 ) ) ;
#10730 = CARTESIAN_POINT ( 'NONE',  ( 3.500000000000000000, 9.199999999999999289, -18.50000000000000355 ) ) ;
#10731 = CARTESIAN_POINT ( 'NONE',  ( 1.000000000000000000, 3.673940397442060361E-16, 3.000000000000000444 ) ) ;
#10732 = AXIS2_PLACEMENT_3D ( 'NONE', #5494, #1820, #10051 ) ;
#10733 = AXIS2_PLACEMENT_3D ( 'NONE', #2627, #6252, #11705 ) ;
#10734 = ORIENTED_EDGE ( 'NONE', *, *, #5849, .T. ) ;
#10735 = DIRECTION ( 'NONE',  ( -1.000000000000000000, 0.000000000000000000, 0.000000000000000000 ) ) ;
#10736 = FACE_OUTER_BOUND ( 'NONE', #1128, .T. ) ;
#10737 = B_SPLINE_CURVE_WITH_KNOTS ( 'NONE', 3,
 ( #3881, #9513, #6736, #9456, #1377, #2988 ),
 .UNSPECIFIED., .F., .F.,
 ( 4, 2, 4 ),
 ( 0.003228283429323684436, 0.003812703409393313706, 0.004397123389462942976 ),
 .UNSPECIFIED. ) ;
#10738 = EDGE_CURVE ( 'NONE', #10387, #7538, #3223, .T. ) ;
#10739 = EDGE_CURVE ( 'NONE', #1819, #6023, #5642, .T. ) ;
#10740 = MECHANICAL_DESIGN_GEOMETRIC_PRESENTATION_REPRESENTATION (  '', ( #1070 ), #10554 ) ;
#10741 = FACE_OUTER_BOUND ( 'NONE', #4990, .T. ) ;
#10742 = CIRCLE ( 'NONE', #5259, 3.999999999999996447 ) ;
#10743 = ORIENTED_EDGE ( 'NONE', *, *, #4853, .T. ) ;
#10744 = EDGE_CURVE ( 'NONE', #7598, #2985, #2984, .T. ) ;
#10745 = CARTESIAN_POINT ( 'NONE',  ( 0.7263287850284176894, -0.2227272727272730235, -0.7092725651034373913 ) ) ;
#10746 = ORIENTED_EDGE ( 'NONE', *, *, #5607, .F. ) ;
#10747 = DIRECTION ( 'NONE',  ( -1.000000000000000000, 0.000000000000000000, 0.000000000000000000 ) ) ;
#10748 = DIRECTION ( 'NONE',  ( 0.000000000000000000, -1.000000000000000000, 0.000000000000000000 ) ) ;
#10749 = CARTESIAN_POINT ( 'NONE',  ( -2.000000000000000000, 1.154700538379251240, -0.1786327949540822413 ) ) ;
#10750 = ORIENTED_EDGE ( 'NONE', *, *, #3865, .F. ) ;
#10751 = EDGE_CURVE ( 'NONE', #3700, #1722, #10555, .T. ) ;
#10752 = CIRCLE ( 'NONE', #3373, 2.500000000000000000 ) ;
#10753 = VERTEX_POINT ( 'NONE', #6526 ) ;
#10754 =( LENGTH_UNIT ( ) NAMED_UNIT ( * ) SI_UNIT ( .MILLI., .METRE. ) );
#10755 = VERTEX_POINT ( 'NONE', #997 ) ;
#10756 = APPLICATION_PROTOCOL_DEFINITION ( 'draft international standard', 'automotive_design', 1998, #9899 ) ;
#10757 = ADVANCED_FACE ( 'NONE', ( #167 ), #10134, .F. ) ;
#10758 = CARTESIAN_POINT ( 'NONE',  ( 0.000000000000000000, 0.000000000000000000, -1.600000000000000089 ) ) ;
#10759 = EDGE_CURVE ( 'NONE', #6371, #5755, #1663, .T. ) ;
#10760 = DIRECTION ( 'NONE',  ( 1.000000000000000000, 0.000000000000000000, 0.000000000000000000 ) ) ;
#10761 = B_SPLINE_CURVE_WITH_KNOTS ( 'NONE', 3,
 ( #1894, #4515, #8123, #1841, #4746, #5461 ),
 .UNSPECIFIED., .F., .F.,
 ( 4, 2, 4 ),
 ( 0.003228283429323685737, 0.003812703409393315007, 0.004397123389462943843 ),
 .UNSPECIFIED. ) ;
#10762 = CARTESIAN_POINT ( 'NONE',  ( 0.7812177826497540556, 0.3500000000114287246, -0.6513934606268929617 ) ) ;
#10763 = CARTESIAN_POINT ( 'NONE',  ( -1.000000000000001776, -1.732050807568876527, -1.600000000000000089 ) ) ;
#10764 = AXIS2_PLACEMENT_3D ( 'NONE', #10793, #2675, #891 ) ;
#10765 = CARTESIAN_POINT ( 'NONE',  ( 0.000000000000000000, 0.000000000000000000, -3.300000000000018918 ) ) ;
#10766 = ORIENTED_EDGE ( 'NONE', *, *, #5524, .T. ) ;
#10767 = DIRECTION ( 'NONE',  ( 0.000000000000000000, 0.000000000000000000, -1.000000000000000000 ) ) ;
#10768 = DIRECTION ( 'NONE',  ( 0.000000000000000000, 1.000000000000000000, 0.000000000000000000 ) ) ;
#10769 = VERTEX_POINT ( 'NONE', #3851 ) ;
#10770 = CARTESIAN_POINT ( 'NONE',  ( 0.000000000000000000, 0.000000000000000000, 0.000000000000000000 ) ) ;
#10771 = VECTOR ( 'NONE', #10600, 1000.000000000000000 ) ;
#10772 = ORIENTED_EDGE ( 'NONE', *, *, #9674, .F. ) ;
#10773 = CARTESIAN_POINT ( 'NONE',  ( -0.5560518688116490305, -0.5176555429708573630, -0.7092725651034397227 ) ) ;
#10774 = EDGE_CURVE ( 'NONE', #10983, #1931, #9192, .T. ) ;
#10775 = CARTESIAN_POINT ( 'NONE',  ( -2.000000000000000000, 0.000000000000000000, -1.600000000000000089 ) ) ;
#10776 = CARTESIAN_POINT ( 'NONE',  ( 0.7263287850284176894, -0.2227272727272730235, 0.000000000000000000 ) ) ;
#10777 = DIRECTION ( 'NONE',  ( 0.000000000000000000, 1.000000000000000000, 2.168404344971008868E-16 ) ) ;
#10778 = CARTESIAN_POINT ( 'NONE',  ( -4.000000000000001776, 0.8999999999999995781, -19.84529946162065173 ) ) ;
#10779 = ORIENTED_EDGE ( 'NONE', *, *, #4581, .F. ) ;
#10780 = FACE_OUTER_BOUND ( 'NONE', #763, .T. ) ;
#10781 = EDGE_LOOP ( 'NONE', ( #4127, #6126 ) ) ;
#10782 = CARTESIAN_POINT ( 'NONE',  ( 3.000000000000000000, 0.000000000000000000, 0.000000000000000000 ) ) ;
#10783 = ORIENTED_EDGE ( 'NONE', *, *, #6676, .F. ) ;
#10784 = CARTESIAN_POINT ( 'NONE',  ( 0.000000000000000000, 5.058392604970359998E-16, -3.330481160836854304 ) ) ;
#10785 = ORIENTED_EDGE ( 'NONE', *, *, #3939, .T. ) ;
#10786 =( NAMED_UNIT ( * ) SI_UNIT ( $, .STERADIAN. ) SOLID_ANGLE_UNIT ( ) );
#10787 = CYLINDRICAL_SURFACE ( 'NONE', #7867, 0.3062499999999996891 ) ;
#10788 = EDGE_CURVE ( 'NONE', #11314, #4202, #8868, .T. ) ;
#10789 = FACE_OUTER_BOUND ( 'NONE', #10602, .T. ) ;
#10790 = CARTESIAN_POINT ( 'NONE',  ( 3.699999999999999289, -4.001000000000000334, -0.4999999999999991673 ) ) ;
#10791 = CARTESIAN_POINT ( 'NONE',  ( -2.000000000000000000, 0.2999999999999825584, -19.89999999999990976 ) ) ;
#10792 = EDGE_LOOP ( 'NONE', ( #2957, #7747, #1141, #1587 ) ) ;
#10793 = CARTESIAN_POINT ( 'NONE',  ( 7.500000000000000000, 0.8999999999999986899, -4.154700538379145769 ) ) ;
#10794 = CARTESIAN_POINT ( 'NONE',  ( -0.1702769162167621364, 0.7403828156981309139, -500000.0000000000582 ) ) ;
#10795 = DIRECTION ( 'NONE',  ( -1.000000000000000000, 0.000000000000000000, 0.000000000000000000 ) ) ;
#10796 = ORIENTED_EDGE ( 'NONE', *, *, #8358, .T. ) ;
#10797 = PRODUCT_DEFINITION_FORMATION_WITH_SPECIFIED_SOURCE ( 'ANY', '', #5039, .NOT_KNOWN. ) ;
#10798 = EDGE_LOOP ( 'NONE', ( #5321, #6698, #2904, #1032, #4550, #8713 ) ) ;
#10799 = DIRECTION ( 'NONE',  ( -0.000000000000000000, -1.000000000000000000, -0.000000000000000000 ) ) ;
#10800 = CARTESIAN_POINT ( 'NONE',  ( -2.000000000000000888, 0.9000000000000003553, -0.6905989232413876078 ) ) ;
#10801 = ADVANCED_FACE ( 'NONE', ( #42 ), #220, .T. ) ;
#10802 = ORIENTED_EDGE ( 'NONE', *, *, #2743, .F. ) ;
#10803 = EDGE_CURVE ( 'NONE', #2549, #674, #2965, .T. ) ;
#10804 = CARTESIAN_POINT ( 'NONE',  ( 1.836821824868180020, 1.248911501717478334, -1.475759930090789540 ) ) ;
#10805 = CIRCLE ( 'NONE', #11379, 1.999999999999999556 ) ;
#10806 = EDGE_LOOP ( 'NONE', ( #7503, #2359 ) ) ;
#10807 =( NAMED_UNIT ( * ) SI_UNIT ( $, .STERADIAN. ) SOLID_ANGLE_UNIT ( ) );
#10808 = ORIENTED_EDGE ( 'NONE', *, *, #6929, .T. ) ;
#10809 = CIRCLE ( 'NONE', #1734, 1.000000000000000000 ) ;
#10810 = APPLICATION_PROTOCOL_DEFINITION ( 'draft international standard', 'automotive_design', 1998, #4221 ) ;
#10811 = DIRECTION ( 'NONE',  ( 0.000000000000000000, 0.000000000000000000, 1.000000000000000000 ) ) ;
#10812 = LINE ( 'NONE', #1076, #9909 ) ;
#10813 = CARTESIAN_POINT ( 'NONE',  ( -2.000000000000000000, 2.500000000000000000, -3.000000000000000000 ) ) ;
#10814 = PLANE ( 'NONE',  #2900 ) ;
#10815 = EDGE_CURVE ( 'NONE', #10992, #4083, #9430, .T. ) ;
#10816 = ADVANCED_FACE ( 'NONE', ( #8306, #6587, #1113 ), #7531, .F. ) ;
#10817 = ADVANCED_FACE ( 'NONE', ( #7409 ), #7342, .F. ) ;
#10818 = CARTESIAN_POINT ( 'NONE',  ( 0.000000000000000000, 4.738805170303855086E-16, -2.669518839163146584 ) ) ;
#10819 = ORIENTED_EDGE ( 'NONE', *, *, #942, .F. ) ;
#10820 = CARTESIAN_POINT ( 'NONE',  ( 2.099999999999999645, 2.971690854684141847, -0.4999999999999991673 ) ) ;
#10821 = AXIS2_PLACEMENT_3D ( 'NONE', #8910, #9642, #1508 ) ;
#10822 = EDGE_CURVE ( 'NONE', #9866, #5943, #8669, .T. ) ;
#10823 = EDGE_CURVE ( 'NONE', #11351, #9866, #8356, .T. ) ;
#10824 = DIRECTION ( 'NONE',  ( 0.8660254037844381525, -0.5000000000000007772, 0.000000000000000000 ) ) ;
#10825 = B_SPLINE_CURVE_WITH_KNOTS ( 'NONE', 3,
 ( #1942, #8294, #6517, #7284, #32, #8405 ),
 .UNSPECIFIED., .F., .F.,
 ( 4, 2, 4 ),
 ( 0.003228283429323684436, 0.003812703409393311971, 0.004397123389462939506 ),
 .UNSPECIFIED. ) ;
#10826 = ORIENTED_EDGE ( 'NONE', *, *, #840, .F. ) ;
#10827 = FACE_BOUND ( 'NONE', #11340, .T. ) ;
#10828 = ORIENTED_EDGE ( 'NONE', *, *, #3863, .T. ) ;
#10829 = CARTESIAN_POINT ( 'NONE',  ( -0.7719790473889592830, -0.2816553873451900780, -0.6723917171629492096 ) ) ;
#10830 = DIRECTION ( 'NONE',  ( -0.000000000000000000, 1.224649721909276639E-16, -1.000000000000000000 ) ) ;
#10831 = LINE ( 'NONE', #7391, #5004 ) ;
#10832 = CARTESIAN_POINT ( 'NONE',  ( 1.500000000000000000, 9.199999999999999289, -18.50000000000000355 ) ) ;
#10833 = ORIENTED_EDGE ( 'NONE', *, *, #4429, .F. ) ;
#10834 = DIRECTION ( 'NONE',  ( 0.000000000000000000, 0.000000000000000000, 1.000000000000000000 ) ) ;
#10835 = VERTEX_POINT ( 'NONE', #5816 ) ;
#10836 = ADVANCED_FACE ( 'NONE', ( #9427 ), #4974, .T. ) ;
#10837 = DIRECTION ( 'NONE',  ( 0.000000000000000000, 0.000000000000000000, -1.000000000000000000 ) ) ;
#10838 = ORIENTED_EDGE ( 'NONE', *, *, #5984, .T. ) ;
#10839 = CARTESIAN_POINT ( 'NONE',  ( -1.999999999999999556, -0.1951254011572753355, -1.058791184067874808E-17 ) ) ;
#10840 = ORIENTED_EDGE ( 'NONE', *, *, #10456, .F. ) ;
#10841 = AXIS2_PLACEMENT_3D ( 'NONE', #3946, #6610, #3998 ) ;
#10842 = DIRECTION ( 'NONE',  ( 0.000000000000000000, 0.000000000000000000, 1.000000000000000000 ) ) ;
#10843 = CARTESIAN_POINT ( 'NONE',  ( 0.000000000000000000, 0.000000000000000000, -0.1291166393111736477 ) ) ;
#10844 = VECTOR ( 'NONE', #1401, 1000.000000000000227 ) ;
#10845 = STYLED_ITEM ( 'NONE', ( #8330 ), #5276 ) ;
#10846 = DIRECTION ( 'NONE',  ( 0.000000000000000000, 0.000000000000000000, -1.000000000000000000 ) ) ;
#10847 = CARTESIAN_POINT ( 'NONE',  ( 1.500000000000000000, 0.000000000000000000, 0.000000000000000000 ) ) ;
#10848 = ORIENTED_EDGE ( 'NONE', *, *, #3403, .T. ) ;
#10849 = CARTESIAN_POINT ( 'NONE',  ( 1.339247740005896636, 1.536186033554500785, -0.01710519872702162547 ) ) ;
#10850 = CLOSED_SHELL ( 'NONE', ( #884, #5539, #11616, #5873, #108, #9318, #8934, #1545, #4106, #4284, #1405, #4725, #10816, #11550, #1168, #2213, #11303, #8710, #4181, #310, #8629, #8577, #2126, #3714, #4795, #4169, #10097, #11418, #786, #4811, #2501, #4945, #4318, #6661, #10226, #4297, #1767, #11135, #1248, #10571, #10940, #2783, #4, #2697, #4669, #2484, #3378, #1990, #4163, #9731, #2827, #7272, #2855 ) ) ;
#10851 = PRODUCT_DEFINITION ( 'UNKNOWN', '', #2476, #446 ) ;
#10852 = DIRECTION ( 'NONE',  ( 0.000000000000000000, 0.000000000000000000, 1.000000000000000000 ) ) ;
#10853 = PRODUCT_DEFINITION_CONTEXT ( 'detailed design', #186, 'design' ) ;
#10854 = AXIS2_PLACEMENT_3D ( 'NONE', #10101, #1983, #11048 ) ;
#10855 = CARTESIAN_POINT ( 'NONE',  ( 0.000000000000000000, 4.738805170303855086E-16, -2.269518839163146673 ) ) ;
#10856 = EDGE_LOOP ( 'NONE', ( #9647, #5097, #1175, #8734, #6115 ) ) ;
#10857 = CONICAL_SURFACE ( 'NONE', #4615, 2.000000000000000000, 1.047197551196596299 ) ;
#10858 = CARTESIAN_POINT ( 'NONE',  ( 0.6062177826491109700, 0.3500000000000013656, -500000.0000000000582 ) ) ;
#10859 = VECTOR ( 'NONE', #6563, 1000.000000000000227 ) ;
#10860 = DIRECTION ( 'NONE',  ( 0.000000000000000000, 0.000000000000000000, -1.000000000000000000 ) ) ;
#10861 =( GEOMETRIC_REPRESENTATION_CONTEXT ( 3 ) GLOBAL_UNCERTAINTY_ASSIGNED_CONTEXT ( ( #6531 ) ) GLOBAL_UNIT_ASSIGNED_CONTEXT ( ( #2561, #8018, #4523 ) ) REPRESENTATION_CONTEXT ( 'NONE', 'WORKASPACE' ) );
#10862 = CIRCLE ( 'NONE', #1595, 5.500000000000000000 ) ;
#10863 = VERTEX_POINT ( 'NONE', #1352 ) ;
#10864 = CARTESIAN_POINT ( 'NONE',  ( 2.000000000000000000, -0.9668978507697956193, -1.475581171168852679 ) ) ;
#10865 = CONICAL_SURFACE ( 'NONE', #5584, 0.7799999999999996936, 0.9599310885968785900 ) ;
#10866 = CIRCLE ( 'NONE', #9565, 1.999999999999999556 ) ;
#10867 = ORIENTED_EDGE ( 'NONE', *, *, #308, .F. ) ;
#10868 = ADVANCED_FACE ( 'NONE', ( #5875 ), #8540, .F. ) ;
#10869 = APPLICATION_PROTOCOL_DEFINITION ( 'draft international standard', 'automotive_design', 1998, #1503 ) ;
#10870 = CARTESIAN_POINT ( 'NONE',  ( 0.7799999999999996936, 0.000000000000000000, -0.1540456584061371259 ) ) ;
#10871 = DIRECTION ( 'NONE',  ( -0.000000000000000000, -1.000000000000000000, -0.000000000000000000 ) ) ;
#10872 = DIRECTION ( 'NONE',  ( 0.000000000000000000, 0.000000000000000000, 1.000000000000000000 ) ) ;
#10873 = LINE ( 'NONE', #6435, #4984 ) ;
#10874 = AXIS2_PLACEMENT_3D ( 'NONE', #2947, #2058, #5675 ) ;
#10875 = CARTESIAN_POINT ( 'NONE',  ( -4.000000000000002665, 0.8999999999999995781, -22.15470053837915643 ) ) ;
#10876 = ORIENTED_EDGE ( 'NONE', *, *, #2841, .F. ) ;
#10877 = APPLICATION_CONTEXT ( 'automotive_design' ) ;
#10878 = LINE ( 'NONE', #3711, #4608 ) ;
#10879 = VERTEX_POINT ( 'NONE', #4920 ) ;
#10880 = EDGE_CURVE ( 'NONE', #4678, #8585, #1292, .T. ) ;
#10881 = CARTESIAN_POINT ( 'NONE',  ( 2.000000000000000000, 1.154700538379250130, -1.600000000000000089 ) ) ;
#10882 = ADVANCED_FACE ( 'NONE', ( #2195 ), #4031, .T. ) ;
#10883 = VECTOR ( 'NONE', #5342, 1000.000000000000000 ) ;
#10884 = VERTEX_POINT ( 'NONE', #11483 ) ;
#10885 =( NAMED_UNIT ( * ) SI_UNIT ( $, .STERADIAN. ) SOLID_ANGLE_UNIT ( ) );
#10886 = CARTESIAN_POINT ( 'NONE',  ( -0.5910169829882423453, -0.5281178090613481979, -0.6896119942591235619 ) ) ;
#10887 = DIRECTION ( 'NONE',  ( -0.000000000000000000, 0.000000000000000000, -1.000000000000000000 ) ) ;
#10888 = DIRECTION ( 'NONE',  ( -1.000000000000000000, 0.000000000000000000, 0.000000000000000000 ) ) ;
#10889 = EDGE_CURVE ( 'NONE', #4493, #8192, #8850, .T. ) ;
#10890 = FACE_OUTER_BOUND ( 'NONE', #1898, .T. ) ;
#10891 = DIRECTION ( 'NONE',  ( 0.000000000000000000, 0.000000000000000000, 1.000000000000000000 ) ) ;
#10892 = AXIS2_PLACEMENT_3D ( 'NONE', #1110, #1226, #216 ) ;
#10893 = EDGE_LOOP ( 'NONE', ( #6595, #10406, #7022, #4089 ) ) ;
#10894 = VECTOR ( 'NONE', #5326, 1000.000000000000000 ) ;
#10895 = CARTESIAN_POINT ( 'NONE',  ( 3.500000000000000000, 23.00000000000000000, -24.00000000000000000 ) ) ;
#10896 = VERTEX_POINT ( 'NONE', #3362 ) ;
#10897 = CARTESIAN_POINT ( 'NONE',  ( -2.000000000000000000, 0.000000000000000000, -1.600000000000000089 ) ) ;
#10898 = ORIENTED_EDGE ( 'NONE', *, *, #1243, .T. ) ;
#10899 = DIRECTION ( 'NONE',  ( 0.000000000000000000, -1.000000000000000000, 0.000000000000000000 ) ) ;
#10900 = EDGE_LOOP ( 'NONE', ( #11411, #10938 ) ) ;
#10901 =( LENGTH_UNIT ( ) NAMED_UNIT ( * ) SI_UNIT ( .MILLI., .METRE. ) );
#10902 = FACE_BOUND ( 'NONE', #9678, .T. ) ;
#10903 = CONICAL_SURFACE ( 'NONE', #8827, 2.000000000000000000, 1.047197551196595855 ) ;
#10904 = EDGE_CURVE ( 'NONE', #2814, #2594, #3742, .T. ) ;
#10905 = ADVANCED_FACE ( 'NONE', ( #8477 ), #2614, .T. ) ;
#10906 = CARTESIAN_POINT ( 'NONE',  ( -2.000000000000000000, 0.000000000000000000, 0.000000000000000000 ) ) ;
#10907 = LINE ( 'NONE', #4624, #2482 ) ;
#10908 = VERTEX_POINT ( 'NONE', #11202 ) ;
#10909 = LINE ( 'NONE', #8310, #2055 ) ;
#10910 = CARTESIAN_POINT ( 'NONE',  ( 0.7263287850284176894, -0.2227272727272730235, -500000.0000000000582 ) ) ;
#10911 = AXIS2_PLACEMENT_3D ( 'NONE', #368, #9216, #4823 ) ;
#10912 = AXIS2_PLACEMENT_3D ( 'NONE', #9096, #966, #4588 ) ;
#10913 = PRODUCT_DEFINITION_SHAPE ( 'NONE', 'NONE',  #11744 ) ;
#10914 = UNCERTAINTY_MEASURE_WITH_UNIT (LENGTH_MEASURE( 1.000000000000000082E-05 ), #3161, 'distance_accuracy_value', 'NONE');
#10915 = CARTESIAN_POINT ( 'NONE',  ( -0.5560518688116493635, 0.5176555429708574740, -0.7092725651034395007 ) ) ;
#10916 = ORIENTED_EDGE ( 'NONE', *, *, #10619, .F. ) ;
#10917 = AXIS2_PLACEMENT_3D ( 'NONE', #2049, #4073, #5669 ) ;
#10918 = STYLED_ITEM ( 'NONE', ( #2073 ), #9067 ) ;
#10919 = VECTOR ( 'NONE', #7500, 1000.000000000000000 ) ;
#10920 = DIRECTION ( 'NONE',  ( 1.000000000000000000, -0.000000000000000000, -0.000000000000000000 ) ) ;
#10921 = EDGE_CURVE ( 'NONE', #4177, #2401, #3084, .T. ) ;
#10922 = DIRECTION ( 'NONE',  ( 0.000000000000000000, 0.000000000000000000, 1.000000000000000000 ) ) ;
#10923 = CARTESIAN_POINT ( 'NONE',  ( 0.7812177826497540556, 0.3500000000114287246, -0.6513934606268929617 ) ) ;
#10924 = ORIENTED_EDGE ( 'NONE', *, *, #6213, .F. ) ;
#10925 = DIRECTION ( 'NONE',  ( -1.000000000000000000, -0.000000000000000000, -0.000000000000000000 ) ) ;
#10926 = MECHANICAL_DESIGN_GEOMETRIC_PRESENTATION_REPRESENTATION (  '', ( #7158 ), #9625 ) ;
#10927 = AXIS2_PLACEMENT_3D ( 'NONE', #950, #8188, #55 ) ;
#10928 = VERTEX_POINT ( 'NONE', #3673 ) ;
#10929 = APPLICATION_PROTOCOL_DEFINITION ( 'draft international standard', 'automotive_design', 1998, #9525 ) ;
#10930 = CARTESIAN_POINT ( 'NONE',  ( 0.000000000000000000, 0.000000000000000000, -1.600000000000000089 ) ) ;
#10931 = DIRECTION ( 'NONE',  ( -1.000000000000000000, -0.000000000000000000, -0.000000000000000000 ) ) ;
#10932 = ADVANCED_FACE ( 'NONE', ( #6292 ), #3787, .T. ) ;
#10933 = DIRECTION ( 'NONE',  ( -0.000000000000000000, -0.000000000000000000, 1.000000000000000000 ) ) ;
#10934 = CARTESIAN_POINT ( 'NONE',  ( 4.099999999999999645, -2.971690854684141847, 0.8999999999999992450 ) ) ;
#10935 = VECTOR ( 'NONE', #7652, 1000.000000000000000 ) ;
#10936 = DIRECTION ( 'NONE',  ( 1.000000000000000000, -0.000000000000000000, -0.000000000000000000 ) ) ;
#10937 = AXIS2_PLACEMENT_3D ( 'NONE', #2400, #433, #11354 ) ;
#10938 = ORIENTED_EDGE ( 'NONE', *, *, #6395, .F. ) ;
#10939 = CARTESIAN_POINT ( 'NONE',  ( 0.000000000000000000, -2.971690854684141847, 0.8999999999999992450 ) ) ;
#10940 = ADVANCED_FACE ( 'NONE', ( #1048 ), #10066, .F. ) ;
#10941 = CARTESIAN_POINT ( 'NONE',  ( 5.500000000000000888, 0.000000000000000000, -3.000000000000000000 ) ) ;
#10942 = ORIENTED_EDGE ( 'NONE', *, *, #7612, .T. ) ;
#10943 = PLANE ( 'NONE',  #2978 ) ;
#10944 = CARTESIAN_POINT ( 'NONE',  ( 1.500000000000000000, 9.199999999999999289, -18.50000000000000355 ) ) ;
#10945 = EDGE_LOOP ( 'NONE', ( #5227, #66, #1660, #628 ) ) ;
#10946 = APPLICATION_PROTOCOL_DEFINITION ( 'draft international standard', 'automotive_design', 1998, #7106 ) ;
#10947 = DIRECTION ( 'NONE',  ( -0.000000000000000000, -0.000000000000000000, 1.000000000000000000 ) ) ;
#10948 = CARTESIAN_POINT ( 'NONE',  ( 2.000000000000000000, 9.199999999999999289, -18.50000000000000355 ) ) ;
#10949 = CARTESIAN_POINT ( 'NONE',  ( 0.9000000000000000222, 2.388061258337338643E-16, -1.949999999999999734 ) ) ;
#10950 = PLANE ( 'NONE',  #6524 ) ;
#10951 = FACE_OUTER_BOUND ( 'NONE', #11053, .T. ) ;
#10952 = EDGE_CURVE ( 'NONE', #6321, #4924, #10958, .T. ) ;
#10953 = ORIENTED_EDGE ( 'NONE', *, *, #1850, .F. ) ;
#10954 = CARTESIAN_POINT ( 'NONE',  ( 3.699999999999999289, -2.821690854684140159, -0.4999999999999991673 ) ) ;
#10955 = ORIENTED_EDGE ( 'NONE', *, *, #5016, .T. ) ;
#10956 = CARTESIAN_POINT ( 'NONE',  ( 4.000000000000000000, 9.199999999999999289, -18.50000000000000355 ) ) ;
#10957 = ORIENTED_EDGE ( 'NONE', *, *, #6289, .F. ) ;
#10958 = LINE ( 'NONE', #6348, #5051 ) ;
#10959 = ORIENTED_EDGE ( 'NONE', *, *, #6072, .F. ) ;
#10960 = CARTESIAN_POINT ( 'NONE',  ( -2.000000000000000000, -1.154700538379254349, -0.1786327949540832127 ) ) ;
#10961 = CARTESIAN_POINT ( 'NONE',  ( 3.000000000000000000, 0.000000000000000000, 4.000000000000000000 ) ) ;
#10962 = DIRECTION ( 'NONE',  ( -1.000000000000000000, 0.000000000000000000, 0.000000000000000000 ) ) ;
#10963 = AXIS2_PLACEMENT_3D ( 'NONE', #10765, #2644, #6319 ) ;
#10964 = DIRECTION ( 'NONE',  ( 0.000000000000000000, 0.000000000000000000, 1.000000000000000000 ) ) ;
#10965 = DIRECTION ( 'NONE',  ( 0.000000000000000000, 0.000000000000000000, -1.000000000000000000 ) ) ;
#10966 = EDGE_CURVE ( 'NONE', #5568, #9157, #2891, .T. ) ;
#10967 = ORIENTED_EDGE ( 'NONE', *, *, #3804, .F. ) ;
#10968 = CARTESIAN_POINT ( 'NONE',  ( 2.500000000000000000, 9.199999999999999289, -20.00000000000000355 ) ) ;
#10969 = CARTESIAN_POINT ( 'NONE',  ( 2.000000000000000000, 0.1952413320394011109, -1.600000000000000089 ) ) ;
#10970 = ADVANCED_FACE ( 'NONE', ( #2010 ), #3731, .T. ) ;
#10971 = EDGE_CURVE ( 'NONE', #2565, #4025, #1106, .T. ) ;
#10972 = VERTEX_POINT ( 'NONE', #11011 ) ;
#10973 = CARTESIAN_POINT ( 'NONE',  ( 1.734723475976807094E-15, 0.9000000000000003553, -1.845299461620637738 ) ) ;
#10974 = ORIENTED_EDGE ( 'NONE', *, *, #9962, .T. ) ;
#10975 = CARTESIAN_POINT ( 'NONE',  ( -1.000000000000000000, 9.629649721936179265E-32, -2.130481160836854126 ) ) ;
#10976 =( GEOMETRIC_REPRESENTATION_CONTEXT ( 3 ) GLOBAL_UNCERTAINTY_ASSIGNED_CONTEXT ( ( #1625 ) ) GLOBAL_UNIT_ASSIGNED_CONTEXT ( ( #24, #4717, #4496 ) ) REPRESENTATION_CONTEXT ( 'NONE', 'WORKASPACE' ) );
#10977 = DIRECTION ( 'NONE',  ( 0.000000000000000000, 0.000000000000000000, 1.000000000000000000 ) ) ;
#10978 = CARTESIAN_POINT ( 'NONE',  ( -2.000000000000000000, -1.154700538379254349, -0.1786327949540832127 ) ) ;
#10979 = ORIENTED_EDGE ( 'NONE', *, *, #5765, .T. ) ;
#10980 = CARTESIAN_POINT ( 'NONE',  ( 0.000000000000000000, 0.000000000000000000, -0.2999999999999834466 ) ) ;
#10981 = EDGE_CURVE ( 'NONE', #8875, #1989, #7286, .T. ) ;
#10982 = ORIENTED_EDGE ( 'NONE', *, *, #8582, .T. ) ;
#10983 = VERTEX_POINT ( 'NONE', #5634 ) ;
#10984 = PRODUCT_CONTEXT ( 'NONE', #10727, 'mechanical' ) ;
#10985 = LINE ( 'NONE', #6487, #4111 ) ;
#10986 = FACE_OUTER_BOUND ( 'NONE', #5587, .T. ) ;
#10987 = VECTOR ( 'NONE', #4722, 1000.000000000000000 ) ;
#10988 = DIRECTION ( 'NONE',  ( -0.000000000000000000, 0.000000000000000000, -1.000000000000000000 ) ) ;
#10989 = PLANE ( 'NONE',  #1383 ) ;
#10990 = CARTESIAN_POINT ( 'NONE',  ( 4.099999999999999645, 0.000000000000000000, 0.3999999999999968026 ) ) ;
#10991 = B_SPLINE_CURVE_WITH_KNOTS ( 'NONE', 3,
 ( #4963, #8584, #7698, #5924, #10414, #1408 ),
 .UNSPECIFIED., .F., .F.,
 ( 4, 2, 4 ),
 ( 0.001168606431211098931, 0.001750609284260044515, 0.002332612137308990100 ),
 .UNSPECIFIED. ) ;
#10992 = VERTEX_POINT ( 'NONE', #8351 ) ;
#10993 = CARTESIAN_POINT ( 'NONE',  ( 4.000000000000000000, 9.199999999999999289, -18.50000000000000355 ) ) ;
#10994 = PRODUCT_DEFINITION ( 'UNKNOWN', '', #7390, #10853 ) ;
#10995 = CARTESIAN_POINT ( 'NONE',  ( -0.9526279441628808797, 0.5500000000000002665, -0.3000000000000172529 ) ) ;
#10996 = AXIS2_PLACEMENT_3D ( 'NONE', #4426, #9824, #5543 ) ;
#10997 = ORIENTED_EDGE ( 'NONE', *, *, #4901, .T. ) ;
#10998 = CARTESIAN_POINT ( 'NONE',  ( 1.500000000000000000, 9.199999999999999289, -17.00000000000000000 ) ) ;
#10999 = DIRECTION ( 'NONE',  ( -0.8660254037844381525, 0.5000000000000007772, 0.000000000000000000 ) ) ;
#11000 = EDGE_LOOP ( 'NONE', ( #9976, #6101, #9246, #7611 ) ) ;
#11001 = CARTESIAN_POINT ( 'NONE',  ( 3.000000000000000000, 0.000000000000000000, 0.000000000000000000 ) ) ;
#11002 = CARTESIAN_POINT ( 'NONE',  ( 0.000000000000000000, 0.8999999999999995781, -19.84529946162065883 ) ) ;
#11003 = CARTESIAN_POINT ( 'NONE',  ( 0.000000000000000000, 0.000000000000000000, 0.000000000000000000 ) ) ;
#11004 = CARTESIAN_POINT ( 'NONE',  ( -3.129822080702421140E-16, -2.309401076758506477, -1.600000000000000089 ) ) ;
#11005 = LINE ( 'NONE', #266, #9095 ) ;
#11006 = ORIENTED_EDGE ( 'NONE', *, *, #4671, .F. ) ;
#11007 = DIRECTION ( 'NONE',  ( 0.000000000000000000, 1.000000000000000000, 0.000000000000000000 ) ) ;
#11008 = VERTEX_POINT ( 'NONE', #213 ) ;
#11009 = CARTESIAN_POINT ( 'NONE',  ( -0.5000000000000000000, 9.199999999999999289, -22.50000000000000355 ) ) ;
#11010 = ORIENTED_EDGE ( 'NONE', *, *, #8326, .F. ) ;
#11011 = CARTESIAN_POINT ( 'NONE',  ( 3.699999999999999289, 2.971690854684141847, -0.4999999999999991673 ) ) ;
#11012 = ORIENTED_EDGE ( 'NONE', *, *, #85, .T. ) ;
#11013 =( NAMED_UNIT ( * ) PLANE_ANGLE_UNIT ( ) SI_UNIT ( $, .RADIAN. ) );
#11014 = CARTESIAN_POINT ( 'NONE',  ( 5.499999999999997335, 0.8999999999999989120, -5.309401076758394566 ) ) ;
#11015 = CARTESIAN_POINT ( 'NONE',  ( 1.949999999999999956, 7.500000000000000000, -6.116139535669825378 ) ) ;
#11016 = LINE ( 'NONE', #8178, #8218 ) ;
#11017 = CARTESIAN_POINT ( 'NONE',  ( -0.1631781751318187312, 2.215190113420277385, -1.475759930090788874 ) ) ;
#11018 = DIRECTION ( 'NONE',  ( 0.000000000000000000, 0.000000000000000000, 1.000000000000000000 ) ) ;
#11019 = ORIENTED_EDGE ( 'NONE', *, *, #1327, .T. ) ;
#11020 = LINE ( 'NONE', #223, #5482 ) ;
#11021 = UNCERTAINTY_MEASURE_WITH_UNIT (LENGTH_MEASURE( 1.000000000000000082E-05 ), #3204, 'distance_accuracy_value', 'NONE');
#11022 = ORIENTED_EDGE ( 'NONE', *, *, #3824, .F. ) ;
#11023 = CARTESIAN_POINT ( 'NONE',  ( 2.000000000000000000, 0.000000000000000000, -1.600000000000000089 ) ) ;
#11024 = ORIENTED_EDGE ( 'NONE', *, *, #11178, .T. ) ;
#11025 = EDGE_CURVE ( 'NONE', #1392, #8388, #5267, .T. ) ;
#11026 = VECTOR ( 'NONE', #9158, 1000.000000000000000 ) ;
#11027 = DIRECTION ( 'NONE',  ( 0.000000000000000000, 0.000000000000000000, -1.000000000000000000 ) ) ;
#11028 = EDGE_CURVE ( 'NONE', #3983, #5985, #878, .T. ) ;
#11029 = CYLINDRICAL_SURFACE ( 'NONE', #11623, 1.000000000000000444 ) ;
#11030 = EDGE_CURVE ( 'NONE', #9669, #5703, #4693, .T. ) ;
#11031 = AXIS2_PLACEMENT_3D ( 'NONE', #3244, #5192, #1457 ) ;
#11032 = CARTESIAN_POINT ( 'NONE',  ( 0.000000000000000000, 0.000000000000000000, -0.3000000000000035416 ) ) ;
#11033 = ADVANCED_FACE ( 'NONE', ( #1944 ), #2667, .T. ) ;
#11034 = LINE ( 'NONE', #7303, #7830 ) ;
#11035 = ADVANCED_FACE ( 'NONE', ( #10013 ), #8120, .T. ) ;
#11036 = ORIENTED_EDGE ( 'NONE', *, *, #9707, .F. ) ;
#11037 = CARTESIAN_POINT ( 'NONE',  ( 0.000000000000000000, 1.723518695392517009E-16, -1.165753041649121524 ) ) ;
#11038 = VECTOR ( 'NONE', #9206, 1000.000000000000000 ) ;
#11039 = MECHANICAL_DESIGN_GEOMETRIC_PRESENTATION_REPRESENTATION (  '', ( #5367 ), #10273 ) ;
#11040 = VECTOR ( 'NONE', #8848, 1000.000000000000000 ) ;
#11041 = VERTEX_POINT ( 'NONE', #6404 ) ;
#11042 = CIRCLE ( 'NONE', #5184, 1.399999999999981037 ) ;
#11043 = VECTOR ( 'NONE', #7718, 1000.000000000000114 ) ;
#11044 = CYLINDRICAL_SURFACE ( 'NONE', #2024, 0.5000000000000000000 ) ;
#11045 = FACE_OUTER_BOUND ( 'NONE', #1251, .T. ) ;
#11046 = MECHANICAL_DESIGN_GEOMETRIC_PRESENTATION_REPRESENTATION (  '', ( #7293 ), #4433 ) ;
#11047 = FACE_OUTER_BOUND ( 'NONE', #10798, .T. ) ;
#11049 = EDGE_CURVE ( 'NONE', #11370, #10387, #5344, .T. ) ;
#11048 = DIRECTION ( 'NONE',  ( 0.000000000000000000, 0.000000000000000000, 1.000000000000000000 ) ) ;
#11050 = EDGE_CURVE ( 'NONE', #2313, #4591, #100, .T. ) ;
#11051 = CARTESIAN_POINT ( 'NONE',  ( 0.000000000000000000, 0.000000000000000000, 0.000000000000000000 ) ) ;
#11052 = AXIS2_PLACEMENT_3D ( 'NONE', #6780, #11610, #2262 ) ;
#11053 = EDGE_LOOP ( 'NONE', ( #4510, #7164, #6576, #11665 ) ) ;
#11054 = AXIS2_PLACEMENT_3D ( 'NONE', #8960, #117, #7188 ) ;
#11055 = AXIS2_PLACEMENT_3D ( 'NONE', #4628, #7597, #3857 ) ;
#11056 = DIRECTION ( 'NONE',  ( -0.5000000000000008882, 0.000000000000000000, -0.8660254037844381525 ) ) ;
#11057 = STYLED_ITEM ( 'NONE', ( #6943 ), #1360 ) ;
#11058 = ORIENTED_EDGE ( 'NONE', *, *, #8658, .T. ) ;
#11059 = CARTESIAN_POINT ( 'NONE',  ( 0.000000000000000000, 0.000000000000000000, -0.1291166393111727595 ) ) ;
#11060 = DIRECTION ( 'NONE',  ( 0.000000000000000000, 0.000000000000000000, 1.000000000000000000 ) ) ;
#11061 = ORIENTED_EDGE ( 'NONE', *, *, #11336, .T. ) ;
#11062 = LINE ( 'NONE', #6505, #2005 ) ;
#11063 = DIRECTION ( 'NONE',  ( -0.000000000000000000, 1.224649721909276639E-16, -1.000000000000000000 ) ) ;
#11064 = LINE ( 'NONE', #9234, #457 ) ;
#11065 = DIRECTION ( 'NONE',  ( 0.000000000000000000, 0.000000000000000000, 1.000000000000000000 ) ) ;
#11066 = CARTESIAN_POINT ( 'NONE',  ( 0.000000000000000000, 0.000000000000000000, 0.000000000000000000 ) ) ;
#11067 = VERTEX_POINT ( 'NONE', #6459 ) ;
#11068 = DIRECTION ( 'NONE',  ( -0.8660254037844383745, -0.5000000000000004441, 0.000000000000000000 ) ) ;
#11069 = ORIENTED_EDGE ( 'NONE', *, *, #8134, .T. ) ;
#11070 = CARTESIAN_POINT ( 'NONE',  ( 0.6741496830306742405, -0.1633139160591503825, -0.7494674507634455640 ) ) ;
#11071 = CIRCLE ( 'NONE', #5980, 0.8156023289304831225 ) ;
#11072 = ORIENTED_EDGE ( 'NONE', *, *, #303, .T. ) ;
#11073 = CARTESIAN_POINT ( 'NONE',  ( -0.3271719972790578246, -2.120508236058134877, -0.06957546252590419977 ) ) ;
#11074 = ORIENTED_EDGE ( 'NONE', *, *, #9268, .F. ) ;
#11075 = LINE ( 'NONE', #5871, #6362 ) ;
#11076 = ADVANCED_BREP_SHAPE_REPRESENTATION ( '', ( #5560, #4873 ), #325 ) ;
#11077 = CARTESIAN_POINT ( 'NONE',  ( -0.7031736419009444461, 0.5008220267742898857, -0.6474136226492667179 ) ) ;
#11078 = SURFACE_STYLE_FILL_AREA ( #3679 ) ;
#11079 = PRODUCT ( 'MancalDireito', 'MancalDireito', '', ( #3639 ) ) ;
#11080 = DIRECTION ( 'NONE',  ( 3.755786496842895113E-16, 0.000000000000000000, 1.000000000000000000 ) ) ;
#11081 = PLANE ( 'NONE',  #6664 ) ;
#11082 = ORIENTED_EDGE ( 'NONE', *, *, #10525, .F. ) ;
#11083 = CARTESIAN_POINT ( 'NONE',  ( 0.000000000000000000, 0.000000000000000000, 0.000000000000000000 ) ) ;
#11084 = ORIENTED_EDGE ( 'NONE', *, *, #1096, .T. ) ;
#11085 = DIRECTION ( 'NONE',  ( 0.000000000000000000, 0.000000000000000000, -1.000000000000000000 ) ) ;
#11086 = ADVANCED_FACE ( 'NONE', ( #2244 ), #11101, .T. ) ;
#11087 = VERTEX_POINT ( 'NONE', #4851 ) ;
#11088 = AXIS2_PLACEMENT_3D ( 'NONE', #4012, #11122, #1210 ) ;
#11089 = ORIENTED_EDGE ( 'NONE', *, *, #4070, .T. ) ;
#11090 = CARTESIAN_POINT ( 'NONE',  ( 2.000000000000000000, 3.673940397442060361E-16, -3.000000000000000444 ) ) ;
#11091 = DIRECTION ( 'NONE',  ( 0.000000000000000000, 0.000000000000000000, -1.000000000000000000 ) ) ;
#11092 = DIRECTION ( 'NONE',  ( 1.000000000000000000, 0.000000000000000000, 0.000000000000000000 ) ) ;
#11093 = CARTESIAN_POINT ( 'NONE',  ( -2.000000000000000000, 0.2999999999999825584, -20.99999999999990763 ) ) ;
#11094 = AXIS2_PLACEMENT_3D ( 'NONE', #9512, #11225, #2394 ) ;
#11095 = ORIENTED_EDGE ( 'NONE', *, *, #7731, .F. ) ;
#11096 = FACE_OUTER_BOUND ( 'NONE', #5909, .T. ) ;
#11097 = EDGE_CURVE ( 'NONE', #391, #3888, #7308, .T. ) ;
#11098 = EDGE_CURVE ( 'NONE', #4177, #7948, #6011, .T. ) ;
#11099 = EDGE_CURVE ( 'NONE', #3405, #4238, #6819, .T. ) ;
#11100 = EDGE_CURVE ( 'NONE', #11008, #8192, #3076, .T. ) ;
#11101 = CONICAL_SURFACE ( 'NONE', #11132, 2.000000000000000000, 1.047197551196596299 ) ;
#11102 = CONICAL_SURFACE ( 'NONE', #11498, 1.000000000000000000, 1.047197551196604515 ) ;
#11103 = AXIS2_PLACEMENT_3D ( 'NONE', #8378, #4649, #10156 ) ;
#11104 = ORIENTED_EDGE ( 'NONE', *, *, #1704, .T. ) ;
#11105 = CARTESIAN_POINT ( 'NONE',  ( 0.000000000000000000, 2.971690854684141847, -0.8999999999999992450 ) ) ;
#11106 = DIRECTION ( 'NONE',  ( 1.000000000000000000, 0.000000000000000000, 0.000000000000000000 ) ) ;
#11107 = DIRECTION ( 'NONE',  ( -1.000000000000000000, -0.000000000000000000, -0.000000000000000000 ) ) ;
#11108 = DIRECTION ( 'NONE',  ( -1.000000000000000000, -0.000000000000000000, -0.000000000000000000 ) ) ;
#11109 = CARTESIAN_POINT ( 'NONE',  ( 0.8302646929203288950, -1.830047532802312249, -2.134523027080836115E-16 ) ) ;
#11110 = EDGE_CURVE ( 'NONE', #2046, #1414, #69, .T. ) ;
#11111 = AXIS2_PLACEMENT_3D ( 'NONE', #4549, #8987, #6501 ) ;
#11112 = ORIENTED_EDGE ( 'NONE', *, *, #10544, .T. ) ;
#11113 = AXIS2_PLACEMENT_3D ( 'NONE', #538, #6009, #9503 ) ;
#11114 = CARTESIAN_POINT ( 'NONE',  ( -1.000000000000001776, -1.732050807568876527, -1.600000000000000089 ) ) ;
#11115 = ORIENTED_EDGE ( 'NONE', *, *, #4998, .F. ) ;
#11116 = EDGE_CURVE ( 'NONE', #10884, #9278, #10185, .T. ) ;
#11117 = FACE_OUTER_BOUND ( 'NONE', #11472, .T. ) ;
#11118 = ADVANCED_FACE ( 'NONE', ( #5869 ), #2971, .F. ) ;
#11119 = CARTESIAN_POINT ( 'NONE',  ( -0.9999999999999997780, 1.224646799147352961E-16, 0.000000000000000000 ) ) ;
#11120 = ORIENTED_EDGE ( 'NONE', *, *, #11251, .T. ) ;
#11121 = COLOUR_RGB ( '',0.2980392156862745057, 0.2980392156862745057, 0.2980392156862745057 ) ;
#11122 = DIRECTION ( 'NONE',  ( -0.000000000000000000, -1.000000000000000000, 0.000000000000000000 ) ) ;
#11123 = CARTESIAN_POINT ( 'NONE',  ( 0.000000000000000000, 0.000000000000000000, 0.000000000000000000 ) ) ;
#11124 = AXIS2_PLACEMENT_3D ( 'NONE', #7069, #7236, #10846 ) ;
#11125 = DIRECTION ( 'NONE',  ( 0.000000000000000000, 0.000000000000000000, -1.000000000000000000 ) ) ;
#11126 = DIRECTION ( 'NONE',  ( -0.8660254037844383745, 0.000000000000000000, 0.5000000000000004441 ) ) ;
#11127 = DIRECTION ( 'NONE',  ( 1.000000000000000000, 0.000000000000000000, 0.000000000000000000 ) ) ;
#11128 = ORIENTED_EDGE ( 'NONE', *, *, #3986, .F. ) ;
#11129 = DIRECTION ( 'NONE',  ( 1.000000000000000000, -0.000000000000000000, -0.000000000000000000 ) ) ;
#11130 = ORIENTED_EDGE ( 'NONE', *, *, #7857, .F. ) ;
#11131 = DIRECTION ( 'NONE',  ( 0.000000000000000000, 0.000000000000000000, -1.000000000000000000 ) ) ;
#11132 = AXIS2_PLACEMENT_3D ( 'NONE', #274, #1412, #3198 ) ;
#11133 = ORIENTED_EDGE ( 'NONE', *, *, #7779, .F. ) ;
#11134 = CARTESIAN_POINT ( 'NONE',  ( -2.000000000000000000, -1.154700538379254349, -1.421367205045916737 ) ) ;
#11135 = ADVANCED_FACE ( 'NONE', ( #2956 ), #6637, .T. ) ;
#11136 = AXIS2_PLACEMENT_3D ( 'NONE', #191, #3765, #10341 ) ;
#11137 = ORIENTED_EDGE ( 'NONE', *, *, #7044, .T. ) ;
#11138 = B_SPLINE_CURVE_WITH_KNOTS ( 'NONE', 3,
 ( #2823, #6449, #1934, #1038 ),
 .UNSPECIFIED., .F., .F.,
 ( 4, 4 ),
 ( 2.380749485120258738E-07, 0.001168606431211104352 ),
 .UNSPECIFIED. ) ;
#11139 = FILL_AREA_STYLE ('',( #8534 ) ) ;
#11140 = CARTESIAN_POINT ( 'NONE',  ( 0.6607522599941045849, -1.927915581583256932, -0.01710519872702329428 ) ) ;
#11141 = UNCERTAINTY_MEASURE_WITH_UNIT (LENGTH_MEASURE( 1.000000000000000082E-05 ), #1588, 'distance_accuracy_value', 'NONE');
#11142 = DIRECTION ( 'NONE',  ( 0.000000000000000000, -1.224649721909276639E-16, 1.000000000000000000 ) ) ;
#11143 = CARTESIAN_POINT ( 'NONE',  ( -8.000000000000000000, 17.00000000000000000, -4.732195743157014078 ) ) ;
#11144 = CARTESIAN_POINT ( 'NONE',  ( 1.550000000000000266, 17.00000000000000000, -8.732195743157015855 ) ) ;
#11145 = CARTESIAN_POINT ( 'NONE',  ( 4.099999999999999645, 0.000000000000000000, 0.3999999999999987454 ) ) ;
#11146 = AXIS2_PLACEMENT_3D ( 'NONE', #6663, #5655, #4878 ) ;
#11147 = VERTEX_POINT ( 'NONE', #3910 ) ;
#11148 = DIRECTION ( 'NONE',  ( -0.000000000000000000, -0.000000000000000000, -1.000000000000000000 ) ) ;
#11149 = ORIENTED_EDGE ( 'NONE', *, *, #2361, .T. ) ;
#11150 = DIRECTION ( 'NONE',  ( 0.000000000000000000, 1.000000000000000000, 0.000000000000000000 ) ) ;
#11151 = ORIENTED_EDGE ( 'NONE', *, *, #9372, .T. ) ;
#11152 = EDGE_CURVE ( 'NONE', #1891, #7657, #3542, .T. ) ;
#11153 = ORIENTED_EDGE ( 'NONE', *, *, #5251, .F. ) ;
#11154 = SHAPE_REPRESENTATION_RELATIONSHIP ( 'NONE' , 'NONE' ,  #1805, #474 ) ;
#11156 = AXIS2_PLACEMENT_3D ( 'NONE', #1773, #11505, #1659 ) ;
#11155 = DIRECTION ( 'NONE',  ( -0.000000000000000000, -0.000000000000000000, -1.000000000000000000 ) ) ;
#11157 = CYLINDRICAL_SURFACE ( 'NONE', #3476, 4.000000000000001776 ) ;
#11158 = EDGE_CURVE ( 'NONE', #7394, #3585, #340, .T. ) ;
#11159 = CARTESIAN_POINT ( 'NONE',  ( -3.000000000000000000, 0.000000000000000000, -10.50000000000000000 ) ) ;
#11160 = CARTESIAN_POINT ( 'NONE',  ( -1.000000000000000000, 0.000000000000000000, 0.000000000000000000 ) ) ;
#11161 = ORIENTED_EDGE ( 'NONE', *, *, #2570, .F. ) ;
#11162 = DIRECTION ( 'NONE',  ( 0.8191520442889902442, 0.000000000000000000, 0.5735764363510482688 ) ) ;
#11163 = ORIENTED_EDGE ( 'NONE', *, *, #4385, .F. ) ;
#11164 =( GEOMETRIC_REPRESENTATION_CONTEXT ( 3 ) GLOBAL_UNCERTAINTY_ASSIGNED_CONTEXT ( ( #344 ) ) GLOBAL_UNIT_ASSIGNED_CONTEXT ( ( #2958, #5572, #4513 ) ) REPRESENTATION_CONTEXT ( 'NONE', 'WORKASPACE' ) );
#11165 = DIRECTION ( 'NONE',  ( 0.000000000000000000, -1.000000000000000000, 0.000000000000000000 ) ) ;
#11166 = CARTESIAN_POINT ( 'NONE',  ( -2.000000000000000000, 0.000000000000000000, -1.600000000000000089 ) ) ;
#11167 = EDGE_CURVE ( 'NONE', #4805, #4962, #2069, .T. ) ;
#11168 = ORIENTED_EDGE ( 'NONE', *, *, #5676, .F. ) ;
#11169 = CARTESIAN_POINT ( 'NONE',  ( 0.000000000000000000, 0.000000000000000000, -1.600000000000000089 ) ) ;
#11170 = DIRECTION ( 'NONE',  ( -1.000000000000000000, 0.000000000000000000, -0.000000000000000000 ) ) ;
#11171 = CARTESIAN_POINT ( 'NONE',  ( 1.000000000000000444, -1.732050807568876971, 0.000000000000000000 ) ) ;
#11172 = VERTEX_POINT ( 'NONE', #3140 ) ;
#11173 = AXIS2_PLACEMENT_3D ( 'NONE', #260, #11305, #4838 ) ;
#11174 = CARTESIAN_POINT ( 'NONE',  ( 0.000000000000000000, -0.9999999999999993339, -2.669518839163146584 ) ) ;
#11175 = ORIENTED_EDGE ( 'NONE', *, *, #3722, .F. ) ;
#11176 = CARTESIAN_POINT ( 'NONE',  ( 2.000000000000000000, -0.9668978507697956193, -1.475581171168852679 ) ) ;
#11177 = EDGE_LOOP ( 'NONE', ( #5884, #1738, #1986, #9400 ) ) ;
#11178 = EDGE_CURVE ( 'NONE', #109, #8293, #4896, .T. ) ;
#11179 = CARTESIAN_POINT ( 'NONE',  ( 2.000000000000000000, -1.154700538379255015, -1.421367205045916737 ) ) ;
#11180 = PLANE ( 'NONE',  #5758 ) ;
#11181 = ADVANCED_FACE ( 'NONE', ( #2302 ), #6791, .F. ) ;
#11182 = ADVANCED_FACE ( 'NONE', ( #4026 ), #10151, .T. ) ;
#11183 = DIRECTION ( 'NONE',  ( 0.000000000000000000, 0.8660254037844407060, -0.4999999999999963918 ) ) ;
#11184 = FACE_OUTER_BOUND ( 'NONE', #9221, .T. ) ;
#11185 = FACE_OUTER_BOUND ( 'NONE', #3132, .T. ) ;
#11186 = CARTESIAN_POINT ( 'NONE',  ( 4.336808689942017736E-16, 0.8999999999999995781, -22.15470053837916353 ) ) ;
#11187 = ADVANCED_FACE ( 'NONE', ( #6697 ), #10299, .T. ) ;
#11188 = EDGE_CURVE ( 'NONE', #1483, #4007, #905, .T. ) ;
#11189 = ORIENTED_EDGE ( 'NONE', *, *, #8003, .T. ) ;
#11190 = CARTESIAN_POINT ( 'NONE',  ( 1.950000000000000400, 7.500000000000000000, -6.116139535669825378 ) ) ;
#11191 = VECTOR ( 'NONE', #4778, 1000.000000000000000 ) ;
#11192 = VERTEX_POINT ( 'NONE', #1707 ) ;
#11193 = CARTESIAN_POINT ( 'NONE',  ( -2.000000000000001776, -0.7999999999999847233, -4.099999999999888622 ) ) ;
#11194 = ORIENTED_EDGE ( 'NONE', *, *, #10277, .T. ) ;
#11195 = DIRECTION ( 'NONE',  ( -0.000000000000000000, -1.000000000000000000, -0.000000000000000000 ) ) ;
#11196 = ORIENTED_EDGE ( 'NONE', *, *, #11573, .T. ) ;
#11197 = SURFACE_STYLE_FILL_AREA ( #7584 ) ;
#11198 = CARTESIAN_POINT ( 'NONE',  ( -0.9526279441628808797, -0.5499999999999999334, -0.2999999999999834466 ) ) ;
#11199 = AXIS2_PLACEMENT_3D ( 'NONE', #168, #8417, #6527 ) ;
#11200 = CARTESIAN_POINT ( 'NONE',  ( -0.5560518688116493635, 0.5176555429708574740, -0.7092725651034395007 ) ) ;
#11201 = DIRECTION ( 'NONE',  ( 0.000000000000000000, 0.000000000000000000, -1.000000000000000000 ) ) ;
#11202 = CARTESIAN_POINT ( 'NONE',  ( 4.000000000000000000, 9.199999999999999289, -14.50000000000000533 ) ) ;
#11203 = PLANE ( 'NONE',  #10618 ) ;
#11204 = ADVANCED_FACE ( 'NONE', ( #5322 ), #4324, .T. ) ;
#11205 = VERTEX_POINT ( 'NONE', #5203 ) ;
#11206 = FACE_OUTER_BOUND ( 'NONE', #77, .T. ) ;
#11207 = B_SPLINE_CURVE_WITH_KNOTS ( 'NONE', 3,
 ( #3735, #9845, #4679, #7181, #10069, #10960 ),
 .UNSPECIFIED., .F., .F.,
 ( 4, 2, 4 ),
 ( 0.001168606431211104352, 0.001750609284260045383, 0.002332612137308986630 ),
 .UNSPECIFIED. ) ;
#11208 = ORIENTED_EDGE ( 'NONE', *, *, #9365, .F. ) ;
#11209 = CARTESIAN_POINT ( 'NONE',  ( -1.000000000000000888, 1.732050807568876749, 0.000000000000000000 ) ) ;
#11210 = VECTOR ( 'NONE', #4296, 1000.000000000000000 ) ;
#11211 = ORIENTED_EDGE ( 'NONE', *, *, #8279, .T. ) ;
#11212 = VERTEX_POINT ( 'NONE', #11431 ) ;
#11213 = FILL_AREA_STYLE_COLOUR ( '', #1661 ) ;
#11214 = FACE_OUTER_BOUND ( 'NONE', #11646, .T. ) ;
#11215 = CARTESIAN_POINT ( 'NONE',  ( -2.000000000000000000, 1.154700538379254349, -1.421367205045916737 ) ) ;
#11216 = FACE_OUTER_BOUND ( 'NONE', #8040, .T. ) ;
#11217 = CARTESIAN_POINT ( 'NONE',  ( 0.8156023289304831225, 0.000000000000000000, -0.1291166393111907729 ) ) ;
#11218 = PRODUCT_DEFINITION ( 'UNKNOWN', '', #10613, #4958 ) ;
#11219 = VERTEX_POINT ( 'NONE', #7049 ) ;
#11220 = CARTESIAN_POINT ( 'NONE',  ( -0.8302646929203288950, 1.830047532802310029, -1.600000000000000755 ) ) ;
#11221 = SURFACE_STYLE_USAGE ( .BOTH. , #1083 ) ;
#11222 = ORIENTED_EDGE ( 'NONE', *, *, #5537, .F. ) ;
#11223 = VECTOR ( 'NONE', #3341, 1000.000000000000000 ) ;
#11224 = SHAPE_DEFINITION_REPRESENTATION ( #2390, #5901 ) ;
#11225 = DIRECTION ( 'NONE',  ( -0.000000000000000000, -0.000000000000000000, -1.000000000000000000 ) ) ;
#11226 = CARTESIAN_POINT ( 'NONE',  ( 1.000000000000000000, 1.224646799147354933E-16, -3.730481160836854215 ) ) ;
#11227 = ADVANCED_BREP_SHAPE_REPRESENTATION ( '', ( #5276, #4873 ), #6824 ) ;
#11228 = ORIENTED_EDGE ( 'NONE', *, *, #6204, .T. ) ;
#11229 = CARTESIAN_POINT ( 'NONE',  ( 0.000000000000000000, 4.738805170303855086E-16, -3.069518839163146939 ) ) ;
#11230 = DIRECTION ( 'NONE',  ( 1.060575238724911106E-16, 0.8660254037844419273, 0.4999999999999942268 ) ) ;
#11231 = CIRCLE ( 'NONE', #3289, 0.5000000000000000000 ) ;
#11232 = AXIS2_PLACEMENT_3D ( 'NONE', #5376, #6041, #623 ) ;
#11233 = CARTESIAN_POINT ( 'NONE',  ( 0.6607522599941045849, -1.927915581583256932, -0.01710519872702329428 ) ) ;
#11234 = ORIENTED_EDGE ( 'NONE', *, *, #9112, .T. ) ;
#11235 = DIRECTION ( 'NONE',  ( -0.000000000000000000, -0.000000000000000000, 1.000000000000000000 ) ) ;
#11236 = EDGE_CURVE ( 'NONE', #4852, #4687, #4144, .T. ) ;
#11237 = AXIS2_PLACEMENT_3D ( 'NONE', #10941, #6441, #10166 ) ;
#11238 = ORIENTED_EDGE ( 'NONE', *, *, #5030, .T. ) ;
#11239 = COLOUR_RGB ( '',0.7764705882352941346, 0.7568627450980391913, 0.7372549019607843590 ) ;
#11240 = FACE_OUTER_BOUND ( 'NONE', #494, .T. ) ;
#11241 = ORIENTED_EDGE ( 'NONE', *, *, #11158, .T. ) ;
#11242 = CARTESIAN_POINT ( 'NONE',  ( 4.250000000000000000, 0.000000000000000000, 11.00000000000000000 ) ) ;
#11243 = CARTESIAN_POINT ( 'NONE',  ( 0.9365230391922044761, 2.153161244606388866E-16, 0.000000000000000000 ) ) ;
#11244 = AXIS2_PLACEMENT_3D ( 'NONE', #867, #4719, #1823 ) ;
#11245 = DIRECTION ( 'NONE',  ( -1.000000000000000000, -0.000000000000000000, -0.000000000000000000 ) ) ;
#11246 = LINE ( 'NONE', #5021, #10844 ) ;
#11247 = VECTOR ( 'NONE', #2312, 1000.000000000000000 ) ;
#11248 = AXIS2_PLACEMENT_3D ( 'NONE', #217, #3025, #10962 ) ;
#11249 = VERTEX_POINT ( 'NONE', #7759 ) ;
#11250 = CARTESIAN_POINT ( 'NONE',  ( 0.000000000000000000, 0.000000000000000000, -0.1291166393111907729 ) ) ;
#11251 = EDGE_CURVE ( 'NONE', #11172, #7211, #8146, .T. ) ;
#11252 = EDGE_LOOP ( 'NONE', ( #2821, #3947, #6113 ) ) ;
#11253 = LINE ( 'NONE', #3312, #10118 ) ;
#11254 = EDGE_CURVE ( 'NONE', #5862, #6947, #338, .T. ) ;
#11255 = ORIENTED_EDGE ( 'NONE', *, *, #5471, .T. ) ;
#11256 = CARTESIAN_POINT ( 'NONE',  ( 4.099999999999999645, 2.821690854684141936, 0.9000000000000006883 ) ) ;
#11257 = ORIENTED_EDGE ( 'NONE', *, *, #10309, .F. ) ;
#11258 =( NAMED_UNIT ( * ) PLANE_ANGLE_UNIT ( ) SI_UNIT ( $, .RADIAN. ) );
#11259 = EDGE_CURVE ( 'NONE', #7905, #3352, #2593, .T. ) ;
#11260 = VECTOR ( 'NONE', #10768, 1000.000000000000000 ) ;
#11261 = CARTESIAN_POINT ( 'NONE',  ( 5.500000000000000888, 0.000000000000000000, -3.000000000000000000 ) ) ;
#11262 = FACE_OUTER_BOUND ( 'NONE', #5594, .T. ) ;
#11263 = DIRECTION ( 'NONE',  ( 0.000000000000000000, 0.8660254037844407060, -0.4999999999999963918 ) ) ;
#11264 = CARTESIAN_POINT ( 'NONE',  ( 1.000000000000001998, 1.732050807568876083, 0.000000000000000000 ) ) ;
#11265 = CARTESIAN_POINT ( 'NONE',  ( 5.499999999999998224, -0.7999999999999847233, -20.99999999999990763 ) ) ;
#11266 = DIRECTION ( 'NONE',  ( 0.000000000000000000, 0.000000000000000000, 1.000000000000000000 ) ) ;
#11267 = VERTEX_POINT ( 'NONE', #7110 ) ;
#11268 = AXIS2_PLACEMENT_3D ( 'NONE', #1458, #11364, #9532 ) ;
#11269 = DIRECTION ( 'NONE',  ( 1.000000000000000000, -0.000000000000000000, -0.000000000000000000 ) ) ;
#11270 = ORIENTED_EDGE ( 'NONE', *, *, #10751, .F. ) ;
#11271 = FACE_OUTER_BOUND ( 'NONE', #4563, .T. ) ;
#11272 = ORIENTED_EDGE ( 'NONE', *, *, #462, .T. ) ;
#11273 =( REPRESENTATION_RELATIONSHIP ('NONE','NONE', #9860, #7134 ) REPRESENTATION_RELATIONSHIP_WITH_TRANSFORMATION ( #5000 )SHAPE_REPRESENTATION_RELATIONSHIP( ) );
#11274 = ORIENTED_EDGE ( 'NONE', *, *, #7784, .F. ) ;
#11275 =( NAMED_UNIT ( * ) SI_UNIT ( $, .STERADIAN. ) SOLID_ANGLE_UNIT ( ) );
#11276 = EDGE_CURVE ( 'NONE', #10136, #10753, #1448, .T. ) ;
#11277 = EDGE_CURVE ( 'NONE', #4141, #6503, #8295, .T. ) ;
#11278 = LINE ( 'NONE', #3096, #2555 ) ;
#11279 = CONICAL_SURFACE ( 'NONE', #10124, 2.000000000000000000, 1.047197551196596299 ) ;
#11280 = DIRECTION ( 'NONE',  ( -1.000000000000000000, -0.000000000000000000, -0.000000000000000000 ) ) ;
#11281 = B_SPLINE_CURVE_WITH_KNOTS ( 'NONE', 3,
 ( #6904, #11286, #3277, #4994, #7907, #9742 ),
 .UNSPECIFIED., .F., .F.,
 ( 4, 2, 4 ),
 ( 0.003228283429323685737, 0.003812703409393315007, 0.004397123389462943843 ),
 .UNSPECIFIED. ) ;
#11282 = CARTESIAN_POINT ( 'NONE',  ( 1.000000000000000444, 1.224646799147353947E-16, 0.000000000000000000 ) ) ;
#11283 = CARTESIAN_POINT ( 'NONE',  ( 4.099999999999999645, -2.971690854684141847, 0.8999999999999992450 ) ) ;
#11284 = ORIENTED_EDGE ( 'NONE', *, *, #3080, .F. ) ;
#11285 = CARTESIAN_POINT ( 'NONE',  ( -1.000000000000000888, 1.732050807568876749, -1.600000000000000089 ) ) ;
#11286 = CARTESIAN_POINT ( 'NONE',  ( 2.000000000000000000, 0.1952413320394014717, -1.143494478793305150E-17 ) ) ;
#11287 = VECTOR ( 'NONE', #9423, 1000.000000000000000 ) ;
#11288 = PRODUCT_DEFINITION_SHAPE ( 'NONE', 'NONE',  #10994 ) ;
#11289 = ORIENTED_EDGE ( 'NONE', *, *, #7350, .F. ) ;
#11290 = CARTESIAN_POINT ( 'NONE',  ( 0.1702769162167666883, -0.7403828156981310249, -0.7092725651034381684 ) ) ;
#11291 = DIRECTION ( 'NONE',  ( -0.000000000000000000, 1.224649721909276639E-16, -1.000000000000000000 ) ) ;
#11292 = CIRCLE ( 'NONE', #7305, 0.7740000000000000213 ) ;
#11293 = ORIENTED_EDGE ( 'NONE', *, *, #9012, .T. ) ;
#11294 = DIRECTION ( 'NONE',  ( -0.000000000000000000, -0.000000000000000000, 1.000000000000000000 ) ) ;
#11295 = CARTESIAN_POINT ( 'NONE',  ( 1.224646799147353207E-16, 1.000000000000000444, -3.069518839163146939 ) ) ;
#11296 = DIRECTION ( 'NONE',  ( 1.000000000000000000, 0.000000000000000000, 0.000000000000000000 ) ) ;
#11297 = ORIENTED_EDGE ( 'NONE', *, *, #9294, .F. ) ;
#11298 = DIRECTION ( 'NONE',  ( -1.000000000000000000, 0.000000000000000000, 0.000000000000000000 ) ) ;
#11299 = PRESENTATION_LAYER_ASSIGNMENT (  '', '', ( #8835 ) ) ;
#11300 = CONICAL_SURFACE ( 'NONE', #6197, 2.000000000000000000, 1.047197551196595855 ) ;
#11301 = ORIENTED_EDGE ( 'NONE', *, *, #10432, .T. ) ;
#11302 = CARTESIAN_POINT ( 'NONE',  ( 1.500000000000000000, 0.000000000000000000, 0.000000000000000000 ) ) ;
#11303 = ADVANCED_FACE ( 'NONE', ( #6939 ), #6165, .F. ) ;
#11304 = ORIENTED_EDGE ( 'NONE', *, *, #2650, .F. ) ;
#11305 = DIRECTION ( 'NONE',  ( -4.592954935378009638E-16, -0.9988925776130228584, -0.04704910615103170823 ) ) ;
#11306 = FACE_BOUND ( 'NONE', #2378, .T. ) ;
#11307 = FACE_OUTER_BOUND ( 'NONE', #6030, .T. ) ;
#11308 = DIRECTION ( 'NONE',  ( 1.000000000000000000, 0.000000000000000000, 0.000000000000000000 ) ) ;
#11309 = CARTESIAN_POINT ( 'NONE',  ( 4.099999999999999645, -2.821690854684141936, -0.9000000000000006883 ) ) ;
#11310 = VECTOR ( 'NONE', #6278, 1000.000000000000000 ) ;
#11311 = CIRCLE ( 'NONE', #6019, 1.550000000000000044 ) ;
#11312 = ORIENTED_EDGE ( 'NONE', *, *, #1174, .F. ) ;
#11313 = DIRECTION ( 'NONE',  ( 0.000000000000000000, -1.000000000000000000, -0.000000000000000000 ) ) ;
#11314 = VERTEX_POINT ( 'NONE', #752 ) ;
#11315 = DIRECTION ( 'NONE',  ( 0.000000000000000000, 0.000000000000000000, -1.000000000000000000 ) ) ;
#11316 = VERTEX_POINT ( 'NONE', #572 ) ;
#11317 = DIRECTION ( 'NONE',  ( -1.000000000000000000, -0.000000000000000000, -0.000000000000000000 ) ) ;
#11318 = AXIS2_PLACEMENT_3D ( 'NONE', #1671, #11515, #6296 ) ;
#11319 = VERTEX_POINT ( 'NONE', #1526 ) ;
#11320 = LINE ( 'NONE', #5271, #7298 ) ;
#11321 = SURFACE_STYLE_USAGE ( .BOTH. , #4791 ) ;
#11322 = CARTESIAN_POINT ( 'NONE',  ( -1.000000000000000888, 1.732050807568876749, 0.000000000000000000 ) ) ;
#11323 = EDGE_CURVE ( 'NONE', #707, #10014, #4200, .T. ) ;
#11324 = CARTESIAN_POINT ( 'NONE',  ( 0.000000000000000000, 0.000000000000000000, -3.300000000000018030 ) ) ;
#11325 = DIRECTION ( 'NONE',  ( -1.000000000000000000, 0.000000000000000000, 0.000000000000000000 ) ) ;
#11326 = AXIS2_PLACEMENT_3D ( 'NONE', #34, #9959, #3618 ) ;
#11327 = EDGE_LOOP ( 'NONE', ( #10848, #11619 ) ) ;
#11328 = LINE ( 'NONE', #4977, #5093 ) ;
#11329 = ORIENTED_EDGE ( 'NONE', *, *, #4020, .F. ) ;
#11330 = AXIS2_PLACEMENT_3D ( 'NONE', #10629, #6916, #11533 ) ;
#11331 = CARTESIAN_POINT ( 'NONE',  ( 0.7812177826501164324, -0.3500000000112572507, -0.6513934606267701710 ) ) ;
#11332 = ORIENTED_EDGE ( 'NONE', *, *, #1225, .T. ) ;
#11333 = VERTEX_POINT ( 'NONE', #10589 ) ;
#11334 = FACE_OUTER_BOUND ( 'NONE', #5897, .T. ) ;
#11335 = B_SPLINE_CURVE_WITH_KNOTS ( 'NONE', 3,
 ( #5574, #10728, #4619, #8240 ),
 .UNSPECIFIED., .F., .F.,
 ( 4, 4 ),
 ( 2.380749485076534898E-07, 0.001168606431211099148 ),
 .UNSPECIFIED. ) ;
#11336 = EDGE_CURVE ( 'NONE', #10664, #7739, #10535, .T. ) ;
#11337 = EDGE_CURVE ( 'NONE', #2303, #6687, #3748, .T. ) ;
#11338 = CARTESIAN_POINT ( 'NONE',  ( -3.000000000000000000, 0.000000000000000000, 0.000000000000000000 ) ) ;
#11339 = DIRECTION ( 'NONE',  ( -0.000000000000000000, 1.000000000000000000, 0.000000000000000000 ) ) ;
#11340 = EDGE_LOOP ( 'NONE', ( #1047, #2417 ) ) ;
#11341 = DIRECTION ( 'NONE',  ( -1.126735949052869914E-15, 0.000000000000000000, -1.000000000000000000 ) ) ;
#11342 = EDGE_CURVE ( 'NONE', #9960, #10184, #10476, .T. ) ;
#11343 = APPLICATION_CONTEXT ( 'automotive_design' ) ;
#11344 = EDGE_CURVE ( 'NONE', #421, #5927, #6046, .T. ) ;
#11345 = FACE_OUTER_BOUND ( 'NONE', #3285, .T. ) ;
#11346 = AXIS2_PLACEMENT_3D ( 'NONE', #9178, #4781, #5505 ) ;
#11347 = CARTESIAN_POINT ( 'NONE',  ( 4.000000000000000000, 9.199999999999999289, -18.50000000000000355 ) ) ;
#11348 = VERTEX_POINT ( 'NONE', #2474 ) ;
#11349 = PLANE ( 'NONE',  #10722 ) ;
#11350 = DIRECTION ( 'NONE',  ( 1.000000000000000000, -0.000000000000000000, -0.000000000000000000 ) ) ;
#11351 = VERTEX_POINT ( 'NONE', #6102 ) ;
#11352 = FACE_OUTER_BOUND ( 'NONE', #8703, .T. ) ;
#11353 = DIRECTION ( 'NONE',  ( 0.000000000000000000, 1.000000000000000000, 0.000000000000000000 ) ) ;
#11354 = DIRECTION ( 'NONE',  ( 0.000000000000000000, 0.000000000000000000, -1.000000000000000000 ) ) ;
#11355 = EDGE_CURVE ( 'NONE', #6971, #10202, #11551, .T. ) ;
#11356 = EDGE_LOOP ( 'NONE', ( #10515, #3477, #3580, #7745 ) ) ;
#11357 = PRESENTATION_LAYER_ASSIGNMENT (  '', '', ( #1892 ) ) ;
#11358 = EDGE_LOOP ( 'NONE', ( #7794, #7760, #4269, #10570, #4393, #5317 ) ) ;
#11359 = DIRECTION ( 'NONE',  ( 0.000000000000000000, 0.000000000000000000, -1.000000000000000000 ) ) ;
#11360 = ORIENTED_EDGE ( 'NONE', *, *, #3355, .F. ) ;
#11361 = CARTESIAN_POINT ( 'NONE',  ( 6.090852290477400288, -0.3502617553154292462, 1033.600000000006958 ) ) ;
#11362 = DIRECTION ( 'NONE',  ( 0.000000000000000000, 0.000000000000000000, -1.000000000000000000 ) ) ;
#11363 = DIRECTION ( 'NONE',  ( 0.000000000000000000, -0.000000000000000000, 1.000000000000000000 ) ) ;
#11364 = DIRECTION ( 'NONE',  ( -0.000000000000000000, 0.000000000000000000, 1.000000000000000000 ) ) ;
#11365 = CARTESIAN_POINT ( 'NONE',  ( -2.000000000000000000, 0.000000000000000000, -1.600000000000000089 ) ) ;
#11366 =( GEOMETRIC_REPRESENTATION_CONTEXT ( 3 ) GLOBAL_UNCERTAINTY_ASSIGNED_CONTEXT ( ( #668 ) ) GLOBAL_UNIT_ASSIGNED_CONTEXT ( ( #7220, #9169, #8282 ) ) REPRESENTATION_CONTEXT ( 'NONE', 'WORKASPACE' ) );
#11367 = ADVANCED_FACE ( 'NONE', ( #7269, #2818 ), #7217, .T. ) ;
#11368 = ORIENTED_EDGE ( 'NONE', *, *, #3591, .F. ) ;
#11369 = CARTESIAN_POINT ( 'NONE',  ( -1.836821824868181352, -1.248911501717480554, -1.475759930090788652 ) ) ;
#11370 = VERTEX_POINT ( 'NONE', #1929 ) ;
#11371 = CARTESIAN_POINT ( 'NONE',  ( 4.099999999999999645, -2.971690854684141847, 0.3999999999999987454 ) ) ;
#11372 = ORIENTED_EDGE ( 'NONE', *, *, #1873, .F. ) ;
#11373 = CARTESIAN_POINT ( 'NONE',  ( 0.000000000000000000, 5.058392604970359998E-16, -2.130481160836854126 ) ) ;
#11374 = ORIENTED_EDGE ( 'NONE', *, *, #3058, .F. ) ;
#11375 = DIRECTION ( 'NONE',  ( 0.000000000000000000, 0.000000000000000000, -1.000000000000000000 ) ) ;
#11376 = CARTESIAN_POINT ( 'NONE',  ( -4.000000000000001776, 2.500000000000000000, -1.845299461620639736 ) ) ;
#11377 = FILL_AREA_STYLE ('',( #1418 ) ) ;
#11378 = CARTESIAN_POINT ( 'NONE',  ( 0.000000000000000000, 0.000000000000000000, -3.300000000000018918 ) ) ;
#11379 = AXIS2_PLACEMENT_3D ( 'NONE', #1098, #2826, #1938 ) ;
#11380 = CARTESIAN_POINT ( 'NONE',  ( -1.339247740005897080, -1.536186033554502339, -0.01710519872702283631 ) ) ;
#11381 = ORIENTED_EDGE ( 'NONE', *, *, #4630, .T. ) ;
#11382 = CARTESIAN_POINT ( 'NONE',  ( -0.6741663890421856209, -0.1633708306314063108, -0.7494526691008521757 ) ) ;
#11383 = ORIENTED_EDGE ( 'NONE', *, *, #1397, .F. ) ;
#11384 = FACE_OUTER_BOUND ( 'NONE', #5383, .T. ) ;
#11385 = EDGE_LOOP ( 'NONE', ( #3496, #8236, #4618 ) ) ;
#11386 = VERTEX_POINT ( 'NONE', #10998 ) ;
#11387 = EDGE_CURVE ( 'NONE', #7211, #2592, #4866, .T. ) ;
#11388 = VECTOR ( 'NONE', #4098, 1000.000000000000000 ) ;
#11389 =( NAMED_UNIT ( * ) PLANE_ANGLE_UNIT ( ) SI_UNIT ( $, .RADIAN. ) );
#11390 = DIRECTION ( 'NONE',  ( 0.000000000000000000, 1.000000000000000000, 0.000000000000000000 ) ) ;
#11391 = DIRECTION ( 'NONE',  ( -0.000000000000000000, -1.000000000000000000, -0.000000000000000000 ) ) ;
#11392 = CARTESIAN_POINT ( 'NONE',  ( -3.129822080702421140E-16, -2.309401076758506477, -1.600000000000000089 ) ) ;
#11393 = VERTEX_POINT ( 'NONE', #2704 ) ;
#11394 = CYLINDRICAL_SURFACE ( 'NONE', #1093, 5.500000000000000000 ) ;
#11395 = AXIS2_PLACEMENT_3D ( 'NONE', #3584, #5477, #1800 ) ;
#11396 =( NAMED_UNIT ( * ) PLANE_ANGLE_UNIT ( ) SI_UNIT ( $, .RADIAN. ) );
#11397 = EDGE_CURVE ( 'NONE', #11606, #8232, #7717, .T. ) ;
#11398 = EDGE_CURVE ( 'NONE', #9132, #2814, #4657, .T. ) ;
#11399 = CARTESIAN_POINT ( 'NONE',  ( 0.000000000000000000, 0.000000000000000000, 0.000000000000000000 ) ) ;
#11400 = VERTEX_POINT ( 'NONE', #1033 ) ;
#11401 = CONTEXT_DEPENDENT_SHAPE_REPRESENTATION ( #277, #5428 ) ;
#11402 = EDGE_CURVE ( 'NONE', #10497, #11608, #6579, .T. ) ;
#11403 = DIRECTION ( 'NONE',  ( -0.000000000000000000, -0.000000000000000000, 1.000000000000000000 ) ) ;
#11404 = EDGE_CURVE ( 'NONE', #5153, #3077, #1460, .T. ) ;
#11405 = CARTESIAN_POINT ( 'NONE',  ( 5.499999999999997335, 0.8999999999999989120, -5.309401076758394566 ) ) ;
#11406 = ORIENTED_EDGE ( 'NONE', *, *, #163, .F. ) ;
#11407 = DIRECTION ( 'NONE',  ( -0.000000000000000000, -1.000000000000000000, -0.000000000000000000 ) ) ;
#11408 = CARTESIAN_POINT ( 'NONE',  ( 0.000000000000000000, 4.738805170303855086E-16, -1.469518839163146406 ) ) ;
#11409 = CARTESIAN_POINT ( 'NONE',  ( 3.599999999999992095, -2.821690854684141936, -0.9000000000000006883 ) ) ;
#11410 = ORIENTED_EDGE ( 'NONE', *, *, #4630, .F. ) ;
#11411 = ORIENTED_EDGE ( 'NONE', *, *, #11152, .F. ) ;
#11412 = FACE_OUTER_BOUND ( 'NONE', #10061, .T. ) ;
#11413 = EDGE_LOOP ( 'NONE', ( #2490, #7046, #2551, #8672, #11565, #5295 ) ) ;
#11414 = DIRECTION ( 'NONE',  ( 0.5000000000000009992, 0.000000000000000000, 0.8660254037844381525 ) ) ;
#11415 = ADVANCED_FACE ( 'NONE', ( #9882 ), #9941, .F. ) ;
#11416 = VECTOR ( 'NONE', #7610, 1000.000000000000000 ) ;
#11417 = CARTESIAN_POINT ( 'NONE',  ( 0.000000000000000000, 0.000000000000000000, -1.600000000000000089 ) ) ;
#11418 = ADVANCED_FACE ( 'NONE', ( #3603, #10827 ), #8051, .T. ) ;
#11419 = CARTESIAN_POINT ( 'NONE',  ( 0.6607522599941045849, -1.927915581583256932, -0.01710519872702329428 ) ) ;
#11420 = CARTESIAN_POINT ( 'NONE',  ( 0.3271719972790544384, 2.120508236058134433, -0.06957546252590364466 ) ) ;
#11421 = SURFACE_STYLE_USAGE ( .BOTH. , #564 ) ;
#11422 = AXIS2_PLACEMENT_3D ( 'NONE', #5431, #10871, #13 ) ;
#11423 = ORIENTED_EDGE ( 'NONE', *, *, #11277, .T. ) ;
#11424 = DIRECTION ( 'NONE',  ( -0.000000000000000000, -0.000000000000000000, -1.000000000000000000 ) ) ;
#11425 = CONICAL_SURFACE ( 'NONE', #8019, 2.000000000000000000, 1.047197551196596299 ) ;
#11426 = AXIS2_PLACEMENT_3D ( 'NONE', #5076, #8698, #10580 ) ;
#11427 = ORIENTED_EDGE ( 'NONE', *, *, #6581, .F. ) ;
#11428 = VECTOR ( 'NONE', #4405, 1000.000000000000227 ) ;
#11429 = CYLINDRICAL_SURFACE ( 'NONE', #8794, 1.000000000000000444 ) ;
#11430 = ORIENTED_EDGE ( 'NONE', *, *, #10149, .T. ) ;
#11431 = CARTESIAN_POINT ( 'NONE',  ( 2.099999999999999645, -2.821690854684140159, 0.4999999999999991673 ) ) ;
#11432 = UNCERTAINTY_MEASURE_WITH_UNIT (LENGTH_MEASURE( 1.000000000000000082E-05 ), #1666, 'distance_accuracy_value', 'NONE');
#11433 = ORIENTED_EDGE ( 'NONE', *, *, #2538, .T. ) ;
#11434 = FACE_OUTER_BOUND ( 'NONE', #4119, .T. ) ;
#11435 = AXIS2_PLACEMENT_3D ( 'NONE', #11283, #1432, #10386 ) ;
#11436 = CYLINDRICAL_SURFACE ( 'NONE', #7685, 3.499999999999999556 ) ;
#11437 = DIRECTION ( 'NONE',  ( 0.000000000000000000, 0.000000000000000000, -1.000000000000000000 ) ) ;
#11438 = VECTOR ( 'NONE', #928, 1000.000000000000000 ) ;
#11439 = CONICAL_SURFACE ( 'NONE', #11631, 2.000000000000000000, 1.047197551196595855 ) ;
#11440 = DIRECTION ( 'NONE',  ( 1.000000000000000000, 0.000000000000000000, 0.000000000000000000 ) ) ;
#11441 = EDGE_LOOP ( 'NONE', ( #1472, #9656, #7033, #2051 ) ) ;
#11442 = B_SPLINE_CURVE_WITH_KNOTS ( 'NONE', 3,
 ( #5583, #6592, #9311, #2905, #9257, #6469 ),
 .UNSPECIFIED., .F., .F.,
 ( 4, 2, 4 ),
 ( 0.002060137505873420056, 0.002644210467598552029, 0.003228283429323684436 ),
 .UNSPECIFIED. ) ;
#11443 = CARTESIAN_POINT ( 'NONE',  ( -0.6400838274320557186, -0.08743474090243252839, -0.7781214260140821848 ) ) ;
#11444 = AXIS2_PLACEMENT_3D ( 'NONE', #10055, #10887, #10002 ) ;
#11445 = EDGE_LOOP ( 'NONE', ( #9843, #10475, #8074, #9147, #5012, #5027 ) ) ;
#11446 = CARTESIAN_POINT ( 'NONE',  ( 0.000000000000000000, 7.500000000000000000, -2.616139535669826266 ) ) ;
#11447 = ORIENTED_EDGE ( 'NONE', *, *, #2341, .T. ) ;
#11448 = CIRCLE ( 'NONE', #459, 1.999999999999999556 ) ;
#11449 = ORIENTED_EDGE ( 'NONE', *, *, #2714, .F. ) ;
#11450 = DIRECTION ( 'NONE',  ( 1.000000000000000000, 0.000000000000000000, 0.000000000000000000 ) ) ;
#11451 = CARTESIAN_POINT ( 'NONE',  ( 2.000000000000000000, -0.1951254011572754188, -1.600000000000000089 ) ) ;
#11452 = CONICAL_SURFACE ( 'NONE', #10500, 2.000000000000000000, 1.047197551196595855 ) ;
#11453 = DIRECTION ( 'NONE',  ( 0.000000000000000000, 0.000000000000000000, -1.000000000000000000 ) ) ;
#11454 = CYLINDRICAL_SURFACE ( 'NONE', #10092, 1.099999999999996758 ) ;
#11455 = ORIENTED_EDGE ( 'NONE', *, *, #9626, .T. ) ;
#11456 = EDGE_CURVE ( 'NONE', #3973, #7811, #7165, .T. ) ;
#11457 = DIRECTION ( 'NONE',  ( 0.000000000000000000, 0.000000000000000000, 1.000000000000000000 ) ) ;
#11458 = CARTESIAN_POINT ( 'NONE',  ( 0.000000000000000000, 0.000000000000000000, 0.000000000000000000 ) ) ;
#11459 = VECTOR ( 'NONE', #8720, 1000.000000000000000 ) ;
#11460 = CARTESIAN_POINT ( 'NONE',  ( 0.000000000000000000, 0.8999999999999995781, -22.15470053837916353 ) ) ;
#11461 = VERTEX_POINT ( 'NONE', #5441 ) ;
#11462 = PRESENTATION_STYLE_ASSIGNMENT (( #8622 ) ) ;
#11463 = LINE ( 'NONE', #9580, #7631 ) ;
#11464 = VERTEX_POINT ( 'NONE', #2876 ) ;
#11465 = DIRECTION ( 'NONE',  ( 0.000000000000000000, 0.000000000000000000, 1.000000000000000000 ) ) ;
#11466 = CYLINDRICAL_SURFACE ( 'NONE', #2499, 2.500000000000002220 ) ;
#11467 = EDGE_CURVE ( 'NONE', #7936, #5215, #8092, .T. ) ;
#11468 = MECHANICAL_DESIGN_GEOMETRIC_PRESENTATION_REPRESENTATION (  '', ( #5793 ), #2190 ) ;
#11469 = CIRCLE ( 'NONE', #9774, 1.000000000000000000 ) ;
#11470 = ADVANCED_FACE ( 'NONE', ( #8158, #21, #3654 ), #10943, .T. ) ;
#11471 = CARTESIAN_POINT ( 'NONE',  ( 5.499999999999998224, 0.8999999999999998002, -23.30940107675841233 ) ) ;
#11472 = EDGE_LOOP ( 'NONE', ( #1630, #5260, #555, #9695 ) ) ;
#11473 = EDGE_CURVE ( 'NONE', #2217, #3086, #1758, .T. ) ;
#11474 = EDGE_LOOP ( 'NONE', ( #10050, #11006, #8375, #6442, #2086 ) ) ;
#11475 = B_SPLINE_CURVE_WITH_KNOTS ( 'NONE', 3,
 ( #2464, #6092, #9700, #1573, #5191, #8809 ),
 .UNSPECIFIED., .F., .F.,
 ( 4, 2, 4 ),
 ( 0.002060137505873420923, 0.002644210467598553330, 0.003228283429323685737 ),
 .UNSPECIFIED. ) ;
#11476 = CARTESIAN_POINT ( 'NONE',  ( 2.000000000000000000, 0.000000000000000000, 0.000000000000000000 ) ) ;
#11477 = ORIENTED_EDGE ( 'NONE', *, *, #9452, .T. ) ;
#11478 = DIRECTION ( 'NONE',  ( -1.000000000000000000, 0.000000000000000000, 0.000000000000000000 ) ) ;
#11479 = DIRECTION ( 'NONE',  ( -1.000000000000000000, 0.000000000000000000, 0.000000000000000000 ) ) ;
#11480 = CARTESIAN_POINT ( 'NONE',  ( 0.000000000000000000, 0.000000000000000000, -1.199999999999999956 ) ) ;
#11481 = DIRECTION ( 'NONE',  ( -0.000000000000000000, 1.224649721909276639E-16, -1.000000000000000000 ) ) ;
#11482 = EDGE_CURVE ( 'NONE', #321, #674, #7149, .T. ) ;
#11483 = CARTESIAN_POINT ( 'NONE',  ( 7.499999999999998224, 2.500000000000000000, -19.84529946162064817 ) ) ;
#11484 = ORIENTED_EDGE ( 'NONE', *, *, #9365, .T. ) ;
#11485 = CONICAL_SURFACE ( 'NONE', #3342, 2.000000000000000000, 1.047197551196596299 ) ;
#11486 = LINE ( 'NONE', #7043, #2521 ) ;
#11487 = EDGE_CURVE ( 'NONE', #8352, #2356, #2651, .T. ) ;
#11488 = EDGE_LOOP ( 'NONE', ( #3954, #6578, #10430, #2239, #5702 ) ) ;
#11489 = EDGE_CURVE ( 'NONE', #8819, #10690, #4435, .T. ) ;
#11490 = DIRECTION ( 'NONE',  ( 8.659560562354926695E-17, -0.7071067811865482389, 0.7071067811865469066 ) ) ;
#11491 = ORIENTED_EDGE ( 'NONE', *, *, #6789, .F. ) ;
#11492 = DIRECTION ( 'NONE',  ( -0.000000000000000000, -1.000000000000000000, 0.000000000000000000 ) ) ;
#11493 = ORIENTED_EDGE ( 'NONE', *, *, #3884, .F. ) ;
#11494 =( NAMED_UNIT ( * ) SI_UNIT ( $, .STERADIAN. ) SOLID_ANGLE_UNIT ( ) );
#11495 = VECTOR ( 'NONE', #974, 1000.000000000000000 ) ;
#11496 = DIRECTION ( 'NONE',  ( 1.000000000000000000, 0.000000000000000000, 0.000000000000000000 ) ) ;
#11497 = DIRECTION ( 'NONE',  ( 1.000000000000000000, -0.000000000000000000, -0.000000000000000000 ) ) ;
#11498 = AXIS2_PLACEMENT_3D ( 'NONE', #4330, #8652, #8765 ) ;
#11499 = VECTOR ( 'NONE', #9218, 1000.000000000000114 ) ;
#11500 = DIRECTION ( 'NONE',  ( 0.000000000000000000, 0.000000000000000000, 1.000000000000000000 ) ) ;
#11501 = CARTESIAN_POINT ( 'NONE',  ( -2.000000000000000000, 1.154700538379254349, -1.421367205045916737 ) ) ;
#11502 = APPLICATION_CONTEXT ( 'automotive_design' ) ;
#11503 = CARTESIAN_POINT ( 'NONE',  ( -2.000000000000000000, 0.1952413320394005836, 7.623296525288699970E-18 ) ) ;
#11504 = VERTEX_POINT ( 'NONE', #4494 ) ;
#11505 = DIRECTION ( 'NONE',  ( -0.000000000000000000, 1.224649721909276639E-16, -1.000000000000000000 ) ) ;
#11506 = ORIENTED_EDGE ( 'NONE', *, *, #5915, .F. ) ;
#11507 = EDGE_CURVE ( 'NONE', #8822, #7215, #2360, .T. ) ;
#11508 = CARTESIAN_POINT ( 'NONE',  ( -2.000000000000000000, 0.000000000000000000, -3.000000000000000000 ) ) ;
#11509 = AXIS2_PLACEMENT_3D ( 'NONE', #9805, #7244, #10686 ) ;
#11510 = ORIENTED_EDGE ( 'NONE', *, *, #725, .F. ) ;
#11511 = ORIENTED_EDGE ( 'NONE', *, *, #238, .F. ) ;
#11512 = CYLINDRICAL_SURFACE ( 'NONE', #9575, 11.00000000000000000 ) ;
#11513 = CYLINDRICAL_SURFACE ( 'NONE', #6842, 2.000000000000000000 ) ;
#11514 = AXIS2_PLACEMENT_3D ( 'NONE', #3793, #10249, #3026 ) ;
#11515 = DIRECTION ( 'NONE',  ( -0.000000000000000000, -0.000000000000000000, 1.000000000000000000 ) ) ;
#11516 = CARTESIAN_POINT ( 'NONE',  ( -17.30000000000000071, 0.000000000000000000, -0.5000000000000000000 ) ) ;
#11517 = VECTOR ( 'NONE', #8449, 999.9999999999998863 ) ;
#11518 = EDGE_LOOP ( 'NONE', ( #1062, #2438, #3565, #8747 ) ) ;
#11519 = CYLINDRICAL_SURFACE ( 'NONE', #8308, 4.000000000000000000 ) ;
#11520 = ADVANCED_FACE ( 'NONE', ( #8571 ), #10161, .T. ) ;
#11522 = CONICAL_SURFACE ( 'NONE', #2803, 0.7799999999999996936, 0.9599310885968785900 ) ;
#11521 = FACE_OUTER_BOUND ( 'NONE', #1379, .T. ) ;
#11523 = ORIENTED_EDGE ( 'NONE', *, *, #3803, .F. ) ;
#11524 = EDGE_CURVE ( 'NONE', #11589, #1649, #1253, .T. ) ;
#11525 = ITEM_DEFINED_TRANSFORMATION ( 'NONE', 'NONE', #9279,  #4873 ) ;
#11526 = CYLINDRICAL_SURFACE ( 'NONE', #9598, 1.500000000000001332 ) ;
#11527 =( NAMED_UNIT ( * ) PLANE_ANGLE_UNIT ( ) SI_UNIT ( $, .RADIAN. ) );
#11528 = VERTEX_POINT ( 'NONE', #5794 ) ;
#11529 = CARTESIAN_POINT ( 'NONE',  ( -1.999999999999999556, 0.8999999999999995781, -18.69059892324140293 ) ) ;
#11530 = DIRECTION ( 'NONE',  ( 1.000000000000000000, 0.000000000000000000, 0.000000000000000000 ) ) ;
#11531 = SHAPE_REPRESENTATION ( 'hex nut style 1 gradeab_iso_ISO - 4032 - M2 - D - N', ( #4873 ), #748 ) ;
#11532 = ORIENTED_EDGE ( 'NONE', *, *, #1992, .F. ) ;
#11533 = DIRECTION ( 'NONE',  ( 0.000000000000000000, 1.000000000000000000, 0.000000000000000000 ) ) ;
#11534 = VECTOR ( 'NONE', #4688, 1000.000000000000114 ) ;
#11535 = EDGE_LOOP ( 'NONE', ( #2688, #6911, #2755, #2762 ) ) ;
#11536 = EDGE_LOOP ( 'NONE', ( #11257, #366, #11019, #9756, #3709 ) ) ;
#11537 = DIRECTION ( 'NONE',  ( 0.000000000000000000, -1.000000000000000000, 0.000000000000000000 ) ) ;
#11538 = VERTEX_POINT ( 'NONE', #4953 ) ;
#11539 = CARTESIAN_POINT ( 'NONE',  ( 6.840852290477398512, -7.050261755315429646, 1031.100000000006958 ) ) ;
#11540 = DIRECTION ( 'NONE',  ( 1.000000000000000000, -0.000000000000000000, -0.000000000000000000 ) ) ;
#11541 = CARTESIAN_POINT ( 'NONE',  ( 0.8302646929203286730, -1.830047532802312249, -1.600000000000000089 ) ) ;
#11542 = DIRECTION ( 'NONE',  ( -0.7423286577013630261, -0.4285836503510557227, -0.5150380749100561539 ) ) ;
#11543 = CARTESIAN_POINT ( 'NONE',  ( -4.987329993433320396E-15, -2.309401076758504701, -1.421367205045916737 ) ) ;
#11544 = ORIENTED_EDGE ( 'NONE', *, *, #9130, .F. ) ;
#11545 = DIRECTION ( 'NONE',  ( -0.000000000000000000, 1.224649721909276639E-16, -1.000000000000000000 ) ) ;
#11546 = PRESENTATION_LAYER_ASSIGNMENT (  '', '', ( #4917 ) ) ;
#11547 = EDGE_LOOP ( 'NONE', ( #3399, #3543, #5945 ) ) ;
#11548 = DIRECTION ( 'NONE',  ( -1.000000000000000000, 0.000000000000000000, 0.000000000000000000 ) ) ;
#11549 = ORIENTED_EDGE ( 'NONE', *, *, #3134, .T. ) ;
#11550 = ADVANCED_FACE ( 'NONE', ( #4714 ), #10168, .F. ) ;
#11551 = LINE ( 'NONE', #3425, #3349 ) ;
#11552 = ADVANCED_FACE ( 'NONE', ( #440 ), #2229, .T. ) ;
#11553 = EDGE_LOOP ( 'NONE', ( #6421, #1645 ) ) ;
#11554 = EDGE_CURVE ( 'NONE', #7621, #7643, #7507, .T. ) ;
#11555 =( LENGTH_UNIT ( ) NAMED_UNIT ( * ) SI_UNIT ( .MILLI., .METRE. ) );
#11556 = CARTESIAN_POINT ( 'NONE',  ( 0.000000000000000000, 4.898598887637106556E-16, -1.599999999999999867 ) ) ;
#11557 = DIRECTION ( 'NONE',  ( -0.000000000000000000, -0.000000000000000000, -1.000000000000000000 ) ) ;
#11558 =( LENGTH_UNIT ( ) NAMED_UNIT ( * ) SI_UNIT ( .MILLI., .METRE. ) );
#11559 = ADVANCED_FACE ( 'NONE', ( #11240 ), #6617, .F. ) ;
#11560 = FACE_OUTER_BOUND ( 'NONE', #4602, .T. ) ;
#11561 = EDGE_CURVE ( 'NONE', #1005, #7035, #8334, .T. ) ;
#11562 = CARTESIAN_POINT ( 'NONE',  ( -2.000000000000000000, 0.7788341705667901627, -0.07984828284772985119 ) ) ;
#11563 = ORIENTED_EDGE ( 'NONE', *, *, #6560, .F. ) ;
#11564 = DIRECTION ( 'NONE',  ( 0.000000000000000000, 1.000000000000000000, 0.000000000000000000 ) ) ;
#11565 = ORIENTED_EDGE ( 'NONE', *, *, #6789, .T. ) ;
#11566 = DIRECTION ( 'NONE',  ( 1.000000000000000000, 0.000000000000000000, 0.000000000000000000 ) ) ;
#11567 = AXIS2_PLACEMENT_3D ( 'NONE', #10635, #2519, #5307 ) ;
#11568 = EDGE_LOOP ( 'NONE', ( #2663, #434, #1454, #4785, #2950 ) ) ;
#11569 = ORIENTED_EDGE ( 'NONE', *, *, #2433, .F. ) ;
#11570 = PRESENTATION_STYLE_ASSIGNMENT (( #9729 ) ) ;
#11571 = CARTESIAN_POINT ( 'NONE',  ( 2.099999999999999645, -2.971690854684141847, -0.4999999999999991673 ) ) ;
#11572 = CYLINDRICAL_SURFACE ( 'NONE', #3806, 1.099999999999998535 ) ;
#11573 = EDGE_CURVE ( 'NONE', #4591, #8444, #2777, .T. ) ;
#11574 = FACE_OUTER_BOUND ( 'NONE', #9724, .T. ) ;
#11575 = CARTESIAN_POINT ( 'NONE',  ( 1.899999999999999689, 2.326828918379970872E-16, -0.3000000000000035416 ) ) ;
#11576 = ORIENTED_EDGE ( 'NONE', *, *, #2077, .T. ) ;
#11577 = DIRECTION ( 'NONE',  ( -0.5000000000000008882, 0.000000000000000000, -0.8660254037844381525 ) ) ;
#11578 = DIRECTION ( 'NONE',  ( 0.000000000000000000, 0.000000000000000000, 1.000000000000000000 ) ) ;
#11579 = AXIS2_PLACEMENT_3D ( 'NONE', #6769, #9492, #11325 ) ;
#11580 = DIRECTION ( 'NONE',  ( 0.000000000000000000, 0.000000000000000000, 1.000000000000000000 ) ) ;
#11581 = EDGE_LOOP ( 'NONE', ( #584, #4694 ) ) ;
#11582 = DIRECTION ( 'NONE',  ( 0.000000000000000000, -1.000000000000000000, 0.000000000000000000 ) ) ;
#11583 = PRODUCT_RELATED_PRODUCT_CATEGORY ( 'part', '', ( #2289 ) ) ;
#11584 = AXIS2_PLACEMENT_3D ( 'NONE', #1909, #8256, #10977 ) ;
#11585 = ORIENTED_EDGE ( 'NONE', *, *, #10823, .T. ) ;
#11586 = CARTESIAN_POINT ( 'NONE',  ( -4.000000000000003553, 0.8999999999999998002, -22.15470053837915643 ) ) ;
#11587 = CARTESIAN_POINT ( 'NONE',  ( 3.500000000000000000, 0.000000000000000000, -24.00000000000000000 ) ) ;
#11588 = LINE ( 'NONE', #5302, #9635 ) ;
#11589 = VERTEX_POINT ( 'NONE', #257 ) ;
#11590 = CIRCLE ( 'NONE', #1358, 4.000000000000000000 ) ;
#11591 = ORIENTED_EDGE ( 'NONE', *, *, #6211, .F. ) ;
#11592 = DIRECTION ( 'NONE',  ( 1.000000000000000000, 0.000000000000000000, 0.000000000000000000 ) ) ;
#11593 = ORIENTED_EDGE ( 'NONE', *, *, #9588, .T. ) ;
#11594 = DIRECTION ( 'NONE',  ( 1.000000000000000000, 0.000000000000000000, 0.000000000000000000 ) ) ;
#11595 = CARTESIAN_POINT ( 'NONE',  ( -0.6401492457481293696, 0.08760015849361395268, -0.7780656707404043360 ) ) ;
#11596 = CARTESIAN_POINT ( 'NONE',  ( 2.000000000000000000, 1.154700538379250130, -1.600000000000000089 ) ) ;
#11597 = CARTESIAN_POINT ( 'NONE',  ( 0.9526279441628808797, -0.5500000000000002665, -0.3000000000000181410 ) ) ;
#11598 = FILL_AREA_STYLE_COLOUR ( '', #4042 ) ;
#11599 = CARTESIAN_POINT ( 'NONE',  ( -0.3271719972790577136, -2.120508236058134877, -1.530424537474095903 ) ) ;
#11600 = B_SPLINE_CURVE_WITH_KNOTS ( 'NONE', 3,
 ( #3945, #7496, #7552, #1258, #4886, #8503 ),
 .UNSPECIFIED., .F., .F.,
 ( 4, 2, 4 ),
 ( 0.002060137505873420923, 0.002644210467598553330, 0.003228283429323685737 ),
 .UNSPECIFIED. ) ;
#11601 = ORIENTED_EDGE ( 'NONE', *, *, #7860, .T. ) ;
#11602 = DIRECTION ( 'NONE',  ( -1.000000000000000000, 0.000000000000000000, 0.000000000000000000 ) ) ;
#11603 = ADVANCED_FACE ( 'NONE', ( #11117 ), #5854, .T. ) ;
#11604 = ORIENTED_EDGE ( 'NONE', *, *, #5778, .T. ) ;
#11605 = DIRECTION ( 'NONE',  ( -0.000000000000000000, -0.000000000000000000, 1.000000000000000000 ) ) ;
#11606 = VERTEX_POINT ( 'NONE', #1270 ) ;
#11607 = CARTESIAN_POINT ( 'NONE',  ( 5.500000000000000888, 0.000000000000000000, -6.000000000000000000 ) ) ;
#11608 = VERTEX_POINT ( 'NONE', #3827 ) ;
#11609 = CARTESIAN_POINT ( 'NONE',  ( 0.8302646929203286730, -1.830047532802312249, -1.600000000000000089 ) ) ;
#11610 = DIRECTION ( 'NONE',  ( -0.000000000000000000, 1.224649721909276639E-16, -1.000000000000000000 ) ) ;
#11611 = AXIS2_PLACEMENT_3D ( 'NONE', #4704, #7373, #8097 ) ;
#11612 = DIRECTION ( 'NONE',  ( 0.000000000000000000, -1.000000000000000000, -0.000000000000000000 ) ) ;
#11613 = DIRECTION ( 'NONE',  ( 0.000000000000000000, 0.000000000000000000, 1.000000000000000000 ) ) ;
#11614 = DIRECTION ( 'NONE',  ( 0.000000000000000000, -1.000000000000000000, 0.000000000000000000 ) ) ;
#11615 = VECTOR ( 'NONE', #4578, 1000.000000000000000 ) ;
#11616 = ADVANCED_FACE ( 'NONE', ( #3124 ), #7686, .F. ) ;
#11617 = VECTOR ( 'NONE', #392, 1000.000000000000000 ) ;
#11618 = EDGE_CURVE ( 'NONE', #2970, #4087, #9410, .T. ) ;
#11619 = ORIENTED_EDGE ( 'NONE', *, *, #10380, .T. ) ;
#11620 = FACE_BOUND ( 'NONE', #10900, .T. ) ;
#11621 = VERTEX_POINT ( 'NONE', #10282 ) ;
#11622 = DIRECTION ( 'NONE',  ( -0.000000000000000000, -1.000000000000000000, -0.000000000000000000 ) ) ;
#11623 = AXIS2_PLACEMENT_3D ( 'NONE', #359, #8369, #3931 ) ;
#11624 = EDGE_CURVE ( 'NONE', #2259, #5930, #5056, .T. ) ;
#11625 = ORIENTED_EDGE ( 'NONE', *, *, #6417, .T. ) ;
#11626 = EDGE_LOOP ( 'NONE', ( #551, #1486, #8862, #5022, #7313, #2132 ) ) ;
#11627 = CONICAL_SURFACE ( 'NONE', #2539, 1.000000000000000444, 0.7853981633974499443 ) ;
#11628 = FILL_AREA_STYLE_COLOUR ( '', #2792 ) ;
#11629 = MECHANICAL_DESIGN_GEOMETRIC_PRESENTATION_REPRESENTATION (  '', ( #10845 ), #1960 ) ;
#11630 = CARTESIAN_POINT ( 'NONE',  ( 2.000000000000000000, -1.154700538379255015, -1.421367205045916737 ) ) ;
#11631 = AXIS2_PLACEMENT_3D ( 'NONE', #6704, #5994, #2306 ) ;
#11632 = FACE_BOUND ( 'NONE', #5509, .T. ) ;
#11633 = VECTOR ( 'NONE', #698, 1000.000000000000000 ) ;
#11634 = CARTESIAN_POINT ( 'NONE',  ( 2.500000000000000000, 9.199999999999999289, -16.00000000000000000 ) ) ;
#11635 = CARTESIAN_POINT ( 'NONE',  ( 1.224646799147353207E-16, 1.000000000000000444, -2.269518839163146673 ) ) ;
#11636 = EDGE_CURVE ( 'NONE', #1819, #2686, #381, .T. ) ;
#11637 = ORIENTED_EDGE ( 'NONE', *, *, #5092, .F. ) ;
#11638 = FACE_OUTER_BOUND ( 'NONE', #5679, .T. ) ;
#11639 = AXIS2_PLACEMENT_3D ( 'NONE', #720, #4225, #3453 ) ;
#11640 = DIRECTION ( 'NONE',  ( -0.000000000000000000, -1.000000000000000000, -0.000000000000000000 ) ) ;
#11641 = CIRCLE ( 'NONE', #7670, 3.499999999999997780 ) ;
#11642 = EDGE_CURVE ( 'NONE', #7142, #819, #3171, .T. ) ;
#11643 = EDGE_CURVE ( 'NONE', #7174, #7394, #10693, .T. ) ;
#11644 = DIRECTION ( 'NONE',  ( -1.000000000000000000, 0.000000000000000000, 0.000000000000000000 ) ) ;
#11645 = VECTOR ( 'NONE', #2413, 1000.000000000000000 ) ;
#11646 = EDGE_LOOP ( 'NONE', ( #7773, #10942 ) ) ;
#11647 = SURFACE_STYLE_USAGE ( .BOTH. , #4680 ) ;
#11648 = ORIENTED_EDGE ( 'NONE', *, *, #9626, .F. ) ;
#11649 = FACE_OUTER_BOUND ( 'NONE', #4574, .T. ) ;
#11650 = DIRECTION ( 'NONE',  ( 1.000000000000000000, -0.000000000000000000, -0.000000000000000000 ) ) ;
#11651 = ORIENTED_EDGE ( 'NONE', *, *, #5835, .T. ) ;
#11652 = LINE ( 'NONE', #3636, #5272 ) ;
#11653 = ORIENTED_EDGE ( 'NONE', *, *, #3885, .T. ) ;
#11654 = CIRCLE ( 'NONE', #6740, 3.000000000000000444 ) ;
#11655 = ADVANCED_FACE ( 'NONE', ( #2407, #9761 ), #3299, .F. ) ;
#11656 = ORIENTED_EDGE ( 'NONE', *, *, #11254, .T. ) ;
#11657 = SHAPE_REPRESENTATION_RELATIONSHIP ( 'NONE' , 'NONE' ,  #1031, #4458 ) ;
#11658 = VERTEX_POINT ( 'NONE', #9646 ) ;
#11659 = APPLICATION_PROTOCOL_DEFINITION ( 'draft international standard', 'automotive_design', 1998, #7480 ) ;
#11660 = FACE_OUTER_BOUND ( 'NONE', #1962, .T. ) ;
#11661 = DIRECTION ( 'NONE',  ( -0.000000000000000000, -0.000000000000000000, 1.000000000000000000 ) ) ;
#11662 = FACE_OUTER_BOUND ( 'NONE', #6040, .T. ) ;
#11663 = CARTESIAN_POINT ( 'NONE',  ( 0.000000000000000000, 4.738805170303855086E-16, -1.869518839163146762 ) ) ;
#11664 = FACE_OUTER_BOUND ( 'NONE', #5454, .T. ) ;
#11665 = ORIENTED_EDGE ( 'NONE', *, *, #9809, .T. ) ;
#11666 = FACE_OUTER_BOUND ( 'NONE', #11684, .T. ) ;
#11667 = EDGE_CURVE ( 'NONE', #11351, #7596, #1065, .T. ) ;
#11668 = DIRECTION ( 'NONE',  ( -1.000000000000000000, 8.881784197001252323E-16, 0.000000000000000000 ) ) ;
#11669 = CIRCLE ( 'NONE', #7126, 0.5000000000000000000 ) ;
#11670 = ORIENTED_EDGE ( 'NONE', *, *, #4645, .F. ) ;
#11671 = CARTESIAN_POINT ( 'NONE',  ( 0.000000000000000000, 0.000000000000000000, -1.600000000000000089 ) ) ;
#11672 = ORIENTED_EDGE ( 'NONE', *, *, #8326, .T. ) ;
#11673 =( NAMED_UNIT ( * ) PLANE_ANGLE_UNIT ( ) SI_UNIT ( $, .RADIAN. ) );
#11674 = CYLINDRICAL_SURFACE ( 'NONE', #1993, 4.000000000000000000 ) ;
#11675 = FACE_OUTER_BOUND ( 'NONE', #10319, .T. ) ;
#11676 = DIRECTION ( 'NONE',  ( -0.000000000000000000, 1.224649721909276639E-16, -1.000000000000000000 ) ) ;
#11677 = CARTESIAN_POINT ( 'NONE',  ( -1.000000000000000888, 1.732050807568876749, -1.600000000000000089 ) ) ;
#11678 = CIRCLE ( 'NONE', #11094, 1.000000000000000444 ) ;
#11679 = DIRECTION ( 'NONE',  ( -0.000000000000000000, 1.224649721909276639E-16, -1.000000000000000000 ) ) ;
#11680 = ORIENTED_EDGE ( 'NONE', *, *, #5358, .T. ) ;
#11681 = PLANE ( 'NONE',  #4153 ) ;
#11682 = EDGE_LOOP ( 'NONE', ( #6654, #1361, #7925, #9139 ) ) ;
#11683 = FACE_OUTER_BOUND ( 'NONE', #2287, .T. ) ;
#11684 = EDGE_LOOP ( 'NONE', ( #306, #6638, #10766, #10779 ) ) ;
#11685 = AXIS2_PLACEMENT_3D ( 'NONE', #5742, #1285, #4912 ) ;
#11686 = STYLED_ITEM ( 'NONE', ( #6464 ), #9027 ) ;
#11687 = CIRCLE ( 'NONE', #4667, 1.099999999999996758 ) ;
#11688 = ORIENTED_EDGE ( 'NONE', *, *, #1154, .F. ) ;
#11689 = ADVANCED_FACE ( 'NONE', ( #10633, #11412 ), #6921, .T. ) ;
#11690 = CARTESIAN_POINT ( 'NONE',  ( 1.734723475976807094E-15, 2.500000000000000000, -4.154700538379141328 ) ) ;
#11691 = CARTESIAN_POINT ( 'NONE',  ( 1.224646799147352961E-16, 1.000000000000000222, -1.869518839163146540 ) ) ;
#11692 = DIRECTION ( 'NONE',  ( -0.8191520442889902442, 1.003171929053522651E-16, 0.5735764363510482688 ) ) ;
#11693 = DIRECTION ( 'NONE',  ( 0.000000000000000000, 0.000000000000000000, 1.000000000000000000 ) ) ;
#11694 = AXIS2_PLACEMENT_3D ( 'NONE', #8391, #197, #5726 ) ;
#11695 = VECTOR ( 'NONE', #7301, 999.9999999999997726 ) ;
#11696 = ORIENTED_EDGE ( 'NONE', *, *, #522, .F. ) ;
#11697 = FACE_OUTER_BOUND ( 'NONE', #7423, .T. ) ;
#11698 = DIRECTION ( 'NONE',  ( 0.000000000000000000, 0.000000000000000000, -1.000000000000000000 ) ) ;
#11699 = EDGE_CURVE ( 'NONE', #10755, #5095, #9262, .T. ) ;
#11700 = DIRECTION ( 'NONE',  ( 1.000000000000000000, 0.000000000000000000, 0.000000000000000000 ) ) ;
#11701 = ADVANCED_FACE ( 'NONE', ( #4242 ), #7861, .T. ) ;
#11702 = AXIS2_PLACEMENT_3D ( 'NONE', #2252, #621, #7870 ) ;
#11703 = VERTEX_POINT ( 'NONE', #502 ) ;
#11704 = VERTEX_POINT ( 'NONE', #5187 ) ;
#11705 = DIRECTION ( 'NONE',  ( 0.000000000000000000, 0.000000000000000000, -1.000000000000000000 ) ) ;
#11707 = EDGE_CURVE ( 'NONE', #9786, #4865, #8805, .T. ) ;
#11706 = CARTESIAN_POINT ( 'NONE',  ( -1.000000000000001776, -1.732050807568876527, -1.600000000000000089 ) ) ;
#11708 = ADVANCED_FACE ( 'NONE', ( #8632 ), #5633, .T. ) ;
#11709 = ORIENTED_EDGE ( 'NONE', *, *, #2039, .F. ) ;
#11710 = DIRECTION ( 'NONE',  ( 0.000000000000000000, 0.000000000000000000, 1.000000000000000000 ) ) ;
#11711 = VERTEX_POINT ( 'NONE', #677 ) ;
#11712 = AXIS2_PLACEMENT_3D ( 'NONE', #8408, #10241, #2123 ) ;
#11713 = CONICAL_SURFACE ( 'NONE', #3953, 1.000000000000000000, 1.047197551196604515 ) ;
#11714 = ORIENTED_EDGE ( 'NONE', *, *, #10608, .F. ) ;
#11715 = APPLICATION_PROTOCOL_DEFINITION ( 'draft international standard', 'automotive_design', 1998, #10877 ) ;
#11716 = CARTESIAN_POINT ( 'NONE',  ( -0.6980152358658302525, 0.1960069466848041453, -0.7302444783934787242 ) ) ;
#11717 = PLANE ( 'NONE',  #11611 ) ;
#11718 = CARTESIAN_POINT ( 'NONE',  ( -0.8302646929203288950, 1.830047532802310029, -1.600000000000000755 ) ) ;
#11719 = LINE ( 'NONE', #1813, #7832 ) ;
#11720 = ADVANCED_FACE ( 'NONE', ( #557 ), #10537, .T. ) ;
#11721 = AXIS2_PLACEMENT_3D ( 'NONE', #3684, #2020, #2847 ) ;
#11722 = DIRECTION ( 'NONE',  ( 0.000000000000000000, 0.000000000000000000, 1.000000000000000000 ) ) ;
#11723 = ORIENTED_EDGE ( 'NONE', *, *, #3403, .F. ) ;
#11724 =( NAMED_UNIT ( * ) PLANE_ANGLE_UNIT ( ) SI_UNIT ( $, .RADIAN. ) );
#11725 = DIRECTION ( 'NONE',  ( 0.000000000000000000, 0.000000000000000000, 1.000000000000000000 ) ) ;
#11726 = NEXT_ASSEMBLY_USAGE_OCCURRENCE ( 'NAUO1', ' ', ' ', #1204, #2089, $ ) ;
#11727 = NEXT_ASSEMBLY_USAGE_OCCURRENCE ( 'NAUO2', ' ', ' ', #1204, #9485, $ ) ;
#11728 = NEXT_ASSEMBLY_USAGE_OCCURRENCE ( 'NAUO3', ' ', ' ', #1204, #9781, $ ) ;
#11729 = NEXT_ASSEMBLY_USAGE_OCCURRENCE ( 'NAUO4', ' ', ' ', #1204, #4048, $ ) ;
#11730 = NEXT_ASSEMBLY_USAGE_OCCURRENCE ( 'NAUO5', ' ', ' ', #1204, #11218, $ ) ;
#11731 = NEXT_ASSEMBLY_USAGE_OCCURRENCE ( 'NAUO6', ' ', ' ', #1204, #124, $ ) ;
#11732 = NEXT_ASSEMBLY_USAGE_OCCURRENCE ( 'NAUO7', ' ', ' ', #1204, #10851, $ ) ;
#11733 = NEXT_ASSEMBLY_USAGE_OCCURRENCE ( 'NAUO8', ' ', ' ', #1204, #10851, $ ) ;
#11734 = NEXT_ASSEMBLY_USAGE_OCCURRENCE ( 'NAUO9', ' ', ' ', #1204, #1937, $ ) ;
#11735 = NEXT_ASSEMBLY_USAGE_OCCURRENCE ( 'NAUO10', ' ', ' ', #1204, #2238, $ ) ;
#11736 = NEXT_ASSEMBLY_USAGE_OCCURRENCE ( 'NAUO11', ' ', ' ', #1204, #10994, $ ) ;
#11737 = NEXT_ASSEMBLY_USAGE_OCCURRENCE ( 'NAUO12', ' ', ' ', #1204, #850, $ ) ;
#11738 = NEXT_ASSEMBLY_USAGE_OCCURRENCE ( 'NAUO13', ' ', ' ', #1204, #8248, $ ) ;
#11739 = NEXT_ASSEMBLY_USAGE_OCCURRENCE ( 'NAUO14', ' ', ' ', #1204, #8248, $ ) ;
#11740 = NEXT_ASSEMBLY_USAGE_OCCURRENCE ( 'NAUO15', ' ', ' ', #1204, #1577, $ ) ;
#11741 = NEXT_ASSEMBLY_USAGE_OCCURRENCE ( 'NAUO16', ' ', ' ', #1204, #9485, $ ) ;
#11742 = NEXT_ASSEMBLY_USAGE_OCCURRENCE ( 'NAUO17', ' ', ' ', #1204, #9781, $ ) ;
#11743 = NEXT_ASSEMBLY_USAGE_OCCURRENCE ( 'NAUO18', ' ', ' ', #1204, #4048, $ ) ;
#11744 = NEXT_ASSEMBLY_USAGE_OCCURRENCE ( 'NAUO19', ' ', ' ', #1204, #11218, $ ) ;
#11745 = NEXT_ASSEMBLY_USAGE_OCCURRENCE ( 'NAUO20', ' ', ' ', #1204, #124, $ ) ;
#11746 = NEXT_ASSEMBLY_USAGE_OCCURRENCE ( 'NAUO21', ' ', ' ', #1204, #10851, $ ) ;
#11747 = NEXT_ASSEMBLY_USAGE_OCCURRENCE ( 'NAUO22', ' ', ' ', #1204, #10851, $ ) ;
#11748 = NEXT_ASSEMBLY_USAGE_OCCURRENCE ( 'NAUO23', ' ', ' ', #1204, #1937, $ ) ;
#11749 = NEXT_ASSEMBLY_USAGE_OCCURRENCE ( 'NAUO24', ' ', ' ', #1204, #2238, $ ) ;
#11750 = NEXT_ASSEMBLY_USAGE_OCCURRENCE ( 'NAUO25', ' ', ' ', #1204, #8385, $ ) ;
#11751 = NEXT_ASSEMBLY_USAGE_OCCURRENCE ( 'NAUO26', ' ', ' ', #1204, #8548, $ ) ;
#11752 = NEXT_ASSEMBLY_USAGE_OCCURRENCE ( 'NAUO27', ' ', ' ', #1204, #8248, $ ) ;
#11753 = NEXT_ASSEMBLY_USAGE_OCCURRENCE ( 'NAUO28', ' ', ' ', #1204, #8248, $ ) ;
ENDSEC;
END-ISO-10303-21;
