ISO-10303-21;
HEADER;
FILE_DESCRIPTION (( 'STEP AP214' ),
    '1' );
FILE_NAME ('MicrasMainBoard.STEP',
    '2025-11-14T05:09:32',
    ( '' ),
    ( '' ),
    'SwSTEP 2.0',
    'SolidWorks 2025',
    '' );
FILE_SCHEMA (( 'AUTOMOTIVE_DESIGN' ));
ENDSEC;

DATA;
#1 = VERTEX_POINT ( 'NONE', #80 ) ;
#2 = FACE_OUTER_BOUND ( 'NONE', #1635, .T. ) ;
#3 = AXIS2_PLACEMENT_3D ( 'NONE', #1677, #379, #1148 ) ;
#4 = CARTESIAN_POINT ( 'NONE',  ( -25.00000000000000711, 0.8000000000000003775, -28.00000000000002487 ) ) ;
#5 = FACE_OUTER_BOUND ( 'NONE', #826, .T. ) ;
#6 = DIRECTION ( 'NONE',  ( -0.000000000000000000, -1.000000000000000000, -0.000000000000000000 ) ) ;
#7 = VERTEX_POINT ( 'NONE', #1620 ) ;
#8 = EDGE_CURVE ( 'NONE', #1490, #510, #937, .T. ) ;
#9 = EDGE_CURVE ( 'NONE', #1228, #1316, #1243, .T. ) ;
#10 = VECTOR ( 'NONE', #677, 1000.000000000000000 ) ;
#11 = SHAPE_REPRESENTATION ( 'Base', ( #148 ), #1603 ) ;
#12 = ORIENTED_EDGE ( 'NONE', *, *, #320, .T. ) ;
#13 = DIRECTION ( 'NONE',  ( 0.000000000000000000, 0.000000000000000000, -1.000000000000000000 ) ) ;
#14 = CARTESIAN_POINT ( 'NONE',  ( 19.24999999999999645, 0.8000000000000003775, -28.00000000000002487 ) ) ;
#15 =( NAMED_UNIT ( * ) SI_UNIT ( $, .STERADIAN. ) SOLID_ANGLE_UNIT ( ) );
#16 = CIRCLE ( 'NONE', #1036, 2.000000000000001776 ) ;
#17 = AXIS2_PLACEMENT_3D ( 'NONE', #69, #588, #730 ) ;
#18 = ORIENTED_EDGE ( 'NONE', *, *, #1145, .T. ) ;
#19 = ORIENTED_EDGE ( 'NONE', *, *, #839, .T. ) ;
#20 = DIRECTION ( 'NONE',  ( -0.000000000000000000, 1.000000000000000000, -0.000000000000000000 ) ) ;
#21 = EDGE_CURVE ( 'NONE', #393, #1393, #1642, .T. ) ;
#22 = LINE ( 'NONE', #1058, #1469 ) ;
#23 = DIRECTION ( 'NONE',  ( -0.000000000000000000, -1.000000000000000000, -0.000000000000000000 ) ) ;
#24 = EDGE_CURVE ( 'NONE', #55, #1393, #696, .T. ) ;
#25 = CARTESIAN_POINT ( 'NONE',  ( 17.25000000000000711, 0.8000000000000003775, -42.99999999999992895 ) ) ;
#26 = ORIENTED_EDGE ( 'NONE', *, *, #1184, .T. ) ;
#27 = PLANE ( 'NONE',  #1394 ) ;
#28 = ORIENTED_EDGE ( 'NONE', *, *, #1547, .F. ) ;
#29 = LINE ( 'NONE', #1551, #1155 ) ;
#30 = CARTESIAN_POINT ( 'NONE',  ( 12.52786404500041684, 0.000000000000000000, -89.99999999999997158 ) ) ;
#31 = CARTESIAN_POINT ( 'NONE',  ( 6.599999999999996092, 0.7999999999999986011, -34.00000000000002842 ) ) ;
#32 = ADVANCED_FACE ( 'NONE', ( #1374 ), #993, .F. ) ;
#33 = LINE ( 'NONE', #1455, #1168 ) ;
#34 = ORIENTED_EDGE ( 'NONE', *, *, #1064, .T. ) ;
#35 = CARTESIAN_POINT ( 'NONE',  ( -7.399999999992898481, 3.642919299551294898E-14, -33.99999999999958789 ) ) ;
#36 = ORIENTED_EDGE ( 'NONE', *, *, #427, .T. ) ;
#37 = FACE_OUTER_BOUND ( 'NONE', #480, .T. ) ;
#38 = CARTESIAN_POINT ( 'NONE',  ( 12.52786404500041684, 0.8000000000000003775, -85.99999999999997158 ) ) ;
#39 = EDGE_CURVE ( 'NONE', #1403, #774, #90, .T. ) ;
#40 = VERTEX_POINT ( 'NONE', #598 ) ;
#41 = VECTOR ( 'NONE', #387, 1000.000000000000114 ) ;
#42 = AXIS2_PLACEMENT_3D ( 'NONE', #702, #1353, #865 ) ;
#43 = FACE_OUTER_BOUND ( 'NONE', #1451, .T. ) ;
#44 = ORIENTED_EDGE ( 'NONE', *, *, #788, .F. ) ;
#45 = DIRECTION ( 'NONE',  ( -0.000000000000000000, -1.000000000000000000, -0.000000000000000000 ) ) ;
#46 = ORIENTED_EDGE ( 'NONE', *, *, #1424, .F. ) ;
#47 = DIRECTION ( 'NONE',  ( 0.000000000000000000, -1.000000000000000000, 0.000000000000000000 ) ) ;
#48 = EDGE_LOOP ( 'NONE', ( #1054, #977, #1522, #873 ) ) ;
#49 = AXIS2_PLACEMENT_3D ( 'NONE', #306, #563, #694 ) ;
#50 = DIRECTION ( 'NONE',  ( -0.000000000000000000, 1.000000000000000000, -0.000000000000000000 ) ) ;
#51 = CARTESIAN_POINT ( 'NONE',  ( 7.399999999999996803, -1.734723475976807094E-15, -38.99999999999992184 ) ) ;
#52 = VECTOR ( 'NONE', #1190, 1000.000000000000000 ) ;
#53 = CARTESIAN_POINT ( 'NONE',  ( 7.399999999999996803, -1.734723475976807094E-15, -38.99999999999992184 ) ) ;
#54 = CARTESIAN_POINT ( 'NONE',  ( -4.909147709522596159, -10.35026175531544901, 1070.100000000006958 ) ) ;
#55 = VERTEX_POINT ( 'NONE', #215 ) ;
#56 = CARTESIAN_POINT ( 'NONE',  ( -23.00000000000001066, 0.8000000000000003775, -46.99999999999992895 ) ) ;
#57 = VECTOR ( 'NONE', #1217, 999.9999999999998863 ) ;
#58 = DIRECTION ( 'NONE',  ( 0.000000000000000000, 0.000000000000000000, 1.000000000000000000 ) ) ;
#59 = FACE_OUTER_BOUND ( 'NONE', #927, .T. ) ;
#60 = CARTESIAN_POINT ( 'NONE',  ( -7.399999999992898481, 0.8000000000000367928, -33.99999999999958789 ) ) ;
#61 = ORIENTED_EDGE ( 'NONE', *, *, #63, .F. ) ;
#62 = CIRCLE ( 'NONE', #398, 2.200000000000000622 ) ;
#63 = EDGE_CURVE ( 'NONE', #899, #152, #1137, .T. ) ;
#64 = DIRECTION ( 'NONE',  ( 0.000000000000000000, 0.000000000000000000, -1.000000000000000000 ) ) ;
#65 = VERTEX_POINT ( 'NONE', #1611 ) ;
#66 = EDGE_CURVE ( 'NONE', #1122, #86, #144, .T. ) ;
#67 = CARTESIAN_POINT ( 'NONE',  ( -7.399999999992933120, 0.8000000000000367928, -38.99999999999948130 ) ) ;
#68 = ORIENTED_EDGE ( 'NONE', *, *, #1022, .F. ) ;
#69 = CARTESIAN_POINT ( 'NONE',  ( -25.00000000000000711, 0.8000000000000003775, 0.000000000000000000 ) ) ;
#70 = EDGE_CURVE ( 'NONE', #341, #829, #226, .T. ) ;
#71 = EDGE_CURVE ( 'NONE', #126, #1, #729, .T. ) ;
#72 = APPLICATION_CONTEXT ( 'automotive_design' ) ;
#73 = CARTESIAN_POINT ( 'NONE',  ( -7.399999999992933120, 0.8000000000000367928, -38.99999999999948130 ) ) ;
#74 = ORIENTED_EDGE ( 'NONE', *, *, #179, .F. ) ;
#75 = DIRECTION ( 'NONE',  ( 0.000000000000000000, 0.000000000000000000, -1.000000000000000000 ) ) ;
#76 = VERTEX_POINT ( 'NONE', #1348 ) ;
#77 = ORIENTED_EDGE ( 'NONE', *, *, #1458, .T. ) ;
#78 = CARTESIAN_POINT ( 'NONE',  ( -17.25000000000000711, 0.000000000000000000, -44.99999999999992895 ) ) ;
#79 = ADVANCED_FACE ( 'NONE', ( #610 ), #1249, .F. ) ;
#80 = CARTESIAN_POINT ( 'NONE',  ( 7.399999999999996803, 0.7999999999999986011, -38.99999999999992184 ) ) ;
#81 = DIRECTION ( 'NONE',  ( 0.000000000000000000, 1.000000000000000000, -0.000000000000000000 ) ) ;
#82 = CARTESIAN_POINT ( 'NONE',  ( -7.399999999992898481, 3.642919299551294898E-14, -33.99999999999958789 ) ) ;
#83 = EDGE_LOOP ( 'NONE', ( #537, #1293, #625, #724 ) ) ;
#84 = CARTESIAN_POINT ( 'NONE',  ( 21.00000000000001066, 0.8000000000000003775, -69.05572809000059920 ) ) ;
#85 = ORIENTED_EDGE ( 'NONE', *, *, #965, .F. ) ;
#86 = VERTEX_POINT ( 'NONE', #194 ) ;
#87 = CARTESIAN_POINT ( 'NONE',  ( -19.24999999999999645, -1.734723475976807094E-15, -20.99999999999990763 ) ) ;
#88 = CIRCLE ( 'NONE', #524, 4.000000000000003553 ) ;
#89 = VECTOR ( 'NONE', #1400, 1000.000000000000000 ) ;
#90 = LINE ( 'NONE', #462, #1390 ) ;
#91 = CARTESIAN_POINT ( 'NONE',  ( -11.74999999999999645, -1.734723475976807094E-15, -41.19999999999992468 ) ) ;
#92 = CARTESIAN_POINT ( 'NONE',  ( 9.184850993605252469E-16, 0.8000000000000003775, -61.50000000000005684 ) ) ;
#93 = ORIENTED_EDGE ( 'NONE', *, *, #1424, .T. ) ;
#94 = LINE ( 'NONE', #487, #764 ) ;
#95 = VECTOR ( 'NONE', #452, 1000.000000000000114 ) ;
#96 = CIRCLE ( 'NONE', #1039, 1.400000000000001910 ) ;
#97 = EDGE_LOOP ( 'NONE', ( #607, #800, #1091, #858 ) ) ;
#98 = EDGE_LOOP ( 'NONE', ( #645, #1512, #44, #134 ) ) ;
#99 = DIRECTION ( 'NONE',  ( 0.4472135954999558738, 0.000000000000000000, 0.8944271909999167436 ) ) ;
#100 = CARTESIAN_POINT ( 'NONE',  ( -23.00000000000001066, 0.000000000000000000, -28.00000000000002487 ) ) ;
#101 = DIRECTION ( 'NONE',  ( 0.000000000000000000, -1.000000000000000000, 0.000000000000000000 ) ) ;
#102 = EDGE_LOOP ( 'NONE', ( #1006, #109, #61, #678 ) ) ;
#103 = DIRECTION ( 'NONE',  ( 0.000000000000000000, 0.000000000000000000, -1.000000000000000000 ) ) ;
#104 = ORIENTED_EDGE ( 'NONE', *, *, #766, .F. ) ;
#105 = ORIENTED_EDGE ( 'NONE', *, *, #535, .T. ) ;
#106 = DIRECTION ( 'NONE',  ( 0.000000000000000000, -1.000000000000000000, 0.000000000000000000 ) ) ;
#107 = DIRECTION ( 'NONE',  ( 0.000000000000000000, 1.000000000000000000, 0.000000000000000000 ) ) ;
#108 = ORIENTED_EDGE ( 'NONE', *, *, #1040, .T. ) ;
#109 = ORIENTED_EDGE ( 'NONE', *, *, #1384, .F. ) ;
#110 = VERTEX_POINT ( 'NONE', #449 ) ;
#111 = LINE ( 'NONE', #1016, #288 ) ;
#112 = DIRECTION ( 'NONE',  ( -0.000000000000000000, -1.000000000000000000, -0.000000000000000000 ) ) ;
#113 = ORIENTED_EDGE ( 'NONE', *, *, #346, .T. ) ;
#114 = AXIS2_PLACEMENT_3D ( 'NONE', #1083, #1602, #465 ) ;
#115 = CIRCLE ( 'NONE', #1276, 1.399999999999998579 ) ;
#116 = CARTESIAN_POINT ( 'NONE',  ( -19.24999999999999645, -1.734723475976807094E-15, -23.19999999999990692 ) ) ;
#117 = ORIENTED_EDGE ( 'NONE', *, *, #1018, .F. ) ;
#118 = DIRECTION ( 'NONE',  ( 6.982962677686266711E-15, 0.000000000000000000, 1.000000000000000000 ) ) ;
#119 = PRODUCT_DEFINITION_FORMATION_WITH_SPECIFIED_SOURCE ( 'ANY', '', #1619, .NOT_KNOWN. ) ;
#120 = COLOUR_RGB ( '',0.7921568627450980005, 0.8196078431372548767, 0.9333333333333333481 ) ;
#121 = EDGE_CURVE ( 'NONE', #1240, #949, #1681, .T. ) ;
#122 = DIRECTION ( 'NONE',  ( -0.000000000000000000, 1.000000000000000000, -0.000000000000000000 ) ) ;
#123 = CARTESIAN_POINT ( 'NONE',  ( 23.00000000000001421, 0.8000000000000003775, -44.99999999999992895 ) ) ;
#124 = DIRECTION ( 'NONE',  ( 0.000000000000000000, 0.000000000000000000, 1.000000000000000000 ) ) ;
#125 = ORIENTED_EDGE ( 'NONE', *, *, #810, .T. ) ;
#126 = VERTEX_POINT ( 'NONE', #128 ) ;
#127 = FACE_OUTER_BOUND ( 'NONE', #83, .T. ) ;
#128 = CARTESIAN_POINT ( 'NONE',  ( 7.399999999999996803, -1.734723475976807094E-15, -38.99999999999992184 ) ) ;
#129 = DIRECTION ( 'NONE',  ( 0.000000000000000000, -1.000000000000000000, 0.000000000000000000 ) ) ;
#130 = EDGE_CURVE ( 'NONE', #1012, #884, #893, .T. ) ;
#131 = LINE ( 'NONE', #1521, #89 ) ;
#132 = ORIENTED_EDGE ( 'NONE', *, *, #332, .F. ) ;
#133 = DIRECTION ( 'NONE',  ( 1.000000000000000000, 0.000000000000000000, -6.982962677686266711E-15 ) ) ;
#134 = ORIENTED_EDGE ( 'NONE', *, *, #1336, .T. ) ;
#135 = CARTESIAN_POINT ( 'NONE',  ( -11.74999999999999645, -1.734723475976807094E-15, -38.99999999999992184 ) ) ;
#136 = DIRECTION ( 'NONE',  ( 0.000000000000000000, -1.000000000000000000, 0.000000000000000000 ) ) ;
#137 = DIRECTION ( 'NONE',  ( -1.000000000000000000, 0.000000000000000000, 7.709882115452476934E-17 ) ) ;
#138 = EDGE_CURVE ( 'NONE', #1181, #1162, #636, .T. ) ;
#139 = CARTESIAN_POINT ( 'NONE',  ( 19.24999999999999645, -1.734723475976807094E-15, -20.99999999999990763 ) ) ;
#140 = VERTEX_POINT ( 'NONE', #14 ) ;
#141 = ADVANCED_FACE ( 'NONE', ( #1032 ), #918, .T. ) ;
#142 = FACE_BOUND ( 'NONE', #290, .T. ) ;
#143 = CIRCLE ( 'NONE', #225, 4.000000000000003553 ) ;
#144 = CIRCLE ( 'NONE', #609, 2.000000000000001776 ) ;
#145 = ORIENTED_EDGE ( 'NONE', *, *, #1610, .T. ) ;
#146 = DIRECTION ( 'NONE',  ( 0.000000000000000000, 0.000000000000000000, -1.000000000000000000 ) ) ;
#147 = DIRECTION ( 'NONE',  ( 0.000000000000000000, -1.000000000000000000, 0.000000000000000000 ) ) ;
#148 = AXIS2_PLACEMENT_3D ( 'NONE', #542, #1045, #1475 ) ;
#149 = CARTESIAN_POINT ( 'NONE',  ( -23.00000000000001421, 0.8000000000000003775, -44.99999999999992895 ) ) ;
#150 = ORIENTED_EDGE ( 'NONE', *, *, #642, .F. ) ;
#151 = CARTESIAN_POINT ( 'NONE',  ( 23.00000000000001066, 0.000000000000000000, -46.99999999999992895 ) ) ;
#152 = VERTEX_POINT ( 'NONE', #924 ) ;
#153 = DIRECTION ( 'NONE',  ( 0.000000000000000000, 0.000000000000000000, -1.000000000000000000 ) ) ;
#154 = EDGE_CURVE ( 'NONE', #394, #371, #935, .T. ) ;
#155 = DIRECTION ( 'NONE',  ( -0.000000000000000000, -1.000000000000000000, 0.000000000000000000 ) ) ;
#156 = CARTESIAN_POINT ( 'NONE',  ( -17.24999999999999289, 0.000000000000000000, -28.00000000000002487 ) ) ;
#157 = AXIS2_PLACEMENT_3D ( 'NONE', #908, #1425, #1158 ) ;
#158 = VERTEX_POINT ( 'NONE', #667 ) ;
#159 = DIRECTION ( 'NONE',  ( 0.4472135954999555407, -0.000000000000000000, -0.8944271909999169656 ) ) ;
#160 = APPLICATION_CONTEXT ( 'automotive_design' ) ;
#161 = VERTEX_POINT ( 'NONE', #284 ) ;
#162 = CARTESIAN_POINT ( 'NONE',  ( -16.10557280900006560, 0.8000000000000003775, -87.78885438199979774 ) ) ;
#163 = EDGE_CURVE ( 'NONE', #1476, #699, #536, .T. ) ;
#164 = CARTESIAN_POINT ( 'NONE',  ( 0.000000000000000000, 0.000000000000000000, -54.00000000000004974 ) ) ;
#165 = VERTEX_POINT ( 'NONE', #776 ) ;
#166 = CARTESIAN_POINT ( 'NONE',  ( 0.000000000000000000, 0.000000000000000000, -46.50000000000004263 ) ) ;
#167 = AXIS2_PLACEMENT_3D ( 'NONE', #1593, #440, #936 ) ;
#168 = EDGE_CURVE ( 'NONE', #746, #509, #22, .T. ) ;
#169 = ORIENTED_EDGE ( 'NONE', *, *, #130, .F. ) ;
#170 = PLANE ( 'NONE',  #1416 ) ;
#171 = CARTESIAN_POINT ( 'NONE',  ( 23.00000000000001066, 0.000000000000000000, -2.000000000000001776 ) ) ;
#172 = VERTEX_POINT ( 'NONE', #1454 ) ;
#173 = VECTOR ( 'NONE', #200, 1000.000000000000000 ) ;
#174 =( GEOMETRIC_REPRESENTATION_CONTEXT ( 3 ) GLOBAL_UNCERTAINTY_ASSIGNED_CONTEXT ( ( #529 ) ) GLOBAL_UNIT_ASSIGNED_CONTEXT ( ( #1615, #745, #1488 ) ) REPRESENTATION_CONTEXT ( 'NONE', 'WORKASPACE' ) );
#175 = CARTESIAN_POINT ( 'NONE',  ( 24.57770876399966653, 0.000000000000000000, -70.84458247200053904 ) ) ;
#176 = DIRECTION ( 'NONE',  ( 1.514188661106529190E-29, 1.000000000000000000, 2.168404344971008868E-15 ) ) ;
#177 = EDGE_CURVE ( 'NONE', #1654, #995, #115, .T. ) ;
#178 = ORIENTED_EDGE ( 'NONE', *, *, #839, .F. ) ;
#179 = EDGE_CURVE ( 'NONE', #1290, #1012, #259, .T. ) ;
#180 = DIRECTION ( 'NONE',  ( 0.000000000000000000, -1.000000000000000000, 0.000000000000000000 ) ) ;
#181 = DIRECTION ( 'NONE',  ( -6.982962677686266711E-15, 0.000000000000000000, -1.000000000000000000 ) ) ;
#182 = DIRECTION ( 'NONE',  ( -0.000000000000000000, 1.000000000000000000, -0.000000000000000000 ) ) ;
#183 = DIRECTION ( 'NONE',  ( -0.000000000000000000, -1.000000000000000000, -0.000000000000000000 ) ) ;
#184 = LINE ( 'NONE', #53, #701 ) ;
#185 = ORIENTED_EDGE ( 'NONE', *, *, #241, .F. ) ;
#186 = ADVANCED_FACE ( 'NONE', ( #1301 ), #170, .T. ) ;
#187 = LINE ( 'NONE', #1097, #507 ) ;
#188 =( NAMED_UNIT ( * ) PLANE_ANGLE_UNIT ( ) SI_UNIT ( $, .RADIAN. ) );
#189 = AXIS2_PLACEMENT_3D ( 'NONE', #213, #336, #461 ) ;
#190 = EDGE_CURVE ( 'NONE', #1228, #821, #338, .T. ) ;
#191 = CARTESIAN_POINT ( 'NONE',  ( -25.00000000000000711, 0.000000000000000000, 0.000000000000000000 ) ) ;
#192 = EDGE_CURVE ( 'NONE', #1047, #958, #674, .T. ) ;
#193 = VECTOR ( 'NONE', #1132, 1000.000000000000114 ) ;
#194 = CARTESIAN_POINT ( 'NONE',  ( 19.25000000000000711, 0.8000000000000003775, -44.99999999999992895 ) ) ;
#195 = CARTESIAN_POINT ( 'NONE',  ( 19.24999999999999645, 0.8000000000000003775, -20.99999999999990763 ) ) ;
#196 = DIRECTION ( 'NONE',  ( 0.000000000000000000, -1.000000000000000000, 0.000000000000000000 ) ) ;
#197 = ORIENTED_EDGE ( 'NONE', *, *, #672, .T. ) ;
#198 = VECTOR ( 'NONE', #894, 1000.000000000000000 ) ;
#199 = CYLINDRICAL_SURFACE ( 'NONE', #42, 2.000000000000001776 ) ;
#200 = DIRECTION ( 'NONE',  ( 0.000000000000000000, -1.000000000000000000, 0.000000000000000000 ) ) ;
#201 = VERTEX_POINT ( 'NONE', #30 ) ;
#202 = DIRECTION ( 'NONE',  ( 0.000000000000000000, 0.000000000000000000, -1.000000000000000000 ) ) ;
#203 = EDGE_CURVE ( 'NONE', #1343, #1381, #1572, .T. ) ;
#204 = AXIS2_PLACEMENT_3D ( 'NONE', #1509, #1484, #1340 ) ;
#205 = EDGE_CURVE ( 'NONE', #1047, #201, #541, .T. ) ;
#206 = ORIENTED_EDGE ( 'NONE', *, *, #1435, .T. ) ;
#207 = CARTESIAN_POINT ( 'NONE',  ( 12.52786404500041684, 0.8000000000000003775, -85.99999999999997158 ) ) ;
#208 = DIRECTION ( 'NONE',  ( 0.000000000000000000, -1.000000000000000000, 0.000000000000000000 ) ) ;
#209 = ORIENTED_EDGE ( 'NONE', *, *, #1325, .F. ) ;
#210 = CYLINDRICAL_SURFACE ( 'NONE', #1556, 2.000000000000001776 ) ;
#211 = ORIENTED_EDGE ( 'NONE', *, *, #24, .T. ) ;
#212 = ORIENTED_EDGE ( 'NONE', *, *, #203, .T. ) ;
#213 = CARTESIAN_POINT ( 'NONE',  ( 25.00000000000000711, 0.8000000000000003775, -28.00000000000002487 ) ) ;
#214 = EDGE_CURVE ( 'NONE', #568, #780, #412, .T. ) ;
#215 = CARTESIAN_POINT ( 'NONE',  ( -25.00000000000001066, 0.8000000000000003775, -69.05572809000059920 ) ) ;
#216 = FACE_OUTER_BOUND ( 'NONE', #1570, .T. ) ;
#217 = LINE ( 'NONE', #340, #1350 ) ;
#218 = ORIENTED_EDGE ( 'NONE', *, *, #1279, .T. ) ;
#219 = PRESENTATION_STYLE_ASSIGNMENT (( #712 ) ) ;
#220 = PRODUCT_CONTEXT ( 'NONE', #72, 'mechanical' ) ;
#221 = ORIENTED_EDGE ( 'NONE', *, *, #808, .T. ) ;
#222 = ORIENTED_EDGE ( 'NONE', *, *, #190, .T. ) ;
#223 = CARTESIAN_POINT ( 'NONE',  ( 47.99999999999990052, 0.000000000000000000, -23.99999999999980105 ) ) ;
#224 = VECTOR ( 'NONE', #1211, 1000.000000000000000 ) ;
#225 = AXIS2_PLACEMENT_3D ( 'NONE', #485, #208, #601 ) ;
#226 = LINE ( 'NONE', #328, #979 ) ;
#227 = CARTESIAN_POINT ( 'NONE',  ( 11.74999999999999467, -1.734723475976807094E-15, -41.19999999999992468 ) ) ;
#228 = VECTOR ( 'NONE', #122, 1000.000000000000000 ) ;
#229 = DIRECTION ( 'NONE',  ( 1.000000000000000000, -0.000000000000000000, -6.982962677686266711E-15 ) ) ;
#230 = ORIENTED_EDGE ( 'NONE', *, *, #1064, .F. ) ;
#231 = ADVANCED_FACE ( 'NONE', ( #910 ), #1044, .T. ) ;
#232 = CYLINDRICAL_SURFACE ( 'NONE', #1331, 4.000000000000003553 ) ;
#233 = AXIS2_PLACEMENT_3D ( 'NONE', #1529, #112, #1659 ) ;
#234 = CIRCLE ( 'NONE', #706, 2.000000000000000000 ) ;
#235 = ORIENTED_EDGE ( 'NONE', *, *, #39, .F. ) ;
#236 = AXIS2_PLACEMENT_3D ( 'NONE', #1087, #573, #448 ) ;
#237 = ORIENTED_EDGE ( 'NONE', *, *, #777, .T. ) ;
#238 = DIRECTION ( 'NONE',  ( 1.000000000000000000, -0.000000000000000000, -6.982962677686266711E-15 ) ) ;
#239 = VECTOR ( 'NONE', #952, 1000.000000000000000 ) ;
#240 = CARTESIAN_POINT ( 'NONE',  ( -23.00000000000001066, 0.8000000000000003775, -26.00000000000002132 ) ) ;
#241 = EDGE_CURVE ( 'NONE', #1333, #359, #1426, .T. ) ;
#242 = DIRECTION ( 'NONE',  ( -0.000000000000000000, 1.000000000000000000, -0.000000000000000000 ) ) ;
#243 = VERTEX_POINT ( 'NONE', #1319 ) ;
#244 = ORIENTED_EDGE ( 'NONE', *, *, #535, .F. ) ;
#245 = ORIENTED_EDGE ( 'NONE', *, *, #192, .F. ) ;
#246 = CARTESIAN_POINT ( 'NONE',  ( -6.599999999992932409, 0.8000000000000367928, -38.99999999999948130 ) ) ;
#247 = CARTESIAN_POINT ( 'NONE',  ( 19.24999999999999645, -1.734723475976807094E-15, -20.99999999999990763 ) ) ;
#248 = LINE ( 'NONE', #1003, #1580 ) ;
#249 = ORIENTED_EDGE ( 'NONE', *, *, #1383, .T. ) ;
#250 = EDGE_CURVE ( 'NONE', #1012, #1290, #1414, .T. ) ;
#251 = EDGE_CURVE ( 'NONE', #922, #165, #901, .T. ) ;
#252 = EDGE_LOOP ( 'NONE', ( #374, #685 ) ) ;
#253 = CARTESIAN_POINT ( 'NONE',  ( 19.24999999999999645, 0.8000000000000003775, -20.99999999999990763 ) ) ;
#254 = ADVANCED_FACE ( 'NONE', ( #1588 ), #1339, .F. ) ;
#255 = ADVANCED_FACE ( 'NONE', ( #1199 ), #1080, .T. ) ;
#256 = CARTESIAN_POINT ( 'NONE',  ( 7.399999999999996803, 0.7999999999999986011, -34.00000000000002842 ) ) ;
#257 = VECTOR ( 'NONE', #1323, 1000.000000000000000 ) ;
#258 = ORIENTED_EDGE ( 'NONE', *, *, #214, .T. ) ;
#259 = CIRCLE ( 'NONE', #1194, 7.500000000000007105 ) ;
#260 = PLANE ( 'NONE',  #397 ) ;
#261 = EDGE_CURVE ( 'NONE', #158, #964, #1618, .T. ) ;
#262 = ORIENTED_EDGE ( 'NONE', *, *, #9, .F. ) ;
#263 = DIRECTION ( 'NONE',  ( 0.000000000000000000, 0.000000000000000000, 1.000000000000000000 ) ) ;
#264 = AXIS2_PLACEMENT_3D ( 'NONE', #861, #484, #1510 ) ;
#265 = PLANE ( 'NONE',  #312 ) ;
#266 = VERTEX_POINT ( 'NONE', #1491 ) ;
#267 = ORIENTED_EDGE ( 'NONE', *, *, #1647, .F. ) ;
#268 = FACE_BOUND ( 'NONE', #1431, .T. ) ;
#269 = CARTESIAN_POINT ( 'NONE',  ( 0.000000000000000000, 0.000000000000000000, -54.00000000000004974 ) ) ;
#270 = EDGE_CURVE ( 'NONE', #1028, #922, #1483, .T. ) ;
#271 = CARTESIAN_POINT ( 'NONE',  ( -23.00000000000001066, 0.8000000000000003775, 0.000000000000000000 ) ) ;
#272 = EDGE_LOOP ( 'NONE', ( #1231, #490, #1504, #28 ) ) ;
#273 = FACE_BOUND ( 'NONE', #982, .T. ) ;
#274 = EDGE_LOOP ( 'NONE', ( #1410, #650, #972, #212 ) ) ;
#275 = DIRECTION ( 'NONE',  ( 1.000000000000000000, 0.000000000000000000, -1.790682297782510536E-15 ) ) ;
#276 = DIRECTION ( 'NONE',  ( 0.000000000000000000, 0.000000000000000000, 1.000000000000000000 ) ) ;
#277 = DIRECTION ( 'NONE',  ( 0.000000000000000000, -1.000000000000000000, 0.000000000000000000 ) ) ;
#278 = CARTESIAN_POINT ( 'NONE',  ( 17.25000000000000711, 0.8000000000000003775, -44.99999999999992895 ) ) ;
#279 = EDGE_LOOP ( 'NONE', ( #1189, #1261, #1377, #178 ) ) ;
#280 = CARTESIAN_POINT ( 'NONE',  ( 25.00000000000000711, 0.8000000000000003775, 0.000000000000000000 ) ) ;
#281 = VECTOR ( 'NONE', #1245, 1000.000000000000000 ) ;
#282 = ORIENTED_EDGE ( 'NONE', *, *, #978, .T. ) ;
#283 = DIRECTION ( 'NONE',  ( 0.000000000000000000, 1.000000000000000000, 0.000000000000000000 ) ) ;
#284 = CARTESIAN_POINT ( 'NONE',  ( -25.00000000000000711, 0.000000000000000000, -26.00000000000002132 ) ) ;
#285 = AXIS2_PLACEMENT_3D ( 'NONE', #1560, #1531, #403 ) ;
#286 = AXIS2_PLACEMENT_3D ( 'NONE', #1235, #622, #849 ) ;
#287 = CARTESIAN_POINT ( 'NONE',  ( 19.24999999999999645, -1.734723475976807094E-15, -18.79999999999990834 ) ) ;
#288 = VECTOR ( 'NONE', #634, 1000.000000000000000 ) ;
#289 = LINE ( 'NONE', #156, #10 ) ;
#290 = EDGE_LOOP ( 'NONE', ( #1380, #1447, #19, #798 ) ) ;
#291 = CARTESIAN_POINT ( 'NONE',  ( -12.52786404500039907, 0.000000000000000000, -85.99999999999997158 ) ) ;
#292 = ADVANCED_FACE ( 'NONE', ( #825 ), #695, .T. ) ;
#293 = EDGE_LOOP ( 'NONE', ( #1320, #504, #230, #997, #1114, #1204, #1252, #807, #1123, #585, #860, #1041, #438, #113, #388, #1678, #1662, #12, #931, #1417, #920, #353, #304, #197, #326, #747, #1404, #1639 ) ) ;
#294 = DIRECTION ( 'NONE',  ( -0.000000000000000000, -1.000000000000000000, 0.000000000000000000 ) ) ;
#295 = SHAPE_REPRESENTATION ( 'MicrasMainBoard', ( #763, #1086 ), #640 ) ;
#296 = DIRECTION ( 'NONE',  ( -0.000000000000000000, 1.000000000000000000, -0.000000000000000000 ) ) ;
#297 = AXIS2_PLACEMENT_3D ( 'NONE', #491, #1518, #877 ) ;
#298 = EDGE_LOOP ( 'NONE', ( #475, #447, #725, #1277 ) ) ;
#299 = DIRECTION ( 'NONE',  ( 8.659560562354926695E-17, -0.7071067811865482389, 0.7071067811865469066 ) ) ;
#300 = EDGE_CURVE ( 'NONE', #404, #1403, #88, .T. ) ;
#301 = ORIENTED_EDGE ( 'NONE', *, *, #628, .T. ) ;
#302 = DIRECTION ( 'NONE',  ( 0.000000000000000000, 1.000000000000000000, 0.000000000000000000 ) ) ;
#303 = CARTESIAN_POINT ( 'NONE',  ( -23.00000000000001066, 0.000000000000000000, 0.000000000000000000 ) ) ;
#304 = ORIENTED_EDGE ( 'NONE', *, *, #21, .T. ) ;
#305 = APPLICATION_CONTEXT ( 'automotive_design' ) ;
#306 = CARTESIAN_POINT ( 'NONE',  ( 23.00000000000001066, 0.8000000000000003775, -2.000000000000001776 ) ) ;
#307 = EDGE_CURVE ( 'NONE', #7, #266, #1206, .T. ) ;
#308 = AXIS2_PLACEMENT_3D ( 'NONE', #1443, #432, #276 ) ;
#309 = DIRECTION ( 'NONE',  ( 0.000000000000000000, 0.000000000000000000, -1.000000000000000000 ) ) ;
#310 = EDGE_CURVE ( 'NONE', #76, #161, #833, .T. ) ;
#311 = EDGE_LOOP ( 'NONE', ( #1102, #481, #838, #93 ) ) ;
#312 = AXIS2_PLACEMENT_3D ( 'NONE', #1288, #1673, #878 ) ;
#313 = VECTOR ( 'NONE', #1646, 1000.000000000000000 ) ;
#314 = VECTOR ( 'NONE', #1103, 1000.000000000000000 ) ;
#315 = CARTESIAN_POINT ( 'NONE',  ( 17.24999999999999289, 0.8000000000000003775, -28.00000000000002487 ) ) ;
#316 = DIRECTION ( 'NONE',  ( 8.659560562354932858E-17, -0.7071067811865474617, 0.7071067811865474617 ) ) ;
#317 = ORIENTED_EDGE ( 'NONE', *, *, #413, .F. ) ;
#318 = FACE_OUTER_BOUND ( 'NONE', #1370, .T. ) ;
#319 = ORIENTED_EDGE ( 'NONE', *, *, #1210, .T. ) ;
#320 = EDGE_CURVE ( 'NONE', #243, #1343, #1167, .T. ) ;
#321 = LINE ( 'NONE', #1386, #477 ) ;
#322 = DIRECTION ( 'NONE',  ( 1.000000000000000000, 0.000000000000000000, 1.344030195157067909E-18 ) ) ;
#323 = ORIENTED_EDGE ( 'NONE', *, *, #430, .F. ) ;
#324 = CARTESIAN_POINT ( 'NONE',  ( 0.000000000000000000, 0.000000000000000000, -46.50000000000004263 ) ) ;
#325 =( NAMED_UNIT ( * ) PLANE_ANGLE_UNIT ( ) SI_UNIT ( $, .RADIAN. ) );
#326 = ORIENTED_EDGE ( 'NONE', *, *, #788, .T. ) ;
#327 = CARTESIAN_POINT ( 'NONE',  ( -6.599999999992897770, 3.642919299551294898E-14, -33.99999999999958789 ) ) ;
#328 = CARTESIAN_POINT ( 'NONE',  ( 11.74999999999999467, -1.734723475976807094E-15, -36.79999999999992610 ) ) ;
#329 = FACE_OUTER_BOUND ( 'NONE', #274, .T. ) ;
#330 = LINE ( 'NONE', #1351, #926 ) ;
#331 = ORIENTED_EDGE ( 'NONE', *, *, #1266, .F. ) ;
#332 = EDGE_CURVE ( 'NONE', #1568, #964, #1134, .T. ) ;
#333 = LINE ( 'NONE', #961, #1116 ) ;
#334 = VECTOR ( 'NONE', #1552, 1000.000000000000114 ) ;
#335 = ORIENTED_EDGE ( 'NONE', *, *, #1384, .T. ) ;
#336 = DIRECTION ( 'NONE',  ( -4.476705744456268452E-16, 0.000000000000000000, 1.000000000000000000 ) ) ;
#337 = AXIS2_PLACEMENT_3D ( 'NONE', #1258, #101, #1674 ) ;
#338 = LINE ( 'NONE', #811, #813 ) ;
#339 = DIRECTION ( 'NONE',  ( 0.000000000000000000, -1.000000000000000000, 0.000000000000000000 ) ) ;
#340 = CARTESIAN_POINT ( 'NONE',  ( 6.599999999999996092, 0.8000000000000003775, 0.000000000000000000 ) ) ;
#341 = VERTEX_POINT ( 'NONE', #577 ) ;
#342 = VECTOR ( 'NONE', #1010, 1000.000000000000000 ) ;
#343 = AXIS2_PLACEMENT_3D ( 'NONE', #1622, #1479, #1612 ) ;
#344 = PRODUCT ( 'MicrasMainBoard', 'MicrasMainBoard', '', ( #220 ) ) ;
#345 = DIRECTION ( 'NONE',  ( 0.000000000000000000, -1.000000000000000000, 0.000000000000000000 ) ) ;
#346 = EDGE_CURVE ( 'NONE', #1135, #76, #1347, .T. ) ;
#347 = EDGE_LOOP ( 'NONE', ( #1506, #519, #1562, #1464 ) ) ;
#348 = ORIENTED_EDGE ( 'NONE', *, *, #1648, .F. ) ;
#349 = CARTESIAN_POINT ( 'NONE',  ( -11.74999999999999645, -1.734723475976807094E-15, -38.99999999999992184 ) ) ;
#350 = ORIENTED_EDGE ( 'NONE', *, *, #70, .F. ) ;
#351 = DIRECTION ( 'NONE',  ( 0.000000000000000000, -1.000000000000000000, -0.000000000000000000 ) ) ;
#352 = FACE_OUTER_BOUND ( 'NONE', #1268, .T. ) ;
#353 = ORIENTED_EDGE ( 'NONE', *, *, #765, .T. ) ;
#354 = DIRECTION ( 'NONE',  ( 0.000000000000000000, -1.000000000000000000, 0.000000000000000000 ) ) ;
#355 = CONICAL_SURFACE ( 'NONE', #433, 2.200000000000000622, 0.7853981633974473908 ) ;
#356 = ORIENTED_EDGE ( 'NONE', *, *, #1366, .F. ) ;
#357 = DIRECTION ( 'NONE',  ( 0.000000000000000000, -1.000000000000000000, 0.000000000000000000 ) ) ;
#358 = CARTESIAN_POINT ( 'NONE',  ( -11.74999999999999645, -1.734723475976807094E-15, -38.99999999999992184 ) ) ;
#359 = VERTEX_POINT ( 'NONE', #956 ) ;
#360 = CARTESIAN_POINT ( 'NONE',  ( -21.00000000000001066, 0.8000000000000003775, -69.05572809000059920 ) ) ;
#361 = FACE_OUTER_BOUND ( 'NONE', #362, .T. ) ;
#362 = EDGE_LOOP ( 'NONE', ( #572, #593, #895, #1665 ) ) ;
#363 = AXIS2_PLACEMENT_3D ( 'NONE', #1057, #1441, #1579 ) ;
#364 = CYLINDRICAL_SURFACE ( 'NONE', #1175, 4.000000000000003553 ) ;
#365 = CONTEXT_DEPENDENT_SHAPE_REPRESENTATION ( #1314, #1222 ) ;
#366 = ORIENTED_EDGE ( 'NONE', *, *, #471, .F. ) ;
#367 = FACE_OUTER_BOUND ( 'NONE', #102, .T. ) ;
#368 = VECTOR ( 'NONE', #1153, 1000.000000000000000 ) ;
#369 = CARTESIAN_POINT ( 'NONE',  ( -6.599999999992932409, 3.642919299551294898E-14, -38.99999999999948130 ) ) ;
#370 = DIRECTION ( 'NONE',  ( -0.4472135954999558738, 0.000000000000000000, -0.8944271909999167436 ) ) ;
#371 = VERTEX_POINT ( 'NONE', #454 ) ;
#372 = FACE_OUTER_BOUND ( 'NONE', #848, .T. ) ;
#373 = AXIS2_PLACEMENT_3D ( 'NONE', #1444, #797, #1606 ) ;
#374 = ORIENTED_EDGE ( 'NONE', *, *, #1577, .F. ) ;
#375 = LINE ( 'NONE', #886, #1670 ) ;
#376 = LINE ( 'NONE', #512, #198 ) ;
#377 = EDGE_CURVE ( 'NONE', #526, #941, #1528, .T. ) ;
#378 = ORIENTED_EDGE ( 'NONE', *, *, #261, .T. ) ;
#379 = DIRECTION ( 'NONE',  ( 0.8944271909999170767, 0.000000000000000000, 0.4472135954999555962 ) ) ;
#380 = EDGE_CURVE ( 'NONE', #1079, #126, #1095, .T. ) ;
#381 = ORIENTED_EDGE ( 'NONE', *, *, #430, .T. ) ;
#382 = EDGE_CURVE ( 'NONE', #152, #1614, #1232, .T. ) ;
#383 = CYLINDRICAL_SURFACE ( 'NONE', #795, 2.000000000000001776 ) ;
#384 = LINE ( 'NONE', #662, #1637 ) ;
#385 = DIRECTION ( 'NONE',  ( -1.000000000000000000, 0.000000000000000000, -0.000000000000000000 ) ) ;
#386 = ORIENTED_EDGE ( 'NONE', *, *, #1279, .F. ) ;
#387 = DIRECTION ( 'NONE',  ( 0.000000000000000000, -0.7071067811865474617, -0.7071067811865474617 ) ) ;
#388 = ORIENTED_EDGE ( 'NONE', *, *, #310, .T. ) ;
#389 = DIRECTION ( 'NONE',  ( 0.000000000000000000, 0.000000000000000000, -1.000000000000000000 ) ) ;
#390 = DIRECTION ( 'NONE',  ( 0.000000000000000000, -1.000000000000000000, 0.000000000000000000 ) ) ;
#391 = AXIS2_PLACEMENT_3D ( 'NONE', #67, #1609, #948 ) ;
#392 = CONICAL_SURFACE ( 'NONE', #951, 2.200000000000000622, 0.7853981633974482790 ) ;
#393 = VERTEX_POINT ( 'NONE', #1629 ) ;
#394 = VERTEX_POINT ( 'NONE', #1592 ) ;
#395 = LINE ( 'NONE', #653, #1591 ) ;
#396 = VECTOR ( 'NONE', #637, 1000.000000000000000 ) ;
#397 = AXIS2_PLACEMENT_3D ( 'NONE', #883, #1402, #752 ) ;
#398 = AXIS2_PLACEMENT_3D ( 'NONE', #1151, #999, #1658 ) ;
#399 = DIRECTION ( 'NONE',  ( -4.476705744456268452E-16, 0.000000000000000000, -1.000000000000000000 ) ) ;
#400 = DIRECTION ( 'NONE',  ( 0.000000000000000000, 0.000000000000000000, -1.000000000000000000 ) ) ;
#401 = CYLINDRICAL_SURFACE ( 'NONE', #1523, 7.500000000000007105 ) ;
#402 = VERTEX_POINT ( 'NONE', #470 ) ;
#403 = DIRECTION ( 'NONE',  ( 0.000000000000000000, 0.000000000000000000, -1.000000000000000000 ) ) ;
#404 = VERTEX_POINT ( 'NONE', #1477 ) ;
#405 = DIRECTION ( 'NONE',  ( -1.000000000000000000, 0.000000000000000000, -1.344030195157067909E-18 ) ) ;
#406 = DIRECTION ( 'NONE',  ( 0.000000000000000000, 1.000000000000000000, -2.168404344971008868E-15 ) ) ;
#407 = ORIENTED_EDGE ( 'NONE', *, *, #1308, .F. ) ;
#408 = ADVANCED_FACE ( 'NONE', ( #318 ), #983, .T. ) ;
#409 = CARTESIAN_POINT ( 'NONE',  ( -47.99999999999987921, 0.000000000000000000, -23.99999999999980105 ) ) ;
#410 = ORIENTED_EDGE ( 'NONE', *, *, #1138, .F. ) ;
#411 = CYLINDRICAL_SURFACE ( 'NONE', #652, 2.000000000000001776 ) ;
#412 = LINE ( 'NONE', #804, #334 ) ;
#413 = EDGE_CURVE ( 'NONE', #1162, #1181, #882, .T. ) ;
#414 = PLANE ( 'NONE',  #1326 ) ;
#415 = ORIENTED_EDGE ( 'NONE', *, *, #121, .T. ) ;
#416 = LINE ( 'NONE', #1590, #720 ) ;
#417 = AXIS2_PLACEMENT_3D ( 'NONE', #1161, #6, #1428 ) ;
#418 = AXIS2_PLACEMENT_3D ( 'NONE', #574, #707, #1601 ) ;
#419 = ORIENTED_EDGE ( 'NONE', *, *, #728, .T. ) ;
#420 = DIRECTION ( 'NONE',  ( -0.000000000000000000, -1.000000000000000000, -0.000000000000000000 ) ) ;
#421 = DIRECTION ( 'NONE',  ( -0.000000000000000000, 1.000000000000000000, -0.000000000000000000 ) ) ;
#422 = CONICAL_SURFACE ( 'NONE', #1360, 2.200000000000000622, 0.7853981633974482790 ) ;
#423 = CARTESIAN_POINT ( 'NONE',  ( 19.25000000000000711, 0.000000000000000000, -44.99999999999992895 ) ) ;
#424 = ORIENTED_EDGE ( 'NONE', *, *, #1018, .T. ) ;
#425 = ADVANCED_FACE ( 'NONE', ( #439 ), #383, .T. ) ;
#426 = LINE ( 'NONE', #1078, #1037 ) ;
#427 = EDGE_CURVE ( 'NONE', #1517, #1, #111, .T. ) ;
#428 = EDGE_LOOP ( 'NONE', ( #132, #664, #657, #1478 ) ) ;
#429 = CARTESIAN_POINT ( 'NONE',  ( 0.000000000000000000, 0.8000000000000003775, -54.00000000000004974 ) ) ;
#430 = EDGE_CURVE ( 'NONE', #1373, #829, #62, .T. ) ;
#431 = ORIENTED_EDGE ( 'NONE', *, *, #1660, .F. ) ;
#432 = DIRECTION ( 'NONE',  ( -1.000000000000000000, 0.000000000000000000, 0.000000000000000000 ) ) ;
#433 = AXIS2_PLACEMENT_3D ( 'NONE', #1563, #420, #153 ) ;
#434 = ORIENTED_EDGE ( 'NONE', *, *, #168, .F. ) ;
#435 = CIRCLE ( 'NONE', #1683, 2.000000000000001776 ) ;
#436 = DIRECTION ( 'NONE',  ( 1.000000000000000000, -0.000000000000000000, -6.982962677686266711E-15 ) ) ;
#437 = EDGE_CURVE ( 'NONE', #165, #201, #1527, .T. ) ;
#438 = ORIENTED_EDGE ( 'NONE', *, *, #599, .T. ) ;
#439 = FACE_OUTER_BOUND ( 'NONE', #428, .T. ) ;
#440 = DIRECTION ( 'NONE',  ( -0.000000000000000000, 1.000000000000000000, -0.000000000000000000 ) ) ;
#441 = EDGE_LOOP ( 'NONE', ( #34, #623, #1462, #626 ) ) ;
#442 = CARTESIAN_POINT ( 'NONE',  ( -24.57770876399968074, 0.8000000000000003775, -70.84458247200042535 ) ) ;
#443 = VECTOR ( 'NONE', #619, 1000.000000000000000 ) ;
#444 = DIRECTION ( 'NONE',  ( -6.982962677686266711E-15, 2.168404344971008868E-15, -1.000000000000000000 ) ) ;
#445 = LINE ( 'NONE', #287, #1174 ) ;
#446 = EDGE_CURVE ( 'NONE', #821, #1284, #375, .T. ) ;
#447 = ORIENTED_EDGE ( 'NONE', *, *, #70, .T. ) ;
#448 = DIRECTION ( 'NONE',  ( 0.000000000000000000, 0.000000000000000000, -1.000000000000000000 ) ) ;
#449 = CARTESIAN_POINT ( 'NONE',  ( 19.24999999999999645, -1.734723475976807094E-15, -18.79999999999990834 ) ) ;
#450 = CARTESIAN_POINT ( 'NONE',  ( -11.74999999999999645, 0.8000000000000003775, -37.59999999999992326 ) ) ;
#451 = DIRECTION ( 'NONE',  ( -1.514188661106529190E-29, -1.000000000000000000, -2.168404344971008868E-15 ) ) ;
#452 = DIRECTION ( 'NONE',  ( 8.659560562354932858E-17, -0.7071067811865474617, 0.7071067811865474617 ) ) ;
#453 = ORIENTED_EDGE ( 'NONE', *, *, #437, .T. ) ;
#454 = CARTESIAN_POINT ( 'NONE',  ( 23.00000000000001066, 0.000000000000000000, -28.00000000000002487 ) ) ;
#455 = DIRECTION ( 'NONE',  ( 0.000000000000000000, 0.000000000000000000, -1.000000000000000000 ) ) ;
#456 = LINE ( 'NONE', #1485, #819 ) ;
#457 = AXIS2_PLACEMENT_3D ( 'NONE', #253, #499, #726 ) ;
#458 = DIRECTION ( 'NONE',  ( 1.000000000000000000, 0.000000000000000000, -4.476705744456268452E-16 ) ) ;
#459 = ORIENTED_EDGE ( 'NONE', *, *, #190, .F. ) ;
#460 = ADVANCED_FACE ( 'NONE', ( #516 ), #422, .F. ) ;
#461 = DIRECTION ( 'NONE',  ( 1.000000000000000000, 0.000000000000000000, 4.476705744456268452E-16 ) ) ;
#462 = CARTESIAN_POINT ( 'NONE',  ( 24.57770876399968074, 0.000000000000000000, -70.84458247200053904 ) ) ;
#463 = CARTESIAN_POINT ( 'NONE',  ( -24.57770876399968074, 0.8000000000000003775, -70.84458247200042535 ) ) ;
#464 = EDGE_CURVE ( 'NONE', #201, #1028, #1146, .T. ) ;
#465 = DIRECTION ( 'NONE',  ( 0.000000000000000000, 0.000000000000000000, -1.000000000000000000 ) ) ;
#466 = ORIENTED_EDGE ( 'NONE', *, *, #1325, .T. ) ;
#467 = AXIS2_PLACEMENT_3D ( 'NONE', #4, #399, #785 ) ;
#468 = VERTEX_POINT ( 'NONE', #1023 ) ;
#469 = ORIENTED_EDGE ( 'NONE', *, *, #506, .F. ) ;
#470 = CARTESIAN_POINT ( 'NONE',  ( 19.24999999999999645, 0.000000000000000000, -28.00000000000002487 ) ) ;
#471 = EDGE_CURVE ( 'NONE', #1381, #40, #511, .T. ) ;
#472 = DIRECTION ( 'NONE',  ( 0.000000000000000000, -1.000000000000000000, 0.000000000000000000 ) ) ;
#473 = CARTESIAN_POINT ( 'NONE',  ( -7.399999999992898481, 0.8000000000000367928, -33.99999999999958789 ) ) ;
#474 = CARTESIAN_POINT ( 'NONE',  ( -25.00000000000000711, 0.8000000000000003775, -28.00000000000002487 ) ) ;
#475 = ORIENTED_EDGE ( 'NONE', *, *, #500, .F. ) ;
#476 = AXIS2_PLACEMENT_3D ( 'NONE', #1024, #1543, #1272 ) ;
#477 = VECTOR ( 'NONE', #351, 1000.000000000000000 ) ;
#478 = CARTESIAN_POINT ( 'NONE',  ( 23.00000000000001421, 0.000000000000000000, -44.99999999999992895 ) ) ;
#479 = APPLICATION_CONTEXT ( 'automotive_design' ) ;
#480 = EDGE_LOOP ( 'NONE', ( #1286, #913, #832, #1501 ) ) ;
#481 = ORIENTED_EDGE ( 'NONE', *, *, #505, .F. ) ;
#482 = LINE ( 'NONE', #992, #673 ) ;
#483 = DIRECTION ( 'NONE',  ( 6.982962677686266711E-15, 0.000000000000000000, 1.000000000000000000 ) ) ;
#484 = DIRECTION ( 'NONE',  ( -0.000000000000000000, -1.000000000000000000, -0.000000000000000000 ) ) ;
#485 = CARTESIAN_POINT ( 'NONE',  ( 21.00000000000001066, 0.000000000000000000, -69.05572809000059920 ) ) ;
#486 = ORIENTED_EDGE ( 'NONE', *, *, #138, .F. ) ;
#487 = CARTESIAN_POINT ( 'NONE',  ( 25.00000000000001066, 0.8000000000000003775, -69.05572809000059920 ) ) ;
#488 = CIRCLE ( 'NONE', #297, 2.000000000000001776 ) ;
#489 = ADVANCED_FACE ( 'NONE', ( #367 ), #1241, .F. ) ;
#490 = ORIENTED_EDGE ( 'NONE', *, *, #1383, .F. ) ;
#491 = CARTESIAN_POINT ( 'NONE',  ( 23.00000000000001066, 0.8000000000000003775, -26.00000000000002132 ) ) ;
#492 = CARTESIAN_POINT ( 'NONE',  ( 25.00000000000000711, 0.8000000000000003775, -46.99999999999992895 ) ) ;
#493 = CARTESIAN_POINT ( 'NONE',  ( 0.000000000000000000, 0.000000000000000000, -54.00000000000004974 ) ) ;
#494 = VERTEX_POINT ( 'NONE', #246 ) ;
#495 = FACE_OUTER_BOUND ( 'NONE', #1075, .T. ) ;
#496 =( NAMED_UNIT ( * ) SI_UNIT ( $, .STERADIAN. ) SOLID_ANGLE_UNIT ( ) );
#497 = VERTEX_POINT ( 'NONE', #1009 ) ;
#498 = ORIENTED_EDGE ( 'NONE', *, *, #1565, .F. ) ;
#499 = DIRECTION ( 'NONE',  ( 0.000000000000000000, -1.000000000000000000, 0.000000000000000000 ) ) ;
#500 = EDGE_CURVE ( 'NONE', #341, #497, #1285, .T. ) ;
#501 = AXIS2_PLACEMENT_3D ( 'NONE', #903, #1422, #879 ) ;
#502 = CARTESIAN_POINT ( 'NONE',  ( 25.00000000000000711, 0.8000000000000003775, -44.99999999999992895 ) ) ;
#503 = DIRECTION ( 'NONE',  ( 0.000000000000000000, 0.000000000000000000, -1.000000000000000000 ) ) ;
#504 = ORIENTED_EDGE ( 'NONE', *, *, #857, .T. ) ;
#505 = EDGE_CURVE ( 'NONE', #614, #1201, #862, .T. ) ;
#506 = EDGE_CURVE ( 'NONE', #949, #659, #868, .T. ) ;
#507 = VECTOR ( 'NONE', #1118, 1000.000000000000000 ) ;
#508 = APPLICATION_PROTOCOL_DEFINITION ( 'draft international standard', 'automotive_design', 1998, #305 ) ;
#509 = VERTEX_POINT ( 'NONE', #1253 ) ;
#510 = VERTEX_POINT ( 'NONE', #759 ) ;
#511 = LINE ( 'NONE', #1405, #850 ) ;
#512 = CARTESIAN_POINT ( 'NONE',  ( 7.399999999999996803, 0.7999999999999986011, -34.00000000000002842 ) ) ;
#513 = PLANE ( 'NONE',  #814 ) ;
#514 = ORIENTED_EDGE ( 'NONE', *, *, #898, .T. ) ;
#515 = ORIENTED_EDGE ( 'NONE', *, *, #594, .F. ) ;
#516 = FACE_OUTER_BOUND ( 'NONE', #1608, .T. ) ;
#517 = CARTESIAN_POINT ( 'NONE',  ( -25.00000000000000711, 0.8000000000000003775, -46.99999999999992895 ) ) ;
#518 = FACE_OUTER_BOUND ( 'NONE', #889, .T. ) ;
#519 = ORIENTED_EDGE ( 'NONE', *, *, #727, .T. ) ;
#520 = EDGE_LOOP ( 'NONE', ( #262, #824, #105, #1298 ) ) ;
#521 = CARTESIAN_POINT ( 'NONE',  ( 23.00000000000001066, 0.8000000000000003775, -26.00000000000002132 ) ) ;
#522 = CARTESIAN_POINT ( 'NONE',  ( -19.24999999999999645, 0.8000000000000003775, -20.99999999999990763 ) ) ;
#523 = FACE_OUTER_BOUND ( 'NONE', #1537, .T. ) ;
#524 = AXIS2_PLACEMENT_3D ( 'NONE', #845, #1334, #586 ) ;
#525 = AXIS2_PLACEMENT_3D ( 'NONE', #1119, #1364, #742 ) ;
#526 = VERTEX_POINT ( 'NONE', #1395 ) ;
#527 = VECTOR ( 'NONE', #147, 1000.000000000000000 ) ;
#528 = PLANE ( 'NONE',  #3 ) ;
#529 = UNCERTAINTY_MEASURE_WITH_UNIT (LENGTH_MEASURE( 1.000000000000000082E-05 ), #1615, 'distance_accuracy_value', 'NONE');
#530 = ORIENTED_EDGE ( 'NONE', *, *, #1002, .T. ) ;
#531 = CARTESIAN_POINT ( 'NONE',  ( -16.10557280900007271, 0.000000000000000000, -87.78885438199979774 ) ) ;
#532 = AXIS2_PLACEMENT_3D ( 'NONE', #1345, #1179, #842 ) ;
#533 = AXIS2_PLACEMENT_3D ( 'NONE', #1215, #183, #1502 ) ;
#534 = AXIS2_PLACEMENT_3D ( 'NONE', #1203, #47, #569 ) ;
#535 = EDGE_CURVE ( 'NONE', #494, #266, #1278, .T. ) ;
#536 = LINE ( 'NONE', #796, #1549 ) ;
#537 = ORIENTED_EDGE ( 'NONE', *, *, #703, .F. ) ;
#538 = CARTESIAN_POINT ( 'NONE',  ( -25.00000000000001066, 0.8000000000000003775, -89.99999999999997158 ) ) ;
#539 = EDGE_CURVE ( 'NONE', #958, #568, #1534, .T. ) ;
#540 = FACE_BOUND ( 'NONE', #252, .T. ) ;
#541 = LINE ( 'NONE', #1170, #950 ) ;
#542 = CARTESIAN_POINT ( 'NONE',  ( 0.000000000000000000, 0.000000000000000000, 0.000000000000000000 ) ) ;
#543 = DIRECTION ( 'NONE',  ( -0.000000000000000000, -1.000000000000000000, -0.000000000000000000 ) ) ;
#544 = ORIENTED_EDGE ( 'NONE', *, *, #869, .F. ) ;
#545 = DIRECTION ( 'NONE',  ( 0.000000000000000000, 0.000000000000000000, -1.000000000000000000 ) ) ;
#546 = ORIENTED_EDGE ( 'NONE', *, *, #733, .F. ) ;
#547 = FACE_BOUND ( 'NONE', #1096, .T. ) ;
#548 = EDGE_CURVE ( 'NONE', #1333, #243, #482, .T. ) ;
#549 = DIRECTION ( 'NONE',  ( 0.000000000000000000, 0.000000000000000000, -1.000000000000000000 ) ) ;
#550 = EDGE_CURVE ( 'NONE', #1028, #774, #737, .T. ) ;
#551 = CARTESIAN_POINT ( 'NONE',  ( 11.74999999999999467, -1.734723475976807094E-15, -38.99999999999992184 ) ) ;
#552 = EDGE_LOOP ( 'NONE', ( #1109, #145, #206, #1578 ) ) ;
#553 = DIRECTION ( 'NONE',  ( -0.000000000000000000, 1.000000000000000000, -0.000000000000000000 ) ) ;
#554 = VECTOR ( 'NONE', #1669, 1000.000000000000000 ) ;
#555 = EDGE_CURVE ( 'NONE', #1094, #746, #621, .T. ) ;
#556 = CARTESIAN_POINT ( 'NONE',  ( 17.24999999999999289, 0.000000000000000000, -30.00000000000002842 ) ) ;
#557 = PRODUCT_DEFINITION_FORMATION_WITH_SPECIFIED_SOURCE ( 'ANY', '', #344, .NOT_KNOWN. ) ;
#558 = DIRECTION ( 'NONE',  ( -0.000000000000000000, 1.000000000000000000, -0.000000000000000000 ) ) ;
#559 = VECTOR ( 'NONE', #103, 1000.000000000000000 ) ;
#560 = EDGE_CURVE ( 'NONE', #659, #394, #488, .T. ) ;
#561 = ORIENTED_EDGE ( 'NONE', *, *, #562, .T. ) ;
#562 = EDGE_CURVE ( 'NONE', #1617, #1476, #890, .T. ) ;
#563 = DIRECTION ( 'NONE',  ( 0.000000000000000000, 1.000000000000000000, 0.000000000000000000 ) ) ;
#564 = EDGE_CURVE ( 'NONE', #86, #1617, #1183, .T. ) ;
#565 = ORIENTED_EDGE ( 'NONE', *, *, #1027, .T. ) ;
#566 = DIRECTION ( 'NONE',  ( 0.000000000000000000, 0.000000000000000000, -1.000000000000000000 ) ) ;
#567 = VECTOR ( 'NONE', #275, 1000.000000000000000 ) ;
#568 = VERTEX_POINT ( 'NONE', #162 ) ;
#569 = DIRECTION ( 'NONE',  ( 0.000000000000000000, 0.000000000000000000, -1.000000000000000000 ) ) ;
#570 = EDGE_CURVE ( 'NONE', #158, #40, #1682, .T. ) ;
#571 = ADVANCED_FACE ( 'NONE', ( #1177 ), #355, .F. ) ;
#572 = ORIENTED_EDGE ( 'NONE', *, *, #970, .T. ) ;
#573 = DIRECTION ( 'NONE',  ( 0.000000000000000000, -1.000000000000000000, 0.000000000000000000 ) ) ;
#574 = CARTESIAN_POINT ( 'NONE',  ( 11.74999999999999467, -1.734723475976807094E-15, -38.99999999999992184 ) ) ;
#575 = DIRECTION ( 'NONE',  ( -1.000000000000000000, -0.000000000000000000, -0.000000000000000000 ) ) ;
#576 = DIRECTION ( 'NONE',  ( 1.000000000000000000, 0.000000000000000000, 0.000000000000000000 ) ) ;
#577 = CARTESIAN_POINT ( 'NONE',  ( 11.74999999999999467, 0.8000000000000003775, -37.59999999999992326 ) ) ;
#578 = ADVANCED_FACE ( 'NONE', ( #2 ), #411, .T. ) ;
#579 = DIRECTION ( 'NONE',  ( 0.000000000000000000, -1.000000000000000000, -0.000000000000000000 ) ) ;
#580 = CYLINDRICAL_SURFACE ( 'NONE', #847, 4.000000000000003553 ) ;
#581 = LINE ( 'NONE', #613, #1468 ) ;
#582 = ORIENTED_EDGE ( 'NONE', *, *, #836, .F. ) ;
#583 = SURFACE_STYLE_FILL_AREA ( #1092 ) ;
#584 = CARTESIAN_POINT ( 'NONE',  ( -17.25000000000000711, 0.000000000000000000, -42.99999999999992895 ) ) ;
#585 = ORIENTED_EDGE ( 'NONE', *, *, #930, .T. ) ;
#586 = DIRECTION ( 'NONE',  ( 1.561251128379125123E-14, 0.000000000000000000, -1.000000000000000000 ) ) ;
#587 = VERTEX_POINT ( 'NONE', #1317 ) ;
#588 = DIRECTION ( 'NONE',  ( -1.000000000000000000, 0.000000000000000000, 0.000000000000000000 ) ) ;
#589 = VECTOR ( 'NONE', #1269, 1000.000000000000000 ) ;
#590 = PLANE ( 'NONE',  #525 ) ;
#591 = ORIENTED_EDGE ( 'NONE', *, *, #1399, .T. ) ;
#592 = LINE ( 'NONE', #996, #313 ) ;
#593 = ORIENTED_EDGE ( 'NONE', *, *, #1547, .T. ) ;
#594 = EDGE_CURVE ( 'NONE', #1481, #968, #1299, .T. ) ;
#595 = CARTESIAN_POINT ( 'NONE',  ( -19.24999999999999645, 0.000000000000000000, -30.00000000000002842 ) ) ;
#596 = EDGE_CURVE ( 'NONE', #393, #1568, #29, .T. ) ;
#597 = ADVANCED_BREP_SHAPE_REPRESENTATION ( '', ( #1220, #148 ), #1603 ) ;
#598 = CARTESIAN_POINT ( 'NONE',  ( -17.25000000000000711, 0.8000000000000003775, -42.99999999999992895 ) ) ;
#599 = EDGE_CURVE ( 'NONE', #1481, #1135, #395, .T. ) ;
#600 = DIRECTION ( 'NONE',  ( -0.000000000000000000, 1.000000000000000000, -0.000000000000000000 ) ) ;
#601 = DIRECTION ( 'NONE',  ( 0.000000000000000000, 0.000000000000000000, -1.000000000000000000 ) ) ;
#602 = ORIENTED_EDGE ( 'NONE', *, *, #539, .F. ) ;
#603 = FILL_AREA_STYLE_COLOUR ( '', #120 ) ;
#604 = SHAPE_DEFINITION_REPRESENTATION ( #1100, #295 ) ;
#605 = VERTEX_POINT ( 'NONE', #666 ) ;
#606 = CIRCLE ( 'NONE', #1300, 2.000000000000001776 ) ;
#607 = ORIENTED_EDGE ( 'NONE', *, *, #66, .F. ) ;
#608 = CARTESIAN_POINT ( 'NONE',  ( -6.599999999992660626, 0.8000000000000003775, 0.000000000000000000 ) ) ;
#609 = AXIS2_PLACEMENT_3D ( 'NONE', #1631, #472, #455 ) ;
#610 = FACE_OUTER_BOUND ( 'NONE', #1546, .T. ) ;
#611 = DIRECTION ( 'NONE',  ( 0.000000000000000000, -0.7071067811865482389, -0.7071067811865469066 ) ) ;
#612 = ADVANCED_FACE ( 'NONE', ( #540, #268, #775, #1050, #917, #1294, #547, #1571 ), #680, .T. ) ;
#613 = CARTESIAN_POINT ( 'NONE',  ( 0.000000000000000000, 0.8000000000000003775, 0.000000000000000000 ) ) ;
#614 = VERTEX_POINT ( 'NONE', #1287 ) ;
#615 = AXIS2_PLACEMENT_3D ( 'NONE', #247, #778, #769 ) ;
#616 = VECTOR ( 'NONE', #1473, 1000.000000000000000 ) ;
#617 = PRESENTATION_LAYER_ASSIGNMENT (  '', '', ( #985 ) ) ;
#618 = ADVANCED_FACE ( 'NONE', ( #127 ), #1000, .F. ) ;
#619 = DIRECTION ( 'NONE',  ( -0.000000000000000000, 1.000000000000000000, -0.000000000000000000 ) ) ;
#620 = ORIENTED_EDGE ( 'NONE', *, *, #251, .F. ) ;
#621 = LINE ( 'NONE', #1124, #1616 ) ;
#622 = DIRECTION ( 'NONE',  ( -1.000000000000000000, 0.000000000000000000, 8.163404592832047771E-16 ) ) ;
#623 = ORIENTED_EDGE ( 'NONE', *, *, #1270, .T. ) ;
#624 = FACE_OUTER_BOUND ( 'NONE', #1133, .T. ) ;
#625 = ORIENTED_EDGE ( 'NONE', *, *, #1448, .T. ) ;
#626 = ORIENTED_EDGE ( 'NONE', *, *, #163, .T. ) ;
#627 = CARTESIAN_POINT ( 'NONE',  ( -19.25000000000001066, 0.8000000000000003775, -42.99999999999992895 ) ) ;
#628 = EDGE_CURVE ( 'NONE', #1195, #884, #781, .T. ) ;
#629 = LINE ( 'NONE', #271, #1197 ) ;
#630 = CARTESIAN_POINT ( 'NONE',  ( 9.184850993605252469E-16, 0.000000000000000000, -61.50000000000005684 ) ) ;
#631 = VERTEX_POINT ( 'NONE', #1069 ) ;
#632 = CARTESIAN_POINT ( 'NONE',  ( -25.00000000000000711, 0.8000000000000003775, -2.000000000000001776 ) ) ;
#633 = ORIENTED_EDGE ( 'NONE', *, *, #446, .F. ) ;
#634 = DIRECTION ( 'NONE',  ( 0.000000000000000000, 0.000000000000000000, -1.000000000000000000 ) ) ;
#635 = VECTOR ( 'NONE', #1200, 1000.000000000000000 ) ;
#636 = CIRCLE ( 'NONE', #1581, 2.200000000000000622 ) ;
#637 = DIRECTION ( 'NONE',  ( 6.982962677686266711E-15, 0.000000000000000000, 1.000000000000000000 ) ) ;
#638 = EDGE_CURVE ( 'NONE', #494, #1284, #801, .T. ) ;
#639 = ORIENTED_EDGE ( 'NONE', *, *, #1366, .T. ) ;
#640 =( GEOMETRIC_REPRESENTATION_CONTEXT ( 3 ) GLOBAL_UNCERTAINTY_ASSIGNED_CONTEXT ( ( #915 ) ) GLOBAL_UNIT_ASSIGNED_CONTEXT ( ( #675, #325, #496 ) ) REPRESENTATION_CONTEXT ( 'NONE', 'WORKASPACE' ) );
#641 = VECTOR ( 'NONE', #1457, 1000.000000000000000 ) ;
#642 = EDGE_CURVE ( 'NONE', #1657, #172, #794, .T. ) ;
#643 = AXIS2_PLACEMENT_3D ( 'NONE', #980, #345, #1367 ) ;
#644 = AXIS2_PLACEMENT_3D ( 'NONE', #748, #106, #900 ) ;
#645 = ORIENTED_EDGE ( 'NONE', *, *, #214, .F. ) ;
#646 = CARTESIAN_POINT ( 'NONE',  ( -12.52786404500039907, 0.8000000000000003775, -85.99999999999997158 ) ) ;
#647 = ADVANCED_FACE ( 'NONE', ( #37 ), #660, .F. ) ;
#648 = CYLINDRICAL_SURFACE ( 'NONE', #744, 2.000000000000001776 ) ;
#649 = CARTESIAN_POINT ( 'NONE',  ( 16.10557280900007271, 0.000000000000000000, -87.78885438199979774 ) ) ;
#650 = ORIENTED_EDGE ( 'NONE', *, *, #1633, .T. ) ;
#651 = VERTEX_POINT ( 'NONE', #531 ) ;
#652 = AXIS2_PLACEMENT_3D ( 'NONE', #521, #1029, #146 ) ;
#653 = CARTESIAN_POINT ( 'NONE',  ( 0.000000000000000000, 0.000000000000000000, 0.000000000000000000 ) ) ;
#654 = ADVANCED_FACE ( 'NONE', ( #1043 ), #528, .F. ) ;
#655 = CARTESIAN_POINT ( 'NONE',  ( -19.24999999999999645, 0.8000000000000003775, -30.00000000000002842 ) ) ;
#656 = FACE_OUTER_BOUND ( 'NONE', #48, .T. ) ;
#657 = ORIENTED_EDGE ( 'NONE', *, *, #765, .F. ) ;
#658 = AXIS2_PLACEMENT_3D ( 'NONE', #1586, #942, #768 ) ;
#659 = VERTEX_POINT ( 'NONE', #1156 ) ;
#660 = CYLINDRICAL_SURFACE ( 'NONE', #658, 2.000000000000001776 ) ;
#661 = CARTESIAN_POINT ( 'NONE',  ( -17.24999999999999289, 0.8000000000000003775, -30.00000000000002842 ) ) ;
#662 = CARTESIAN_POINT ( 'NONE',  ( 19.25000000000000711, 0.000000000000000000, -44.99999999999992895 ) ) ;
#663 = LINE ( 'NONE', #149, #1111 ) ;
#664 = ORIENTED_EDGE ( 'NONE', *, *, #596, .F. ) ;
#665 = ORIENTED_EDGE ( 'NONE', *, *, #802, .F. ) ;
#666 = CARTESIAN_POINT ( 'NONE',  ( 25.00000000000001066, 0.000000000000000000, -69.05572809000059920 ) ) ;
#667 = CARTESIAN_POINT ( 'NONE',  ( -19.25000000000000711, 0.8000000000000003775, -44.99999999999992895 ) ) ;
#668 = ORIENTED_EDGE ( 'NONE', *, *, #1672, .T. ) ;
#669 = CYLINDRICAL_SURFACE ( 'NONE', #49, 2.000000000000000000 ) ;
#670 = ADVANCED_FACE ( 'NONE', ( #772 ), #1430, .F. ) ;
#671 = CARTESIAN_POINT ( 'NONE',  ( 23.00000000000001066, 0.8000000000000003775, 0.000000000000000000 ) ) ;
#672 = EDGE_CURVE ( 'NONE', #1393, #867, #818, .T. ) ;
#673 = VECTOR ( 'NONE', #1382, 1000.000000000000000 ) ;
#674 = LINE ( 'NONE', #944, #760 ) ;
#675 =( LENGTH_UNIT ( ) NAMED_UNIT ( * ) SI_UNIT ( .MILLI., .METRE. ) );
#676 = ADVANCED_FACE ( 'NONE', ( #1409, #914, #273, #1540, #782, #142, #1415, #372 ), #260, .F. ) ;
#677 = DIRECTION ( 'NONE',  ( -8.163404592832047771E-16, 0.000000000000000000, -1.000000000000000000 ) ) ;
#678 = ORIENTED_EDGE ( 'NONE', *, *, #1633, .F. ) ;
#679 = CARTESIAN_POINT ( 'NONE',  ( 23.00000000000001421, 0.8000000000000003775, -44.99999999999992895 ) ) ;
#680 = PLANE ( 'NONE',  #363 ) ;
#681 = DIRECTION ( 'NONE',  ( 0.000000000000000000, 1.000000000000000000, 0.000000000000000000 ) ) ;
#682 = VERTEX_POINT ( 'NONE', #632 ) ;
#683 = CARTESIAN_POINT ( 'NONE',  ( -11.74999999999999645, -1.734723475976807094E-15, -36.79999999999992610 ) ) ;
#684 = VECTOR ( 'NONE', #921, 1000.000000000000000 ) ;
#685 = ORIENTED_EDGE ( 'NONE', *, *, #8, .F. ) ;
#686 = DIRECTION ( 'NONE',  ( 1.000000000000000000, 0.000000000000000000, 0.000000000000000000 ) ) ;
#687 = VECTOR ( 'NONE', #827, 1000.000000000000000 ) ;
#688 = DIRECTION ( 'NONE',  ( 0.000000000000000000, -1.000000000000000000, 0.000000000000000000 ) ) ;
#689 = ORIENTED_EDGE ( 'NONE', *, *, #270, .F. ) ;
#690 = EDGE_CURVE ( 'NONE', #995, #510, #1274, .T. ) ;
#691 = DIRECTION ( 'NONE',  ( -8.163404592832047771E-16, 0.000000000000000000, 1.000000000000000000 ) ) ;
#692 = CARTESIAN_POINT ( 'NONE',  ( 23.00000000000001066, 0.8000000000000003775, -46.99999999999992895 ) ) ;
#693 = ORIENTED_EDGE ( 'NONE', *, *, #896, .T. ) ;
#694 = DIRECTION ( 'NONE',  ( 0.000000000000000000, 0.000000000000000000, 1.000000000000000000 ) ) ;
#695 = CYLINDRICAL_SURFACE ( 'NONE', #1247, 2.000000000000001776 ) ;
#696 = LINE ( 'NONE', #1385, #1600 ) ;
#697 = LINE ( 'NONE', #708, #1474 ) ;
#698 = DIRECTION ( 'NONE',  ( -1.344030195157067909E-18, 0.000000000000000000, 1.000000000000000000 ) ) ;
#699 = VERTEX_POINT ( 'NONE', #897 ) ;
#700 = AXIS2_PLACEMENT_3D ( 'NONE', #56, #50, #705 ) ;
#701 = VECTOR ( 'NONE', #575, 1000.000000000000000 ) ;
#702 = CARTESIAN_POINT ( 'NONE',  ( 19.24999999999999645, 0.8000000000000003775, -30.00000000000002842 ) ) ;
#703 = EDGE_CURVE ( 'NONE', #941, #1162, #1307, .T. ) ;
#704 = EDGE_LOOP ( 'NONE', ( #1532, #665, #856, #1408 ) ) ;
#705 = DIRECTION ( 'NONE',  ( 0.000000000000000000, 0.000000000000000000, -1.000000000000000000 ) ) ;
#706 = AXIS2_PLACEMENT_3D ( 'NONE', #1643, #1171, #902 ) ;
#707 = DIRECTION ( 'NONE',  ( -0.000000000000000000, -1.000000000000000000, -0.000000000000000000 ) ) ;
#708 = CARTESIAN_POINT ( 'NONE',  ( 17.25000000000000711, 0.000000000000000000, -44.99999999999992895 ) ) ;
#709 = DIRECTION ( 'NONE',  ( 0.000000000000000000, 0.000000000000000000, -1.000000000000000000 ) ) ;
#710 = EDGE_LOOP ( 'NONE', ( #419, #211, #1304, #1594 ) ) ;
#711 = EDGE_CURVE ( 'NONE', #1487, #659, #929, .T. ) ;
#712 = SURFACE_STYLE_USAGE ( .BOTH. , #1344 ) ;
#713 = CARTESIAN_POINT ( 'NONE',  ( -19.24999999999999645, 0.8000000000000003775, -19.59999999999990905 ) ) ;
#714 = ORIENTED_EDGE ( 'NONE', *, *, #1022, .T. ) ;
#715 = EDGE_CURVE ( 'NONE', #821, #954, #1055, .T. ) ;
#716 = CARTESIAN_POINT ( 'NONE',  ( 7.399999999999996803, -1.734723475976807094E-15, -34.00000000000002842 ) ) ;
#717 = CARTESIAN_POINT ( 'NONE',  ( 6.599999999999996092, 0.7999999999999986011, -32.49999999999997158 ) ) ;
#718 = LINE ( 'NONE', #463, #1198 ) ;
#719 = VECTOR ( 'NONE', #99, 1000.000000000000114 ) ;
#720 = VECTOR ( 'NONE', #436, 1000.000000000000000 ) ;
#721 = CARTESIAN_POINT ( 'NONE',  ( 7.399999999999996803, -1.734723475976807094E-15, -38.99999999999992184 ) ) ;
#722 = ORIENTED_EDGE ( 'NONE', *, *, #857, .F. ) ;
#723 = CARTESIAN_POINT ( 'NONE',  ( -12.52786404500039907, 0.8000000000000003775, -85.99999999999997158 ) ) ;
#724 = ORIENTED_EDGE ( 'NONE', *, *, #138, .T. ) ;
#725 = ORIENTED_EDGE ( 'NONE', *, *, #1308, .T. ) ;
#726 = DIRECTION ( 'NONE',  ( 0.000000000000000000, 0.000000000000000000, -1.000000000000000000 ) ) ;
#727 = EDGE_CURVE ( 'NONE', #587, #243, #1584, .T. ) ;
#728 = EDGE_CURVE ( 'NONE', #1568, #55, #426, .T. ) ;
#729 = LINE ( 'NONE', #51, #1664 ) ;
#730 = DIRECTION ( 'NONE',  ( 0.000000000000000000, 0.000000000000000000, 1.000000000000000000 ) ) ;
#731 = CARTESIAN_POINT ( 'NONE',  ( -24.57770876399968429, 0.000000000000000000, -70.84458247200042535 ) ) ;
#732 = EDGE_LOOP ( 'NONE', ( #885, #335, #378, #18 ) ) ;
#733 = EDGE_CURVE ( 'NONE', #651, #1047, #1255, .T. ) ;
#734 = PRODUCT_CONTEXT ( 'NONE', #479, 'mechanical' ) ;
#735 = CIRCLE ( 'NONE', #337, 1.399999999999998579 ) ;
#736 = ORIENTED_EDGE ( 'NONE', *, *, #1270, .F. ) ;
#737 = LINE ( 'NONE', #223, #719 ) ;
#738 = AXIS2_PLACEMENT_3D ( 'NONE', #1492, #182, #1104 ) ;
#739 = ADVANCED_FACE ( 'NONE', ( #43 ), #669, .T. ) ;
#740 = DIRECTION ( 'NONE',  ( -7.709882115452476934E-17, 0.000000000000000000, -1.000000000000000000 ) ) ;
#741 = LINE ( 'NONE', #1349, #1638 ) ;
#742 = DIRECTION ( 'NONE',  ( -7.709882115452476934E-17, 0.000000000000000000, 1.000000000000000000 ) ) ;
#743 = ORIENTED_EDGE ( 'NONE', *, *, #300, .F. ) ;
#744 = AXIS2_PLACEMENT_3D ( 'NONE', #1017, #107, #1553 ) ;
#745 =( NAMED_UNIT ( * ) PLANE_ANGLE_UNIT ( ) SI_UNIT ( $, .RADIAN. ) );
#746 = VERTEX_POINT ( 'NONE', #939 ) ;
#747 = ORIENTED_EDGE ( 'NONE', *, *, #733, .T. ) ;
#748 = CARTESIAN_POINT ( 'NONE',  ( 12.52786404500041684, 0.000000000000000000, -85.99999999999997158 ) ) ;
#749 = DIRECTION ( 'NONE',  ( 0.000000000000000000, 0.000000000000000000, -1.000000000000000000 ) ) ;
#750 = DIRECTION ( 'NONE',  ( 0.000000000000000000, 0.000000000000000000, 1.000000000000000000 ) ) ;
#751 = ORIENTED_EDGE ( 'NONE', *, *, #380, .F. ) ;
#752 = DIRECTION ( 'NONE',  ( 0.000000000000000000, -0.000000000000000000, -1.000000000000000000 ) ) ;
#753 = ORIENTED_EDGE ( 'NONE', *, *, #728, .F. ) ;
#754 = EDGE_LOOP ( 'NONE', ( #722, #235, #743, #736 ) ) ;
#755 = CARTESIAN_POINT ( 'NONE',  ( 25.00000000000000711, 0.8000000000000003775, -26.00000000000002132 ) ) ;
#756 = DIRECTION ( 'NONE',  ( -1.000000000000000000, 0.000000000000000000, 0.000000000000000000 ) ) ;
#757 = ORIENTED_EDGE ( 'NONE', *, *, #66, .T. ) ;
#758 = VERTEX_POINT ( 'NONE', #1463 ) ;
#759 = CARTESIAN_POINT ( 'NONE',  ( -19.24999999999999645, -1.734723475976807094E-15, -23.19999999999990692 ) ) ;
#760 = VECTOR ( 'NONE', #421, 1000.000000000000000 ) ;
#761 = DIRECTION ( 'NONE',  ( -0.000000000000000000, 1.000000000000000000, -0.000000000000000000 ) ) ;
#762 = EDGE_LOOP ( 'NONE', ( #783, #891, #221, #945 ) ) ;
#763 = AXIS2_PLACEMENT_3D ( 'NONE', #1302, #1267, #1379 ) ;
#764 = VECTOR ( 'NONE', #1514, 1000.000000000000000 ) ;
#765 = EDGE_CURVE ( 'NONE', #1614, #393, #1053, .T. ) ;
#766 = EDGE_CURVE ( 'NONE', #1290, #1195, #1321, .T. ) ;
#767 = ORIENTED_EDGE ( 'NONE', *, *, #1577, .T. ) ;
#768 = DIRECTION ( 'NONE',  ( 0.000000000000000000, 0.000000000000000000, 1.000000000000000000 ) ) ;
#769 = DIRECTION ( 'NONE',  ( 0.000000000000000000, 0.000000000000000000, -1.000000000000000000 ) ) ;
#770 = LINE ( 'NONE', #1019, #193 ) ;
#771 = ORIENTED_EDGE ( 'NONE', *, *, #300, .T. ) ;
#772 = FACE_OUTER_BOUND ( 'NONE', #1117, .T. ) ;
#773 = PRODUCT_DEFINITION_CONTEXT ( 'detailed design', #160, 'design' ) ;
#774 = VERTEX_POINT ( 'NONE', #175 ) ;
#775 = FACE_BOUND ( 'NONE', #1589, .T. ) ;
#776 = CARTESIAN_POINT ( 'NONE',  ( 12.52786404500041684, 0.8000000000000003775, -89.99999999999997158 ) ) ;
#777 = EDGE_CURVE ( 'NONE', #954, #7, #416, .T. ) ;
#778 = DIRECTION ( 'NONE',  ( -0.000000000000000000, -1.000000000000000000, -0.000000000000000000 ) ) ;
#779 = EDGE_CURVE ( 'NONE', #699, #1234, #435, .T. ) ;
#780 = VERTEX_POINT ( 'NONE', #442 ) ;
#781 = CIRCLE ( 'NONE', #1656, 7.500000000000007105 ) ;
#782 = FACE_BOUND ( 'NONE', #520, .T. ) ;
#783 = ORIENTED_EDGE ( 'NONE', *, *, #307, .F. ) ;
#784 = CARTESIAN_POINT ( 'NONE',  ( -19.25000000000001066, 0.8000000000000003775, -42.99999999999992895 ) ) ;
#785 = DIRECTION ( 'NONE',  ( -1.000000000000000000, 0.000000000000000000, 4.476705744456268452E-16 ) ) ;
#786 = CARTESIAN_POINT ( 'NONE',  ( -21.00000000000001066, 0.8000000000000003775, -69.05572809000059920 ) ) ;
#787 = AXIS2_PLACEMENT_3D ( 'NONE', #171, #688, #1303 ) ;
#788 = EDGE_CURVE ( 'NONE', #867, #651, #1439, .T. ) ;
#789 = DIRECTION ( 'NONE',  ( -1.790682297782510536E-15, 0.000000000000000000, -1.000000000000000000 ) ) ;
#790 = ORIENTED_EDGE ( 'NONE', *, *, #250, .T. ) ;
#791 = ADVANCED_FACE ( 'NONE', ( #946 ), #27, .F. ) ;
#792 = DIRECTION ( 'NONE',  ( -7.709882115452476934E-17, 0.000000000000000000, -1.000000000000000000 ) ) ;
#793 = ORIENTED_EDGE ( 'NONE', *, *, #39, .T. ) ;
#794 = LINE ( 'NONE', #556, #52 ) ;
#795 = AXIS2_PLACEMENT_3D ( 'NONE', #1508, #1679, #389 ) ;
#796 = CARTESIAN_POINT ( 'NONE',  ( 25.00000000000000711, 0.8000000000000003775, -46.99999999999992895 ) ) ;
#797 = DIRECTION ( 'NONE',  ( 0.000000000000000000, 0.000000000000000000, 1.000000000000000000 ) ) ;
#798 = ORIENTED_EDGE ( 'NONE', *, *, #1002, .F. ) ;
#799 = DIRECTION ( 'NONE',  ( 0.000000000000000000, -1.000000000000000000, 0.000000000000000000 ) ) ;
#800 = ORIENTED_EDGE ( 'NONE', *, *, #1193, .F. ) ;
#801 = LINE ( 'NONE', #1453, #1515 ) ;
#802 = EDGE_CURVE ( 'NONE', #1234, #1617, #1196, .T. ) ;
#803 = ADVANCED_FACE ( 'NONE', ( #1188 ), #1337, .T. ) ;
#804 = CARTESIAN_POINT ( 'NONE',  ( -25.00000000000001066, 0.8000000000000003775, -69.99999999999984368 ) ) ;
#805 = ORIENTED_EDGE ( 'NONE', *, *, #963, .F. ) ;
#806 = CARTESIAN_POINT ( 'NONE',  ( -23.00000000000001066, 0.000000000000000000, -46.99999999999992895 ) ) ;
#807 = ORIENTED_EDGE ( 'NONE', *, *, #1141, .T. ) ;
#808 = EDGE_CURVE ( 'NONE', #954, #1316, #1576, .T. ) ;
#809 = ORIENTED_EDGE ( 'NONE', *, *, #715, .F. ) ;
#810 = EDGE_CURVE ( 'NONE', #958, #165, #1209, .T. ) ;
#811 = CARTESIAN_POINT ( 'NONE',  ( -7.399999999992933120, 0.8000000000000367928, -38.99999999999948130 ) ) ;
#812 = ORIENTED_EDGE ( 'NONE', *, *, #766, .T. ) ;
#813 = VECTOR ( 'NONE', #155, 1000.000000000000000 ) ;
#814 = AXIS2_PLACEMENT_3D ( 'NONE', #1536, #503, #385 ) ;
#815 = DIRECTION ( 'NONE',  ( 0.000000000000000000, -1.000000000000000000, 0.000000000000000000 ) ) ;
#816 = VECTOR ( 'NONE', #277, 1000.000000000000000 ) ;
#817 = CARTESIAN_POINT ( 'NONE',  ( 16.10557280900008337, 0.8000000000000003775, -87.78885438199979774 ) ) ;
#818 = CIRCLE ( 'NONE', #285, 4.000000000000003553 ) ;
#819 = VECTOR ( 'NONE', #339, 1000.000000000000000 ) ;
#820 = AXIS2_PLACEMENT_3D ( 'NONE', #962, #1466, #309 ) ;
#821 = VERTEX_POINT ( 'NONE', #1569 ) ;
#822 = DIRECTION ( 'NONE',  ( 1.514188661106529190E-29, 1.000000000000000000, 2.168404344971008868E-15 ) ) ;
#823 = LINE ( 'NONE', #971, #95 ) ;
#824 = ORIENTED_EDGE ( 'NONE', *, *, #836, .T. ) ;
#825 = FACE_OUTER_BOUND ( 'NONE', #704, .T. ) ;
#826 = EDGE_LOOP ( 'NONE', ( #1239, #1154, #424, #104 ) ) ;
#827 = DIRECTION ( 'NONE',  ( -0.000000000000000000, 1.000000000000000000, -0.000000000000000000 ) ) ;
#828 = CARTESIAN_POINT ( 'NONE',  ( -23.00000000000001421, 0.8000000000000003775, -44.99999999999992895 ) ) ;
#829 = VERTEX_POINT ( 'NONE', #1048 ) ;
#830 = CARTESIAN_POINT ( 'NONE',  ( 19.24999999999999645, 0.8000000000000003775, -19.59999999999990550 ) ) ;
#831 = LINE ( 'NONE', #1567, #173 ) ;
#832 = ORIENTED_EDGE ( 'NONE', *, *, #320, .F. ) ;
#833 = LINE ( 'NONE', #191, #224 ) ;
#834 = DIRECTION ( 'NONE',  ( 0.000000000000000000, 1.000000000000000000, -2.168404344971008868E-15 ) ) ;
#835 = CARTESIAN_POINT ( 'NONE',  ( -25.00000000000000711, 0.8000000000000003775, -2.000000000000001776 ) ) ;
#836 = EDGE_CURVE ( 'NONE', #1228, #494, #1315, .T. ) ;
#837 = DIRECTION ( 'NONE',  ( -1.000000000000000000, -0.000000000000000000, -0.000000000000000000 ) ) ;
#838 = ORIENTED_EDGE ( 'NONE', *, *, #1030, .T. ) ;
#839 = EDGE_CURVE ( 'NONE', #1628, #509, #217, .T. ) ;
#840 = CIRCLE ( 'NONE', #1007, 2.000000000000001776 ) ;
#841 = LINE ( 'NONE', #1260, #443 ) ;
#842 = DIRECTION ( 'NONE',  ( -1.734723475976805517E-15, 0.000000000000000000, -1.000000000000000000 ) ) ;
#843 = ORIENTED_EDGE ( 'NONE', *, *, #261, .F. ) ;
#844 = ORIENTED_EDGE ( 'NONE', *, *, #1399, .F. ) ;
#845 = CARTESIAN_POINT ( 'NONE',  ( 21.00000000000001066, 0.8000000000000003775, -69.05572809000059920 ) ) ;
#846 = ADVANCED_FACE ( 'NONE', ( #1338 ), #1396, .F. ) ;
#847 = AXIS2_PLACEMENT_3D ( 'NONE', #207, #959, #966 ) ;
#848 = EDGE_LOOP ( 'NONE', ( #1259, #771, #714, #1144, #1157, #1640, #258, #1139, #753, #1423, #843, #1516, #366, #1495, #85, #1173, #386, #77, #1309, #319, #1073, #1575, #1026, #514, #1440, #757, #1456, #561 ) ) ;
#849 = DIRECTION ( 'NONE',  ( 8.163404592832047771E-16, 0.000000000000000000, 1.000000000000000000 ) ) ;
#850 = VECTOR ( 'NONE', #1262, 1000.000000000000000 ) ;
#851 = FACE_OUTER_BOUND ( 'NONE', #441, .T. ) ;
#852 = ORIENTED_EDGE ( 'NONE', *, *, #307, .T. ) ;
#853 = ADVANCED_FACE ( 'NONE', ( #851 ), #590, .F. ) ;
#854 = FACE_OUTER_BOUND ( 'NONE', #1361, .T. ) ;
#855 = APPLICATION_PROTOCOL_DEFINITION ( 'draft international standard', 'automotive_design', 1998, #72 ) ;
#856 = ORIENTED_EDGE ( 'NONE', *, *, #779, .F. ) ;
#857 = EDGE_CURVE ( 'NONE', #774, #605, #143, .T. ) ;
#858 = ORIENTED_EDGE ( 'NONE', *, *, #1610, .F. ) ;
#859 = DIRECTION ( 'NONE',  ( 1.000000000000000000, 0.000000000000000000, -6.982962677686266711E-15 ) ) ;
#860 = ORIENTED_EDGE ( 'NONE', *, *, #121, .F. ) ;
#861 = CARTESIAN_POINT ( 'NONE',  ( 11.74999999999999467, -1.734723475976807094E-15, -38.99999999999992184 ) ) ;
#862 = CIRCLE ( 'NONE', #457, 1.400000000000001910 ) ;
#863 = CARTESIAN_POINT ( 'NONE',  ( 19.24999999999999645, 0.8000000000000003775, -28.00000000000002487 ) ) ;
#864 = ORIENTED_EDGE ( 'NONE', *, *, #550, .F. ) ;
#865 = DIRECTION ( 'NONE',  ( 0.000000000000000000, 0.000000000000000000, 1.000000000000000000 ) ) ;
#866 = ORIENTED_EDGE ( 'NONE', *, *, #1465, .F. ) ;
#867 = VERTEX_POINT ( 'NONE', #731 ) ;
#868 = LINE ( 'NONE', #755, #589 ) ;
#869 = EDGE_CURVE ( 'NONE', #126, #746, #184, .T. ) ;
#870 = CARTESIAN_POINT ( 'NONE',  ( -7.399999999992660449, 0.8000000000000003775, 0.000000000000000000 ) ) ;
#871 = PLANE ( 'NONE',  #286 ) ;
#872 = DIRECTION ( 'NONE',  ( 0.000000000000000000, 0.000000000000000000, -1.000000000000000000 ) ) ;
#873 = ORIENTED_EDGE ( 'NONE', *, *, #690, .F. ) ;
#874 = LINE ( 'NONE', #1391, #559 ) ;
#875 = VECTOR ( 'NONE', #370, 1000.000000000000114 ) ;
#876 = ORIENTED_EDGE ( 'NONE', *, *, #672, .F. ) ;
#877 = DIRECTION ( 'NONE',  ( 0.000000000000000000, 0.000000000000000000, -1.000000000000000000 ) ) ;
#878 = DIRECTION ( 'NONE',  ( -1.000000000000000000, 0.000000000000000000, -0.000000000000000000 ) ) ;
#879 = DIRECTION ( 'NONE',  ( 1.000000000000000000, 0.000000000000000000, 1.790682297782510536E-15 ) ) ;
#880 = ORIENTED_EDGE ( 'NONE', *, *, #808, .F. ) ;
#881 = CIRCLE ( 'NONE', #532, 2.000000000000001776 ) ;
#882 = CIRCLE ( 'NONE', #1450, 2.200000000000000622 ) ;
#883 = CARTESIAN_POINT ( 'NONE',  ( 0.000000000000000000, 0.8000000000000003775, 0.000000000000000000 ) ) ;
#884 = VERTEX_POINT ( 'NONE', #92 ) ;
#885 = ORIENTED_EDGE ( 'NONE', *, *, #382, .F. ) ;
#886 = CARTESIAN_POINT ( 'NONE',  ( -7.399999999992933120, 3.642919299551294898E-14, -38.99999999999948130 ) ) ;
#887 = CARTESIAN_POINT ( 'NONE',  ( -19.24999999999999645, -1.734723475976807094E-15, -18.79999999999990834 ) ) ;
#888 = LINE ( 'NONE', #1661, #368 ) ;
#889 = EDGE_LOOP ( 'NONE', ( #348, #1627, #1685, #565 ) ) ;
#890 = CIRCLE ( 'NONE', #157, 2.000000000000001776 ) ;
#891 = ORIENTED_EDGE ( 'NONE', *, *, #777, .F. ) ;
#892 = DIRECTION ( 'NONE',  ( 0.000000000000000000, 0.000000000000000000, -1.000000000000000000 ) ) ;
#893 = LINE ( 'NONE', #1280, #228 ) ;
#894 = DIRECTION ( 'NONE',  ( -1.000000000000000000, -0.000000000000000000, -0.000000000000000000 ) ) ;
#895 = ORIENTED_EDGE ( 'NONE', *, *, #599, .F. ) ;
#896 = EDGE_CURVE ( 'NONE', #497, #1373, #1090, .T. ) ;
#897 = CARTESIAN_POINT ( 'NONE',  ( 25.00000000000000711, 0.000000000000000000, -46.99999999999992895 ) ) ;
#898 = EDGE_CURVE ( 'NONE', #140, #1657, #1248, .T. ) ;
#899 = VERTEX_POINT ( 'NONE', #994 ) ;
#900 = DIRECTION ( 'NONE',  ( 0.000000000000000000, 0.000000000000000000, -1.000000000000000000 ) ) ;
#901 = CIRCLE ( 'NONE', #1110, 4.000000000000003553 ) ;
#902 = DIRECTION ( 'NONE',  ( 0.000000000000000000, 0.000000000000000000, -1.000000000000000000 ) ) ;
#903 = CARTESIAN_POINT ( 'NONE',  ( -17.25000000000000711, 0.8000000000000003775, -44.99999999999992895 ) ) ;
#904 = ORIENTED_EDGE ( 'NONE', *, *, #1084, .F. ) ;
#905 = CONICAL_SURFACE ( 'NONE', #233, 2.200000000000000622, 0.7853981633974482790 ) ;
#906 = CIRCLE ( 'NONE', #1358, 2.000000000000000000 ) ;
#907 = ORIENTED_EDGE ( 'NONE', *, *, #154, .T. ) ;
#908 = CARTESIAN_POINT ( 'NONE',  ( 23.00000000000001066, 0.8000000000000003775, -46.99999999999992895 ) ) ;
#909 = EDGE_CURVE ( 'NONE', #1316, #266, #1227, .T. ) ;
#910 = FACE_OUTER_BOUND ( 'NONE', #347, .T. ) ;
#911 = PLANE ( 'NONE',  #1554 ) ;
#912 = CARTESIAN_POINT ( 'NONE',  ( -12.52786404500039907, 0.000000000000000000, -89.99999999999997158 ) ) ;
#913 = ORIENTED_EDGE ( 'NONE', *, *, #203, .F. ) ;
#914 = FACE_BOUND ( 'NONE', #1624, .T. ) ;
#915 = UNCERTAINTY_MEASURE_WITH_UNIT (LENGTH_MEASURE( 1.000000000000000082E-05 ), #675, 'distance_accuracy_value', 'NONE');
#916 = ORIENTED_EDGE ( 'NONE', *, *, #703, .T. ) ;
#917 = FACE_BOUND ( 'NONE', #1020, .T. ) ;
#918 = PLANE ( 'NONE',  #308 ) ;
#919 = DIRECTION ( 'NONE',  ( -0.000000000000000000, 1.000000000000000000, -0.000000000000000000 ) ) ;
#920 = ORIENTED_EDGE ( 'NONE', *, *, #382, .T. ) ;
#921 = DIRECTION ( 'NONE',  ( 1.000000000000000000, 0.000000000000000000, 0.000000000000000000 ) ) ;
#922 = VERTEX_POINT ( 'NONE', #1494 ) ;
#923 = DIRECTION ( 'NONE',  ( 0.000000000000000000, -1.000000000000000000, 0.000000000000000000 ) ) ;
#924 = CARTESIAN_POINT ( 'NONE',  ( -19.25000000000000711, 0.000000000000000000, -44.99999999999992895 ) ) ;
#925 = SHAPE_REPRESENTATION_RELATIONSHIP ( 'NONE' , 'NONE' ,  #11, #597 ) ;
#926 = VECTOR ( 'NONE', #837, 1000.000000000000000 ) ;
#927 = EDGE_LOOP ( 'NONE', ( #267, #1218, #876, #1297 ) ) ;
#928 = ADVANCED_FACE ( 'NONE', ( #352 ), #976, .T. ) ;
#929 = LINE ( 'NONE', #280, #641 ) ;
#930 = EDGE_CURVE ( 'NONE', #371, #949, #840, .T. ) ;
#931 = ORIENTED_EDGE ( 'NONE', *, *, #1169, .T. ) ;
#932 = AXIS2_PLACEMENT_3D ( 'NONE', #240, #761, #749 ) ;
#933 = FACE_OUTER_BOUND ( 'NONE', #762, .T. ) ;
#934 = DIRECTION ( 'NONE',  ( -0.000000000000000000, -1.000000000000000000, -0.000000000000000000 ) ) ;
#935 = LINE ( 'NONE', #1185, #527 ) ;
#936 = DIRECTION ( 'NONE',  ( 0.000000000000000000, 0.000000000000000000, -1.000000000000000000 ) ) ;
#937 = CIRCLE ( 'NONE', #204, 2.200000000000000622 ) ;
#938 = EDGE_LOOP ( 'NONE', ( #844, #668, #1176, #1077 ) ) ;
#939 = CARTESIAN_POINT ( 'NONE',  ( 6.599999999999996092, -1.734723475976807094E-15, -38.99999999999992184 ) ) ;
#940 = PRODUCT_DEFINITION ( 'UNKNOWN', '', #557, #1561 ) ;
#941 = VERTEX_POINT ( 'NONE', #450 ) ;
#942 = DIRECTION ( 'NONE',  ( 0.000000000000000000, 1.000000000000000000, 0.000000000000000000 ) ) ;
#943 = AXIS2_PLACEMENT_3D ( 'NONE', #784, #923, #13 ) ;
#944 = CARTESIAN_POINT ( 'NONE',  ( -12.52786404500039907, 0.8000000000000003775, -89.99999999999997158 ) ) ;
#945 = ORIENTED_EDGE ( 'NONE', *, *, #909, .T. ) ;
#946 = FACE_OUTER_BOUND ( 'NONE', #1583, .T. ) ;
#947 = ORIENTED_EDGE ( 'NONE', *, *, #638, .T. ) ;
#948 = DIRECTION ( 'NONE',  ( 1.000000000000000000, 0.000000000000000000, -6.982962677686266711E-15 ) ) ;
#949 = VERTEX_POINT ( 'NONE', #1236 ) ;
#950 = VECTOR ( 'NONE', #686, 1000.000000000000000 ) ;
#951 = AXIS2_PLACEMENT_3D ( 'NONE', #139, #543, #1062 ) ;
#952 = DIRECTION ( 'NONE',  ( -0.000000000000000000, 1.000000000000000000, -0.000000000000000000 ) ) ;
#953 =( LENGTH_UNIT ( ) NAMED_UNIT ( * ) SI_UNIT ( .MILLI., .METRE. ) );
#954 = VERTEX_POINT ( 'NONE', #82 ) ;
#955 = AXIS2_PLACEMENT_3D ( 'NONE', #786, #919, #1597 ) ;
#956 = CARTESIAN_POINT ( 'NONE',  ( -23.00000000000001066, 0.8000000000000003775, -28.00000000000002487 ) ) ;
#957 = VECTOR ( 'NONE', #611, 999.9999999999998863 ) ;
#958 = VERTEX_POINT ( 'NONE', #1511 ) ;
#959 = DIRECTION ( 'NONE',  ( 0.000000000000000000, -1.000000000000000000, 0.000000000000000000 ) ) ;
#960 = DIRECTION ( 'NONE',  ( 0.000000000000000000, -1.000000000000000000, 0.000000000000000000 ) ) ;
#961 = CARTESIAN_POINT ( 'NONE',  ( 25.00000000000000711, 0.000000000000000000, -2.000000000000001776 ) ) ;
#962 = CARTESIAN_POINT ( 'NONE',  ( -11.74999999999999645, 0.8000000000000003775, -38.99999999999992184 ) ) ;
#963 = EDGE_CURVE ( 'NONE', #161, #1333, #606, .T. ) ;
#964 = VERTEX_POINT ( 'NONE', #828 ) ;
#965 = EDGE_CURVE ( 'NONE', #359, #587, #1634, .T. ) ;
#966 = DIRECTION ( 'NONE',  ( 0.000000000000000000, 0.000000000000000000, -1.000000000000000000 ) ) ;
#967 = DIRECTION ( 'NONE',  ( 0.000000000000000000, -1.000000000000000000, 2.168404344971008868E-15 ) ) ;
#968 = VERTEX_POINT ( 'NONE', #988 ) ;
#969 = PRODUCT_DEFINITION_SHAPE ( 'NONE', 'NONE',  #1106 ) ;
#970 = EDGE_CURVE ( 'NONE', #968, #631, #581, .T. ) ;
#971 = CARTESIAN_POINT ( 'NONE',  ( -19.24999999999999645, -1.734723475976807094E-15, -18.79999999999990834 ) ) ;
#972 = ORIENTED_EDGE ( 'NONE', *, *, #1169, .F. ) ;
#973 = DIRECTION ( 'NONE',  ( -1.000000000000000000, 0.000000000000000000, -1.790682297782510536E-15 ) ) ;
#974 = ORIENTED_EDGE ( 'NONE', *, *, #500, .T. ) ;
#975 = CARTESIAN_POINT ( 'NONE',  ( -17.24999999999999289, 0.000000000000000000, -30.00000000000002842 ) ) ;
#976 = PLANE ( 'NONE',  #1442 ) ;
#977 = ORIENTED_EDGE ( 'NONE', *, *, #1671, .T. ) ;
#978 = EDGE_CURVE ( 'NONE', #402, #140, #1503, .T. ) ;
#979 = VECTOR ( 'NONE', #986, 999.9999999999998863 ) ;
#980 = CARTESIAN_POINT ( 'NONE',  ( -19.24999999999999645, 0.8000000000000003775, -20.99999999999990763 ) ) ;
#981 = SHAPE_DEFINITION_REPRESENTATION ( #969, #11 ) ;
#982 = EDGE_LOOP ( 'NONE', ( #108, #974 ) ) ;
#983 = PLANE ( 'NONE',  #1500 ) ;
#984 = CIRCLE ( 'NONE', #615, 2.200000000000000622 ) ;
#985 = STYLED_ITEM ( 'NONE', ( #219 ), #1220 ) ;
#986 = DIRECTION ( 'NONE',  ( 8.659560562354926695E-17, -0.7071067811865482389, 0.7071067811865469066 ) ) ;
#987 = LINE ( 'NONE', #835, #687 ) ;
#988 = CARTESIAN_POINT ( 'NONE',  ( 23.00000000000001066, 0.8000000000000003775, 0.000000000000000000 ) ) ;
#989 = ORIENTED_EDGE ( 'NONE', *, *, #560, .F. ) ;
#990 = ADVANCED_FACE ( 'NONE', ( #361 ), #1387, .T. ) ;
#991 = ORIENTED_EDGE ( 'NONE', *, *, #446, .T. ) ;
#992 = CARTESIAN_POINT ( 'NONE',  ( -25.00000000000000711, 0.000000000000000000, -28.00000000000002487 ) ) ;
#993 = PLANE ( 'NONE',  #1327 ) ;
#994 = CARTESIAN_POINT ( 'NONE',  ( -17.25000000000000711, 0.000000000000000000, -42.99999999999992895 ) ) ;
#995 = VERTEX_POINT ( 'NONE', #1613 ) ;
#996 = CARTESIAN_POINT ( 'NONE',  ( 25.00000000000000711, 0.8000000000000003775, -28.00000000000002487 ) ) ;
#997 = ORIENTED_EDGE ( 'NONE', *, *, #779, .T. ) ;
#998 = ORIENTED_EDGE ( 'NONE', *, *, #1107, .F. ) ;
#999 = DIRECTION ( 'NONE',  ( -0.000000000000000000, -1.000000000000000000, -0.000000000000000000 ) ) ;
#1000 = CONICAL_SURFACE ( 'NONE', #1160, 2.200000000000000622, 0.7853981633974473908 ) ;
#1001 = CYLINDRICAL_SURFACE ( 'NONE', #1497, 7.500000000000007105 ) ;
#1002 = EDGE_CURVE ( 'NONE', #1, #509, #330, .T. ) ;
#1003 = CARTESIAN_POINT ( 'NONE',  ( 25.00000000000000711, 0.000000000000000000, -44.99999999999992895 ) ) ;
#1004 = ORIENTED_EDGE ( 'NONE', *, *, #1271, .T. ) ;
#1005 = AXIS2_PLACEMENT_3D ( 'NONE', #595, #1359, #1372 ) ;
#1006 = ORIENTED_EDGE ( 'NONE', *, *, #570, .F. ) ;
#1007 = AXIS2_PLACEMENT_3D ( 'NONE', #1376, #196, #872 ) ;
#1008 = ORIENTED_EDGE ( 'NONE', *, *, #413, .T. ) ;
#1009 = CARTESIAN_POINT ( 'NONE',  ( 11.74999999999999467, 0.8000000000000003775, -40.39999999999992042 ) ) ;
#1010 = DIRECTION ( 'NONE',  ( 7.709882115452476934E-17, 0.000000000000000000, -1.000000000000000000 ) ) ;
#1011 = CIRCLE ( 'NONE', #343, 1.399999999999998579 ) ;
#1012 = VERTEX_POINT ( 'NONE', #630 ) ;
#1013 = ITEM_DEFINED_TRANSFORMATION ( 'NONE', 'NONE', #1086,  #148 ) ;
#1014 = ORIENTED_EDGE ( 'NONE', *, *, #310, .F. ) ;
#1015 = ORIENTED_EDGE ( 'NONE', *, *, #628, .F. ) ;
#1016 = CARTESIAN_POINT ( 'NONE',  ( 7.399999999999996803, 0.8000000000000003775, 0.000000000000000000 ) ) ;
#1017 = CARTESIAN_POINT ( 'NONE',  ( 19.25000000000001066, 0.8000000000000003775, -42.99999999999992895 ) ) ;
#1018 = EDGE_CURVE ( 'NONE', #884, #1195, #1599, .T. ) ;
#1019 = CARTESIAN_POINT ( 'NONE',  ( 19.24999999999999645, -1.734723475976807094E-15, -23.19999999999990692 ) ) ;
#1020 = EDGE_LOOP ( 'NONE', ( #1429, #790 ) ) ;
#1021 = ORIENTED_EDGE ( 'NONE', *, *, #1141, .F. ) ;
#1022 = EDGE_CURVE ( 'NONE', #1403, #922, #1034, .T. ) ;
#1023 = CARTESIAN_POINT ( 'NONE',  ( -25.00000000000000711, 0.8000000000000003775, -26.00000000000002132 ) ) ;
#1024 = CARTESIAN_POINT ( 'NONE',  ( -19.24999999999999645, -1.734723475976807094E-15, -20.99999999999990763 ) ) ;
#1025 = DIRECTION ( 'NONE',  ( 7.709882115452476934E-17, 0.000000000000000000, -1.000000000000000000 ) ) ;
#1026 = ORIENTED_EDGE ( 'NONE', *, *, #1266, .T. ) ;
#1027 = EDGE_CURVE ( 'NONE', #1079, #1094, #888, .T. ) ;
#1028 = VERTEX_POINT ( 'NONE', #649 ) ;
#1029 = DIRECTION ( 'NONE',  ( 0.000000000000000000, -1.000000000000000000, 0.000000000000000000 ) ) ;
#1030 = EDGE_CURVE ( 'NONE', #614, #758, #770, .T. ) ;
#1031 = CIRCLE ( 'NONE', #787, 2.000000000000000000 ) ;
#1032 = FACE_OUTER_BOUND ( 'NONE', #1550, .T. ) ;
#1033 = FACE_OUTER_BOUND ( 'NONE', #311, .T. ) ;
#1034 = LINE ( 'NONE', #1126, #875 ) ;
#1035 = ORIENTED_EDGE ( 'NONE', *, *, #464, .F. ) ;
#1036 = AXIS2_PLACEMENT_3D ( 'NONE', #655, #390, #400 ) ;
#1037 = VECTOR ( 'NONE', #792, 1000.000000000000000 ) ;
#1038 = DIRECTION ( 'NONE',  ( -6.982962677686266711E-15, 0.000000000000000000, -1.000000000000000000 ) ) ;
#1039 = AXIS2_PLACEMENT_3D ( 'NONE', #195, #1632, #1257 ) ;
#1040 = EDGE_CURVE ( 'NONE', #497, #341, #735, .T. ) ;
#1041 = ORIENTED_EDGE ( 'NONE', *, *, #1107, .T. ) ;
#1042 = ADVANCED_FACE ( 'NONE', ( #518 ), #513, .T. ) ;
#1043 = FACE_OUTER_BOUND ( 'NONE', #98, .T. ) ;
#1044 = PLANE ( 'NONE',  #467 ) ;
#1045 = DIRECTION ( 'NONE',  ( 0.000000000000000000, 0.000000000000000000, 1.000000000000000000 ) ) ;
#1046 = FACE_OUTER_BOUND ( 'NONE', #552, .T. ) ;
#1047 = VERTEX_POINT ( 'NONE', #912 ) ;
#1048 = CARTESIAN_POINT ( 'NONE',  ( 11.74999999999999467, -1.734723475976807094E-15, -36.79999999999992610 ) ) ;
#1049 = ORIENTED_EDGE ( 'NONE', *, *, #505, .T. ) ;
#1050 = FACE_BOUND ( 'NONE', #1251, .T. ) ;
#1051 = DIRECTION ( 'NONE',  ( 0.000000000000000000, -1.000000000000000000, 0.000000000000000000 ) ) ;
#1052 = LINE ( 'NONE', #584, #816 ) ;
#1053 = CIRCLE ( 'NONE', #1433, 2.000000000000001776 ) ;
#1054 = ORIENTED_EDGE ( 'NONE', *, *, #177, .F. ) ;
#1055 = LINE ( 'NONE', #1596, #616 ) ;
#1056 = ORIENTED_EDGE ( 'NONE', *, *, #642, .T. ) ;
#1057 = CARTESIAN_POINT ( 'NONE',  ( 0.000000000000000000, 0.000000000000000000, 0.000000000000000000 ) ) ;
#1058 = CARTESIAN_POINT ( 'NONE',  ( 6.599999999999996092, -1.734723475976807094E-15, -38.99999999999992184 ) ) ;
#1059 = VECTOR ( 'NONE', #296, 1000.000000000000000 ) ;
#1060 = DIRECTION ( 'NONE',  ( 0.000000000000000000, 0.000000000000000000, -1.000000000000000000 ) ) ;
#1061 = VECTOR ( 'NONE', #229, 1000.000000000000000 ) ;
#1062 = DIRECTION ( 'NONE',  ( 0.000000000000000000, 0.000000000000000000, -1.000000000000000000 ) ) ;
#1063 = ORIENTED_EDGE ( 'NONE', *, *, #380, .T. ) ;
#1064 = EDGE_CURVE ( 'NONE', #699, #605, #248, .T. ) ;
#1065 = DIRECTION ( 'NONE',  ( -1.000000000000000000, 0.000000000000000000, -8.163404592832047771E-16 ) ) ;
#1066 = AXIS2_PLACEMENT_3D ( 'NONE', #551, #23, #1060 ) ;
#1067 = ORIENTED_EDGE ( 'NONE', *, *, #205, .F. ) ;
#1068 = CIRCLE ( 'NONE', #264, 2.200000000000000622 ) ;
#1069 = CARTESIAN_POINT ( 'NONE',  ( -23.00000000000001066, 0.8000000000000003775, 0.000000000000000000 ) ) ;
#1070 = DIRECTION ( 'NONE',  ( 4.336808689942013792E-15, 0.000000000000000000, -1.000000000000000000 ) ) ;
#1071 = ADVANCED_FACE ( 'NONE', ( #1264 ), #1545, .T. ) ;
#1072 = CARTESIAN_POINT ( 'NONE',  ( 7.399999999999996803, 0.7999999999999986011, -34.00000000000002842 ) ) ;
#1073 = ORIENTED_EDGE ( 'NONE', *, *, #711, .T. ) ;
#1074 = DIRECTION ( 'NONE',  ( 0.000000000000000000, 0.000000000000000000, -1.000000000000000000 ) ) ;
#1075 = EDGE_LOOP ( 'NONE', ( #866, #185, #805, #356 ) ) ;
#1076 = DIRECTION ( 'NONE',  ( 0.000000000000000000, 0.000000000000000000, -1.000000000000000000 ) ) ;
#1077 = ORIENTED_EDGE ( 'NONE', *, *, #1030, .F. ) ;
#1078 = CARTESIAN_POINT ( 'NONE',  ( -25.00000000000000711, 0.8000000000000003775, -44.99999999999992895 ) ) ;
#1079 = VERTEX_POINT ( 'NONE', #1289 ) ;
#1080 = PLANE ( 'NONE',  #391 ) ;
#1081 = DIRECTION ( 'NONE',  ( -0.000000000000000000, -1.000000000000000000, 0.000000000000000000 ) ) ;
#1082 = VECTOR ( 'NONE', #458, 1000.000000000000000 ) ;
#1083 = CARTESIAN_POINT ( 'NONE',  ( 19.24999999999999645, 0.8000000000000003775, -30.00000000000002842 ) ) ;
#1084 = EDGE_CURVE ( 'NONE', #1657, #1122, #131, .T. ) ;
#1085 = ADVANCED_FACE ( 'NONE', ( #656 ), #1136, .F. ) ;
#1086 = AXIS2_PLACEMENT_3D ( 'NONE', #54, #1093, #576 ) ;
#1087 = CARTESIAN_POINT ( 'NONE',  ( -23.00000000000001066, 0.000000000000000000, -2.000000000000001776 ) ) ;
#1088 = EDGE_LOOP ( 'NONE', ( #1559, #582, #222, #991 ) ) ;
#1089 = DIRECTION ( 'NONE',  ( -0.000000000000000000, 1.000000000000000000, -0.000000000000000000 ) ) ;
#1090 = LINE ( 'NONE', #1342, #57 ) ;
#1091 = ORIENTED_EDGE ( 'NONE', *, *, #1680, .F. ) ;
#1092 = FILL_AREA_STYLE ('',( #603 ) ) ;
#1093 = DIRECTION ( 'NONE',  ( 0.000000000000000000, 0.000000000000000000, 1.000000000000000000 ) ) ;
#1094 = VERTEX_POINT ( 'NONE', #1653 ) ;
#1095 = LINE ( 'NONE', #716, #1397 ) ;
#1096 = EDGE_LOOP ( 'NONE', ( #1328, #1063, #1322, #1459 ) ) ;
#1097 = CARTESIAN_POINT ( 'NONE',  ( 25.00000000000000711, 0.000000000000000000, -28.00000000000002487 ) ) ;
#1098 = DIRECTION ( 'NONE',  ( 1.000000000000000000, -0.000000000000000000, -6.982962677686266711E-15 ) ) ;
#1099 = ORIENTED_EDGE ( 'NONE', *, *, #898, .F. ) ;
#1100 = PRODUCT_DEFINITION_SHAPE ( 'NONE', 'NONE',  #940 ) ;
#1101 = ADVANCED_FACE ( 'NONE', ( #1558 ), #401, .F. ) ;
#1102 = ORIENTED_EDGE ( 'NONE', *, *, #1672, .F. ) ;
#1103 = DIRECTION ( 'NONE',  ( -1.000000000000000000, 0.000000000000000000, -1.790682297782510536E-15 ) ) ;
#1104 = DIRECTION ( 'NONE',  ( -5.204170427930416550E-15, 0.000000000000000000, -1.000000000000000000 ) ) ;
#1105 = FACE_OUTER_BOUND ( 'NONE', #1438, .T. ) ;
#1106 = PRODUCT_DEFINITION ( 'UNKNOWN', '', #119, #773 ) ;
#1107 = EDGE_CURVE ( 'NONE', #1240, #1481, #1031, .T. ) ;
#1108 = CARTESIAN_POINT ( 'NONE',  ( -23.00000000000001066, 0.000000000000000000, -26.00000000000002132 ) ) ;
#1109 = ORIENTED_EDGE ( 'NONE', *, *, #564, .F. ) ;
#1110 = AXIS2_PLACEMENT_3D ( 'NONE', #38, #558, #1070 ) ;
#1111 = VECTOR ( 'NONE', #1437, 1000.000000000000000 ) ;
#1112 = DIRECTION ( 'NONE',  ( 0.000000000000000000, -1.000000000000000000, 0.000000000000000000 ) ) ;
#1113 = EDGE_LOOP ( 'NONE', ( #209, #916, #1008, #1388 ) ) ;
#1114 = ORIENTED_EDGE ( 'NONE', *, *, #1435, .F. ) ;
#1115 = DIRECTION ( 'NONE',  ( -0.000000000000000000, 1.000000000000000000, -0.000000000000000000 ) ) ;
#1116 = VECTOR ( 'NONE', #1574, 1000.000000000000000 ) ;
#1117 = EDGE_LOOP ( 'NONE', ( #947, #1526, #852, #244 ) ) ;
#1118 = DIRECTION ( 'NONE',  ( -1.000000000000000000, 0.000000000000000000, -4.476705744456268452E-16 ) ) ;
#1119 = CARTESIAN_POINT ( 'NONE',  ( 25.00000000000000711, 0.8000000000000003775, -44.99999999999992895 ) ) ;
#1120 = ORIENTED_EDGE ( 'NONE', *, *, #506, .T. ) ;
#1121 = CARTESIAN_POINT ( 'NONE',  ( 0.000000000000000000, 0.8000000000000003775, -46.50000000000004263 ) ) ;
#1122 = VERTEX_POINT ( 'NONE', #25 ) ;
#1123 = ORIENTED_EDGE ( 'NONE', *, *, #1305, .F. ) ;
#1124 = CARTESIAN_POINT ( 'NONE',  ( 6.599999999999996092, -1.734723475976807094E-15, -34.00000000000002842 ) ) ;
#1125 = CARTESIAN_POINT ( 'NONE',  ( -25.00000000000001066, 0.000000000000000000, -69.05572809000059920 ) ) ;
#1126 = CARTESIAN_POINT ( 'NONE',  ( 15.00000000000000355, 0.8000000000000003775, -89.99999999999997158 ) ) ;
#1127 = EDGE_LOOP ( 'NONE', ( #68, #793, #864, #1207 ) ) ;
#1128 = DIRECTION ( 'NONE',  ( 0.000000000000000000, -1.000000000000000000, 0.000000000000000000 ) ) ;
#1129 = ORIENTED_EDGE ( 'NONE', *, *, #978, .F. ) ;
#1130 = CARTESIAN_POINT ( 'NONE',  ( 11.74999999999999467, 0.8000000000000003775, -38.99999999999992184 ) ) ;
#1131 = DIRECTION ( 'NONE',  ( 7.709882115452476934E-17, 0.000000000000000000, 1.000000000000000000 ) ) ;
#1132 = DIRECTION ( 'NONE',  ( 0.000000000000000000, -0.7071067811865474617, -0.7071067811865474617 ) ) ;
#1133 = EDGE_LOOP ( 'NONE', ( #1099, #1129, #1021, #150 ) ) ;
#1134 = CIRCLE ( 'NONE', #700, 2.000000000000001776 ) ;
#1135 = VERTEX_POINT ( 'NONE', #303 ) ;
#1136 = CONICAL_SURFACE ( 'NONE', #417, 2.200000000000000622, 0.7853981633974482790 ) ;
#1137 = CIRCLE ( 'NONE', #738, 2.000000000000001776 ) ;
#1138 = EDGE_CURVE ( 'NONE', #1517, #1079, #1180, .T. ) ;
#1139 = ORIENTED_EDGE ( 'NONE', *, *, #1647, .T. ) ;
#1140 = DIRECTION ( 'NONE',  ( -0.000000000000000000, -1.000000000000000000, -0.000000000000000000 ) ) ;
#1141 = EDGE_CURVE ( 'NONE', #172, #402, #1275, .T. ) ;
#1142 = FACE_OUTER_BOUND ( 'NONE', #1541, .T. ) ;
#1143 = DIRECTION ( 'NONE',  ( 0.000000000000000000, 1.000000000000000000, 0.000000000000000000 ) ) ;
#1144 = ORIENTED_EDGE ( 'NONE', *, *, #251, .T. ) ;
#1145 = EDGE_CURVE ( 'NONE', #964, #1614, #663, .T. ) ;
#1146 = CIRCLE ( 'NONE', #644, 4.000000000000003553 ) ;
#1147 = ADVANCED_FACE ( 'NONE', ( #1470 ), #392, .F. ) ;
#1148 = DIRECTION ( 'NONE',  ( 0.000000000000000000, -1.000000000000000000, 0.000000000000000000 ) ) ;
#1149 = ORIENTED_EDGE ( 'NONE', *, *, #154, .F. ) ;
#1150 = VECTOR ( 'NONE', #483, 1000.000000000000000 ) ;
#1151 = CARTESIAN_POINT ( 'NONE',  ( 11.74999999999999467, -1.734723475976807094E-15, -38.99999999999992184 ) ) ;
#1152 = CARTESIAN_POINT ( 'NONE',  ( 25.00000000000000711, 0.8000000000000003775, 0.000000000000000000 ) ) ;
#1153 = DIRECTION ( 'NONE',  ( -1.000000000000000000, -0.000000000000000000, -0.000000000000000000 ) ) ;
#1154 = ORIENTED_EDGE ( 'NONE', *, *, #130, .T. ) ;
#1155 = VECTOR ( 'NONE', #1310, 1000.000000000000000 ) ;
#1156 = CARTESIAN_POINT ( 'NONE',  ( 25.00000000000000711, 0.8000000000000003775, -26.00000000000002132 ) ) ;
#1157 = ORIENTED_EDGE ( 'NONE', *, *, #810, .F. ) ;
#1158 = DIRECTION ( 'NONE',  ( 0.000000000000000000, 0.000000000000000000, -1.000000000000000000 ) ) ;
#1159 = FACE_OUTER_BOUND ( 'NONE', #710, .T. ) ;
#1160 = AXIS2_PLACEMENT_3D ( 'NONE', #135, #934, #1166 ) ;
#1161 = CARTESIAN_POINT ( 'NONE',  ( -19.24999999999999645, -1.734723475976807094E-15, -20.99999999999990763 ) ) ;
#1162 = VERTEX_POINT ( 'NONE', #1172 ) ;
#1163 = ADVANCED_FACE ( 'NONE', ( #1046 ), #414, .F. ) ;
#1164 = UNCERTAINTY_MEASURE_WITH_UNIT (LENGTH_MEASURE( 1.000000000000000082E-05 ), #953, 'distance_accuracy_value', 'NONE');
#1165 = VERTEX_POINT ( 'NONE', #423 ) ;
#1166 = DIRECTION ( 'NONE',  ( 0.000000000000000000, 0.000000000000000000, -1.000000000000000000 ) ) ;
#1167 = CIRCLE ( 'NONE', #1005, 2.000000000000001776 ) ;
#1168 = VECTOR ( 'NONE', #1605, 1000.000000000000000 ) ;
#1169 = EDGE_CURVE ( 'NONE', #1343, #899, #289, .T. ) ;
#1170 = CARTESIAN_POINT ( 'NONE',  ( -25.00000000000001066, 0.000000000000000000, -89.99999999999997158 ) ) ;
#1171 = DIRECTION ( 'NONE',  ( -0.000000000000000000, 1.000000000000000000, -0.000000000000000000 ) ) ;
#1172 = CARTESIAN_POINT ( 'NONE',  ( -11.74999999999999645, -1.734723475976807094E-15, -36.79999999999992610 ) ) ;
#1173 = ORIENTED_EDGE ( 'NONE', *, *, #1465, .T. ) ;
#1174 = VECTOR ( 'NONE', #316, 1000.000000000000114 ) ;
#1175 = AXIS2_PLACEMENT_3D ( 'NONE', #723, #1128, #1625 ) ;
#1176 = ORIENTED_EDGE ( 'NONE', *, *, #1565, .T. ) ;
#1177 = FACE_OUTER_BOUND ( 'NONE', #1113, .T. ) ;
#1178 = DIRECTION ( 'NONE',  ( 0.8944271909999169656, 0.000000000000000000, -0.4472135954999559848 ) ) ;
#1179 = DIRECTION ( 'NONE',  ( -0.000000000000000000, 1.000000000000000000, -0.000000000000000000 ) ) ;
#1180 = LINE ( 'NONE', #1072, #635 ) ;
#1181 = VERTEX_POINT ( 'NONE', #1186 ) ;
#1182 = CARTESIAN_POINT ( 'NONE',  ( -19.24999999999999645, 0.000000000000000000, -28.00000000000002487 ) ) ;
#1183 = LINE ( 'NONE', #1432, #567 ) ;
#1184 = EDGE_CURVE ( 'NONE', #172, #65, #33, .T. ) ;
#1185 = CARTESIAN_POINT ( 'NONE',  ( 23.00000000000001066, 0.8000000000000003775, -28.00000000000002487 ) ) ;
#1186 = CARTESIAN_POINT ( 'NONE',  ( -11.74999999999999645, -1.734723475976807094E-15, -41.19999999999992468 ) ) ;
#1187 = ORIENTED_EDGE ( 'NONE', *, *, #1210, .F. ) ;
#1188 = FACE_OUTER_BOUND ( 'NONE', #272, .T. ) ;
#1189 = ORIENTED_EDGE ( 'NONE', *, *, #1648, .T. ) ;
#1190 = DIRECTION ( 'NONE',  ( 0.000000000000000000, -1.000000000000000000, 0.000000000000000000 ) ) ;
#1191 = ADVANCED_FACE ( 'NONE', ( #933 ), #1460, .T. ) ;
#1192 = DIRECTION ( 'NONE',  ( 0.000000000000000000, 0.000000000000000000, 1.000000000000000000 ) ) ;
#1193 = EDGE_CURVE ( 'NONE', #65, #1122, #841, .T. ) ;
#1194 = AXIS2_PLACEMENT_3D ( 'NONE', #269, #1295, #1434 ) ;
#1195 = VERTEX_POINT ( 'NONE', #1121 ) ;
#1196 = LINE ( 'NONE', #679, #239 ) ;
#1197 = VECTOR ( 'NONE', #1412, 1000.000000000000000 ) ;
#1198 = VECTOR ( 'NONE', #1089, 1000.000000000000000 ) ;
#1199 = FACE_OUTER_BOUND ( 'NONE', #1088, .T. ) ;
#1200 = DIRECTION ( 'NONE',  ( 0.000000000000000000, -1.000000000000000000, 0.000000000000000000 ) ) ;
#1201 = VERTEX_POINT ( 'NONE', #830 ) ;
#1202 = ADVANCED_FACE ( 'NONE', ( #854 ), #364, .T. ) ;
#1203 = CARTESIAN_POINT ( 'NONE',  ( -23.00000000000001066, 0.8000000000000003775, -2.000000000000001776 ) ) ;
#1204 = ORIENTED_EDGE ( 'NONE', *, *, #1680, .T. ) ;
#1205 = VECTOR ( 'NONE', #118, 1000.000000000000000 ) ;
#1206 = LINE ( 'NONE', #327, #1467 ) ;
#1207 = ORIENTED_EDGE ( 'NONE', *, *, #270, .T. ) ;
#1208 = ADVANCED_FACE ( 'NONE', ( #624 ), #199, .F. ) ;
#1209 = LINE ( 'NONE', #538, #684 ) ;
#1210 = EDGE_CURVE ( 'NONE', #968, #1487, #906, .T. ) ;
#1211 = DIRECTION ( 'NONE',  ( 0.000000000000000000, 0.000000000000000000, -1.000000000000000000 ) ) ;
#1212 = ADVANCED_FACE ( 'NONE', ( #1219 ), #232, .T. ) ;
#1213 = VECTOR ( 'NONE', #1598, 1000.000000000000000 ) ;
#1214 = CARTESIAN_POINT ( 'NONE',  ( -25.00000000000000711, 0.000000000000000000, -44.99999999999992895 ) ) ;
#1215 = CARTESIAN_POINT ( 'NONE',  ( 19.24999999999999645, -1.734723475976807094E-15, -20.99999999999990763 ) ) ;
#1216 = AXIS2_PLACEMENT_3D ( 'NONE', #1283, #1143, #124 ) ;
#1217 = DIRECTION ( 'NONE',  ( 0.000000000000000000, -0.7071067811865482389, -0.7071067811865469066 ) ) ;
#1218 = ORIENTED_EDGE ( 'NONE', *, *, #1336, .F. ) ;
#1219 = FACE_OUTER_BOUND ( 'NONE', #754, .T. ) ;
#1220 = MANIFOLD_SOLID_BREP ( 'Cavidade1', #1676 ) ;
#1221 = CIRCLE ( 'NONE', #643, 1.399999999999998579 ) ;
#1222 = PRODUCT_DEFINITION_SHAPE ( 'NONE', 'NONE',  #1686 ) ;
#1223 = EDGE_LOOP ( 'NONE', ( #1004, #1230 ) ) ;
#1224 = CARTESIAN_POINT ( 'NONE',  ( -17.25000000000000711, 0.8000000000000003775, -44.99999999999992895 ) ) ;
#1225 = DIRECTION ( 'NONE',  ( -1.000000000000000000, 0.000000000000000000, 0.000000000000000000 ) ) ;
#1226 = PLANE ( 'NONE',  #17 ) ;
#1227 = LINE ( 'NONE', #60, #1061 ) ;
#1228 = VERTEX_POINT ( 'NONE', #1250 ) ;
#1229 = CARTESIAN_POINT ( 'NONE',  ( 25.00000000000000711, 0.000000000000000000, -2.000000000000001776 ) ) ;
#1230 = ORIENTED_EDGE ( 'NONE', *, *, #177, .T. ) ;
#1231 = ORIENTED_EDGE ( 'NONE', *, *, #1458, .F. ) ;
#1232 = LINE ( 'NONE', #78, #314 ) ;
#1233 = PRODUCT_RELATED_PRODUCT_CATEGORY ( 'part', '', ( #1619 ) ) ;
#1234 = VERTEX_POINT ( 'NONE', #478 ) ;
#1235 = CARTESIAN_POINT ( 'NONE',  ( -17.24999999999999289, 0.8000000000000003775, -28.00000000000002487 ) ) ;
#1236 = CARTESIAN_POINT ( 'NONE',  ( 25.00000000000000711, 0.000000000000000000, -26.00000000000002132 ) ) ;
#1237 = ORIENTED_EDGE ( 'NONE', *, *, #9, .T. ) ;
#1238 = DIRECTION ( 'NONE',  ( 0.000000000000000000, 0.000000000000000000, -1.000000000000000000 ) ) ;
#1239 = ORIENTED_EDGE ( 'NONE', *, *, #250, .F. ) ;
#1240 = VERTEX_POINT ( 'NONE', #1229 ) ;
#1241 = CYLINDRICAL_SURFACE ( 'NONE', #1332, 2.000000000000001776 ) ;
#1242 = ADVANCED_FACE ( 'NONE', ( #495 ), #210, .T. ) ;
#1243 = LINE ( 'NONE', #870, #1150 ) ;
#1244 = LINE ( 'NONE', #91, #957 ) ;
#1245 = DIRECTION ( 'NONE',  ( -0.000000000000000000, 1.000000000000000000, -0.000000000000000000 ) ) ;
#1246 = ORIENTED_EDGE ( 'NONE', *, *, #715, .T. ) ;
#1247 = AXIS2_PLACEMENT_3D ( 'NONE', #692, #1346, #202 ) ;
#1248 = CIRCLE ( 'NONE', #114, 2.000000000000001776 ) ;
#1249 = CONICAL_SURFACE ( 'NONE', #418, 2.200000000000000622, 0.7853981633974473908 ) ;
#1250 = CARTESIAN_POINT ( 'NONE',  ( -7.399999999992933120, 0.8000000000000367928, -38.99999999999948130 ) ) ;
#1251 = EDGE_LOOP ( 'NONE', ( #486, #317 ) ) ;
#1252 = ORIENTED_EDGE ( 'NONE', *, *, #1184, .F. ) ;
#1253 = CARTESIAN_POINT ( 'NONE',  ( 6.599999999999996092, 0.8000000000000003775, -38.99999999999992184 ) ) ;
#1254 = CIRCLE ( 'NONE', #955, 4.000000000000003553 ) ;
#1255 = CIRCLE ( 'NONE', #1513, 4.000000000000003553 ) ;
#1256 = CIRCLE ( 'NONE', #533, 2.200000000000000622 ) ;
#1257 = DIRECTION ( 'NONE',  ( 0.000000000000000000, 0.000000000000000000, -1.000000000000000000 ) ) ;
#1258 = CARTESIAN_POINT ( 'NONE',  ( 11.74999999999999467, 0.8000000000000003775, -38.99999999999992184 ) ) ;
#1259 = ORIENTED_EDGE ( 'NONE', *, *, #1585, .T. ) ;
#1260 = CARTESIAN_POINT ( 'NONE',  ( 17.25000000000000711, 0.8000000000000003775, -42.99999999999992895 ) ) ;
#1261 = ORIENTED_EDGE ( 'NONE', *, *, #555, .T. ) ;
#1262 = DIRECTION ( 'NONE',  ( -8.163404592832047771E-16, 0.000000000000000000, -1.000000000000000000 ) ) ;
#1263 = CARTESIAN_POINT ( 'NONE',  ( 23.00000000000001066, 0.000000000000000000, 0.000000000000000000 ) ) ;
#1264 = FACE_OUTER_BOUND ( 'NONE', #732, .T. ) ;
#1265 = ORIENTED_EDGE ( 'NONE', *, *, #1271, .F. ) ;
#1266 = EDGE_CURVE ( 'NONE', #394, #140, #592, .T. ) ;
#1267 = DIRECTION ( 'NONE',  ( 0.000000000000000000, 0.000000000000000000, 1.000000000000000000 ) ) ;
#1268 = EDGE_LOOP ( 'NONE', ( #434, #544, #1365, #530 ) ) ;
#1269 = DIRECTION ( 'NONE',  ( -0.000000000000000000, 1.000000000000000000, -0.000000000000000000 ) ) ;
#1270 = EDGE_CURVE ( 'NONE', #605, #404, #94, .T. ) ;
#1271 = EDGE_CURVE ( 'NONE', #995, #1654, #1221, .T. ) ;
#1272 = DIRECTION ( 'NONE',  ( 0.000000000000000000, 0.000000000000000000, -1.000000000000000000 ) ) ;
#1273 = ORIENTED_EDGE ( 'NONE', *, *, #192, .T. ) ;
#1274 = LINE ( 'NONE', #116, #41 ) ;
#1275 = CIRCLE ( 'NONE', #167, 2.000000000000001776 ) ;
#1276 = AXIS2_PLACEMENT_3D ( 'NONE', #522, #1051, #1461 ) ;
#1277 = ORIENTED_EDGE ( 'NONE', *, *, #896, .F. ) ;
#1278 = LINE ( 'NONE', #608, #1205 ) ;
#1279 = EDGE_CURVE ( 'NONE', #682, #468, #874, .T. ) ;
#1280 = CARTESIAN_POINT ( 'NONE',  ( 9.184850993605153861E-16, 0.000000000000000000, -61.50000000000005684 ) ) ;
#1281 = LINE ( 'NONE', #502, #342 ) ;
#1282 = MECHANICAL_DESIGN_GEOMETRIC_PRESENTATION_REPRESENTATION (  '', ( #985 ), #174 ) ;
#1283 = CARTESIAN_POINT ( 'NONE',  ( 0.000000000000000000, 0.8000000000000003775, -54.00000000000004974 ) ) ;
#1284 = VERTEX_POINT ( 'NONE', #1482 ) ;
#1285 = CIRCLE ( 'NONE', #1557, 1.399999999999998579 ) ;
#1286 = ORIENTED_EDGE ( 'NONE', *, *, #1621, .F. ) ;
#1287 = CARTESIAN_POINT ( 'NONE',  ( 19.24999999999999645, 0.8000000000000003775, -22.39999999999990976 ) ) ;
#1288 = CARTESIAN_POINT ( 'NONE',  ( -25.00000000000001066, 0.8000000000000003775, -89.99999999999997158 ) ) ;
#1289 = CARTESIAN_POINT ( 'NONE',  ( 7.399999999999996803, -1.734723475976807094E-15, -34.00000000000002842 ) ) ;
#1290 = VERTEX_POINT ( 'NONE', #324 ) ;
#1291 = VECTOR ( 'NONE', #20, 1000.000000000000000 ) ;
#1292 = CARTESIAN_POINT ( 'NONE',  ( -6.599999999992943067, 0.8000000000000367928, -40.49999999999953815 ) ) ;
#1293 = ORIENTED_EDGE ( 'NONE', *, *, #377, .F. ) ;
#1294 = FACE_OUTER_BOUND ( 'NONE', #293, .T. ) ;
#1295 = DIRECTION ( 'NONE',  ( 0.000000000000000000, 1.000000000000000000, 0.000000000000000000 ) ) ;
#1296 = CARTESIAN_POINT ( 'NONE',  ( -23.00000000000001421, 0.000000000000000000, -44.99999999999992895 ) ) ;
#1297 = ORIENTED_EDGE ( 'NONE', *, *, #24, .F. ) ;
#1298 = ORIENTED_EDGE ( 'NONE', *, *, #909, .F. ) ;
#1299 = LINE ( 'NONE', #671, #1291 ) ;
#1300 = AXIS2_PLACEMENT_3D ( 'NONE', #1108, #960, #709 ) ;
#1301 = FACE_OUTER_BOUND ( 'NONE', #1127, .T. ) ;
#1302 = CARTESIAN_POINT ( 'NONE',  ( 0.000000000000000000, 0.000000000000000000, 0.000000000000000000 ) ) ;
#1303 = DIRECTION ( 'NONE',  ( 0.000000000000000000, 0.000000000000000000, -1.000000000000000000 ) ) ;
#1304 = ORIENTED_EDGE ( 'NONE', *, *, #21, .F. ) ;
#1305 = EDGE_CURVE ( 'NONE', #371, #402, #187, .T. ) ;
#1306 = AXIS2_PLACEMENT_3D ( 'NONE', #1152, #756, #1420 ) ;
#1307 = LINE ( 'NONE', #683, #1357 ) ;
#1308 = EDGE_CURVE ( 'NONE', #829, #1373, #1068, .T. ) ;
#1309 = ORIENTED_EDGE ( 'NONE', *, *, #970, .F. ) ;
#1310 = DIRECTION ( 'NONE',  ( -0.000000000000000000, 1.000000000000000000, -0.000000000000000000 ) ) ;
#1311 = VECTOR ( 'NONE', #822, 1000.000000000000000 ) ;
#1312 = CARTESIAN_POINT ( 'NONE',  ( 15.00000000000000355, 0.8000000000000003775, -89.99999999999997158 ) ) ;
#1313 = ORIENTED_EDGE ( 'NONE', *, *, #690, .T. ) ;
#1314 =( REPRESENTATION_RELATIONSHIP ('NONE','NONE', #295, #11 ) REPRESENTATION_RELATIONSHIP_WITH_TRANSFORMATION ( #1013 )SHAPE_REPRESENTATION_RELATIONSHIP( ) );
#1315 = LINE ( 'NONE', #73, #1548 ) ;
#1316 = VERTEX_POINT ( 'NONE', #473 ) ;
#1317 = CARTESIAN_POINT ( 'NONE',  ( -19.24999999999999645, 0.8000000000000003775, -28.00000000000002487 ) ) ;
#1318 = ADVANCED_FACE ( 'NONE', ( #1105 ), #580, .T. ) ;
#1319 = CARTESIAN_POINT ( 'NONE',  ( -19.24999999999999645, 0.000000000000000000, -28.00000000000002487 ) ) ;
#1320 = ORIENTED_EDGE ( 'NONE', *, *, #550, .T. ) ;
#1321 = LINE ( 'NONE', #166, #1655 ) ;
#1322 = ORIENTED_EDGE ( 'NONE', *, *, #869, .T. ) ;
#1323 = DIRECTION ( 'NONE',  ( -0.000000000000000000, 1.000000000000000000, -0.000000000000000000 ) ) ;
#1324 = VECTOR ( 'NONE', #973, 1000.000000000000000 ) ;
#1325 = EDGE_CURVE ( 'NONE', #941, #526, #1011, .T. ) ;
#1326 = AXIS2_PLACEMENT_3D ( 'NONE', #278, #789, #1446 ) ;
#1327 = AXIS2_PLACEMENT_3D ( 'NONE', #717, #1225, #58 ) ;
#1328 = ORIENTED_EDGE ( 'NONE', *, *, #1027, .F. ) ;
#1329 = DIRECTION ( 'NONE',  ( 0.000000000000000000, 0.000000000000000000, -1.000000000000000000 ) ) ;
#1330 = CIRCLE ( 'NONE', #476, 2.200000000000000622 ) ;
#1331 = AXIS2_PLACEMENT_3D ( 'NONE', #84, #354, #1238 ) ;
#1332 = AXIS2_PLACEMENT_3D ( 'NONE', #627, #1542, #1418 ) ;
#1333 = VERTEX_POINT ( 'NONE', #100 ) ;
#1334 = DIRECTION ( 'NONE',  ( -0.000000000000000000, 1.000000000000000000, -0.000000000000000000 ) ) ;
#1335 = ORIENTED_EDGE ( 'NONE', *, *, #1573, .F. ) ;
#1336 = EDGE_CURVE ( 'NONE', #867, #780, #718, .T. ) ;
#1337 = CYLINDRICAL_SURFACE ( 'NONE', #534, 2.000000000000000000 ) ;
#1338 = FACE_OUTER_BOUND ( 'NONE', #298, .T. ) ;
#1339 = PLANE ( 'NONE',  #189 ) ;
#1340 = DIRECTION ( 'NONE',  ( 0.000000000000000000, 0.000000000000000000, -1.000000000000000000 ) ) ;
#1341 = CARTESIAN_POINT ( 'NONE',  ( 24.57770876399968429, 0.8000000000000003775, -70.84458247200053904 ) ) ;
#1342 = CARTESIAN_POINT ( 'NONE',  ( 11.74999999999999467, -1.734723475976807094E-15, -41.19999999999992468 ) ) ;
#1343 = VERTEX_POINT ( 'NONE', #975 ) ;
#1344 = SURFACE_SIDE_STYLE ('',( #583 ) ) ;
#1345 = CARTESIAN_POINT ( 'NONE',  ( 19.25000000000001066, 0.000000000000000000, -42.99999999999992895 ) ) ;
#1346 = DIRECTION ( 'NONE',  ( 0.000000000000000000, -1.000000000000000000, 0.000000000000000000 ) ) ;
#1347 = CIRCLE ( 'NONE', #236, 2.000000000000000000 ) ;
#1348 = CARTESIAN_POINT ( 'NONE',  ( -25.00000000000000711, 0.000000000000000000, -2.000000000000001776 ) ) ;
#1349 = CARTESIAN_POINT ( 'NONE',  ( -19.25000000000000711, 0.8000000000000003775, -44.99999999999992895 ) ) ;
#1350 = VECTOR ( 'NONE', #1623, 1000.000000000000000 ) ;
#1351 = CARTESIAN_POINT ( 'NONE',  ( 7.399999999999996803, 0.7999999999999986011, -38.99999999999992184 ) ) ;
#1352 = EDGE_LOOP ( 'NONE', ( #633, #1246, #237, #1335 ) ) ;
#1353 = DIRECTION ( 'NONE',  ( 0.000000000000000000, 1.000000000000000000, 0.000000000000000000 ) ) ;
#1354 = EDGE_CURVE ( 'NONE', #568, #651, #321, .T. ) ;
#1355 = ADVANCED_FACE ( 'NONE', ( #59 ), #1493, .T. ) ;
#1356 = DIRECTION ( 'NONE',  ( -0.000000000000000000, 1.000000000000000000, -0.000000000000000000 ) ) ;
#1357 = VECTOR ( 'NONE', #299, 999.9999999999998863 ) ;
#1358 = AXIS2_PLACEMENT_3D ( 'NONE', #1378, #1636, #64 ) ;
#1359 = DIRECTION ( 'NONE',  ( -0.000000000000000000, 1.000000000000000000, -0.000000000000000000 ) ) ;
#1360 = AXIS2_PLACEMENT_3D ( 'NONE', #87, #1140, #1667 ) ;
#1361 = EDGE_LOOP ( 'NONE', ( #546, #1530, #602, #245 ) ) ;
#1362 = CARTESIAN_POINT ( 'NONE',  ( -17.24999999999999289, 0.8000000000000003775, -30.00000000000002842 ) ) ;
#1363 = VECTOR ( 'NONE', #740, 1000.000000000000000 ) ;
#1364 = DIRECTION ( 'NONE',  ( -1.000000000000000000, 0.000000000000000000, -7.709882115452476934E-17 ) ) ;
#1365 = ORIENTED_EDGE ( 'NONE', *, *, #71, .T. ) ;
#1366 = EDGE_CURVE ( 'NONE', #468, #161, #456, .T. ) ;
#1367 = DIRECTION ( 'NONE',  ( 0.000000000000000000, 0.000000000000000000, -1.000000000000000000 ) ) ;
#1368 = APPLICATION_PROTOCOL_DEFINITION ( 'draft international standard', 'automotive_design', 1998, #160 ) ;
#1369 = EDGE_LOOP ( 'NONE', ( #1015, #117 ) ) ;
#1370 = EDGE_LOOP ( 'NONE', ( #1237, #880, #809, #459 ) ) ;
#1371 = ADVANCED_FACE ( 'NONE', ( #329 ), #871, .T. ) ;
#1372 = DIRECTION ( 'NONE',  ( 0.000000000000000000, 0.000000000000000000, -1.000000000000000000 ) ) ;
#1373 = VERTEX_POINT ( 'NONE', #227 ) ;
#1374 = FACE_OUTER_BOUND ( 'NONE', #279, .T. ) ;
#1375 = DIRECTION ( 'NONE',  ( 1.000000000000000000, 0.000000000000000000, -1.790682297782510536E-15 ) ) ;
#1376 = CARTESIAN_POINT ( 'NONE',  ( 23.00000000000001066, 0.000000000000000000, -26.00000000000002132 ) ) ;
#1377 = ORIENTED_EDGE ( 'NONE', *, *, #168, .T. ) ;
#1378 = CARTESIAN_POINT ( 'NONE',  ( 23.00000000000001066, 0.8000000000000003775, -2.000000000000001776 ) ) ;
#1379 = DIRECTION ( 'NONE',  ( 1.000000000000000000, 0.000000000000000000, 0.000000000000000000 ) ) ;
#1380 = ORIENTED_EDGE ( 'NONE', *, *, #427, .F. ) ;
#1381 = VERTEX_POINT ( 'NONE', #1362 ) ;
#1382 = DIRECTION ( 'NONE',  ( 1.000000000000000000, 0.000000000000000000, -4.476705744456268452E-16 ) ) ;
#1383 = EDGE_CURVE ( 'NONE', #76, #682, #987, .T. ) ;
#1384 = EDGE_CURVE ( 'NONE', #152, #158, #741, .T. ) ;
#1385 = CARTESIAN_POINT ( 'NONE',  ( -25.00000000000001066, 0.8000000000000003775, -69.05572809000059920 ) ) ;
#1386 = CARTESIAN_POINT ( 'NONE',  ( -16.10557280900006560, 0.8000000000000003775, -87.78885438199979774 ) ) ;
#1387 = PLANE ( 'NONE',  #1663 ) ;
#1388 = ORIENTED_EDGE ( 'NONE', *, *, #1448, .F. ) ;
#1389 = AXIS2_PLACEMENT_3D ( 'NONE', #1452, #444, #451 ) ;
#1390 = VECTOR ( 'NONE', #579, 1000.000000000000000 ) ;
#1391 = CARTESIAN_POINT ( 'NONE',  ( -25.00000000000000711, 0.8000000000000003775, 0.000000000000000000 ) ) ;
#1392 = ORIENTED_EDGE ( 'NONE', *, *, #1193, .T. ) ;
#1393 = VERTEX_POINT ( 'NONE', #1125 ) ;
#1394 = AXIS2_PLACEMENT_3D ( 'NONE', #315, #1065, #691 ) ;
#1395 = CARTESIAN_POINT ( 'NONE',  ( -11.74999999999999645, 0.8000000000000003775, -40.39999999999992042 ) ) ;
#1396 = CONICAL_SURFACE ( 'NONE', #1066, 2.200000000000000622, 0.7853981633974473908 ) ;
#1397 = VECTOR ( 'NONE', #566, 1000.000000000000000 ) ;
#1398 = LINE ( 'NONE', #369, #396 ) ;
#1399 = EDGE_CURVE ( 'NONE', #1201, #614, #96, .T. ) ;
#1400 = DIRECTION ( 'NONE',  ( 8.163404592832047771E-16, 0.000000000000000000, -1.000000000000000000 ) ) ;
#1401 = ORIENTED_EDGE ( 'NONE', *, *, #1040, .F. ) ;
#1402 = DIRECTION ( 'NONE',  ( 0.000000000000000000, -1.000000000000000000, 0.000000000000000000 ) ) ;
#1403 = VERTEX_POINT ( 'NONE', #1341 ) ;
#1404 = ORIENTED_EDGE ( 'NONE', *, *, #205, .T. ) ;
#1405 = CARTESIAN_POINT ( 'NONE',  ( -17.24999999999999289, 0.8000000000000003775, -28.00000000000002487 ) ) ;
#1406 = AXIS2_PLACEMENT_3D ( 'NONE', #646, #1115, #1641 ) ;
#1407 = CARTESIAN_POINT ( 'NONE',  ( -25.00000000000000711, 0.8000000000000003775, -44.99999999999992895 ) ) ;
#1408 = ORIENTED_EDGE ( 'NONE', *, *, #163, .F. ) ;
#1409 = FACE_BOUND ( 'NONE', #1223, .T. ) ;
#1410 = ORIENTED_EDGE ( 'NONE', *, *, #471, .T. ) ;
#1411 = CARTESIAN_POINT ( 'NONE',  ( 12.52786404500041684, 0.8000000000000003775, -89.99999999999997158 ) ) ;
#1412 = DIRECTION ( 'NONE',  ( 0.000000000000000000, -1.000000000000000000, 0.000000000000000000 ) ) ;
#1413 = ORIENTED_EDGE ( 'NONE', *, *, #1671, .F. ) ;
#1414 = CIRCLE ( 'NONE', #1630, 7.500000000000007105 ) ;
#1415 = FACE_BOUND ( 'NONE', #1369, .T. ) ;
#1416 = AXIS2_PLACEMENT_3D ( 'NONE', #1312, #1178, #302 ) ;
#1417 = ORIENTED_EDGE ( 'NONE', *, *, #63, .T. ) ;
#1418 = DIRECTION ( 'NONE',  ( 0.000000000000000000, 0.000000000000000000, 1.000000000000000000 ) ) ;
#1419 = CARTESIAN_POINT ( 'NONE',  ( 25.00000000000000711, 0.000000000000000000, 0.000000000000000000 ) ) ;
#1420 = DIRECTION ( 'NONE',  ( 0.000000000000000000, 0.000000000000000000, 1.000000000000000000 ) ) ;
#1421 = AXIS2_PLACEMENT_3D ( 'NONE', #360, #81, #1652 ) ;
#1422 = DIRECTION ( 'NONE',  ( -1.790682297782510536E-15, 0.000000000000000000, 1.000000000000000000 ) ) ;
#1423 = ORIENTED_EDGE ( 'NONE', *, *, #332, .T. ) ;
#1424 = EDGE_CURVE ( 'NONE', #758, #110, #1256, .T. ) ;
#1425 = DIRECTION ( 'NONE',  ( -0.000000000000000000, 1.000000000000000000, -0.000000000000000000 ) ) ;
#1426 = LINE ( 'NONE', #1582, #1059 ) ;
#1427 = FACE_OUTER_BOUND ( 'NONE', #97, .T. ) ;
#1428 = DIRECTION ( 'NONE',  ( 0.000000000000000000, 0.000000000000000000, -1.000000000000000000 ) ) ;
#1429 = ORIENTED_EDGE ( 'NONE', *, *, #179, .T. ) ;
#1430 = PLANE ( 'NONE',  #1595 ) ;
#1431 = EDGE_LOOP ( 'NONE', ( #46, #498 ) ) ;
#1432 = CARTESIAN_POINT ( 'NONE',  ( 17.25000000000000711, 0.8000000000000003775, -44.99999999999992895 ) ) ;
#1433 = AXIS2_PLACEMENT_3D ( 'NONE', #806, #815, #1074 ) ;
#1434 = DIRECTION ( 'NONE',  ( 0.000000000000000000, 0.000000000000000000, 1.000000000000000000 ) ) ;
#1435 = EDGE_CURVE ( 'NONE', #1165, #1234, #697, .T. ) ;
#1436 = CARTESIAN_POINT ( 'NONE',  ( 17.24999999999999289, 0.8000000000000003775, -30.00000000000002842 ) ) ;
#1437 = DIRECTION ( 'NONE',  ( 0.000000000000000000, -1.000000000000000000, 0.000000000000000000 ) ) ;
#1438 = EDGE_LOOP ( 'NONE', ( #620, #689, #1035, #1498 ) ) ;
#1439 = LINE ( 'NONE', #409, #1472 ) ;
#1440 = ORIENTED_EDGE ( 'NONE', *, *, #1084, .T. ) ;
#1441 = DIRECTION ( 'NONE',  ( 0.000000000000000000, -1.000000000000000000, 0.000000000000000000 ) ) ;
#1442 = AXIS2_PLACEMENT_3D ( 'NONE', #721, #1486, #967 ) ;
#1443 = CARTESIAN_POINT ( 'NONE',  ( 7.399999999999996803, 0.7999999999999986011, -32.49999999999997158 ) ) ;
#1444 = CARTESIAN_POINT ( 'NONE',  ( 0.000000000000000000, 0.000000000000000000, 0.000000000000000000 ) ) ;
#1445 = ADVANCED_FACE ( 'NONE', ( #216 ), #1226, .T. ) ;
#1446 = DIRECTION ( 'NONE',  ( -1.000000000000000000, 0.000000000000000000, 1.790682297782510536E-15 ) ) ;
#1447 = ORIENTED_EDGE ( 'NONE', *, *, #1496, .T. ) ;
#1448 = EDGE_CURVE ( 'NONE', #526, #1181, #1244, .T. ) ;
#1449 = DIRECTION ( 'NONE',  ( 0.000000000000000000, -1.000000000000000000, 0.000000000000000000 ) ) ;
#1450 = AXIS2_PLACEMENT_3D ( 'NONE', #349, #45, #1076 ) ;
#1451 = EDGE_LOOP ( 'NONE', ( #1187, #515, #998, #431 ) ) ;
#1452 = CARTESIAN_POINT ( 'NONE',  ( -7.399999999992898481, 3.642919299551294898E-14, -33.99999999999958789 ) ) ;
#1453 = CARTESIAN_POINT ( 'NONE',  ( -6.599999999992932409, 0.8000000000000367928, -38.99999999999948130 ) ) ;
#1454 = CARTESIAN_POINT ( 'NONE',  ( 17.24999999999999289, 0.000000000000000000, -30.00000000000002842 ) ) ;
#1455 = CARTESIAN_POINT ( 'NONE',  ( 17.24999999999999289, 0.000000000000000000, -28.00000000000002487 ) ) ;
#1456 = ORIENTED_EDGE ( 'NONE', *, *, #564, .T. ) ;
#1457 = DIRECTION ( 'NONE',  ( 0.000000000000000000, 0.000000000000000000, -1.000000000000000000 ) ) ;
#1458 = EDGE_CURVE ( 'NONE', #682, #631, #234, .T. ) ;
#1459 = ORIENTED_EDGE ( 'NONE', *, *, #555, .F. ) ;
#1460 = PLANE ( 'NONE',  #1389 ) ;
#1461 = DIRECTION ( 'NONE',  ( 0.000000000000000000, 0.000000000000000000, -1.000000000000000000 ) ) ;
#1462 = ORIENTED_EDGE ( 'NONE', *, *, #1585, .F. ) ;
#1463 = CARTESIAN_POINT ( 'NONE',  ( 19.24999999999999645, -1.734723475976807094E-15, -23.19999999999990692 ) ) ;
#1464 = ORIENTED_EDGE ( 'NONE', *, *, #241, .T. ) ;
#1465 = EDGE_CURVE ( 'NONE', #359, #468, #1668, .T. ) ;
#1466 = DIRECTION ( 'NONE',  ( 0.000000000000000000, -1.000000000000000000, 0.000000000000000000 ) ) ;
#1467 = VECTOR ( 'NONE', #176, 1000.000000000000000 ) ;
#1468 = VECTOR ( 'NONE', #1644, 1000.000000000000000 ) ;
#1469 = VECTOR ( 'NONE', #406, 1000.000000000000000 ) ;
#1470 = FACE_OUTER_BOUND ( 'NONE', #938, .T. ) ;
#1471 = EDGE_LOOP ( 'NONE', ( #1507, #466 ) ) ;
#1472 = VECTOR ( 'NONE', #159, 1000.000000000000114 ) ;
#1473 = DIRECTION ( 'NONE',  ( 6.982962677686266711E-15, 0.000000000000000000, 1.000000000000000000 ) ) ;
#1474 = VECTOR ( 'NONE', #1375, 1000.000000000000000 ) ;
#1475 = DIRECTION ( 'NONE',  ( 1.000000000000000000, 0.000000000000000000, 0.000000000000000000 ) ) ;
#1476 = VERTEX_POINT ( 'NONE', #492 ) ;
#1477 = CARTESIAN_POINT ( 'NONE',  ( 25.00000000000001066, 0.8000000000000003775, -69.05572809000059920 ) ) ;
#1478 = ORIENTED_EDGE ( 'NONE', *, *, #1145, .F. ) ;
#1479 = DIRECTION ( 'NONE',  ( 0.000000000000000000, -1.000000000000000000, 0.000000000000000000 ) ) ;
#1480 = CARTESIAN_POINT ( 'NONE',  ( 0.000000000000000000, 0.8000000000000003775, 0.000000000000000000 ) ) ;
#1481 = VERTEX_POINT ( 'NONE', #1263 ) ;
#1482 = CARTESIAN_POINT ( 'NONE',  ( -6.599999999992932409, 0.000000000000000000, -38.99999999999948130 ) ) ;
#1483 = LINE ( 'NONE', #817, #1213 ) ;
#1484 = DIRECTION ( 'NONE',  ( -0.000000000000000000, -1.000000000000000000, -0.000000000000000000 ) ) ;
#1485 = CARTESIAN_POINT ( 'NONE',  ( -25.00000000000000711, 0.8000000000000003775, -26.00000000000002132 ) ) ;
#1486 = DIRECTION ( 'NONE',  ( -0.000000000000000000, 2.168404344971008868E-15, 1.000000000000000000 ) ) ;
#1487 = VERTEX_POINT ( 'NONE', #1535 ) ;
#1488 =( NAMED_UNIT ( * ) SI_UNIT ( $, .STERADIAN. ) SOLID_ANGLE_UNIT ( ) );
#1489 = DIRECTION ( 'NONE',  ( 0.000000000000000000, 0.000000000000000000, 1.000000000000000000 ) ) ;
#1490 = VERTEX_POINT ( 'NONE', #887 ) ;
#1491 = CARTESIAN_POINT ( 'NONE',  ( -6.599999999992897770, 0.8000000000000003775, -33.99999999999958789 ) ) ;
#1492 = CARTESIAN_POINT ( 'NONE',  ( -19.25000000000001066, 0.000000000000000000, -42.99999999999992895 ) ) ;
#1493 = CYLINDRICAL_SURFACE ( 'NONE', #1421, 4.000000000000003553 ) ;
#1494 = CARTESIAN_POINT ( 'NONE',  ( 16.10557280900008337, 0.8000000000000003775, -87.78885438199979774 ) ) ;
#1495 = ORIENTED_EDGE ( 'NONE', *, *, #1621, .T. ) ;
#1496 = EDGE_CURVE ( 'NONE', #1517, #1628, #376, .T. ) ;
#1497 = AXIS2_PLACEMENT_3D ( 'NONE', #1520, #1356, #1489 ) ;
#1498 = ORIENTED_EDGE ( 'NONE', *, *, #437, .F. ) ;
#1499 = CARTESIAN_POINT ( 'NONE',  ( -7.399999999992943778, 0.8000000000000367928, -40.49999999999953815 ) ) ;
#1500 = AXIS2_PLACEMENT_3D ( 'NONE', #1499, #859, #181 ) ;
#1501 = ORIENTED_EDGE ( 'NONE', *, *, #727, .F. ) ;
#1502 = DIRECTION ( 'NONE',  ( 0.000000000000000000, 0.000000000000000000, -1.000000000000000000 ) ) ;
#1503 = LINE ( 'NONE', #863, #281 ) ;
#1504 = ORIENTED_EDGE ( 'NONE', *, *, #346, .F. ) ;
#1505 = CARTESIAN_POINT ( 'NONE',  ( -23.00000000000001066, 0.8000000000000003775, -26.00000000000002132 ) ) ;
#1506 = ORIENTED_EDGE ( 'NONE', *, *, #965, .T. ) ;
#1507 = ORIENTED_EDGE ( 'NONE', *, *, #377, .T. ) ;
#1508 = CARTESIAN_POINT ( 'NONE',  ( -23.00000000000001066, 0.8000000000000003775, -46.99999999999992895 ) ) ;
#1509 = CARTESIAN_POINT ( 'NONE',  ( -19.24999999999999645, -1.734723475976807094E-15, -20.99999999999990763 ) ) ;
#1510 = DIRECTION ( 'NONE',  ( 0.000000000000000000, 0.000000000000000000, -1.000000000000000000 ) ) ;
#1511 = CARTESIAN_POINT ( 'NONE',  ( -12.52786404500039907, 0.8000000000000003775, -89.99999999999997158 ) ) ;
#1512 = ORIENTED_EDGE ( 'NONE', *, *, #1354, .T. ) ;
#1513 = AXIS2_PLACEMENT_3D ( 'NONE', #291, #1449, #545 ) ;
#1514 = DIRECTION ( 'NONE',  ( 0.000000000000000000, 1.000000000000000000, 0.000000000000000000 ) ) ;
#1515 = VECTOR ( 'NONE', #294, 1000.000000000000000 ) ;
#1516 = ORIENTED_EDGE ( 'NONE', *, *, #570, .T. ) ;
#1517 = VERTEX_POINT ( 'NONE', #256 ) ;
#1518 = DIRECTION ( 'NONE',  ( -0.000000000000000000, 1.000000000000000000, -0.000000000000000000 ) ) ;
#1519 = ADVANCED_FACE ( 'NONE', ( #1033 ), #905, .F. ) ;
#1520 = CARTESIAN_POINT ( 'NONE',  ( 0.000000000000000000, 0.000000000000000000, -54.00000000000004974 ) ) ;
#1521 = CARTESIAN_POINT ( 'NONE',  ( 17.24999999999999289, 0.8000000000000003775, -28.00000000000002487 ) ) ;
#1522 = ORIENTED_EDGE ( 'NONE', *, *, #8, .T. ) ;
#1523 = AXIS2_PLACEMENT_3D ( 'NONE', #493, #242, #750 ) ;
#1524 = APPLICATION_PROTOCOL_DEFINITION ( 'draft international standard', 'automotive_design', 1998, #479 ) ;
#1525 = EDGE_LOOP ( 'NONE', ( #1650, #282, #331, #907 ) ) ;
#1526 = ORIENTED_EDGE ( 'NONE', *, *, #1573, .T. ) ;
#1527 = LINE ( 'NONE', #1411, #1604 ) ;
#1528 = CIRCLE ( 'NONE', #820, 1.399999999999998579 ) ;
#1529 = CARTESIAN_POINT ( 'NONE',  ( 19.24999999999999645, -1.734723475976807094E-15, -20.99999999999990763 ) ) ;
#1530 = ORIENTED_EDGE ( 'NONE', *, *, #1354, .F. ) ;
#1531 = DIRECTION ( 'NONE',  ( 0.000000000000000000, -1.000000000000000000, 0.000000000000000000 ) ) ;
#1532 = ORIENTED_EDGE ( 'NONE', *, *, #562, .F. ) ;
#1533 = DIRECTION ( 'NONE',  ( 0.000000000000000000, -1.000000000000000000, 0.000000000000000000 ) ) ;
#1534 = CIRCLE ( 'NONE', #1406, 4.000000000000003553 ) ;
#1535 = CARTESIAN_POINT ( 'NONE',  ( 25.00000000000000711, 0.8000000000000003775, -2.000000000000001776 ) ) ;
#1536 = CARTESIAN_POINT ( 'NONE',  ( 7.399999999999996803, 0.7999999999999986011, -34.00000000000002842 ) ) ;
#1537 = EDGE_LOOP ( 'NONE', ( #1666, #1645, #415, #1120 ) ) ;
#1538 = PRODUCT_RELATED_PRODUCT_CATEGORY ( 'part', '', ( #344 ) ) ;
#1539 = ADVANCED_FACE ( 'NONE', ( #523 ), #1684, .F. ) ;
#1540 = FACE_BOUND ( 'NONE', #1471, .T. ) ;
#1541 = EDGE_LOOP ( 'NONE', ( #125, #453, #1067, #1273 ) ) ;
#1542 = DIRECTION ( 'NONE',  ( 0.000000000000000000, 1.000000000000000000, 0.000000000000000000 ) ) ;
#1543 = DIRECTION ( 'NONE',  ( -0.000000000000000000, -1.000000000000000000, -0.000000000000000000 ) ) ;
#1544 = ADVANCED_FACE ( 'NONE', ( #1427 ), #648, .F. ) ;
#1545 = PLANE ( 'NONE',  #501 ) ;
#1546 = EDGE_LOOP ( 'NONE', ( #350, #1401, #693, #381 ) ) ;
#1547 = EDGE_CURVE ( 'NONE', #631, #1135, #629, .T. ) ;
#1548 = VECTOR ( 'NONE', #1098, 1000.000000000000000 ) ;
#1549 = VECTOR ( 'NONE', #136, 1000.000000000000000 ) ;
#1550 = EDGE_LOOP ( 'NONE', ( #36, #1649, #751, #410 ) ) ;
#1551 = CARTESIAN_POINT ( 'NONE',  ( -25.00000000000000711, 0.8000000000000003775, -46.99999999999992895 ) ) ;
#1552 = DIRECTION ( 'NONE',  ( -0.4472135954999555407, -0.000000000000000000, 0.8944271909999169656 ) ) ;
#1553 = DIRECTION ( 'NONE',  ( 0.000000000000000000, 0.000000000000000000, 1.000000000000000000 ) ) ;
#1554 = AXIS2_PLACEMENT_3D ( 'NONE', #1407, #137, #1131 ) ;
#1555 = VECTOR ( 'NONE', #180, 1000.000000000000000 ) ;
#1556 = AXIS2_PLACEMENT_3D ( 'NONE', #1505, #1112, #75 ) ;
#1557 = AXIS2_PLACEMENT_3D ( 'NONE', #1130, #357, #892 ) ;
#1558 = FACE_OUTER_BOUND ( 'NONE', #1675, .T. ) ;
#1559 = ORIENTED_EDGE ( 'NONE', *, *, #638, .F. ) ;
#1560 = CARTESIAN_POINT ( 'NONE',  ( -21.00000000000001066, 0.000000000000000000, -69.05572809000059920 ) ) ;
#1561 = PRODUCT_DEFINITION_CONTEXT ( 'detailed design', #305, 'design' ) ;
#1562 = ORIENTED_EDGE ( 'NONE', *, *, #548, .F. ) ;
#1563 = CARTESIAN_POINT ( 'NONE',  ( -11.74999999999999645, -1.734723475976807094E-15, -38.99999999999992184 ) ) ;
#1564 = ADVANCED_FACE ( 'NONE', ( #1159 ), #911, .T. ) ;
#1565 = EDGE_CURVE ( 'NONE', #110, #758, #984, .T. ) ;
#1566 = DIRECTION ( 'NONE',  ( -0.000000000000000000, -1.000000000000000000, -0.000000000000000000 ) ) ;
#1567 = CARTESIAN_POINT ( 'NONE',  ( 6.599999999999996092, 0.7999999999999986011, -34.00000000000002842 ) ) ;
#1568 = VERTEX_POINT ( 'NONE', #517 ) ;
#1569 = CARTESIAN_POINT ( 'NONE',  ( -7.399999999992933120, 3.642919299551294898E-14, -38.99999999999948130 ) ) ;
#1570 = EDGE_LOOP ( 'NONE', ( #1014, #249, #218, #639 ) ) ;
#1571 = FACE_BOUND ( 'NONE', #1352, .T. ) ;
#1572 = LINE ( 'NONE', #661, #257 ) ;
#1573 = EDGE_CURVE ( 'NONE', #1284, #7, #1398, .T. ) ;
#1574 = DIRECTION ( 'NONE',  ( 0.000000000000000000, -1.000000000000000000, 0.000000000000000000 ) ) ;
#1575 = ORIENTED_EDGE ( 'NONE', *, *, #560, .T. ) ;
#1576 = LINE ( 'NONE', #35, #1311 ) ;
#1577 = EDGE_CURVE ( 'NONE', #510, #1490, #1330, .T. ) ;
#1578 = ORIENTED_EDGE ( 'NONE', *, *, #802, .T. ) ;
#1579 = DIRECTION ( 'NONE',  ( 0.000000000000000000, -0.000000000000000000, -1.000000000000000000 ) ) ;
#1580 = VECTOR ( 'NONE', #1025, 1000.000000000000000 ) ;
#1581 = AXIS2_PLACEMENT_3D ( 'NONE', #358, #1566, #549 ) ;
#1582 = CARTESIAN_POINT ( 'NONE',  ( -23.00000000000001066, 0.8000000000000003775, -28.00000000000002487 ) ) ;
#1583 = EDGE_LOOP ( 'NONE', ( #904, #1056, #26, #1392 ) ) ;
#1584 = LINE ( 'NONE', #1182, #1555 ) ;
#1585 = EDGE_CURVE ( 'NONE', #1476, #404, #1281, .T. ) ;
#1586 = CARTESIAN_POINT ( 'NONE',  ( -19.24999999999999645, 0.8000000000000003775, -30.00000000000002842 ) ) ;
#1587 = ORIENTED_EDGE ( 'NONE', *, *, #930, .F. ) ;
#1588 = FACE_OUTER_BOUND ( 'NONE', #1525, .T. ) ;
#1589 = EDGE_LOOP ( 'NONE', ( #323, #407 ) ) ;
#1590 = CARTESIAN_POINT ( 'NONE',  ( -7.399999999992898481, 3.642919299551294898E-14, -33.99999999999958789 ) ) ;
#1591 = VECTOR ( 'NONE', #405, 1000.000000000000000 ) ;
#1592 = CARTESIAN_POINT ( 'NONE',  ( 23.00000000000001066, 0.8000000000000003775, -28.00000000000002487 ) ) ;
#1593 = CARTESIAN_POINT ( 'NONE',  ( 19.24999999999999645, 0.000000000000000000, -30.00000000000002842 ) ) ;
#1594 = ORIENTED_EDGE ( 'NONE', *, *, #596, .T. ) ;
#1595 = AXIS2_PLACEMENT_3D ( 'NONE', #1292, #133, #1038 ) ;
#1596 = CARTESIAN_POINT ( 'NONE',  ( -7.399999999992933120, 3.642919299551294898E-14, -38.99999999999948130 ) ) ;
#1597 = DIRECTION ( 'NONE',  ( -8.673617379884027583E-16, 0.000000000000000000, -1.000000000000000000 ) ) ;
#1598 = DIRECTION ( 'NONE',  ( -0.000000000000000000, 1.000000000000000000, -0.000000000000000000 ) ) ;
#1599 = CIRCLE ( 'NONE', #1216, 7.500000000000007105 ) ;
#1600 = VECTOR ( 'NONE', #1081, 1000.000000000000000 ) ;
#1601 = DIRECTION ( 'NONE',  ( 0.000000000000000000, 0.000000000000000000, -1.000000000000000000 ) ) ;
#1602 = DIRECTION ( 'NONE',  ( 0.000000000000000000, -1.000000000000000000, 0.000000000000000000 ) ) ;
#1603 =( GEOMETRIC_REPRESENTATION_CONTEXT ( 3 ) GLOBAL_UNCERTAINTY_ASSIGNED_CONTEXT ( ( #1164 ) ) GLOBAL_UNIT_ASSIGNED_CONTEXT ( ( #953, #188, #15 ) ) REPRESENTATION_CONTEXT ( 'NONE', 'WORKASPACE' ) );
#1604 = VECTOR ( 'NONE', #1533, 1000.000000000000000 ) ;
#1605 = DIRECTION ( 'NONE',  ( 8.163404592832047771E-16, 0.000000000000000000, -1.000000000000000000 ) ) ;
#1606 = DIRECTION ( 'NONE',  ( 1.000000000000000000, 0.000000000000000000, 0.000000000000000000 ) ) ;
#1607 = ADVANCED_FACE ( 'NONE', ( #1142 ), #265, .T. ) ;
#1608 = EDGE_LOOP ( 'NONE', ( #1413, #1265, #1313, #767 ) ) ;
#1609 = DIRECTION ( 'NONE',  ( 6.982962677686266711E-15, 0.000000000000000000, 1.000000000000000000 ) ) ;
#1610 = EDGE_CURVE ( 'NONE', #86, #1165, #384, .T. ) ;
#1611 = CARTESIAN_POINT ( 'NONE',  ( 17.25000000000000711, 0.000000000000000000, -42.99999999999992895 ) ) ;
#1612 = DIRECTION ( 'NONE',  ( 0.000000000000000000, 0.000000000000000000, -1.000000000000000000 ) ) ;
#1613 = CARTESIAN_POINT ( 'NONE',  ( -19.24999999999999645, 0.8000000000000003775, -22.39999999999990621 ) ) ;
#1614 = VERTEX_POINT ( 'NONE', #1296 ) ;
#1615 =( LENGTH_UNIT ( ) NAMED_UNIT ( * ) SI_UNIT ( .MILLI., .METRE. ) );
#1616 = VECTOR ( 'NONE', #1651, 1000.000000000000000 ) ;
#1617 = VERTEX_POINT ( 'NONE', #123 ) ;
#1618 = LINE ( 'NONE', #1224, #1324 ) ;
#1619 = PRODUCT ( 'Base', 'Base', '', ( #734 ) ) ;
#1620 = CARTESIAN_POINT ( 'NONE',  ( -6.599999999992897770, 3.642919299551294898E-14, -33.99999999999958789 ) ) ;
#1621 = EDGE_CURVE ( 'NONE', #1381, #587, #16, .T. ) ;
#1622 = CARTESIAN_POINT ( 'NONE',  ( -11.74999999999999645, 0.8000000000000003775, -38.99999999999992184 ) ) ;
#1623 = DIRECTION ( 'NONE',  ( 0.000000000000000000, 0.000000000000000000, -1.000000000000000000 ) ) ;
#1624 = EDGE_LOOP ( 'NONE', ( #1049, #591 ) ) ;
#1625 = DIRECTION ( 'NONE',  ( 0.000000000000000000, 0.000000000000000000, -1.000000000000000000 ) ) ;
#1626 = ADVANCED_FACE ( 'NONE', ( #5 ), #1001, .F. ) ;
#1627 = ORIENTED_EDGE ( 'NONE', *, *, #1496, .F. ) ;
#1628 = VERTEX_POINT ( 'NONE', #31 ) ;
#1629 = CARTESIAN_POINT ( 'NONE',  ( -25.00000000000000711, 0.000000000000000000, -46.99999999999992895 ) ) ;
#1630 = AXIS2_PLACEMENT_3D ( 'NONE', #164, #681, #1192 ) ;
#1631 = CARTESIAN_POINT ( 'NONE',  ( 19.25000000000001066, 0.8000000000000003775, -42.99999999999992895 ) ) ;
#1632 = DIRECTION ( 'NONE',  ( 0.000000000000000000, -1.000000000000000000, 0.000000000000000000 ) ) ;
#1633 = EDGE_CURVE ( 'NONE', #40, #899, #1052, .T. ) ;
#1634 = LINE ( 'NONE', #474, #1082 ) ;
#1635 = EDGE_LOOP ( 'NONE', ( #989, #469, #1587, #1149 ) ) ;
#1636 = DIRECTION ( 'NONE',  ( -0.000000000000000000, 1.000000000000000000, -0.000000000000000000 ) ) ;
#1637 = VECTOR ( 'NONE', #129, 1000.000000000000000 ) ;
#1638 = VECTOR ( 'NONE', #600, 1000.000000000000000 ) ;
#1639 = ORIENTED_EDGE ( 'NONE', *, *, #464, .T. ) ;
#1640 = ORIENTED_EDGE ( 'NONE', *, *, #539, .T. ) ;
#1641 = DIRECTION ( 'NONE',  ( 0.000000000000000000, 0.000000000000000000, -1.000000000000000000 ) ) ;
#1642 = LINE ( 'NONE', #1214, #1363 ) ;
#1643 = CARTESIAN_POINT ( 'NONE',  ( -23.00000000000001066, 0.8000000000000003775, -2.000000000000001776 ) ) ;
#1644 = DIRECTION ( 'NONE',  ( -1.000000000000000000, 0.000000000000000000, -1.344030195157067909E-18 ) ) ;
#1645 = ORIENTED_EDGE ( 'NONE', *, *, #1660, .T. ) ;
#1646 = DIRECTION ( 'NONE',  ( -1.000000000000000000, 0.000000000000000000, -4.476705744456268452E-16 ) ) ;
#1647 = EDGE_CURVE ( 'NONE', #780, #55, #1254, .T. ) ;
#1648 = EDGE_CURVE ( 'NONE', #1628, #1094, #831, .T. ) ;
#1649 = ORIENTED_EDGE ( 'NONE', *, *, #71, .F. ) ;
#1650 = ORIENTED_EDGE ( 'NONE', *, *, #1305, .T. ) ;
#1651 = DIRECTION ( 'NONE',  ( 0.000000000000000000, 0.000000000000000000, -1.000000000000000000 ) ) ;
#1652 = DIRECTION ( 'NONE',  ( 0.000000000000000000, 0.000000000000000000, 1.000000000000000000 ) ) ;
#1653 = CARTESIAN_POINT ( 'NONE',  ( 6.599999999999996092, 0.000000000000000000, -34.00000000000002842 ) ) ;
#1654 = VERTEX_POINT ( 'NONE', #713 ) ;
#1655 = VECTOR ( 'NONE', #553, 1000.000000000000000 ) ;
#1656 = AXIS2_PLACEMENT_3D ( 'NONE', #429, #283, #263 ) ;
#1657 = VERTEX_POINT ( 'NONE', #1436 ) ;
#1658 = DIRECTION ( 'NONE',  ( 0.000000000000000000, 0.000000000000000000, -1.000000000000000000 ) ) ;
#1659 = DIRECTION ( 'NONE',  ( 0.000000000000000000, 0.000000000000000000, -1.000000000000000000 ) ) ;
#1660 = EDGE_CURVE ( 'NONE', #1487, #1240, #333, .T. ) ;
#1661 = CARTESIAN_POINT ( 'NONE',  ( 7.399999999999996803, -1.734723475976807094E-15, -34.00000000000002842 ) ) ;
#1662 = ORIENTED_EDGE ( 'NONE', *, *, #548, .T. ) ;
#1663 = AXIS2_PLACEMENT_3D ( 'NONE', #1480, #698, #322 ) ;
#1664 = VECTOR ( 'NONE', #834, 1000.000000000000000 ) ;
#1665 = ORIENTED_EDGE ( 'NONE', *, *, #594, .T. ) ;
#1666 = ORIENTED_EDGE ( 'NONE', *, *, #711, .F. ) ;
#1667 = DIRECTION ( 'NONE',  ( 0.000000000000000000, 0.000000000000000000, -1.000000000000000000 ) ) ;
#1668 = CIRCLE ( 'NONE', #932, 2.000000000000001776 ) ;
#1669 = DIRECTION ( 'NONE',  ( 0.000000000000000000, 0.000000000000000000, -1.000000000000000000 ) ) ;
#1670 = VECTOR ( 'NONE', #238, 1000.000000000000000 ) ;
#1671 = EDGE_CURVE ( 'NONE', #1654, #1490, #823, .T. ) ;
#1672 = EDGE_CURVE ( 'NONE', #1201, #110, #445, .T. ) ;
#1673 = DIRECTION ( 'NONE',  ( 0.000000000000000000, 0.000000000000000000, -1.000000000000000000 ) ) ;
#1674 = DIRECTION ( 'NONE',  ( 0.000000000000000000, 0.000000000000000000, -1.000000000000000000 ) ) ;
#1675 = EDGE_LOOP ( 'NONE', ( #169, #74, #812, #301 ) ) ;
#1676 = CLOSED_SHELL ( 'NONE', ( #1085, #1147, #846, #571, #1626, #676, #612, #1607, #1564, #1071, #1371, #231, #1445, #990, #1539, #254, #791, #1163, #853, #803, #739, #1208, #1544, #489, #647, #292, #425, #578, #1242, #654, #186, #1212, #1318, #1202, #1355, #1101, #141, #32, #1042, #928, #408, #670, #255, #1191, #618, #79, #1519, #460 ) ) ;
#1677 = CARTESIAN_POINT ( 'NONE',  ( -25.00000000000001066, 0.8000000000000003775, -69.99999999999984368 ) ) ;
#1678 = ORIENTED_EDGE ( 'NONE', *, *, #963, .T. ) ;
#1679 = DIRECTION ( 'NONE',  ( 0.000000000000000000, -1.000000000000000000, 0.000000000000000000 ) ) ;
#1680 = EDGE_CURVE ( 'NONE', #1165, #65, #881, .T. ) ;
#1681 = LINE ( 'NONE', #1419, #554 ) ;
#1682 = CIRCLE ( 'NONE', #943, 2.000000000000001776 ) ;
#1683 = AXIS2_PLACEMENT_3D ( 'NONE', #151, #799, #1329 ) ;
#1684 = PLANE ( 'NONE',  #1306 ) ;
#1685 = ORIENTED_EDGE ( 'NONE', *, *, #1138, .T. ) ;
#1686 = NEXT_ASSEMBLY_USAGE_OCCURRENCE ( 'NAUO1', ' ', ' ', #940, #1106, $ ) ;
ENDSEC;
END-ISO-10303-21;
